grid,fm,key,algorithm,optimizer,lr,seed,checkpoint_dtype,acc_json,acc_archived,acc_checkpoint,n_diff_vs_archived,n_diff_vs_json,shift_vs_archived_pp,shift_vs_json_pp
main,UNI_v2,05649fcd3a0b,FedProx,adam,0.0003,0,torch.float16,0.8616761594792515,0.8616761594792515,0.8616761594792515,0,0,0.0,0.0
main,UNI_v2,11e125f45a47,FedAvg,adam,0.0003,1,torch.float16,0.7998372660699756,0.7998372660699756,0.8006509357200976,1,1,0.08136696501219731,0.08136696501219731
main,UNI_v2,2a7f83531c92,FedAvg,adam,0.0003,3,torch.float16,0.9104963384865744,0.9104963384865744,0.9104963384865744,0,0,0.0,0.0
main,UNI_v2,3640e6c45e9f,FedProx,adam,0.0003,3,torch.float16,0.7990235964198535,0.7990235964198535,0.7982099267697315,1,1,-0.08136696501220841,-0.08136696501220841
main,UNI_v2,3d8d3cc0aee2,SCAFFOLD,adam,0.0003,3,torch.float16,0.6330349877949553,0.6338486574450773,0.6346623270951993,1,3,0.08136696501219731,0.16273393002440573
main,UNI_v2,4ff0a8508e13,FedProx,adam,0.0003,2,torch.float16,0.8689991863303499,0.8689991863303499,0.8681855166802278,1,1,-0.08136696501220841,-0.08136696501220841
main,UNI_v2,5d90f00fc564,FedAvg,adam,0.0003,2,torch.float16,0.887713588283157,0.887713588283157,0.887713588283157,0,0,0.0,0.0
main,UNI_v2,62e4c3d52ab4,FedAvg,adam,0.0003,0,torch.float16,0.7493897477624084,0.7493897477624084,0.7493897477624084,0,0,0.0,0.0
main,UNI_v2,8e32388cb77d,SCAFFOLD,adam,0.0003,0,torch.float16,0.5589910496338486,0.5589910496338486,0.5589910496338486,3,0,0.0,0.0
main,UNI_v2,8f17c79f9637,SCAFFOLD,adam,0.0003,1,torch.float16,0.6558177379983726,0.6558177379983726,0.6558177379983726,0,0,0.0,0.0
main,UNI_v2,a2b6fcfe0b48,SCAFFOLD,adam,0.0003,2,torch.float16,0.6110659072416599,0.6110659072416599,0.611879576891782,1,1,0.08136696501220841,0.08136696501220841
main,UNI_v2,d3435ac5a309,SCAFFOLD,adam,0.0003,4,torch.float16,0.5890968266883645,0.5890968266883645,0.5890968266883645,2,1,0.0,0.0
main,UNI_v2,d9fd4a73bca1,FedProx,adam,0.0003,1,torch.float16,0.7949552481692432,0.7949552481692432,0.7949552481692432,0,0,0.0,0.0
main,UNI_v2,dfbb2265cba3,FedAvg,adam,0.0003,4,torch.float16,0.8323840520748577,0.8323840520748577,0.8323840520748577,1,1,0.0,0.0
main,UNI_v2,ef42a9a1c1a4,FedProx,adam,0.0003,4,torch.float16,0.9104963384865744,0.9104963384865744,0.9104963384865744,0,0,0.0,0.0
sgd,UNI_v2,05eb284f86f0,FedProx,sgd,0.01,0,torch.float16,0.8901545972335232,0.8901545972335232,0.8901545972335232,0,0,0.0,0.0
sgd,UNI_v2,09996adc59e3,FedAvg,sgd,0.01,2,torch.float16,0.8925956061838893,0.8917819365337672,0.8925956061838893,1,0,0.08136696501220841,0.0
sgd,UNI_v2,0c541d3e6767,FedProx,sgd,0.03,2,torch.float16,0.9300244100895037,0.9300244100895037,0.9300244100895037,0,0,0.0,0.0
sgd,UNI_v2,0deef8e7aa1b,FedProx,sgd,0.003,2,torch.float16,0.8917819365337672,0.8917819365337672,0.8917819365337672,0,0,0.0,0.0
sgd,UNI_v2,0fb1f947b721,SCAFFOLD,sgd,0.1,2,torch.float16,0.5020341741253052,0.5020341741253052,0.5020341741253052,0,0,0.0,0.0
sgd,UNI_v2,18ef8361cdc1,FedProx,sgd,0.01,1,torch.float16,0.9235150528885273,0.9235150528885273,0.9235150528885273,0,0,0.0,0.0
sgd,UNI_v2,1a39a52f0f74,SCAFFOLD,sgd,0.1,1,torch.float16,0.6411716842961758,0.6419853539462979,0.6411716842961758,1,0,-0.08136696501220841,0.0
sgd,UNI_v2,1c131086a8cf,SCAFFOLD,sgd,0.1,4,torch.float16,0.5996745321399511,0.6013018714401953,0.5996745321399511,2,0,-0.16273393002441683,0.0
sgd,UNI_v2,23d66af8881c,SCAFFOLD,sgd,0.003,3,torch.float16,0.8860862489829129,0.8860862489829129,0.8860862489829129,0,0,0.0,0.0
sgd,UNI_v2,24070cb85028,FedProx,sgd,0.01,3,torch.float16,0.8966639544344996,0.8966639544344996,0.8966639544344996,0,0,0.0,0.0
sgd,UNI_v2,242648d0ea79,SCAFFOLD,sgd,0.003,4,torch.float16,0.8942229454841334,0.8942229454841334,0.8942229454841334,0,0,0.0,0.0
sgd,UNI_v2,2510285ffc2e,FedAvg,sgd,0.01,1,torch.float16,0.9145646867371847,0.9145646867371847,0.9145646867371847,0,0,0.0,0.0
sgd,UNI_v2,2a88773890bc,FedAvg,sgd,0.01,3,torch.float16,0.8950366151342555,0.8950366151342555,0.8950366151342555,0,0,0.0,0.0
sgd,UNI_v2,2bb387214df0,SCAFFOLD,sgd,0.003,1,torch.float16,0.8942229454841334,0.8942229454841334,0.8942229454841334,0,0,0.0,0.0
sgd,UNI_v2,2fe2f5b078bc,FedProx,sgd,0.03,0,torch.float16,0.9153783563873068,0.9153783563873068,0.9153783563873068,0,0,0.0,0.0
sgd,UNI_v2,320329b8184e,FedAvg,sgd,0.003,3,torch.float16,0.8673718470301057,0.8673718470301057,0.8681855166802278,1,1,0.08136696501220841,0.08136696501220841
sgd,UNI_v2,33cfcb090b2c,FedProx,sgd,0.1,3,torch.float16,0.807160292921074,0.807160292921074,0.807160292921074,1,1,0.0,0.0
sgd,UNI_v2,354d2de1826b,SCAFFOLD,sgd,0.03,1,torch.float16,0.772986167615948,0.772986167615948,0.772986167615948,0,0,0.0,0.0
sgd,UNI_v2,3635bafca89f,FedAvg,sgd,0.03,1,torch.float16,0.9365337672904801,0.9365337672904801,0.9365337672904801,0,0,0.0,0.0
sgd,UNI_v2,37d8daf94aaf,FedProx,sgd,0.003,0,torch.float16,0.8901545972335232,0.8901545972335232,0.8901545972335232,0,0,0.0,0.0
sgd,UNI_v2,391936f1bb9b,SCAFFOLD,sgd,0.03,3,torch.float16,0.7965825874694874,0.7973962571196095,0.7965825874694874,1,0,-0.08136696501220841,0.0
sgd,UNI_v2,3af9ba22ccc2,FedProx,sgd,0.01,4,torch.float16,0.9308380797396257,0.9308380797396257,0.9308380797396257,0,0,0.0,0.0
sgd,UNI_v2,3e9b3f76c17f,SCAFFOLD,sgd,0.03,2,torch.float16,0.7689178193653377,0.7689178193653377,0.7689178193653377,0,0,0.0,0.0
sgd,UNI_v2,3f09fba3537d,SCAFFOLD,sgd,0.03,4,torch.float16,0.7656631407648494,0.7664768104149715,0.7656631407648494,2,0,-0.08136696501220841,0.0
sgd,UNI_v2,4982097dc8b7,FedAvg,sgd,0.1,0,torch.float16,0.7721724979658259,0.7721724979658259,0.7721724979658259,0,0,0.0,0.0
sgd,UNI_v2,4b1647dfb3cb,FedProx,sgd,0.003,3,torch.float16,0.8681855166802278,0.8673718470301057,0.8681855166802278,1,0,0.08136696501220841,0.0
sgd,UNI_v2,4db4cc373d4c,SCAFFOLD,sgd,0.01,4,torch.float16,0.8909682668836453,0.8909682668836453,0.8909682668836453,0,0,0.0,0.0
sgd,UNI_v2,531166851bdb,FedProx,sgd,0.003,1,torch.float16,0.8999186330349878,0.8999186330349878,0.8999186330349878,0,0,0.0,0.0
sgd,UNI_v2,5989fb5acc48,FedProx,sgd,0.1,2,torch.float16,0.7225386493083807,0.7233523189585028,0.7225386493083807,1,0,-0.08136696501220841,0.0
sgd,UNI_v2,5a9ae148f593,FedProx,sgd,0.01,2,torch.float16,0.8795768917819365,0.8795768917819365,0.8795768917819365,0,0,0.0,0.0
sgd,UNI_v2,5f794406c0f1,FedProx,sgd,0.03,3,torch.float16,0.9462978030919447,0.9462978030919447,0.9462978030919447,0,0,0.0,0.0
sgd,UNI_v2,5feb19268557,FedProx,sgd,0.1,0,torch.float16,0.7632221318144833,0.7624084621643613,0.7632221318144833,3,0,0.08136696501219731,0.0
sgd,UNI_v2,60f100dce9d6,SCAFFOLD,sgd,0.003,0,torch.float16,0.8519121236777868,0.8519121236777868,0.8519121236777868,0,0,0.0,0.0
sgd,UNI_v2,65f26d812bf2,FedAvg,sgd,0.03,3,torch.float16,0.9471114727420668,0.9471114727420668,0.9471114727420668,0,0,0.0,0.0
sgd,UNI_v2,66ae729adc05,SCAFFOLD,sgd,0.1,0,torch.float16,0.5703824247355573,0.5703824247355573,0.5703824247355573,2,0,0.0,0.0
sgd,UNI_v2,68be14540dea,FedProx,sgd,0.03,1,torch.float16,0.935720097640358,0.935720097640358,0.935720097640358,0,0,0.0,0.0
sgd,UNI_v2,6fac89b4a80a,FedAvg,sgd,0.01,4,torch.float16,0.9308380797396257,0.9308380797396257,0.9308380797396257,0,0,0.0,0.0
sgd,UNI_v2,72a8daacb085,FedProx,sgd,0.003,4,torch.float16,0.870626525630594,0.870626525630594,0.870626525630594,0,0,0.0,0.0
sgd,UNI_v2,79953b63185c,FedAvg,sgd,0.003,1,torch.float16,0.8795768917819365,0.8795768917819365,0.8795768917819365,0,0,0.0,0.0
sgd,UNI_v2,7d3e907942b3,FedAvg,sgd,0.003,0,torch.float16,0.8901545972335232,0.8901545972335232,0.8901545972335232,0,0,0.0,0.0
sgd,UNI_v2,8ec54c589cd1,SCAFFOLD,sgd,0.01,0,torch.float16,0.9161920260374288,0.9161920260374288,0.9161920260374288,0,0,0.0,0.0
sgd,UNI_v2,929b139121b4,SCAFFOLD,sgd,0.03,0,torch.float16,0.7217249796582588,0.7217249796582588,0.7217249796582588,0,0,0.0,0.0
sgd,UNI_v2,9feb11fbb2ff,FedProx,sgd,0.03,4,torch.float16,0.8852725793327909,0.8852725793327909,0.8852725793327909,0,0,0.0,0.0
sgd,UNI_v2,a302ebe9c700,FedProx,sgd,0.1,1,torch.float16,0.7648494711147275,0.7656631407648494,0.7648494711147275,1,0,-0.08136696501219731,0.0
sgd,UNI_v2,a32e4884b0e0,FedAvg,sgd,0.1,2,torch.float16,0.7697314890154597,0.7697314890154597,0.7697314890154597,0,0,0.0,0.0
sgd,UNI_v2,a3a4f5ba13cc,FedAvg,sgd,0.03,0,torch.float16,0.9259560618388935,0.9259560618388935,0.9259560618388935,0,0,0.0,0.0
sgd,UNI_v2,a7c42613be06,FedProx,sgd,0.1,4,torch.float16,0.7957689178193653,0.7957689178193653,0.7949552481692432,1,1,-0.08136696501220841,-0.08136696501220841
sgd,UNI_v2,b42d7ee4b9ad,FedAvg,sgd,0.003,2,torch.float16,0.8763222131814483,0.8763222131814483,0.8763222131814483,0,0,0.0,0.0
sgd,UNI_v2,b93855405766,FedAvg,sgd,0.1,1,torch.float16,0.772986167615948,0.772986167615948,0.772986167615948,0,0,0.0,0.0
sgd,UNI_v2,be7611d84efb,FedAvg,sgd,0.1,4,torch.float16,0.7558991049633849,0.7558991049633849,0.7558991049633849,0,0,0.0,0.0
sgd,UNI_v2,c57ab2121f22,SCAFFOLD,sgd,0.01,3,torch.float16,0.9007323026851098,0.9007323026851098,0.9007323026851098,0,0,0.0,0.0
sgd,UNI_v2,c6c46da1a506,FedAvg,sgd,0.03,2,torch.float16,0.9056143205858421,0.9056143205858421,0.9056143205858421,0,0,0.0,0.0
sgd,UNI_v2,c7eaabd9a392,FedAvg,sgd,0.01,0,torch.float16,0.9104963384865744,0.9104963384865744,0.9104963384865744,0,0,0.0,0.0
sgd,UNI_v2,d060e2f2bdd8,SCAFFOLD,sgd,0.01,2,torch.float16,0.8950366151342555,0.8950366151342555,0.8950366151342555,0,0,0.0,0.0
sgd,UNI_v2,d258611c439e,FedAvg,sgd,0.003,4,torch.float16,0.870626525630594,0.870626525630594,0.870626525630594,0,0,0.0,0.0
sgd,UNI_v2,dcb4bce65812,SCAFFOLD,sgd,0.01,1,torch.float16,0.9202603742880391,0.9202603742880391,0.9202603742880391,0,0,0.0,0.0
sgd,UNI_v2,e8a8466ef09e,FedAvg,sgd,0.1,3,torch.float16,0.7404393816110659,0.7404393816110659,0.7404393816110659,0,0,0.0,0.0
sgd,UNI_v2,f663566a1969,SCAFFOLD,sgd,0.1,3,torch.float16,0.5630593978844589,0.563873067534581,0.5630593978844589,3,0,-0.08136696501220841,0.0
sgd,UNI_v2,fcf5ca752a8f,SCAFFOLD,sgd,0.003,2,torch.float16,0.6078112286411717,0.6061838893409276,0.6078112286411717,4,0,0.16273393002440573,0.0
sgd,UNI_v2,fe2bfd04e808,FedAvg,sgd,0.03,4,torch.float16,0.9536208299430431,0.9536208299430431,0.9536208299430431,0,0,0.0,0.0
central,UNI_v2,08afa817575b,central-tuned,adam,0.0003,3,torch.float16,0.9698942229454841,0.9698942229454841,0.9698942229454841,0,0,0.0,0.0
central,UNI_v2,0a5d97a8d36a,central-tuned,sgd,0.1,2,torch.float16,0.43368592351505286,0.43612693246541906,0.43368592351505286,4,1,-0.2441008950366197,0.0
central,UNI_v2,0a8bbde47076,central-tuned,sgd,0.003,4,torch.float16,0.96826688364524,0.96826688364524,0.96826688364524,0,0,0.0,0.0
central,UNI_v2,0e884203d932,central-tuned,sgd,0.003,3,torch.float16,0.967453213995118,0.967453213995118,0.967453213995118,0,0,0.0,0.0
central,UNI_v2,10ec06c83d59,central-tuned,adam,0.0001,3,torch.float16,0.9707078925956062,0.9707078925956062,0.9707078925956062,0,0,0.0,0.0
central,UNI_v2,2eecdd3d0981,central-tuned,adam,0.001,1,torch.float16,0.9698942229454841,0.9698942229454841,0.9698942229454841,0,0,0.0,0.0
central,UNI_v2,36f6c45d8c7d,central-legacy,adam,0.0003,0,torch.float16,0.9715215622457283,0.9715215622457283,0.9715215622457283,0,0,0.0,0.0
central,UNI_v2,3c10d1f31399,central-tuned,sgd,0.003,0,torch.float16,0.967453213995118,0.967453213995118,0.967453213995118,0,0,0.0,0.0
central,UNI_v2,3cf33349dd19,central-tuned,adam,0.001,4,torch.float16,0.9650122050447518,0.9650122050447518,0.9650122050447518,0,0,0.0,0.0
central,UNI_v2,3e498950e9e7,central-legacy,adam,0.0003,1,torch.float16,0.9739625711960944,0.9739625711960944,0.9739625711960944,0,0,0.0,0.0
central,UNI_v2,3e9d40a55794,central-tuned,adam,0.001,2,torch.float16,0.9641985353946297,0.9641985353946297,0.9641985353946297,0,0,0.0,0.0
central,UNI_v2,3ec02afdaee5,central-tuned,sgd,0.01,2,torch.float16,0.9698942229454841,0.9698942229454841,0.9698942229454841,0,0,0.0,0.0
central,UNI_v2,3f35ab9c617b,central-tuned,adam,0.0001,2,torch.float16,0.9666395443449959,0.9666395443449959,0.9666395443449959,0,0,0.0,0.0
central,UNI_v2,44aa99da8df1,central-legacy,adam,0.0003,4,torch.float16,0.9666395443449959,0.9666395443449959,0.9666395443449959,0,0,0.0,0.0
central,UNI_v2,487799338813,central-tuned,adam,0.0003,4,torch.float16,0.9641985353946297,0.9641985353946297,0.9641985353946297,0,0,0.0,0.0
central,UNI_v2,49090863d659,central-tuned,sgd,0.01,0,torch.float16,0.967453213995118,0.967453213995118,0.967453213995118,0,0,0.0,0.0
central,UNI_v2,4d7e754340c5,central-tuned,sgd,0.003,2,torch.float16,0.967453213995118,0.967453213995118,0.967453213995118,0,0,0.0,0.0
central,UNI_v2,4fde7b177dd2,central-tuned,sgd,0.03,4,torch.float16,0.9625711960943857,0.9625711960943857,0.9625711960943857,0,0,0.0,0.0
central,UNI_v2,56f1121fa95e,central-tuned,sgd,0.01,3,torch.float16,0.9690805532953621,0.9690805532953621,0.9690805532953621,0,0,0.0,0.0
central,UNI_v2,607ad3dd464e,central-tuned,sgd,0.1,0,torch.float16,0.5052888527257934,0.5061025223759154,0.5061025223759154,0,2,0.0,0.08136696501219731
central,UNI_v2,6506748c2e34,central-tuned,sgd,0.01,4,torch.float16,0.9731489015459723,0.9731489015459723,0.9731489015459723,0,0,0.0,0.0
central,UNI_v2,6544c0ee755e,central-tuned,adam,0.0003,2,torch.float16,0.9617575264442636,0.9617575264442636,0.9617575264442636,0,0,0.0,0.0
central,UNI_v2,7a5e541a0af3,central-tuned,sgd,0.03,0,torch.float16,0.96826688364524,0.96826688364524,0.96826688364524,0,0,0.0,0.0
central,UNI_v2,98562f13b475,central-legacy,adam,0.0003,2,torch.float16,0.9731489015459723,0.9731489015459723,0.9731489015459723,0,0,0.0,0.0
central,UNI_v2,9bc418b52c3e,central-tuned,adam,0.0003,1,torch.float16,0.9739625711960944,0.9739625711960944,0.9739625711960944,0,0,0.0,0.0
central,UNI_v2,a47bf903fe3f,central-tuned,adam,0.0001,0,torch.float16,0.9723352318958502,0.9723352318958502,0.9723352318958502,0,0,0.0,0.0
central,UNI_v2,a6ac97093c83,central-tuned,sgd,0.03,3,torch.float16,0.9617575264442636,0.9617575264442636,0.9617575264442636,0,0,0.0,0.0
central,UNI_v2,b1e942661064,central-tuned,sgd,0.03,2,torch.float16,0.9625711960943857,0.9625711960943857,0.9625711960943857,0,0,0.0,0.0
central,UNI_v2,b4f34f78ba6c,central-tuned,sgd,0.03,1,torch.float16,0.9617575264442636,0.9617575264442636,0.9617575264442636,0,0,0.0,0.0
central,UNI_v2,bdb32f1b3ffa,central-tuned,sgd,0.1,3,torch.float16,0.4548413344182262,0.45728234336859236,0.45402766476810413,9,4,-0.32546786004882255,-0.08136696501220841
central,UNI_v2,be91e69e1e65,central-tuned,adam,0.0001,4,torch.float16,0.9707078925956062,0.9707078925956062,0.9707078925956062,0,0,0.0,0.0
central,UNI_v2,c1a353d57a18,central-legacy,adam,0.0003,3,torch.float16,0.9715215622457283,0.9715215622457283,0.9715215622457283,0,0,0.0,0.0
central,UNI_v2,c5e352541666,central-tuned,adam,0.0001,1,torch.float16,0.967453213995118,0.967453213995118,0.967453213995118,0,0,0.0,0.0
central,UNI_v2,cbb4fea4424f,central-tuned,sgd,0.01,1,torch.float16,0.9641985353946297,0.9641985353946297,0.9641985353946297,0,0,0.0,0.0
central,UNI_v2,cd44b9ad65cc,central-tuned,sgd,0.003,1,torch.float16,0.9690805532953621,0.9690805532953621,0.9690805532953621,0,0,0.0,0.0
central,UNI_v2,dda9fd6f0e9b,central-tuned,sgd,0.1,4,torch.float16,0.515052888527258,0.5142392188771359,0.515052888527258,1,0,0.08136696501220841,0.0
central,UNI_v2,df23b186b720,central-tuned,sgd,0.1,1,torch.float16,0.47192839707078926,0.47192839707078926,0.47192839707078926,1,0,0.0,0.0
central,UNI_v2,f2908fa10284,central-tuned,adam,0.001,0,torch.float16,0.9666395443449959,0.9666395443449959,0.9666395443449959,0,0,0.0,0.0
central,UNI_v2,f811cec30d5e,central-tuned,adam,0.001,3,torch.float16,0.9650122050447518,0.9650122050447518,0.9650122050447518,0,0,0.0,0.0
central,UNI_v2,faa098860594,central-tuned,adam,0.0003,0,torch.float16,0.9723352318958502,0.9723352318958502,0.9723352318958502,0,0,0.0,0.0
main,Virchow2,0a193deaeab9,FedProx,adam,0.0003,0,torch.float16,0.886899918633035,0.886899918633035,0.886899918633035,0,0,0.0,0.0
main,Virchow2,0eb036fbf6f4,FedAvg,adam,0.0003,1,torch.float16,0.8966639544344996,0.8966639544344996,0.8966639544344996,0,0,0.0,0.0
main,Virchow2,0f79337e2ef8,FedProx,adam,0.0003,1,torch.float16,0.8982912937347437,0.8982912937347437,0.8982912937347437,0,0,0.0,0.0
main,Virchow2,301817e160ed,SCAFFOLD,adam,0.0003,0,torch.float16,0.6346623270951993,0.6354759967453214,0.6354759967453214,0,1,0.0,0.08136696501220841
main,Virchow2,3b6fbe47a777,FedProx,adam,0.0003,3,torch.float16,0.9259560618388935,0.9259560618388935,0.9259560618388935,0,0,0.0,0.0
main,Virchow2,40e1aa913b7b,FedAvg,adam,0.0003,0,torch.float16,0.8885272579332791,0.8885272579332791,0.8885272579332791,0,0,0.0,0.0
main,Virchow2,5c0f47490940,FedProx,adam,0.0003,2,torch.float16,0.8885272579332791,0.8885272579332791,0.8885272579332791,0,0,0.0,0.0
main,Virchow2,5ebcabd649f0,SCAFFOLD,adam,0.0003,1,torch.float16,0.7225386493083807,0.7225386493083807,0.7225386493083807,1,1,0.0,0.0
main,Virchow2,6343b811ad8c,SCAFFOLD,adam,0.0003,2,torch.float16,0.5760781122864117,0.5760781122864117,0.5768917819365338,1,1,0.08136696501220841,0.08136696501220841
main,Virchow2,7608fdc20f0d,FedProx,adam,0.0003,4,torch.float16,0.9048006509357202,0.9048006509357202,0.9048006509357202,0,0,0.0,0.0
main,Virchow2,8ff3d0bb92a5,FedAvg,adam,0.0003,3,torch.float16,0.8974776240846216,0.8974776240846216,0.8974776240846216,0,0,0.0,0.0
main,Virchow2,9548ae04f543,FedAvg,adam,0.0003,4,torch.float16,0.8665581773799838,0.8665581773799838,0.8673718470301057,1,1,0.08136696501219731,0.08136696501219731
main,Virchow2,c4e1d86e5fc4,SCAFFOLD,adam,0.0003,4,torch.float16,0.6826688364524003,0.6826688364524003,0.6826688364524003,2,2,0.0,0.0
main,Virchow2,c8ccb1400c71,SCAFFOLD,adam,0.0003,3,torch.float16,0.7030105777054516,0.7030105777054516,0.7030105777054516,1,2,0.0,0.0
main,Virchow2,db6dbe22658a,FedAvg,adam,0.0003,2,torch.float16,0.8779495524816925,0.8779495524816925,0.8779495524816925,0,0,0.0,0.0
sgd,Virchow2,012a457a8097,FedAvg,sgd,0.003,0,torch.float16,0.8681855166802278,0.8681855166802278,0.8681855166802278,0,0,0.0,0.0
sgd,Virchow2,01c7c0cca63a,SCAFFOLD,sgd,0.003,3,torch.float16,0.9048006509357202,0.9048006509357202,0.9048006509357202,0,0,0.0,0.0
sgd,Virchow2,027529495645,FedAvg,sgd,0.1,3,torch.float16,0.4735557363710334,0.4743694060211554,0.4735557363710334,1,0,-0.08136696501220286,0.0
sgd,Virchow2,0a525d0a32fa,FedAvg,sgd,0.1,4,torch.float16,0.532953620829943,0.532953620829943,0.532953620829943,0,0,0.0,0.0
sgd,Virchow2,16d47e93db7f,SCAFFOLD,sgd,0.01,3,torch.float16,0.8600488201790073,0.8600488201790073,0.8600488201790073,0,0,0.0,0.0
sgd,Virchow2,205eda87d20b,SCAFFOLD,sgd,0.01,2,torch.float16,0.7835638730675346,0.7835638730675346,0.7835638730675346,0,0,0.0,0.0
sgd,Virchow2,251531333514,FedAvg,sgd,0.03,4,torch.float16,0.9349064279902359,0.9349064279902359,0.9349064279902359,0,0,0.0,0.0
sgd,Virchow2,31ac075c909f,SCAFFOLD,sgd,0.01,1,torch.float16,0.8421480878763222,0.8421480878763222,0.8413344182262001,1,1,-0.08136696501220841,-0.08136696501220841
sgd,Virchow2,3973a15bf7f4,FedProx,sgd,0.003,0,torch.float16,0.8925956061838893,0.8925956061838893,0.8925956061838893,0,0,0.0,0.0
sgd,Virchow2,39793e072cf2,SCAFFOLD,sgd,0.1,1,torch.float16,0.43368592351505286,0.43368592351505286,0.43368592351505286,0,0,0.0,0.0
sgd,Virchow2,3a0bcc967740,SCAFFOLD,sgd,0.1,0,torch.float16,0.28152969894222946,0.28152969894222946,0.28152969894222946,0,0,0.0,0.0
sgd,Virchow2,3aa76d11955c,SCAFFOLD,sgd,0.1,2,torch.float16,0.28152969894222946,0.28152969894222946,0.28152969894222946,0,0,0.0,0.0
sgd,Virchow2,3b7c1435bc95,SCAFFOLD,sgd,0.01,4,torch.float16,0.853539462978031,0.853539462978031,0.853539462978031,0,0,0.0,0.0
sgd,Virchow2,3cbb582e2e37,FedProx,sgd,0.03,4,torch.float16,0.9015459723352319,0.9015459723352319,0.9015459723352319,0,0,0.0,0.0
sgd,Virchow2,3deb92923938,FedAvg,sgd,0.01,3,torch.float16,0.9259560618388935,0.9267697314890154,0.9259560618388935,1,0,-0.08136696501219731,0.0
sgd,Virchow2,430e91d030fa,FedAvg,sgd,0.03,0,torch.float16,0.9137510170870626,0.9137510170870626,0.9137510170870626,0,0,0.0,0.0
sgd,Virchow2,4929cb8f67a8,FedProx,sgd,0.1,0,torch.float16,0.44426362896663957,0.44426362896663957,0.44426362896663957,0,0,0.0,0.0
sgd,Virchow2,4a5dd57c803f,FedAvg,sgd,0.01,0,torch.float16,0.8454027664768105,0.8454027664768105,0.8454027664768105,0,0,0.0,0.0
sgd,Virchow2,4c1873b60972,FedAvg,sgd,0.01,4,torch.float16,0.9039869812855981,0.9039869812855981,0.9039869812855981,0,0,0.0,0.0
sgd,Virchow2,532e142c67db,FedAvg,sgd,0.01,1,torch.float16,0.9308380797396257,0.9308380797396257,0.9308380797396257,0,0,0.0,0.0
sgd,Virchow2,5cd47daed851,FedProx,sgd,0.003,2,torch.float16,0.8982912937347437,0.8982912937347437,0.8982912937347437,0,0,0.0,0.0
sgd,Virchow2,5ea245b5b345,FedProx,sgd,0.1,1,torch.float16,0.49389747762408465,0.49389747762408465,0.49308380797396256,1,1,-0.08136696501220841,-0.08136696501220841
sgd,Virchow2,63b7cee8384c,FedProx,sgd,0.03,2,torch.float16,0.9121236777868186,0.9121236777868186,0.9121236777868186,0,0,0.0,0.0
sgd,Virchow2,6d49efb56749,FedAvg,sgd,0.003,1,torch.float16,0.903173311635476,0.903173311635476,0.903173311635476,0,0,0.0,0.0
sgd,Virchow2,7066b43afa27,SCAFFOLD,sgd,0.1,4,torch.float16,0.5549227013832384,0.5549227013832384,0.5549227013832384,0,0,0.0,0.0
sgd,Virchow2,7178201917f0,FedProx,sgd,0.003,3,torch.float16,0.8901545972335232,0.8901545972335232,0.8901545972335232,0,0,0.0,0.0
sgd,Virchow2,7332182a040a,FedProx,sgd,0.1,4,torch.float16,0.5939788445890968,0.597233523189585,0.5939788445890968,6,0,-0.32546786004882255,0.0
sgd,Virchow2,795eceba600a,FedProx,sgd,0.03,3,torch.float16,0.8437754271765663,0.8437754271765663,0.8437754271765663,0,0,0.0,0.0
sgd,Virchow2,7f2896dd7e20,FedProx,sgd,0.03,0,torch.float16,0.9389747762408462,0.9389747762408462,0.9389747762408462,0,0,0.0,0.0
sgd,Virchow2,89d361d100d8,FedProx,sgd,0.01,3,torch.float16,0.9056143205858421,0.9056143205858421,0.9056143205858421,0,0,0.0,0.0
sgd,Virchow2,952a520473a1,FedAvg,sgd,0.01,2,torch.float16,0.9308380797396257,0.9308380797396257,0.9308380797396257,0,0,0.0,0.0
sgd,Virchow2,987269280cfe,FedAvg,sgd,0.03,1,torch.float16,0.9178193653376729,0.9178193653376729,0.9178193653376729,0,0,0.0,0.0
sgd,Virchow2,9a3fe40e415c,FedProx,sgd,0.003,4,torch.float16,0.8812042310821806,0.8812042310821806,0.8812042310821806,0,0,0.0,0.0
sgd,Virchow2,9fc5613f7eb4,FedProx,sgd,0.1,2,torch.float16,0.5207485760781123,0.5207485760781123,0.5207485760781123,5,1,0.0,0.0
sgd,Virchow2,a1020737051f,FedAvg,sgd,0.003,3,torch.float16,0.8901545972335232,0.8901545972335232,0.8901545972335232,0,0,0.0,0.0
sgd,Virchow2,a1932b58c2df,FedAvg,sgd,0.1,0,torch.float16,0.500406834825061,0.500406834825061,0.500406834825061,2,0,0.0,0.0
sgd,Virchow2,a4dd39987d50,FedAvg,sgd,0.03,3,torch.float16,0.8657445077298617,0.8657445077298617,0.8657445077298617,0,0,0.0,0.0
sgd,Virchow2,a60be04bcba7,FedProx,sgd,0.01,4,torch.float16,0.9283970707892596,0.9283970707892596,0.9283970707892596,0,0,0.0,0.0
sgd,Virchow2,a7a166a5dc8c,SCAFFOLD,sgd,0.01,0,torch.float16,0.8421480878763222,0.8421480878763222,0.8421480878763222,0,0,0.0,0.0
sgd,Virchow2,b0dc30f7a14f,SCAFFOLD,sgd,0.03,3,torch.float16,0.5980471928397071,0.5980471928397071,0.5980471928397071,0,0,0.0,0.0
sgd,Virchow2,bf3552e2306f,FedProx,sgd,0.003,1,torch.float16,0.903173311635476,0.903173311635476,0.903173311635476,0,0,0.0,0.0
sgd,Virchow2,c1ab335da9b5,SCAFFOLD,sgd,0.03,1,torch.float16,0.5516680227827502,0.5508543531326282,0.5516680227827502,1,0,0.08136696501219731,0.0
sgd,Virchow2,c53b5d709657,SCAFFOLD,sgd,0.003,2,torch.float16,0.9015459723352319,0.9015459723352319,0.9015459723352319,0,0,0.0,0.0
sgd,Virchow2,c66b98895c96,FedAvg,sgd,0.003,4,torch.float16,0.8812042310821806,0.8812042310821806,0.8812042310821806,0,0,0.0,0.0
sgd,Virchow2,c7973dd85c29,FedProx,sgd,0.03,1,torch.float16,0.8942229454841334,0.8942229454841334,0.8942229454841334,0,0,0.0,0.0
sgd,Virchow2,ca4fe8838fd0,FedProx,sgd,0.1,3,torch.float16,0.5223759153783564,0.5223759153783564,0.5223759153783564,1,0,0.0,0.0
sgd,Virchow2,cd558d9a230d,SCAFFOLD,sgd,0.03,0,torch.float16,0.6647681041497152,0.6647681041497152,0.6647681041497152,1,0,0.0,0.0
sgd,Virchow2,cfd5d18f81c0,SCAFFOLD,sgd,0.003,0,torch.float16,0.8982912937347437,0.8982912937347437,0.8982912937347437,0,0,0.0,0.0
sgd,Virchow2,d3c329ee2459,FedProx,sgd,0.01,1,torch.float16,0.9080553295362083,0.9080553295362083,0.9080553295362083,0,0,0.0,0.0
sgd,Virchow2,d4c6fc2a0898,SCAFFOLD,sgd,0.1,3,torch.float16,0.28152969894222946,0.28152969894222946,0.28152969894222946,0,0,0.0,0.0
sgd,Virchow2,dafb18e51914,FedAvg,sgd,0.003,2,torch.float16,0.9251423921887714,0.9251423921887714,0.9251423921887714,0,0,0.0,0.0
sgd,Virchow2,e80cbcba548f,SCAFFOLD,sgd,0.003,1,torch.float16,0.9113100081366965,0.9113100081366965,0.9113100081366965,0,0,0.0,0.0
sgd,Virchow2,ef1b2eb7da91,SCAFFOLD,sgd,0.03,4,torch.float16,0.6631407648494712,0.6631407648494712,0.6631407648494712,0,0,0.0,0.0
sgd,Virchow2,f294a05fdb1a,FedAvg,sgd,0.1,1,torch.float16,0.5085435313262815,0.5085435313262815,0.5085435313262815,0,0,0.0,0.0
sgd,Virchow2,f46f230d9a28,SCAFFOLD,sgd,0.003,4,torch.float16,0.8974776240846216,0.8974776240846216,0.8974776240846216,0,0,0.0,0.0
sgd,Virchow2,f52e7f33ce3c,FedAvg,sgd,0.1,2,torch.float16,0.49959316517493896,0.49959316517493896,0.49959316517493896,1,1,0.0,0.0
sgd,Virchow2,f53c0c851165,SCAFFOLD,sgd,0.03,2,torch.float16,0.5280716029292107,0.5280716029292107,0.5280716029292107,1,0,0.0,0.0
sgd,Virchow2,f59f4c702f8f,FedProx,sgd,0.01,2,torch.float16,0.8576078112286412,0.8576078112286412,0.8576078112286412,0,0,0.0,0.0
sgd,Virchow2,f6572ea54693,FedProx,sgd,0.01,0,torch.float16,0.8950366151342555,0.8950366151342555,0.8950366151342555,0,0,0.0,0.0
sgd,Virchow2,fecadf1a7af1,FedAvg,sgd,0.03,2,torch.float16,0.8795768917819365,0.8795768917819365,0.8795768917819365,0,0,0.0,0.0
central,Virchow2,0680abf84bcf,central-tuned,sgd,0.003,2,torch.float16,0.9707078925956062,0.9707078925956062,0.9707078925956062,0,0,0.0,0.0
central,Virchow2,083bc6e75805,central-tuned,sgd,0.03,0,torch.float16,0.8738812042310822,0.8738812042310822,0.8738812042310822,0,0,0.0,0.0
central,Virchow2,0b6e00e550e0,central-tuned,adam,0.0003,3,torch.float16,0.9633848657445078,0.9633848657445078,0.9633848657445078,0,0,0.0,0.0
central,Virchow2,0fb12b5afbf1,central-tuned,adam,0.0001,0,torch.float16,0.9666395443449959,0.9666395443449959,0.9666395443449959,0,0,0.0,0.0
central,Virchow2,12ebcb17dd73,central-tuned,sgd,0.003,1,torch.float16,0.9715215622457283,0.9715215622457283,0.9715215622457283,0,0,0.0,0.0
central,Virchow2,169ac6d2c6d4,central-tuned,sgd,0.01,2,torch.float16,0.9601301871440195,0.9601301871440195,0.9601301871440195,0,0,0.0,0.0
central,Virchow2,170f92172b7b,central-tuned,sgd,0.03,2,torch.float16,0.8925956061838893,0.8925956061838893,0.8925956061838893,0,0,0.0,0.0
central,Virchow2,17553727a864,central-tuned,sgd,0.1,1,torch.float16,0.28152969894222946,0.28152969894222946,0.28152969894222946,0,0,0.0,0.0
central,Virchow2,19fc5493525b,central-tuned,adam,0.001,0,torch.float16,0.950366151342555,0.950366151342555,0.950366151342555,0,0,0.0,0.0
central,Virchow2,2e3c64ea9175,central-tuned,sgd,0.003,3,torch.float16,0.9707078925956062,0.9707078925956062,0.9707078925956062,0,0,0.0,0.0
central,Virchow2,3311bca9a2a9,central-tuned,adam,0.001,3,torch.float16,0.9568755085435313,0.9568755085435313,0.9568755085435313,0,0,0.0,0.0
central,Virchow2,34b095107ce4,central-tuned,sgd,0.1,4,torch.float16,0.28152969894222946,0.28152969894222946,0.28152969894222946,0,0,0.0,0.0
central,Virchow2,42fb494d6d9a,central-tuned,adam,0.0001,4,torch.float16,0.9609438567941416,0.9609438567941416,0.9609438567941416,0,0,0.0,0.0
central,Virchow2,4e6f57128171,central-tuned,adam,0.0003,2,torch.float16,0.9560618388934092,0.9560618388934092,0.9560618388934092,0,0,0.0,0.0
central,Virchow2,5447e38f320c,central-tuned,sgd,0.01,3,torch.float16,0.9625711960943857,0.9625711960943857,0.9625711960943857,0,0,0.0,0.0
central,Virchow2,615da92abfb1,central-tuned,adam,0.0003,1,torch.float16,0.9585028478437754,0.9585028478437754,0.9585028478437754,0,0,0.0,0.0
central,Virchow2,6623f481bef4,central-tuned,adam,0.001,4,torch.float16,0.951179820992677,0.951179820992677,0.951179820992677,0,0,0.0,0.0
central,Virchow2,6d468d134ac3,central-tuned,adam,0.0001,3,torch.float16,0.9650122050447518,0.9650122050447518,0.9650122050447518,0,0,0.0,0.0
central,Virchow2,6f3556fbc712,central-tuned,adam,0.0003,4,torch.float16,0.9593165174938975,0.9593165174938975,0.9593165174938975,0,0,0.0,0.0
central,Virchow2,71309a3cbbad,central-legacy,adam,0.0003,3,torch.float16,0.967453213995118,0.967453213995118,0.967453213995118,0,0,0.0,0.0
central,Virchow2,833a27222a5d,central-tuned,sgd,0.1,3,torch.float16,0.2823433685923515,0.2823433685923515,0.2823433685923515,0,0,0.0,0.0
central,Virchow2,86986a562c90,central-tuned,adam,0.001,2,torch.float16,0.9641985353946297,0.9641985353946297,0.9641985353946297,0,0,0.0,0.0
central,Virchow2,9adb0a392af6,central-tuned,sgd,0.1,2,torch.float16,0.28152969894222946,0.28152969894222946,0.28152969894222946,0,0,0.0,0.0
central,Virchow2,9ca80c29be6a,central-legacy,adam,0.0003,0,torch.float16,0.934092758340114,0.934092758340114,0.9332790886899919,1,1,-0.08136696501220841,-0.08136696501220841
central,Virchow2,9ee2a68fad0d,central-tuned,sgd,0.03,1,torch.float16,0.7949552481692432,0.7949552481692432,0.7949552481692432,0,0,0.0,0.0
central,Virchow2,a5b6e0e94730,central-tuned,sgd,0.01,1,torch.float16,0.9625711960943857,0.9625711960943857,0.9625711960943857,0,0,0.0,0.0
central,Virchow2,ad07c4d94231,central-legacy,adam,0.0003,2,torch.float16,0.9666395443449959,0.9666395443449959,0.9666395443449959,0,0,0.0,0.0
central,Virchow2,bc0e9d5f0338,central-tuned,sgd,0.1,0,torch.float16,0.28152969894222946,0.28152969894222946,0.28152969894222946,0,0,0.0,0.0
central,Virchow2,c42bc70e04d5,central-tuned,adam,0.001,1,torch.float16,0.9593165174938975,0.9593165174938975,0.9593165174938975,0,0,0.0,0.0
central,Virchow2,cb6053064ee0,central-tuned,sgd,0.003,4,torch.float16,0.9707078925956062,0.9707078925956062,0.9707078925956062,0,0,0.0,0.0
central,Virchow2,cb92ada1dd96,central-tuned,sgd,0.03,4,torch.float16,0.9113100081366965,0.9113100081366965,0.9113100081366965,0,0,0.0,0.0
central,Virchow2,d16de99bfacd,central-tuned,sgd,0.03,3,torch.float16,0.8787632221318145,0.8787632221318145,0.8787632221318145,0,0,0.0,0.0
central,Virchow2,d954de3e724b,central-tuned,sgd,0.01,0,torch.float16,0.9609438567941416,0.9609438567941416,0.9609438567941416,0,0,0.0,0.0
central,Virchow2,ddadcbd7b5b4,central-tuned,adam,0.0001,2,torch.float16,0.9666395443449959,0.9666395443449959,0.9666395443449959,0,0,0.0,0.0
central,Virchow2,dfdc82f63686,central-legacy,adam,0.0003,1,torch.float16,0.9593165174938975,0.9593165174938975,0.9593165174938975,0,0,0.0,0.0
central,Virchow2,e12ab5a1362b,central-tuned,sgd,0.01,4,torch.float16,0.9698942229454841,0.9698942229454841,0.9698942229454841,0,0,0.0,0.0
central,Virchow2,edecb9d96def,central-tuned,sgd,0.003,0,torch.float16,0.9690805532953621,0.9690805532953621,0.9690805532953621,0,0,0.0,0.0
central,Virchow2,f19c46d57760,central-legacy,adam,0.0003,4,torch.float16,0.9617575264442636,0.9617575264442636,0.9617575264442636,0,0,0.0,0.0
central,Virchow2,f31ae91eb176,central-tuned,adam,0.0001,1,torch.float16,0.9715215622457283,0.9715215622457283,0.9715215622457283,0,0,0.0,0.0
central,Virchow2,fdafe426ae03,central-tuned,adam,0.0003,0,torch.float16,0.9707078925956062,0.9707078925956062,0.9707078925956062,0,0,0.0,0.0
main,Phikon_v2,010c7099aed8,SCAFFOLD,adam,0.0003,4,torch.float16,0.51586655817738,0.51586655817738,0.51586655817738,4,3,0.0,0.0
main,Phikon_v2,06f6497300e9,SCAFFOLD,adam,0.0003,0,torch.float16,0.46379170056956875,0.46379170056956875,0.46379170056956875,4,4,0.0,0.0
main,Phikon_v2,2c623ed62b3e,FedAvg,adam,0.0003,1,torch.float16,0.9332790886899919,0.9332790886899919,0.9332790886899919,0,0,0.0,0.0
main,Phikon_v2,3161a909ff1b,FedProx,adam,0.0003,0,torch.float16,0.7591537835638731,0.7591537835638731,0.7591537835638731,0,0,0.0,0.0
main,Phikon_v2,3b37663a7e81,FedAvg,adam,0.0003,2,torch.float16,0.9381611065907242,0.9381611065907242,0.9381611065907242,0,0,0.0,0.0
main,Phikon_v2,432d7850ca0d,FedProx,adam,0.0003,1,torch.float16,0.9414157851912124,0.9414157851912124,0.9414157851912124,0,0,0.0,0.0
main,Phikon_v2,43a8b116149c,SCAFFOLD,adam,0.0003,3,torch.float16,0.5085435313262815,0.5085435313262815,0.5085435313262815,2,0,0.0,0.0
main,Phikon_v2,4d145b3c2108,SCAFFOLD,adam,0.0003,2,torch.float16,0.4629780309194467,0.4629780309194467,0.4629780309194467,1,0,0.0,0.0
main,Phikon_v2,53e2821f31c1,FedProx,adam,0.0003,3,torch.float16,0.9495524816924329,0.9495524816924329,0.9495524816924329,0,0,0.0,0.0
main,Phikon_v2,662ac1205a75,FedAvg,adam,0.0003,4,torch.float16,0.8234336859235151,0.8234336859235151,0.8250610252237591,2,2,0.16273393002440573,0.16273393002440573
main,Phikon_v2,6fb26627e29b,FedProx,adam,0.0003,4,torch.float16,0.8445890968266884,0.8445890968266884,0.8445890968266884,0,0,0.0,0.0
main,Phikon_v2,7f6b7b073de0,SCAFFOLD,adam,0.0003,1,torch.float16,0.4434499593165175,0.4434499593165175,0.4434499593165175,1,2,0.0,0.0
main,Phikon_v2,c72b75ed9602,FedProx,adam,0.0003,2,torch.float16,0.9389747762408462,0.9389747762408462,0.9389747762408462,0,0,0.0,0.0
main,Phikon_v2,dddf2cc47b23,FedAvg,adam,0.0003,0,torch.float16,0.7615947925142392,0.7615947925142392,0.7615947925142392,3,1,0.0,0.0
main,Phikon_v2,f55bec47e7d6,FedAvg,adam,0.0003,3,torch.float16,0.7860048820179008,0.7860048820179008,0.7860048820179008,0,0,0.0,0.0
sgd,Phikon_v2,01f35f09b19c,FedAvg,sgd,0.003,2,torch.float16,0.5061025223759154,0.5052888527257934,0.5061025223759154,6,1,0.08136696501219731,0.0
sgd,Phikon_v2,061a4d47a20c,SCAFFOLD,sgd,0.01,3,torch.float16,0.9349064279902359,0.9349064279902359,0.9349064279902359,0,0,0.0,0.0
sgd,Phikon_v2,145713ae933a,FedAvg,sgd,0.03,3,torch.float16,0.9487388120423108,0.9487388120423108,0.9487388120423108,0,0,0.0,0.0
sgd,Phikon_v2,147a9a78c8f7,FedAvg,sgd,0.03,4,torch.float16,0.9601301871440195,0.9601301871440195,0.9601301871440195,0,0,0.0,0.0
sgd,Phikon_v2,200c99411339,FedProx,sgd,0.1,3,torch.float16,0.9381611065907242,0.9381611065907242,0.9381611065907242,0,0,0.0,0.0
sgd,Phikon_v2,2140d6c98ef8,FedProx,sgd,0.03,1,torch.float16,0.9487388120423108,0.9487388120423108,0.9487388120423108,0,0,0.0,0.0
sgd,Phikon_v2,2237ba49640e,FedProx,sgd,0.003,3,torch.float16,0.6175752644426363,0.6175752644426363,0.6175752644426363,4,0,0.0,0.0
sgd,Phikon_v2,2555bcff29e0,SCAFFOLD,sgd,0.01,1,torch.float16,0.9283970707892596,0.9283970707892596,0.9283970707892596,0,0,0.0,0.0
sgd,Phikon_v2,26f79a5d6c09,SCAFFOLD,sgd,0.01,0,torch.float16,0.9373474369406021,0.9373474369406021,0.9373474369406021,0,0,0.0,0.0
sgd,Phikon_v2,27b73b635292,SCAFFOLD,sgd,0.01,4,torch.float16,0.9365337672904801,0.9365337672904801,0.9365337672904801,0,0,0.0,0.0
sgd,Phikon_v2,29afeef642e6,FedProx,sgd,0.003,1,torch.float16,0.6053702196908055,0.6053702196908055,0.6053702196908055,0,0,0.0,0.0
sgd,Phikon_v2,2ce10c033da5,FedAvg,sgd,0.01,2,torch.float16,0.903173311635476,0.9039869812855981,0.903173311635476,1,0,-0.08136696501220841,0.0
sgd,Phikon_v2,2e6702624c52,FedProx,sgd,0.01,4,torch.float16,0.8812042310821806,0.8812042310821806,0.8812042310821806,0,0,0.0,0.0
sgd,Phikon_v2,32444924e10c,SCAFFOLD,sgd,0.003,1,torch.float16,0.2855980471928397,0.2847843775427177,0.2855980471928397,4,0,0.08136696501220286,0.0
sgd,Phikon_v2,34325a9d70b6,SCAFFOLD,sgd,0.03,0,torch.float16,0.8763222131814483,0.8763222131814483,0.8763222131814483,0,0,0.0,0.0
sgd,Phikon_v2,34befc9b247f,FedProx,sgd,0.003,2,torch.float16,0.5069161920260374,0.5077298616761595,0.5077298616761595,5,1,0.0,0.08136696501220841
sgd,Phikon_v2,354845263822,SCAFFOLD,sgd,0.003,3,torch.float16,0.322213181448332,0.322213181448332,0.322213181448332,4,0,0.0,0.0
sgd,Phikon_v2,42d6ef5a212a,FedAvg,sgd,0.003,4,torch.float16,0.54759967453214,0.5459723352318958,0.54759967453214,5,0,0.16273393002441683,0.0
sgd,Phikon_v2,42fe26c1f1ef,SCAFFOLD,sgd,0.1,4,torch.float16,0.6346623270951993,0.6346623270951993,0.6346623270951993,0,0,0.0,0.0
sgd,Phikon_v2,49aba1d81e76,FedAvg,sgd,0.03,2,torch.float16,0.9471114727420668,0.9471114727420668,0.9471114727420668,0,0,0.0,0.0
sgd,Phikon_v2,4b30f6db269f,SCAFFOLD,sgd,0.03,1,torch.float16,0.9007323026851098,0.9015459723352319,0.9007323026851098,1,0,-0.08136696501220841,0.0
sgd,Phikon_v2,4be7825ef2ca,FedProx,sgd,0.01,0,torch.float16,0.9251423921887714,0.9251423921887714,0.9251423921887714,0,0,0.0,0.0
sgd,Phikon_v2,58a258eeae7d,FedAvg,sgd,0.01,3,torch.float16,0.9072416598860863,0.9064279902359642,0.9072416598860863,1,0,0.08136696501220841,0.0
sgd,Phikon_v2,5ff527a67599,SCAFFOLD,sgd,0.1,3,torch.float16,0.6810414971521562,0.6810414971521562,0.6810414971521562,1,0,0.0,0.0
sgd,Phikon_v2,689fd78567c5,FedProx,sgd,0.01,1,torch.float16,0.9324654190398698,0.9324654190398698,0.9324654190398698,0,0,0.0,0.0
sgd,Phikon_v2,6bf6c6f0f89e,FedProx,sgd,0.01,3,torch.float16,0.9064279902359642,0.9064279902359642,0.9064279902359642,0,0,0.0,0.0
sgd,Phikon_v2,6f95a41e7887,FedProx,sgd,0.03,0,torch.float16,0.9536208299430431,0.9536208299430431,0.9536208299430431,0,0,0.0,0.0
sgd,Phikon_v2,7b2aa075bbcb,FedProx,sgd,0.003,4,torch.float16,0.54759967453214,0.5459723352318958,0.548413344182262,5,1,0.24410089503661414,0.08136696501219731
sgd,Phikon_v2,8083d2b4c8c4,FedAvg,sgd,0.1,4,torch.float16,0.8543531326281529,0.8543531326281529,0.8543531326281529,0,0,0.0,0.0
sgd,Phikon_v2,89fa187dae3d,FedAvg,sgd,0.01,0,torch.float16,0.9251423921887714,0.9251423921887714,0.9251423921887714,0,0,0.0,0.0
sgd,Phikon_v2,8b561d0c4403,FedAvg,sgd,0.1,0,torch.float16,0.9536208299430431,0.9536208299430431,0.9536208299430431,0,0,0.0,0.0
sgd,Phikon_v2,904898ca8703,FedProx,sgd,0.01,2,torch.float16,0.903173311635476,0.903173311635476,0.903173311635476,0,0,0.0,0.0
sgd,Phikon_v2,91095dad8d70,FedAvg,sgd,0.003,1,torch.float16,0.6053702196908055,0.6053702196908055,0.6053702196908055,0,0,0.0,0.0
sgd,Phikon_v2,9cf9f07170c2,FedAvg,sgd,0.1,3,torch.float16,0.9544344995931652,0.9544344995931652,0.9544344995931652,0,0,0.0,0.0
sgd,Phikon_v2,a22db86a9db2,FedAvg,sgd,0.003,3,torch.float16,0.6175752644426363,0.6175752644426363,0.6175752644426363,0,0,0.0,0.0
sgd,Phikon_v2,a38007210553,FedAvg,sgd,0.03,0,torch.float16,0.9536208299430431,0.9536208299430431,0.9536208299430431,0,0,0.0,0.0
sgd,Phikon_v2,a3efe3bcc69c,FedProx,sgd,0.003,0,torch.float16,0.9210740439381611,0.9210740439381611,0.9210740439381611,0,0,0.0,0.0
sgd,Phikon_v2,a551b81819e3,SCAFFOLD,sgd,0.003,4,torch.float16,0.2807160292921074,0.2807160292921074,0.2807160292921074,0,0,0.0,0.0
sgd,Phikon_v2,a57c07c3198e,FedAvg,sgd,0.01,4,torch.float16,0.8812042310821806,0.8812042310821806,0.8812042310821806,0,1,0.0,0.0
sgd,Phikon_v2,a79f78e33e5e,FedAvg,sgd,0.1,1,torch.float16,0.9609438567941416,0.9609438567941416,0.9609438567941416,0,0,0.0,0.0
sgd,Phikon_v2,a7c672bf5770,SCAFFOLD,sgd,0.01,2,torch.float16,0.935720097640358,0.935720097640358,0.935720097640358,0,0,0.0,0.0
sgd,Phikon_v2,add9a26d5955,FedProx,sgd,0.1,1,torch.float16,0.9593165174938975,0.9593165174938975,0.9593165174938975,0,0,0.0,0.0
sgd,Phikon_v2,b161b25f0550,FedAvg,sgd,0.003,0,torch.float16,0.9267697314890154,0.9267697314890154,0.9267697314890154,0,0,0.0,0.0
sgd,Phikon_v2,b17c204327dd,FedProx,sgd,0.03,2,torch.float16,0.9462978030919447,0.9462978030919447,0.9462978030919447,0,0,0.0,0.0
sgd,Phikon_v2,b4697a33ab88,FedAvg,sgd,0.01,1,torch.float16,0.9324654190398698,0.9332790886899919,0.9324654190398698,1,0,-0.08136696501220841,0.0
sgd,Phikon_v2,b477540f480b,FedProx,sgd,0.03,3,torch.float16,0.9487388120423108,0.9487388120423108,0.9487388120423108,0,0,0.0,0.0
sgd,Phikon_v2,b6bf58d123e1,SCAFFOLD,sgd,0.03,3,torch.float16,0.8844589096826688,0.8844589096826688,0.8844589096826688,0,0,0.0,0.0
sgd,Phikon_v2,b8a5e62e1f8c,SCAFFOLD,sgd,0.1,0,torch.float16,0.7445077298616761,0.7445077298616761,0.7445077298616761,2,0,0.0,0.0
sgd,Phikon_v2,be3156d883bd,FedAvg,sgd,0.03,1,torch.float16,0.9487388120423108,0.9487388120423108,0.9487388120423108,0,0,0.0,0.0
sgd,Phikon_v2,c0362351f20f,SCAFFOLD,sgd,0.003,2,torch.float16,0.28803905614320585,0.28803905614320585,0.28803905614320585,3,2,0.0,0.0
sgd,Phikon_v2,c1100b14e133,FedProx,sgd,0.1,2,torch.float16,0.9568755085435313,0.9568755085435313,0.9568755085435313,0,0,0.0,0.0
sgd,Phikon_v2,c81ddac81e00,SCAFFOLD,sgd,0.1,2,torch.float16,0.6973148901545972,0.6973148901545972,0.6981285598047193,2,1,0.08136696501220841,0.08136696501220841
sgd,Phikon_v2,ca709f961305,FedProx,sgd,0.03,4,torch.float16,0.9601301871440195,0.9601301871440195,0.9601301871440195,0,0,0.0,0.0
sgd,Phikon_v2,ca8473d89656,SCAFFOLD,sgd,0.03,2,torch.float16,0.869812855980472,0.869812855980472,0.869812855980472,0,0,0.0,0.0
sgd,Phikon_v2,cb076a2a8b11,FedProx,sgd,0.1,0,torch.float16,0.9462978030919447,0.9462978030919447,0.9462978030919447,0,0,0.0,0.0
sgd,Phikon_v2,d86e42ede2d2,FedAvg,sgd,0.1,2,torch.float16,0.9568755085435313,0.9568755085435313,0.9568755085435313,0,0,0.0,0.0
sgd,Phikon_v2,e4d534d8b001,FedProx,sgd,0.1,4,torch.float16,0.8527257933279089,0.8527257933279089,0.8527257933279089,0,0,0.0,0.0
sgd,Phikon_v2,e5fa4f5e0860,SCAFFOLD,sgd,0.03,4,torch.float16,0.8576078112286412,0.8576078112286412,0.8576078112286412,0,0,0.0,0.0
sgd,Phikon_v2,eb6cfe0ad34c,SCAFFOLD,sgd,0.1,1,torch.float16,0.6973148901545972,0.6973148901545972,0.6973148901545972,0,0,0.0,0.0
sgd,Phikon_v2,fcbbb8f9666f,SCAFFOLD,sgd,0.003,0,torch.float16,0.2921074043938161,0.29292107404393813,0.29292107404393813,6,2,0.0,0.08136696501220286
central,Phikon_v2,029f693cdc8c,central-tuned,sgd,0.1,0,torch.float16,0.9707078925956062,0.9707078925956062,0.9707078925956062,0,0,0.0,0.0
central,Phikon_v2,077a78f2305c,central-legacy,adam,0.0003,4,torch.float16,0.9731489015459723,0.9731489015459723,0.9731489015459723,0,0,0.0,0.0
central,Phikon_v2,148fc6452cca,central-tuned,sgd,0.1,3,torch.float16,0.9707078925956062,0.9707078925956062,0.9707078925956062,0,0,0.0,0.0
central,Phikon_v2,2163badf2ded,central-tuned,sgd,0.1,4,torch.float16,0.9633848657445078,0.9633848657445078,0.9633848657445078,0,0,0.0,0.0
central,Phikon_v2,27890006590b,central-tuned,adam,0.0003,1,torch.float16,0.9715215622457283,0.9715215622457283,0.9715215622457283,0,0,0.0,0.0
central,Phikon_v2,29c3a75f0f51,central-tuned,adam,0.0001,1,torch.float16,0.967453213995118,0.967453213995118,0.967453213995118,0,0,0.0,0.0
central,Phikon_v2,2ff5fb6f4e73,central-tuned,adam,0.0001,3,torch.float16,0.9690805532953621,0.9690805532953621,0.9690805532953621,0,0,0.0,0.0
central,Phikon_v2,3136f4971a63,central-tuned,adam,0.0003,2,torch.float16,0.9666395443449959,0.9666395443449959,0.9666395443449959,0,0,0.0,0.0
central,Phikon_v2,33bef115e352,central-tuned,adam,0.0001,4,torch.float16,0.96826688364524,0.96826688364524,0.96826688364524,0,0,0.0,0.0
central,Phikon_v2,360e680d0eaa,central-tuned,sgd,0.03,2,torch.float16,0.9715215622457283,0.9715215622457283,0.9715215622457283,0,0,0.0,0.0
central,Phikon_v2,371c196b1080,central-tuned,adam,0.001,3,torch.float16,0.967453213995118,0.967453213995118,0.967453213995118,0,0,0.0,0.0
central,Phikon_v2,4536e31b7692,central-tuned,sgd,0.03,0,torch.float16,0.9715215622457283,0.9715215622457283,0.9715215622457283,0,0,0.0,0.0
central,Phikon_v2,4ea6b0d4815d,central-tuned,adam,0.0003,3,torch.float16,0.9650122050447518,0.9650122050447518,0.9650122050447518,0,0,0.0,0.0
central,Phikon_v2,509caf1774ea,central-tuned,adam,0.001,4,torch.float16,0.9698942229454841,0.9698942229454841,0.9698942229454841,0,0,0.0,0.0
central,Phikon_v2,569fd31543a3,central-tuned,adam,0.001,1,torch.float16,0.9731489015459723,0.9731489015459723,0.9731489015459723,0,0,0.0,0.0
central,Phikon_v2,5bdd59eeec0d,central-tuned,sgd,0.03,1,torch.float16,0.96826688364524,0.96826688364524,0.96826688364524,0,0,0.0,0.0
central,Phikon_v2,5c2cb8e24306,central-tuned,sgd,0.01,4,torch.float16,0.9698942229454841,0.9698942229454841,0.9698942229454841,0,0,0.0,0.0
central,Phikon_v2,5d7e9716c569,central-tuned,adam,0.0001,2,torch.float16,0.96826688364524,0.96826688364524,0.96826688364524,0,0,0.0,0.0
central,Phikon_v2,60f46bdf8173,central-tuned,sgd,0.03,3,torch.float16,0.9698942229454841,0.9698942229454841,0.9698942229454841,0,0,0.0,0.0
central,Phikon_v2,68a6fa05c193,central-tuned,sgd,0.003,0,torch.float16,0.9698942229454841,0.9698942229454841,0.9698942229454841,0,0,0.0,0.0
central,Phikon_v2,6b95cc443b13,central-tuned,sgd,0.003,2,torch.float16,0.967453213995118,0.967453213995118,0.967453213995118,0,0,0.0,0.0
central,Phikon_v2,7109a6db6db6,central-tuned,adam,0.0003,0,torch.float16,0.9723352318958502,0.9723352318958502,0.9723352318958502,0,0,0.0,0.0
central,Phikon_v2,76921b190483,central-tuned,sgd,0.003,4,torch.float16,0.9690805532953621,0.9690805532953621,0.9690805532953621,0,0,0.0,0.0
central,Phikon_v2,7905fbbe1ebf,central-legacy,adam,0.0003,1,torch.float16,0.9666395443449959,0.9666395443449959,0.9666395443449959,0,0,0.0,0.0
central,Phikon_v2,7c6e6183653d,central-tuned,sgd,0.03,4,torch.float16,0.9715215622457283,0.9715215622457283,0.9715215622457283,0,0,0.0,0.0
central,Phikon_v2,81eb16ad9080,central-tuned,sgd,0.003,3,torch.float16,0.9707078925956062,0.9707078925956062,0.9707078925956062,0,0,0.0,0.0
central,Phikon_v2,85ada1be80e6,central-tuned,sgd,0.01,2,torch.float16,0.967453213995118,0.967453213995118,0.967453213995118,0,0,0.0,0.0
central,Phikon_v2,8fc2b56d8c00,central-tuned,sgd,0.1,2,torch.float16,0.9731489015459723,0.9731489015459723,0.9731489015459723,0,0,0.0,0.0
central,Phikon_v2,93ef44d48269,central-tuned,sgd,0.01,0,torch.float16,0.9690805532953621,0.9690805532953621,0.9690805532953621,0,0,0.0,0.0
central,Phikon_v2,9c4a3fa1ecbb,central-legacy,adam,0.0003,3,torch.float16,0.96826688364524,0.96826688364524,0.96826688364524,0,0,0.0,0.0
central,Phikon_v2,a33c642feb50,central-tuned,sgd,0.01,3,torch.float16,0.967453213995118,0.967453213995118,0.967453213995118,0,0,0.0,0.0
central,Phikon_v2,d25e4cf407c7,central-tuned,adam,0.0001,0,torch.float16,0.9666395443449959,0.9666395443449959,0.9666395443449959,0,0,0.0,0.0
central,Phikon_v2,d34ede7a61a8,central-tuned,sgd,0.003,1,torch.float16,0.967453213995118,0.967453213995118,0.967453213995118,0,0,0.0,0.0
central,Phikon_v2,d675c38e276f,central-legacy,adam,0.0003,2,torch.float16,0.9739625711960944,0.9739625711960944,0.9739625711960944,0,0,0.0,0.0
central,Phikon_v2,ddcc5ae1c1d1,central-tuned,sgd,0.01,1,torch.float16,0.96826688364524,0.96826688364524,0.96826688364524,0,0,0.0,0.0
central,Phikon_v2,e9ead229d1cd,central-tuned,adam,0.001,2,torch.float16,0.9715215622457283,0.9715215622457283,0.9715215622457283,0,0,0.0,0.0
central,Phikon_v2,ea8a1927c971,central-tuned,adam,0.001,0,torch.float16,0.9641985353946297,0.9641985353946297,0.9641985353946297,0,0,0.0,0.0
central,Phikon_v2,ef8244a0d972,central-tuned,sgd,0.1,1,torch.float16,0.9552481692432873,0.9552481692432873,0.9552481692432873,0,0,0.0,0.0
central,Phikon_v2,eff7d7b0df0b,central-tuned,adam,0.0003,4,torch.float16,0.9650122050447518,0.9650122050447518,0.9650122050447518,0,0,0.0,0.0
central,Phikon_v2,f476f37a4c36,central-legacy,adam,0.0003,0,torch.float16,0.9666395443449959,0.9666395443449959,0.9666395443449959,0,0,0.0,0.0
main,Conch_v15,199825691cd4,SCAFFOLD,adam,0.0003,3,torch.float16,0.7217249796582588,0.7225386493083807,0.7225386493083807,1,2,0.0,0.08136696501219731
main,Conch_v15,37d13a3ef0d4,FedProx,adam,0.0003,2,torch.float16,0.9064279902359642,0.9064279902359642,0.9064279902359642,0,0,0.0,0.0
main,Conch_v15,4165e5420dbd,FedProx,adam,0.0003,0,torch.float16,0.8624898291293734,0.8616761594792515,0.8624898291293734,2,1,0.08136696501219731,0.0
main,Conch_v15,436e0bd160a2,FedProx,adam,0.0003,4,torch.float16,0.9015459723352319,0.9015459723352319,0.9023596419853539,1,1,0.08136696501219731,0.08136696501219731
main,Conch_v15,48190d037628,FedAvg,adam,0.0003,0,torch.float16,0.9039869812855981,0.9039869812855981,0.9048006509357202,1,1,0.08136696501220841,0.08136696501220841
main,Conch_v15,4a8376235f13,FedProx,adam,0.0003,3,torch.float16,0.8844589096826688,0.8844589096826688,0.8844589096826688,0,0,0.0,0.0
main,Conch_v15,4ede3d457bf2,SCAFFOLD,adam,0.0003,2,torch.float16,0.6322213181448332,0.6314076484947111,0.6314076484947111,1,3,0.0,-0.08136696501220841
main,Conch_v15,6aa46c83e5d6,FedProx,adam,0.0003,1,torch.float16,0.8543531326281529,0.853539462978031,0.853539462978031,0,1,0.0,-0.08136696501219731
main,Conch_v15,9d43e6a71f7e,SCAFFOLD,adam,0.0003,0,torch.float16,0.580146460537022,0.580146460537022,0.580960130187144,2,2,0.08136696501219731,0.08136696501219731
main,Conch_v15,d2f6dc6d9c3c,FedAvg,adam,0.0003,4,torch.float16,0.8405207485760781,0.8405207485760781,0.8405207485760781,0,0,0.0,0.0
main,Conch_v15,d4b7e81ed792,FedAvg,adam,0.0003,3,torch.float16,0.8527257933279089,0.853539462978031,0.855166802278275,2,3,0.16273393002440573,0.24410089503661414
main,Conch_v15,d86ab20c44a8,SCAFFOLD,adam,0.0003,1,torch.float16,0.7363710333604556,0.7363710333604556,0.7363710333604556,2,2,0.0,0.0
main,Conch_v15,e19c6698855b,FedAvg,adam,0.0003,2,torch.float16,0.870626525630594,0.870626525630594,0.870626525630594,0,0,0.0,0.0
main,Conch_v15,e2ea4c497fc5,SCAFFOLD,adam,0.0003,4,torch.float16,0.645240032546786,0.645240032546786,0.645240032546786,0,0,0.0,0.0
main,Conch_v15,e9ec436f1537,FedAvg,adam,0.0003,1,torch.float16,0.8844589096826688,0.8844589096826688,0.8844589096826688,0,0,0.0,0.0
sgd,Conch_v15,0c2c8c4c6dd2,FedAvg,sgd,0.03,4,torch.float16,0.9186330349877949,0.9186330349877949,0.9186330349877949,0,0,0.0,0.0
sgd,Conch_v15,162baa704980,FedProx,sgd,0.003,2,torch.float16,0.8795768917819365,0.8795768917819365,0.8795768917819365,0,0,0.0,0.0
sgd,Conch_v15,199a4792184b,FedProx,sgd,0.01,3,torch.float16,0.919446704637917,0.919446704637917,0.919446704637917,0,0,0.0,0.0
sgd,Conch_v15,1a1d26153abe,SCAFFOLD,sgd,0.1,1,torch.float16,0.41253051261187956,0.41253051261187956,0.41253051261187956,0,0,0.0,0.0
sgd,Conch_v15,1ccf35d70838,FedAvg,sgd,0.01,0,torch.float16,0.9113100081366965,0.9113100081366965,0.9113100081366965,0,0,0.0,0.0
sgd,Conch_v15,1cd4b56aacd2,FedAvg,sgd,0.1,4,torch.float16,0.7811228641171685,0.7811228641171685,0.7811228641171685,0,0,0.0,0.0
sgd,Conch_v15,20e72e852dab,FedAvg,sgd,0.03,1,torch.float16,0.9243287225386493,0.9243287225386493,0.9243287225386493,0,0,0.0,0.0
sgd,Conch_v15,223fba5da026,SCAFFOLD,sgd,0.003,4,torch.float16,0.8917819365337672,0.8917819365337672,0.8917819365337672,0,0,0.0,0.0
sgd,Conch_v15,36931dd7490c,SCAFFOLD,sgd,0.03,0,torch.float16,0.8372660699755899,0.8372660699755899,0.8372660699755899,0,0,0.0,0.0
sgd,Conch_v15,382481465849,FedAvg,sgd,0.01,4,torch.float16,0.9137510170870626,0.9137510170870626,0.9137510170870626,0,0,0.0,0.0
sgd,Conch_v15,3a18bc538277,FedProx,sgd,0.01,4,torch.float16,0.9137510170870626,0.9137510170870626,0.9137510170870626,0,0,0.0,0.0
sgd,Conch_v15,3ec03b3bc34b,SCAFFOLD,sgd,0.01,3,torch.float16,0.9088689991863304,0.9088689991863304,0.9088689991863304,0,0,0.0,0.0
sgd,Conch_v15,45047e7cb0be,SCAFFOLD,sgd,0.01,2,torch.float16,0.9048006509357202,0.9048006509357202,0.9048006509357202,0,0,0.0,0.0
sgd,Conch_v15,45d2df152c2e,SCAFFOLD,sgd,0.03,2,torch.float16,0.8112286411716843,0.8104149715215623,0.8112286411716843,1,0,0.08136696501219731,0.0
sgd,Conch_v15,47e0b95494d2,FedAvg,sgd,0.03,2,torch.float16,0.9161920260374288,0.9161920260374288,0.9161920260374288,0,0,0.0,0.0
sgd,Conch_v15,49d1d5ebb30f,FedAvg,sgd,0.003,0,torch.float16,0.8828315703824248,0.8828315703824248,0.8828315703824248,0,0,0.0,0.0
sgd,Conch_v15,5b173c5e2ce6,FedAvg,sgd,0.1,3,torch.float16,0.7656631407648494,0.7656631407648494,0.7656631407648494,0,0,0.0,0.0
sgd,Conch_v15,5fca32ab3ddd,SCAFFOLD,sgd,0.1,2,torch.float16,0.6257119609438568,0.6257119609438568,0.6257119609438568,0,0,0.0,0.0
sgd,Conch_v15,5ffc7e32f530,FedAvg,sgd,0.003,3,torch.float16,0.8795768917819365,0.8795768917819365,0.8795768917819365,0,0,0.0,0.0
sgd,Conch_v15,61d324827258,FedAvg,sgd,0.01,1,torch.float16,0.8657445077298617,0.8657445077298617,0.8657445077298617,0,0,0.0,0.0
sgd,Conch_v15,6692ec28e1ef,FedAvg,sgd,0.03,0,torch.float16,0.9137510170870626,0.9137510170870626,0.9137510170870626,0,0,0.0,0.0
sgd,Conch_v15,699f34fb333c,FedAvg,sgd,0.1,1,torch.float16,0.7021969080553295,0.7021969080553295,0.7021969080553295,0,0,0.0,0.0
sgd,Conch_v15,7039aecdcf5e,SCAFFOLD,sgd,0.03,4,torch.float16,0.8014646053702197,0.8014646053702197,0.8014646053702197,0,0,0.0,0.0
sgd,Conch_v15,7634b7479367,FedAvg,sgd,0.003,2,torch.float16,0.8795768917819365,0.8795768917819365,0.8795768917819365,0,0,0.0,0.0
sgd,Conch_v15,78fa4a8c938a,FedProx,sgd,0.003,4,torch.float16,0.8763222131814483,0.8763222131814483,0.8763222131814483,0,0,0.0,0.0
sgd,Conch_v15,796324640a87,SCAFFOLD,sgd,0.03,3,torch.float16,0.8429617575264443,0.8429617575264443,0.8429617575264443,0,0,0.0,0.0
sgd,Conch_v15,81d71d57000c,FedProx,sgd,0.03,4,torch.float16,0.919446704637917,0.919446704637917,0.919446704637917,0,0,0.0,0.0
sgd,Conch_v15,8409fb0b6886,FedProx,sgd,0.003,0,torch.float16,0.8836452400325467,0.8836452400325467,0.8836452400325467,0,0,0.0,0.0
sgd,Conch_v15,849a71eb7ebe,FedAvg,sgd,0.003,1,torch.float16,0.8584214808787632,0.8592351505288853,0.8584214808787632,1,0,-0.08136696501220841,0.0
sgd,Conch_v15,85f7e1e1152f,FedAvg,sgd,0.003,4,torch.float16,0.8763222131814483,0.8755085435313262,0.8763222131814483,1,0,0.08136696501220841,0.0
sgd,Conch_v15,87728048b461,FedProx,sgd,0.1,1,torch.float16,0.7550854353132628,0.7550854353132628,0.7550854353132628,0,0,0.0,0.0
sgd,Conch_v15,89cf4e4bdafe,FedProx,sgd,0.1,2,torch.float16,0.806346623270952,0.806346623270952,0.806346623270952,0,0,0.0,0.0
sgd,Conch_v15,8a2481a34d4b,SCAFFOLD,sgd,0.01,1,torch.float16,0.9129373474369405,0.9129373474369405,0.9129373474369405,0,0,0.0,0.0
sgd,Conch_v15,904bf7818e90,FedProx,sgd,0.01,1,torch.float16,0.8657445077298617,0.8657445077298617,0.8657445077298617,0,0,0.0,0.0
sgd,Conch_v15,93c610500aff,FedProx,sgd,0.003,1,torch.float16,0.8592351505288853,0.8592351505288853,0.8592351505288853,0,0,0.0,0.0
sgd,Conch_v15,9f7539557b7d,FedProx,sgd,0.03,0,torch.float16,0.9178193653376729,0.9178193653376729,0.9178193653376729,0,0,0.0,0.0
sgd,Conch_v15,a07aa35bd880,SCAFFOLD,sgd,0.1,3,torch.float16,0.6476810414971521,0.6476810414971521,0.6468673718470301,1,1,-0.08136696501219731,-0.08136696501219731
sgd,Conch_v15,a92f4d472a0d,FedProx,sgd,0.03,1,torch.float16,0.9227013832384052,0.9218877135882831,0.9227013832384052,1,0,0.08136696501220841,0.0
sgd,Conch_v15,aa354a0fd28c,FedProx,sgd,0.01,0,torch.float16,0.9113100081366965,0.9113100081366965,0.9113100081366965,0,0,0.0,0.0
sgd,Conch_v15,adaa4743b701,SCAFFOLD,sgd,0.003,2,torch.float16,0.8901545972335232,0.8901545972335232,0.8901545972335232,0,0,0.0,0.0
sgd,Conch_v15,b13fc23eab60,SCAFFOLD,sgd,0.03,1,torch.float16,0.8462164361269324,0.8462164361269324,0.8462164361269324,0,0,0.0,0.0
sgd,Conch_v15,b3c04447eb25,FedProx,sgd,0.1,0,torch.float16,0.774613506916192,0.774613506916192,0.774613506916192,0,0,0.0,0.0
sgd,Conch_v15,b902c605e879,FedProx,sgd,0.01,2,torch.float16,0.9080553295362083,0.9080553295362083,0.9080553295362083,0,0,0.0,0.0
sgd,Conch_v15,c16bbfdc34ec,SCAFFOLD,sgd,0.1,4,torch.float16,0.580960130187144,0.580960130187144,0.580960130187144,0,0,0.0,0.0
sgd,Conch_v15,c469db876fa9,SCAFFOLD,sgd,0.01,0,torch.float16,0.8771358828315704,0.8771358828315704,0.8771358828315704,0,0,0.0,0.0
sgd,Conch_v15,c56f83764c2e,FedProx,sgd,0.03,3,torch.float16,0.8982912937347437,0.8982912937347437,0.8982912937347437,0,0,0.0,0.0
sgd,Conch_v15,c7d5c5724559,FedAvg,sgd,0.01,3,torch.float16,0.919446704637917,0.919446704637917,0.919446704637917,0,0,0.0,0.0
sgd,Conch_v15,c874c80b1cb0,FedAvg,sgd,0.01,2,torch.float16,0.9072416598860863,0.9072416598860863,0.9072416598860863,0,0,0.0,0.0
sgd,Conch_v15,cbd45e8902d7,FedProx,sgd,0.1,4,torch.float16,0.7697314890154597,0.7697314890154597,0.7697314890154597,0,0,0.0,0.0
sgd,Conch_v15,d345f8f952e5,FedProx,sgd,0.003,3,torch.float16,0.8779495524816925,0.8779495524816925,0.8779495524816925,0,0,0.0,0.0
sgd,Conch_v15,d6abe3868d1f,FedProx,sgd,0.1,3,torch.float16,0.9121236777868186,0.9121236777868186,0.9121236777868186,0,0,0.0,0.0
sgd,Conch_v15,d719dd7ec191,FedAvg,sgd,0.03,3,torch.float16,0.9186330349877949,0.9186330349877949,0.9186330349877949,0,0,0.0,0.0
sgd,Conch_v15,d99c87fbf562,SCAFFOLD,sgd,0.003,1,torch.float16,0.9023596419853539,0.9023596419853539,0.9023596419853539,0,0,0.0,0.0
sgd,Conch_v15,db95524200eb,FedAvg,sgd,0.1,0,torch.float16,0.8283157038242474,0.8283157038242474,0.8283157038242474,0,0,0.0,0.0
sgd,Conch_v15,dfec51598e69,FedAvg,sgd,0.1,2,torch.float16,0.7778681855166802,0.7778681855166802,0.7778681855166802,0,0,0.0,0.0
sgd,Conch_v15,e08e33ae2ee9,SCAFFOLD,sgd,0.01,4,torch.float16,0.9080553295362083,0.9080553295362083,0.9080553295362083,0,0,0.0,0.0
sgd,Conch_v15,e1c1e6d2ac56,SCAFFOLD,sgd,0.003,3,torch.float16,0.8852725793327909,0.8852725793327909,0.8852725793327909,0,0,0.0,0.0
sgd,Conch_v15,e3f121dcd46d,FedProx,sgd,0.03,2,torch.float16,0.9145646867371847,0.9145646867371847,0.9145646867371847,0,0,0.0,0.0
sgd,Conch_v15,f9a0626683d6,SCAFFOLD,sgd,0.003,0,torch.float16,0.8885272579332791,0.8885272579332791,0.8885272579332791,0,0,0.0,0.0
sgd,Conch_v15,ff6e7d77cde9,SCAFFOLD,sgd,0.1,0,torch.float16,0.4141578519121237,0.4141578519121237,0.4141578519121237,0,1,0.0,0.0
central,Conch_v15,00272597517c,central-tuned,sgd,0.01,3,torch.float16,0.9422294548413345,0.9422294548413345,0.9422294548413345,0,0,0.0,0.0
central,Conch_v15,058d2e13df33,central-tuned,adam,0.001,4,torch.float16,0.9365337672904801,0.9365337672904801,0.9365337672904801,0,0,0.0,0.0
central,Conch_v15,0c22f6ad2d4c,central-tuned,adam,0.0003,4,torch.float16,0.9438567941415785,0.9438567941415785,0.9438567941415785,0,0,0.0,0.0
central,Conch_v15,19448ff79b5d,central-tuned,adam,0.0003,2,torch.float16,0.9349064279902359,0.9349064279902359,0.9349064279902359,0,0,0.0,0.0
central,Conch_v15,263b35f4a45a,central-tuned,adam,0.0003,3,torch.float16,0.9381611065907242,0.9381611065907242,0.9381611065907242,0,0,0.0,0.0
central,Conch_v15,2e25389159f0,central-tuned,adam,0.0001,4,torch.float16,0.9389747762408462,0.9389747762408462,0.9389747762408462,0,0,0.0,0.0
central,Conch_v15,3f2cb1424fec,central-legacy,adam,0.0003,2,torch.float16,0.9283970707892596,0.9283970707892596,0.9283970707892596,0,0,0.0,0.0
central,Conch_v15,455419c720d6,central-tuned,adam,0.001,3,torch.float16,0.9373474369406021,0.9373474369406021,0.9373474369406021,0,0,0.0,0.0
central,Conch_v15,4907d5f9f23e,central-legacy,adam,0.0003,1,torch.float16,0.934092758340114,0.934092758340114,0.934092758340114,0,0,0.0,0.0
central,Conch_v15,49d73f1494e9,central-tuned,adam,0.0003,1,torch.float16,0.9462978030919447,0.9462978030919447,0.9462978030919447,0,0,0.0,0.0
central,Conch_v15,4e8676fc2da1,central-tuned,adam,0.0001,1,torch.float16,0.9397884458909682,0.9397884458909682,0.9397884458909682,0,0,0.0,0.0
central,Conch_v15,5a2074ef091c,central-legacy,adam,0.0003,3,torch.float16,0.9414157851912124,0.9414157851912124,0.9414157851912124,0,0,0.0,0.0
central,Conch_v15,5d5845a754a5,central-tuned,sgd,0.03,2,torch.float16,0.9454841334418226,0.9454841334418226,0.9454841334418226,0,0,0.0,0.0
central,Conch_v15,5eb2c5cf46b6,central-tuned,adam,0.0003,0,torch.float16,0.9373474369406021,0.9373474369406021,0.9373474369406021,0,0,0.0,0.0
central,Conch_v15,62a75e3b68fc,central-tuned,sgd,0.003,4,torch.float16,0.9438567941415785,0.9438567941415785,0.9438567941415785,0,0,0.0,0.0
central,Conch_v15,66e834c96b0b,central-tuned,sgd,0.003,0,torch.float16,0.9397884458909682,0.9397884458909682,0.9397884458909682,0,0,0.0,0.0
central,Conch_v15,6851470217ac,central-tuned,adam,0.001,2,torch.float16,0.9406021155410903,0.9406021155410903,0.9406021155410903,0,0,0.0,0.0
central,Conch_v15,6d723c161b9f,central-tuned,sgd,0.03,1,torch.float16,0.9389747762408462,0.9389747762408462,0.9389747762408462,0,0,0.0,0.0
central,Conch_v15,73ccc5010342,central-tuned,adam,0.0001,3,torch.float16,0.9397884458909682,0.9397884458909682,0.9397884458909682,0,0,0.0,0.0
central,Conch_v15,7b38b8715f44,central-tuned,sgd,0.003,2,torch.float16,0.9406021155410903,0.9406021155410903,0.9406021155410903,0,0,0.0,0.0
central,Conch_v15,84fdb0ae5b02,central-tuned,sgd,0.1,1,torch.float16,0.6818551668022783,0.6818551668022783,0.6818551668022783,0,0,0.0,0.0
central,Conch_v15,852fd4bdb850,central-tuned,sgd,0.1,2,torch.float16,0.6069975589910497,0.6069975589910497,0.6069975589910497,0,0,0.0,0.0
central,Conch_v15,8784d243f9e1,central-tuned,sgd,0.01,4,torch.float16,0.9438567941415785,0.9438567941415785,0.9438567941415785,0,0,0.0,0.0
central,Conch_v15,9a29f30a2c96,central-tuned,sgd,0.03,4,torch.float16,0.9389747762408462,0.9389747762408462,0.9389747762408462,0,0,0.0,0.0
central,Conch_v15,b4fb5f2906bd,central-tuned,adam,0.0001,2,torch.float16,0.9471114727420668,0.9471114727420668,0.9471114727420668,0,0,0.0,0.0
central,Conch_v15,b698239cf225,central-tuned,adam,0.001,1,torch.float16,0.9259560618388935,0.9259560618388935,0.9259560618388935,0,0,0.0,0.0
central,Conch_v15,bd725f3107e2,central-tuned,sgd,0.01,0,torch.float16,0.9430431244914564,0.9430431244914564,0.9430431244914564,0,0,0.0,0.0
central,Conch_v15,c13b746aeede,central-tuned,sgd,0.03,0,torch.float16,0.9430431244914564,0.9430431244914564,0.9430431244914564,0,0,0.0,0.0
central,Conch_v15,c257659811dd,central-tuned,sgd,0.01,1,torch.float16,0.9438567941415785,0.9438567941415785,0.9438567941415785,0,0,0.0,0.0
central,Conch_v15,c514a497d6bd,central-legacy,adam,0.0003,4,torch.float16,0.9462978030919447,0.9462978030919447,0.9462978030919447,0,0,0.0,0.0
central,Conch_v15,ca6a36fe058b,central-tuned,adam,0.001,0,torch.float16,0.9422294548413345,0.9422294548413345,0.9422294548413345,0,0,0.0,0.0
central,Conch_v15,cd7faf0251ab,central-tuned,sgd,0.1,0,torch.float16,0.629780309194467,0.629780309194467,0.629780309194467,0,0,0.0,0.0
central,Conch_v15,ce3c42fee930,central-tuned,sgd,0.01,2,torch.float16,0.9430431244914564,0.9430431244914564,0.9430431244914564,0,0,0.0,0.0
central,Conch_v15,cfc1825e50cd,central-tuned,adam,0.0001,0,torch.float16,0.9414157851912124,0.9414157851912124,0.9414157851912124,0,0,0.0,0.0
central,Conch_v15,d304bed751e8,central-tuned,sgd,0.003,1,torch.float16,0.9446704637917006,0.9446704637917006,0.9446704637917006,0,0,0.0,0.0
central,Conch_v15,d41e6cdea899,central-tuned,sgd,0.003,3,torch.float16,0.9438567941415785,0.9438567941415785,0.9438567941415785,0,0,0.0,0.0
central,Conch_v15,de50c1eeb931,central-legacy,adam,0.0003,0,torch.float16,0.9406021155410903,0.9406021155410903,0.9406021155410903,0,0,0.0,0.0
central,Conch_v15,ef3b132bd97c,central-tuned,sgd,0.1,3,torch.float16,0.28152969894222946,0.28152969894222946,0.28152969894222946,0,0,0.0,0.0
central,Conch_v15,f0460fbbbb19,central-tuned,sgd,0.03,3,torch.float16,0.9422294548413345,0.9422294548413345,0.9422294548413345,0,0,0.0,0.0
central,Conch_v15,f7a8624281ad,central-tuned,sgd,0.1,4,torch.float16,0.4434499593165175,0.4434499593165175,0.4434499593165175,0,0,0.0,0.0
main,CTransPath,0c2de4b117ea,SCAFFOLD,adam,0.0003,2,torch.float16,0.44914564686737185,0.44914564686737185,0.44914564686737185,1,0,0.0,0.0
main,CTransPath,12daaeca7427,FedAvg,adam,0.0003,4,torch.float16,0.5915378356387306,0.5923515052888527,0.5915378356387306,3,0,-0.08136696501220841,0.0
main,CTransPath,1704e4e2c0b4,SCAFFOLD,adam,0.0003,3,torch.float16,0.4458909682668836,0.4450772986167616,0.4458909682668836,4,1,0.08136696501220286,0.0
main,CTransPath,32a772496af8,FedAvg,adam,0.0003,3,torch.float16,0.5728234336859235,0.5728234336859235,0.5728234336859235,1,0,0.0,0.0
main,CTransPath,3477df5ada8e,FedProx,adam,0.0003,3,torch.float16,0.5736371033360456,0.5728234336859235,0.5744507729861676,3,1,0.16273393002441683,0.08136696501220841
main,CTransPath,50f762435343,FedAvg,adam,0.0003,0,torch.float16,0.6371033360455655,0.6362896663954435,0.6379170056956875,3,1,0.16273393002440573,0.08136696501220841
main,CTransPath,7738a2a860f9,FedAvg,adam,0.0003,1,torch.float16,0.5777054515866559,0.5785191212367778,0.5785191212367778,0,1,0.0,0.08136696501219731
main,CTransPath,86d9a1f49249,FedProx,adam,0.0003,1,torch.float16,0.6069975589910497,0.6069975589910497,0.6061838893409276,1,1,-0.08136696501220841,-0.08136696501220841
main,CTransPath,a39c4b54a6e8,SCAFFOLD,adam,0.0003,0,torch.float16,0.2335231895850285,0.23596419853539463,0.2335231895850285,7,0,-0.24410089503661414,0.0
main,CTransPath,b34a5a20b297,FedProx,adam,0.0003,2,torch.float16,0.6501220504475184,0.6509357200976403,0.6501220504475184,2,1,-0.08136696501219731,0.0
main,CTransPath,b56114aff14e,FedProx,adam,0.0003,4,torch.float16,0.5980471928397071,0.5980471928397071,0.5980471928397071,1,0,0.0,0.0
main,CTransPath,b8b9ed836ded,FedProx,adam,0.0003,0,torch.float16,0.6533767290480065,0.6533767290480065,0.6533767290480065,0,0,0.0,0.0
main,CTransPath,c579fee87e49,SCAFFOLD,adam,0.0003,1,torch.float16,0.4646053702196908,0.4646053702196908,0.4646053702196908,2,2,0.0,0.0
main,CTransPath,dfeaaba2a152,SCAFFOLD,adam,0.0003,4,torch.float16,0.2546786004882018,0.2546786004882018,0.2546786004882018,1,0,0.0,0.0
main,CTransPath,f50b74fada36,FedAvg,adam,0.0003,2,torch.float16,0.6533767290480065,0.6533767290480065,0.6533767290480065,1,2,0.0,0.0
sgd,CTransPath,079195f5c558,SCAFFOLD,sgd,0.1,1,torch.float16,0.6908055329536208,0.6908055329536208,0.6908055329536208,1,0,0.0,0.0
sgd,CTransPath,092159602086,SCAFFOLD,sgd,0.03,4,torch.float16,0.8600488201790073,0.8600488201790073,0.8600488201790073,0,0,0.0,0.0
sgd,CTransPath,097e58ef295f,SCAFFOLD,sgd,0.1,3,torch.float16,0.6842961757526445,0.6834825061025224,0.6842961757526445,2,0,0.08136696501220841,0.0
sgd,CTransPath,0aa317f8e2f1,SCAFFOLD,sgd,0.03,2,torch.float16,0.8494711147274207,0.8494711147274207,0.8494711147274207,0,0,0.0,0.0
sgd,CTransPath,0fff84b2d890,FedAvg,sgd,0.003,3,torch.float16,0.5736371033360456,0.5736371033360456,0.5736371033360456,2,0,0.0,0.0
sgd,CTransPath,14404fac8c32,FedProx,sgd,0.03,2,torch.float16,0.8152969894222946,0.8144833197721725,0.8152969894222946,1,0,0.08136696501220841,0.0
sgd,CTransPath,1528f343d3b1,SCAFFOLD,sgd,0.01,1,torch.float16,0.772986167615948,0.7737998372660699,0.772986167615948,1,0,-0.08136696501219731,0.0
sgd,CTransPath,1b98bf83997d,FedProx,sgd,0.03,4,torch.float16,0.7917005695687551,0.7917005695687551,0.7917005695687551,0,0,0.0,0.0
sgd,CTransPath,26e142f30d00,SCAFFOLD,sgd,0.03,3,torch.float16,0.887713588283157,0.887713588283157,0.887713588283157,0,0,0.0,0.0
sgd,CTransPath,29dd769e6c47,SCAFFOLD,sgd,0.03,0,torch.float16,0.8600488201790073,0.8600488201790073,0.8600488201790073,0,0,0.0,0.0
sgd,CTransPath,3c20dd717b57,SCAFFOLD,sgd,0.003,2,torch.float16,0.7542717656631408,0.7542717656631408,0.7542717656631408,0,0,0.0,0.0
sgd,CTransPath,41f9680db036,FedAvg,sgd,0.03,3,torch.float16,0.8152969894222946,0.8161106590724166,0.8152969894222946,1,0,-0.08136696501220841,0.0
sgd,CTransPath,45316fd81336,SCAFFOLD,sgd,0.1,2,torch.float16,0.7314890154597233,0.7314890154597233,0.7314890154597233,0,0,0.0,0.0
sgd,CTransPath,515678dff49e,FedAvg,sgd,0.1,2,torch.float16,0.8901545972335232,0.8901545972335232,0.8901545972335232,0,0,0.0,0.0
sgd,CTransPath,58307ce128c5,FedAvg,sgd,0.03,4,torch.float16,0.7925142392188771,0.7925142392188771,0.7925142392188771,0,0,0.0,0.0
sgd,CTransPath,6214c42b73b9,SCAFFOLD,sgd,0.1,0,torch.float16,0.7241659886086249,0.7241659886086249,0.7241659886086249,0,0,0.0,0.0
sgd,CTransPath,628629feafe2,FedAvg,sgd,0.01,2,torch.float16,0.8185516680227828,0.8185516680227828,0.8185516680227828,0,0,0.0,0.0
sgd,CTransPath,65fd0df6e86f,FedProx,sgd,0.03,3,torch.float16,0.8152969894222946,0.8152969894222946,0.8152969894222946,0,0,0.0,0.0
sgd,CTransPath,68a73be98a81,SCAFFOLD,sgd,0.1,4,torch.float16,0.6533767290480065,0.6533767290480065,0.6533767290480065,0,0,0.0,0.0
sgd,CTransPath,6a09a99232d6,FedProx,sgd,0.003,1,torch.float16,0.5858421480878763,0.5866558177379984,0.5858421480878763,3,0,-0.08136696501220841,0.0
sgd,CTransPath,6acfa115ee41,FedProx,sgd,0.01,4,torch.float16,0.7990235964198535,0.7990235964198535,0.7990235964198535,0,0,0.0,0.0
sgd,CTransPath,6b6550013886,SCAFFOLD,sgd,0.01,2,torch.float16,0.7624084621643613,0.7624084621643613,0.7624084621643613,0,0,0.0,0.0
sgd,CTransPath,708907e89401,FedProx,sgd,0.01,2,torch.float16,0.8193653376729048,0.8193653376729048,0.8193653376729048,0,0,0.0,0.0
sgd,CTransPath,70a55583bd50,FedProx,sgd,0.003,4,torch.float16,0.5760781122864117,0.5760781122864117,0.5760781122864117,2,0,0.0,0.0
sgd,CTransPath,77b0b881fd81,FedProx,sgd,0.01,1,torch.float16,0.8144833197721725,0.8144833197721725,0.8136696501220505,1,1,-0.08136696501219731,-0.08136696501219731
sgd,CTransPath,7c639d45cef4,SCAFFOLD,sgd,0.01,4,torch.float16,0.8681855166802278,0.8681855166802278,0.8681855166802278,0,0,0.0,0.0
sgd,CTransPath,7e8ffe3ea357,FedProx,sgd,0.1,1,torch.float16,0.8771358828315704,0.8771358828315704,0.8771358828315704,0,0,0.0,0.0
sgd,CTransPath,8363cef4bc39,FedProx,sgd,0.1,0,torch.float16,0.7737998372660699,0.774613506916192,0.7737998372660699,1,0,-0.08136696501220841,0.0
sgd,CTransPath,87346eafc768,SCAFFOLD,sgd,0.003,4,torch.float16,0.5215622457282343,0.5215622457282343,0.5215622457282343,1,0,0.0,0.0
sgd,CTransPath,8cb2ce1cfee2,FedProx,sgd,0.03,1,torch.float16,0.7868185516680228,0.7868185516680228,0.7868185516680228,1,1,0.0,0.0
sgd,CTransPath,913cefb95947,FedProx,sgd,0.003,0,torch.float16,0.6045565500406835,0.6045565500406835,0.6045565500406835,3,1,0.0,0.0
sgd,CTransPath,936ffcb0914e,SCAFFOLD,sgd,0.01,3,torch.float16,0.8812042310821806,0.8812042310821806,0.8812042310821806,0,0,0.0,0.0
sgd,CTransPath,946a483d850d,FedAvg,sgd,0.03,1,torch.float16,0.789259560618389,0.790073230268511,0.789259560618389,1,0,-0.08136696501219731,0.0
sgd,CTransPath,971882553a58,SCAFFOLD,sgd,0.003,1,torch.float16,0.500406834825061,0.4979658258746949,0.500406834825061,5,1,0.2441008950366086,0.0
sgd,CTransPath,a0c27e9afa49,FedProx,sgd,0.003,3,torch.float16,0.5736371033360456,0.5736371033360456,0.5736371033360456,0,0,0.0,0.0
sgd,CTransPath,a37621e7ee0b,FedProx,sgd,0.1,3,torch.float16,0.8445890968266884,0.8445890968266884,0.8445890968266884,0,0,0.0,0.0
sgd,CTransPath,a49598c48044,FedAvg,sgd,0.03,2,torch.float16,0.8152969894222946,0.8161106590724166,0.8152969894222946,1,0,-0.08136696501220841,0.0
sgd,CTransPath,a6b60c9a7fb5,FedAvg,sgd,0.1,0,torch.float16,0.8397070789259561,0.8397070789259561,0.8397070789259561,0,0,0.0,0.0
sgd,CTransPath,b0f7fa025b2e,SCAFFOLD,sgd,0.03,1,torch.float16,0.8689991863303499,0.8689991863303499,0.8689991863303499,0,0,0.0,0.0
sgd,CTransPath,b39f1e0a87e7,FedAvg,sgd,0.003,2,torch.float16,0.5622457282343368,0.5622457282343368,0.5622457282343368,7,0,0.0,0.0
sgd,CTransPath,b66c7c7be4b8,FedProx,sgd,0.01,3,torch.float16,0.8169243287225386,0.8169243287225386,0.8169243287225386,0,0,0.0,0.0
sgd,CTransPath,ca483c3bd809,FedProx,sgd,0.1,4,torch.float16,0.8649308380797396,0.8649308380797396,0.8649308380797396,0,0,0.0,0.0
sgd,CTransPath,cad27cdff9c1,FedAvg,sgd,0.01,0,torch.float16,0.80553295362083,0.80553295362083,0.80553295362083,1,0,0.0,0.0
sgd,CTransPath,cfa6266ed798,FedAvg,sgd,0.003,4,torch.float16,0.5760781122864117,0.5760781122864117,0.5760781122864117,0,0,0.0,0.0
sgd,CTransPath,d0aea348d7b8,FedProx,sgd,0.01,0,torch.float16,0.80553295362083,0.8047192839707079,0.80553295362083,1,0,0.08136696501220841,0.0
sgd,CTransPath,d70530aa8738,FedAvg,sgd,0.03,0,torch.float16,0.8177379983726607,0.8177379983726607,0.8177379983726607,1,1,0.0,0.0
sgd,CTransPath,d71a29f5b91f,SCAFFOLD,sgd,0.01,0,torch.float16,0.7575264442636289,0.7575264442636289,0.7575264442636289,0,0,0.0,0.0
sgd,CTransPath,d870e69c6391,FedAvg,sgd,0.01,1,torch.float16,0.8128559804719284,0.8136696501220505,0.8128559804719284,1,0,-0.08136696501220841,0.0
sgd,CTransPath,d8ee43d8e707,FedAvg,sgd,0.01,3,torch.float16,0.8185516680227828,0.8185516680227828,0.8185516680227828,0,0,0.0,0.0
sgd,CTransPath,d9d8044c262c,FedAvg,sgd,0.003,1,torch.float16,0.5858421480878763,0.5866558177379984,0.5858421480878763,1,0,-0.08136696501220841,0.0
sgd,CTransPath,dfeb9da05975,FedAvg,sgd,0.1,4,torch.float16,0.7697314890154597,0.7697314890154597,0.7697314890154597,0,0,0.0,0.0
sgd,CTransPath,e1ea9588126b,FedProx,sgd,0.003,2,torch.float16,0.5630593978844589,0.5630593978844589,0.5630593978844589,13,1,0.0,0.0
sgd,CTransPath,e93aee0c677c,FedAvg,sgd,0.003,0,torch.float16,0.6045565500406835,0.6045565500406835,0.6045565500406835,4,0,0.0,0.0
sgd,CTransPath,e9b789be1b35,SCAFFOLD,sgd,0.003,0,torch.float16,0.5622457282343368,0.5622457282343368,0.5622457282343368,2,0,0.0,0.0
sgd,CTransPath,ed93ecc8dcc8,FedAvg,sgd,0.01,4,torch.float16,0.7990235964198535,0.7990235964198535,0.7990235964198535,0,0,0.0,0.0
sgd,CTransPath,f483b57510c1,FedProx,sgd,0.03,0,torch.float16,0.8201790073230268,0.8201790073230268,0.8201790073230268,1,0,0.0,0.0
sgd,CTransPath,f80c0b273494,FedProx,sgd,0.1,2,torch.float16,0.8323840520748577,0.8323840520748577,0.8323840520748577,0,0,0.0,0.0
sgd,CTransPath,f810e31364fd,FedAvg,sgd,0.1,3,torch.float16,0.8315703824247356,0.8315703824247356,0.8315703824247356,0,0,0.0,0.0
sgd,CTransPath,ff7e5dab2ad7,FedAvg,sgd,0.1,1,torch.float16,0.8812042310821806,0.8812042310821806,0.8812042310821806,0,0,0.0,0.0
sgd,CTransPath,ff9b8b103986,SCAFFOLD,sgd,0.003,3,torch.float16,0.7078925956061839,0.7078925956061839,0.7078925956061839,0,0,0.0,0.0
central,CTransPath,09da0ff82898,central-tuned,sgd,0.01,0,torch.float16,0.9528071602929211,0.9528071602929211,0.9528071602929211,0,0,0.0,0.0
central,CTransPath,1b258dfbd202,central-tuned,adam,0.001,1,torch.float16,0.9422294548413345,0.9422294548413345,0.9422294548413345,0,0,0.0,0.0
central,CTransPath,259e830f5bec,central-tuned,sgd,0.03,2,torch.float16,0.9251423921887714,0.9251423921887714,0.9251423921887714,0,0,0.0,0.0
central,CTransPath,25fa436cf578,central-tuned,adam,0.0001,1,torch.float16,0.9552481692432873,0.9552481692432873,0.9552481692432873,0,0,0.0,0.0
central,CTransPath,27f8450cac7c,central-tuned,sgd,0.003,1,torch.float16,0.9389747762408462,0.9389747762408462,0.9389747762408462,0,0,0.0,0.0
central,CTransPath,2d7ad4ad8c6a,central-tuned,sgd,0.01,1,torch.float16,0.951179820992677,0.951179820992677,0.951179820992677,0,0,0.0,0.0
central,CTransPath,4190467852cf,central-legacy,adam,0.0003,3,torch.float16,0.9462978030919447,0.9462978030919447,0.9462978030919447,0,0,0.0,0.0
central,CTransPath,45b255dd6dcb,central-tuned,adam,0.0001,4,torch.float16,0.9406021155410903,0.9406021155410903,0.9406021155410903,0,0,0.0,0.0
central,CTransPath,58515aa2ddff,central-tuned,sgd,0.1,2,torch.float16,0.9300244100895037,0.9300244100895037,0.9300244100895037,0,0,0.0,0.0
central,CTransPath,5cdba09522c7,central-tuned,adam,0.001,3,torch.float16,0.9389747762408462,0.9389747762408462,0.9389747762408462,0,0,0.0,0.0
central,CTransPath,7008139db248,central-legacy,adam,0.0003,0,torch.float16,0.950366151342555,0.950366151342555,0.950366151342555,0,0,0.0,0.0
central,CTransPath,71e0cd470055,central-tuned,adam,0.001,4,torch.float16,0.9365337672904801,0.9365337672904801,0.9365337672904801,0,0,0.0,0.0
central,CTransPath,72852d7151fe,central-tuned,sgd,0.003,4,torch.float16,0.9332790886899919,0.9332790886899919,0.9332790886899919,0,0,0.0,0.0
central,CTransPath,76b504e1d6de,central-tuned,sgd,0.01,4,torch.float16,0.9422294548413345,0.9422294548413345,0.9422294548413345,0,0,0.0,0.0
central,CTransPath,846eb1717222,central-tuned,sgd,0.1,3,torch.float16,0.9153783563873068,0.9153783563873068,0.9153783563873068,0,0,0.0,0.0
central,CTransPath,8633ffb1a479,central-tuned,sgd,0.03,4,torch.float16,0.9430431244914564,0.9430431244914564,0.9430431244914564,0,0,0.0,0.0
central,CTransPath,8923177ae9bf,central-tuned,sgd,0.01,2,torch.float16,0.9365337672904801,0.9365337672904801,0.9365337672904801,0,0,0.0,0.0
central,CTransPath,936a8147a3b8,central-tuned,adam,0.0003,4,torch.float16,0.9438567941415785,0.9438567941415785,0.9438567941415785,0,0,0.0,0.0
central,CTransPath,96cdb07bddc8,central-tuned,sgd,0.003,0,torch.float16,0.9373474369406021,0.9373474369406021,0.9373474369406021,0,0,0.0,0.0
central,CTransPath,9c3e38849207,central-tuned,sgd,0.03,0,torch.float16,0.9446704637917006,0.9446704637917006,0.9446704637917006,0,0,0.0,0.0
central,CTransPath,9cf9efafc57e,central-tuned,adam,0.0001,2,torch.float16,0.9536208299430431,0.9536208299430431,0.9536208299430431,0,0,0.0,0.0
central,CTransPath,ab96626ab33f,central-tuned,adam,0.0001,3,torch.float16,0.9454841334418226,0.9454841334418226,0.9454841334418226,0,0,0.0,0.0
central,CTransPath,ac937c1257bc,central-tuned,adam,0.001,2,torch.float16,0.9487388120423108,0.9487388120423108,0.9487388120423108,0,0,0.0,0.0
central,CTransPath,b3cae9fc6289,central-tuned,adam,0.0003,1,torch.float16,0.9438567941415785,0.9438567941415785,0.9438567941415785,0,0,0.0,0.0
central,CTransPath,b53df6c53ce7,central-tuned,adam,0.001,0,torch.float16,0.9479251423921887,0.9479251423921887,0.9479251423921887,0,0,0.0,0.0
central,CTransPath,bb8f0621dd96,central-tuned,sgd,0.1,4,torch.float16,0.9145646867371847,0.9145646867371847,0.9145646867371847,0,0,0.0,0.0
central,CTransPath,bee45bc5848a,central-tuned,sgd,0.03,3,torch.float16,0.9487388120423108,0.9487388120423108,0.9487388120423108,0,0,0.0,0.0
central,CTransPath,c13bc58a7397,central-legacy,adam,0.0003,1,torch.float16,0.9536208299430431,0.9536208299430431,0.9536208299430431,0,0,0.0,0.0
central,CTransPath,c31271e447b2,central-tuned,sgd,0.003,2,torch.float16,0.9381611065907242,0.9381611065907242,0.9381611065907242,0,0,0.0,0.0
central,CTransPath,c43ab54f11ae,central-tuned,sgd,0.01,3,torch.float16,0.9454841334418226,0.9454841334418226,0.9454841334418226,0,0,0.0,0.0
central,CTransPath,c5e46ab09666,central-tuned,adam,0.0003,3,torch.float16,0.9438567941415785,0.9438567941415785,0.9438567941415785,0,0,0.0,0.0
central,CTransPath,c61d9364cfff,central-tuned,sgd,0.1,0,torch.float16,0.9308380797396257,0.9308380797396257,0.9308380797396257,0,0,0.0,0.0
central,CTransPath,c8c38f18a340,central-legacy,adam,0.0003,4,torch.float16,0.9389747762408462,0.9389747762408462,0.9389747762408462,0,0,0.0,0.0
central,CTransPath,d026cfc876be,central-tuned,adam,0.0001,0,torch.float16,0.9446704637917006,0.9446704637917006,0.9446704637917006,0,0,0.0,0.0
central,CTransPath,d2519380badc,central-tuned,sgd,0.003,3,torch.float16,0.9406021155410903,0.9406021155410903,0.9406021155410903,1,1,0.0,0.0
central,CTransPath,d5e2f28e0f6a,central-tuned,adam,0.0003,0,torch.float16,0.9487388120423108,0.9487388120423108,0.9487388120423108,0,0,0.0,0.0
central,CTransPath,d9098807e338,central-legacy,adam,0.0003,2,torch.float16,0.950366151342555,0.950366151342555,0.950366151342555,0,0,0.0,0.0
central,CTransPath,ef306938683f,central-tuned,adam,0.0003,2,torch.float16,0.950366151342555,0.950366151342555,0.950366151342555,0,0,0.0,0.0
central,CTransPath,f43750ae093a,central-tuned,sgd,0.03,1,torch.float16,0.9389747762408462,0.9389747762408462,0.9389747762408462,0,0,0.0,0.0
central,CTransPath,fd27efe12b43,central-tuned,sgd,0.1,1,torch.float16,0.9316517493897477,0.9316517493897477,0.9316517493897477,0,0,0.0,0.0
main,Midnight12k,03bf2eb1ffc0,FedProx,adam,0.0003,0,torch.float16,0.8266883645240033,0.8266883645240033,0.8266883645240033,0,0,0.0,0.0
main,Midnight12k,32806e51dfc2,FedProx,adam,0.0003,1,torch.float16,0.8006509357200976,0.8006509357200976,0.7998372660699756,1,1,-0.08136696501219731,-0.08136696501219731
main,Midnight12k,398b2ae6a86e,SCAFFOLD,adam,0.0003,0,torch.float16,0.6029292107404394,0.6037428803905615,0.6029292107404394,1,0,-0.08136696501220841,0.0
main,Midnight12k,579d0d8b2ae1,SCAFFOLD,adam,0.0003,1,torch.float16,0.6029292107404394,0.6029292107404394,0.6029292107404394,1,0,0.0,0.0
main,Midnight12k,7ac7250be8fd,FedProx,adam,0.0003,4,torch.float16,0.8478437754271766,0.8478437754271766,0.8478437754271766,0,0,0.0,0.0
main,Midnight12k,81a0727a2df7,FedProx,adam,0.0003,3,torch.float16,0.8405207485760781,0.8405207485760781,0.8405207485760781,0,0,0.0,0.0
main,Midnight12k,98682d75851d,FedAvg,adam,0.0003,1,torch.float16,0.8087876322213181,0.8087876322213181,0.8079739625711961,1,1,-0.08136696501219731,-0.08136696501219731
main,Midnight12k,bf0bc8796eaf,FedAvg,adam,0.0003,3,torch.float16,0.8242473555736372,0.8242473555736372,0.8234336859235151,1,1,-0.08136696501220841,-0.08136696501220841
main,Midnight12k,e0d237945e42,FedProx,adam,0.0003,2,torch.float16,0.8462164361269324,0.8462164361269324,0.8470301057770545,1,1,0.08136696501220841,0.08136696501220841
main,Midnight12k,e2e111f122c0,SCAFFOLD,adam,0.0003,3,torch.float16,0.5272579332790887,0.5272579332790887,0.5272579332790887,1,1,0.0,0.0
main,Midnight12k,e39eebe634b2,FedAvg,adam,0.0003,2,torch.float16,0.8502847843775427,0.8502847843775427,0.8510984540276648,1,1,0.08136696501220841,0.08136696501220841
main,Midnight12k,e3e9de52db68,SCAFFOLD,adam,0.0003,4,torch.float16,0.6143205858421481,0.613506916192026,0.6143205858421481,3,2,0.08136696501220841,0.0
main,Midnight12k,e6bfe1e480c3,FedAvg,adam,0.0003,4,torch.float16,0.8307567127746135,0.8307567127746135,0.8307567127746135,0,0,0.0,0.0
main,Midnight12k,e85ffbca4a02,FedAvg,adam,0.0003,0,torch.float16,0.8291293734743694,0.8291293734743694,0.8283157038242474,1,1,-0.08136696501220841,-0.08136696501220841
main,Midnight12k,f0cd4cba3de6,SCAFFOLD,adam,0.0003,2,torch.float16,0.5850284784377543,0.5850284784377543,0.5850284784377543,1,0,0.0,0.0
sgd,Midnight12k,002a8e4a6b38,FedProx,sgd,0.01,1,torch.float16,0.8657445077298617,0.8657445077298617,0.8657445077298617,0,0,0.0,0.0
sgd,Midnight12k,04b3d57df3e3,SCAFFOLD,sgd,0.01,4,torch.float16,0.869812855980472,0.869812855980472,0.869812855980472,0,0,0.0,0.0
sgd,Midnight12k,1781ef9ac72f,FedProx,sgd,0.003,2,torch.float16,0.8087876322213181,0.8087876322213181,0.8087876322213181,0,0,0.0,0.0
sgd,Midnight12k,19757680bab0,FedProx,sgd,0.1,2,torch.float16,0.8999186330349878,0.8999186330349878,0.8999186330349878,0,0,0.0,0.0
sgd,Midnight12k,1a9850ca58fb,FedAvg,sgd,0.1,0,torch.float16,0.9015459723352319,0.9015459723352319,0.9015459723352319,0,0,0.0,0.0
sgd,Midnight12k,2c228277e725,FedProx,sgd,0.03,2,torch.float16,0.8803905614320586,0.8803905614320586,0.8803905614320586,0,0,0.0,0.0
sgd,Midnight12k,3208a61d054e,FedAvg,sgd,0.03,2,torch.float16,0.8787632221318145,0.8787632221318145,0.8787632221318145,0,0,0.0,0.0
sgd,Midnight12k,34a41f5cf1ca,FedProx,sgd,0.1,0,torch.float16,0.8763222131814483,0.8763222131814483,0.8763222131814483,0,0,0.0,0.0
sgd,Midnight12k,34ec6bb5b2c4,SCAFFOLD,sgd,0.01,1,torch.float16,0.8600488201790073,0.8600488201790073,0.8600488201790073,0,0,0.0,0.0
sgd,Midnight12k,392154204ca6,FedProx,sgd,0.01,3,torch.float16,0.8348250610252238,0.8340113913751017,0.8348250610252238,1,0,0.08136696501220841,0.0
sgd,Midnight12k,3dce9f90d1a2,SCAFFOLD,sgd,0.03,2,torch.float16,0.8039056143205858,0.8039056143205858,0.8039056143205858,0,0,0.0,0.0
sgd,Midnight12k,40a0c40f9f53,SCAFFOLD,sgd,0.01,3,torch.float16,0.8616761594792515,0.8616761594792515,0.8616761594792515,0,0,0.0,0.0
sgd,Midnight12k,4ac95a7c4a94,SCAFFOLD,sgd,0.003,3,torch.float16,0.6045565500406835,0.6045565500406835,0.6045565500406835,1,1,0.0,0.0
sgd,Midnight12k,4bf03febd06e,FedAvg,sgd,0.003,4,torch.float16,0.7477624084621644,0.7477624084621644,0.7477624084621644,0,1,0.0,0.0
sgd,Midnight12k,4fecf2987cd4,SCAFFOLD,sgd,0.003,2,torch.float16,0.48006509357200977,0.4792514239218877,0.4808787632221318,7,1,0.16273393002441128,0.08136696501220286
sgd,Midnight12k,51936571632b,FedProx,sgd,0.003,3,torch.float16,0.7469487388120423,0.7461350691619203,0.7469487388120423,1,0,0.08136696501219731,0.0
sgd,Midnight12k,56207ce42e15,FedProx,sgd,0.03,4,torch.float16,0.8950366151342555,0.8950366151342555,0.8950366151342555,0,0,0.0,0.0
sgd,Midnight12k,5c429dfc3c51,SCAFFOLD,sgd,0.003,0,torch.float16,0.5353946297803092,0.5353946297803092,0.5353946297803092,0,0,0.0,0.0
sgd,Midnight12k,61dc3aaccadf,FedAvg,sgd,0.1,4,torch.float16,0.869812855980472,0.869812855980472,0.869812855980472,0,0,0.0,0.0
sgd,Midnight12k,62e7a9d6d258,FedAvg,sgd,0.01,4,torch.float16,0.8584214808787632,0.8584214808787632,0.8584214808787632,0,0,0.0,0.0
sgd,Midnight12k,630c55dcf111,FedAvg,sgd,0.01,0,torch.float16,0.8665581773799838,0.8665581773799838,0.8665581773799838,0,0,0.0,0.0
sgd,Midnight12k,6ad50a297983,FedAvg,sgd,0.003,1,torch.float16,0.789259560618389,0.789259560618389,0.789259560618389,0,0,0.0,0.0
sgd,Midnight12k,6f588625ac9d,SCAFFOLD,sgd,0.03,1,torch.float16,0.8323840520748577,0.8331977217249796,0.8323840520748577,1,0,-0.08136696501219731,0.0
sgd,Midnight12k,7597196f40ea,FedAvg,sgd,0.1,3,torch.float16,0.8746948738812043,0.8746948738812043,0.8746948738812043,0,0,0.0,0.0
sgd,Midnight12k,76c4d952d89d,SCAFFOLD,sgd,0.1,0,torch.float16,0.7209113100081367,0.7200976403580146,0.7209113100081367,1,0,0.08136696501220841,0.0
sgd,Midnight12k,7ab3d14e3ce7,FedProx,sgd,0.003,4,torch.float16,0.7477624084621644,0.7477624084621644,0.7477624084621644,1,0,0.0,0.0
sgd,Midnight12k,85a02d894637,FedAvg,sgd,0.1,1,torch.float16,0.887713588283157,0.887713588283157,0.887713588283157,0,0,0.0,0.0
sgd,Midnight12k,8a22219c4a7b,SCAFFOLD,sgd,0.03,0,torch.float16,0.8445890968266884,0.8445890968266884,0.8445890968266884,0,0,0.0,0.0
sgd,Midnight12k,8c5b676f1a83,SCAFFOLD,sgd,0.01,0,torch.float16,0.8633034987794955,0.8633034987794955,0.8633034987794955,0,0,0.0,0.0
sgd,Midnight12k,92be7259c5da,SCAFFOLD,sgd,0.1,2,torch.float16,0.6094385679414158,0.6094385679414158,0.6094385679414158,0,0,0.0,0.0
sgd,Midnight12k,99c889709f75,SCAFFOLD,sgd,0.003,1,torch.float16,0.629780309194467,0.628152969894223,0.6305939788445891,6,1,0.24410089503661414,0.08136696501220841
sgd,Midnight12k,9a728e40559d,SCAFFOLD,sgd,0.1,3,torch.float16,0.6501220504475184,0.6501220504475184,0.6501220504475184,0,0,0.0,0.0
sgd,Midnight12k,9c29ac0be5d7,SCAFFOLD,sgd,0.01,2,torch.float16,0.8584214808787632,0.8584214808787632,0.8584214808787632,0,0,0.0,0.0
sgd,Midnight12k,9e092096b64c,FedProx,sgd,0.1,4,torch.float16,0.8738812042310822,0.8738812042310822,0.8738812042310822,0,0,0.0,0.0
sgd,Midnight12k,a778509b44f2,FedAvg,sgd,0.03,0,torch.float16,0.886899918633035,0.886899918633035,0.886899918633035,0,0,0.0,0.0
sgd,Midnight12k,ac54d7aa6896,FedAvg,sgd,0.1,2,torch.float16,0.8836452400325467,0.8836452400325467,0.8836452400325467,0,0,0.0,0.0
sgd,Midnight12k,b60b7a4450e7,FedProx,sgd,0.003,0,torch.float16,0.8291293734743694,0.8291293734743694,0.8291293734743694,0,0,0.0,0.0
sgd,Midnight12k,b7e856cfaa80,FedAvg,sgd,0.01,1,torch.float16,0.8649308380797396,0.8649308380797396,0.8649308380797396,0,0,0.0,0.0
sgd,Midnight12k,bd9b8001bcb1,FedAvg,sgd,0.03,4,torch.float16,0.8950366151342555,0.8950366151342555,0.8950366151342555,0,0,0.0,0.0
sgd,Midnight12k,be801afacfbf,FedAvg,sgd,0.01,3,torch.float16,0.8323840520748577,0.8331977217249796,0.8323840520748577,2,1,-0.08136696501219731,0.0
sgd,Midnight12k,c16b7378f2e0,SCAFFOLD,sgd,0.03,4,torch.float16,0.8405207485760781,0.8405207485760781,0.8405207485760781,0,0,0.0,0.0
sgd,Midnight12k,c2ebb93ef024,FedAvg,sgd,0.003,2,torch.float16,0.8087876322213181,0.8096013018714402,0.8087876322213181,1,0,-0.08136696501220841,0.0
sgd,Midnight12k,c8c24eb46b06,FedProx,sgd,0.03,0,torch.float16,0.8860862489829129,0.8860862489829129,0.8860862489829129,0,0,0.0,0.0
sgd,Midnight12k,d480a5e52c50,SCAFFOLD,sgd,0.03,3,torch.float16,0.8665581773799838,0.8665581773799838,0.8665581773799838,0,0,0.0,0.0
sgd,Midnight12k,dce52ed0eb03,FedProx,sgd,0.03,1,torch.float16,0.8795768917819365,0.8795768917819365,0.8795768917819365,0,0,0.0,0.0
sgd,Midnight12k,ddc3d4172771,SCAFFOLD,sgd,0.1,4,torch.float16,0.6411716842961758,0.6411716842961758,0.6411716842961758,0,0,0.0,0.0
sgd,Midnight12k,de0a8e79afc5,FedProx,sgd,0.01,0,torch.float16,0.8665581773799838,0.8665581773799838,0.8665581773799838,0,0,0.0,0.0
sgd,Midnight12k,e127f54c9997,SCAFFOLD,sgd,0.1,1,torch.float16,0.6737184703010578,0.6729048006509357,0.6737184703010578,3,0,0.08136696501220841,0.0
sgd,Midnight12k,e3709928c5d6,FedProx,sgd,0.1,1,torch.float16,0.8950366151342555,0.8950366151342555,0.8950366151342555,0,0,0.0,0.0
sgd,Midnight12k,e47905532606,FedProx,sgd,0.003,1,torch.float16,0.789259560618389,0.789259560618389,0.789259560618389,0,0,0.0,0.0
sgd,Midnight12k,e5a01d4d4354,FedProx,sgd,0.1,3,torch.float16,0.8852725793327909,0.8852725793327909,0.8852725793327909,0,0,0.0,0.0
sgd,Midnight12k,e71ebb3a9172,SCAFFOLD,sgd,0.003,4,torch.float16,0.5947925142392189,0.5947925142392189,0.5947925142392189,1,0,0.0,0.0
sgd,Midnight12k,ed43912fd680,FedProx,sgd,0.01,4,torch.float16,0.8584214808787632,0.8584214808787632,0.8584214808787632,0,0,0.0,0.0
sgd,Midnight12k,ee12f42afa8d,FedAvg,sgd,0.01,2,torch.float16,0.8348250610252238,0.8348250610252238,0.8348250610252238,0,0,0.0,0.0
sgd,Midnight12k,f10ad82ce39b,FedProx,sgd,0.03,3,torch.float16,0.8836452400325467,0.8836452400325467,0.8836452400325467,0,0,0.0,0.0
sgd,Midnight12k,f1350014be06,FedAvg,sgd,0.03,1,torch.float16,0.8795768917819365,0.8795768917819365,0.8795768917819365,0,0,0.0,0.0
sgd,Midnight12k,f512c096be38,FedAvg,sgd,0.03,3,torch.float16,0.8828315703824248,0.8828315703824248,0.8828315703824248,0,0,0.0,0.0
sgd,Midnight12k,f77efb698e60,FedAvg,sgd,0.003,3,torch.float16,0.5459723352318958,0.5459723352318958,0.5451586655817738,5,2,-0.08136696501219731,-0.08136696501219731
sgd,Midnight12k,f7a1abf29d46,FedAvg,sgd,0.003,0,torch.float16,0.8275020341741253,0.8275020341741253,0.8275020341741253,0,0,0.0,0.0
sgd,Midnight12k,f83bf4358f39,FedProx,sgd,0.01,2,torch.float16,0.8348250610252238,0.8348250610252238,0.8348250610252238,0,0,0.0,0.0
central,Midnight12k,0276f2f7cd76,central-tuned,adam,0.0003,3,torch.float16,0.9552481692432873,0.9552481692432873,0.9552481692432873,0,0,0.0,0.0
central,Midnight12k,11624bbc7f3e,central-tuned,adam,0.0001,0,torch.float16,0.9568755085435313,0.9568755085435313,0.9568755085435313,0,0,0.0,0.0
central,Midnight12k,149b9b38de62,central-tuned,adam,0.001,2,torch.float16,0.950366151342555,0.950366151342555,0.950366151342555,0,0,0.0,0.0
central,Midnight12k,1cc29df66f8c,central-tuned,sgd,0.03,4,torch.float16,0.951179820992677,0.951179820992677,0.951179820992677,0,0,0.0,0.0
central,Midnight12k,2493828424bd,central-tuned,sgd,0.1,2,torch.float16,0.9283970707892596,0.9283970707892596,0.9283970707892596,0,0,0.0,0.0
central,Midnight12k,263185331447,central-tuned,sgd,0.03,3,torch.float16,0.950366151342555,0.950366151342555,0.950366151342555,0,0,0.0,0.0
central,Midnight12k,373349598b90,central-tuned,sgd,0.01,2,torch.float16,0.951179820992677,0.951179820992677,0.951179820992677,0,0,0.0,0.0
central,Midnight12k,4b3535e9e1cf,central-tuned,sgd,0.03,1,torch.float16,0.9479251423921887,0.9479251423921887,0.9479251423921887,0,0,0.0,0.0
central,Midnight12k,536504423b5f,central-legacy,adam,0.0003,0,torch.float16,0.9560618388934092,0.9560618388934092,0.9560618388934092,0,0,0.0,0.0
central,Midnight12k,5b6a1059d025,central-tuned,sgd,0.03,0,torch.float16,0.9552481692432873,0.9552481692432873,0.9552481692432873,0,0,0.0,0.0
central,Midnight12k,65d4894de021,central-tuned,adam,0.0001,1,torch.float16,0.9576891781936534,0.9576891781936534,0.9576891781936534,0,0,0.0,0.0
central,Midnight12k,69de0e4a794c,central-tuned,adam,0.001,3,torch.float16,0.951179820992677,0.951179820992677,0.951179820992677,0,0,0.0,0.0
central,Midnight12k,6c139f7b4eff,central-tuned,adam,0.001,0,torch.float16,0.951993490642799,0.951993490642799,0.951993490642799,0,0,0.0,0.0
central,Midnight12k,70b673087b9d,central-tuned,sgd,0.003,1,torch.float16,0.9487388120423108,0.9487388120423108,0.9487388120423108,0,0,0.0,0.0
central,Midnight12k,737efa1260ec,central-tuned,adam,0.0003,4,torch.float16,0.9568755085435313,0.9568755085435313,0.9568755085435313,0,0,0.0,0.0
central,Midnight12k,7ddf61998ab9,central-tuned,adam,0.0001,3,torch.float16,0.9552481692432873,0.9552481692432873,0.9552481692432873,0,0,0.0,0.0
central,Midnight12k,81aa6af81deb,central-tuned,adam,0.001,4,torch.float16,0.9446704637917006,0.9446704637917006,0.9446704637917006,0,0,0.0,0.0
central,Midnight12k,896b931dc49e,central-tuned,sgd,0.003,2,torch.float16,0.9487388120423108,0.9487388120423108,0.9487388120423108,0,0,0.0,0.0
central,Midnight12k,8b852121e025,central-tuned,sgd,0.1,3,torch.float16,0.9218877135882831,0.9218877135882831,0.9218877135882831,0,0,0.0,0.0
central,Midnight12k,8bbc1d0704f8,central-tuned,adam,0.0003,2,torch.float16,0.9495524816924329,0.9495524816924329,0.9495524816924329,0,0,0.0,0.0
central,Midnight12k,976f01d13d12,central-legacy,adam,0.0003,2,torch.float16,0.9446704637917006,0.9446704637917006,0.9446704637917006,0,0,0.0,0.0
central,Midnight12k,9d1d905c1e8e,central-tuned,sgd,0.003,0,torch.float16,0.9495524816924329,0.9495524816924329,0.9495524816924329,0,0,0.0,0.0
central,Midnight12k,9dd26d094ab1,central-tuned,adam,0.0001,2,torch.float16,0.9560618388934092,0.9560618388934092,0.9560618388934092,0,0,0.0,0.0
central,Midnight12k,a3efd70c1232,central-legacy,adam,0.0003,1,torch.float16,0.9471114727420668,0.9471114727420668,0.9471114727420668,0,0,0.0,0.0
central,Midnight12k,a3f9d8efe144,central-tuned,sgd,0.01,3,torch.float16,0.950366151342555,0.950366151342555,0.950366151342555,0,0,0.0,0.0
central,Midnight12k,a7526ab45f21,central-tuned,sgd,0.03,2,torch.float16,0.9479251423921887,0.9479251423921887,0.9479251423921887,0,0,0.0,0.0
central,Midnight12k,b8ffdc8e8319,central-tuned,sgd,0.1,0,torch.float16,0.9349064279902359,0.9349064279902359,0.9349064279902359,0,0,0.0,0.0
central,Midnight12k,bc223e23b81f,central-tuned,sgd,0.1,1,torch.float16,0.9438567941415785,0.9438567941415785,0.9438567941415785,0,0,0.0,0.0
central,Midnight12k,bcf1947d2afe,central-tuned,sgd,0.01,0,torch.float16,0.9544344995931652,0.9544344995931652,0.9544344995931652,0,0,0.0,0.0
central,Midnight12k,c31ec3a208fe,central-legacy,adam,0.0003,4,torch.float16,0.951993490642799,0.951993490642799,0.951993490642799,0,0,0.0,0.0
central,Midnight12k,d52162416d09,central-tuned,adam,0.0003,0,torch.float16,0.9487388120423108,0.9487388120423108,0.9487388120423108,0,0,0.0,0.0
central,Midnight12k,d6ede717234e,central-tuned,sgd,0.003,3,torch.float16,0.9454841334418226,0.9454841334418226,0.9454841334418226,0,0,0.0,0.0
central,Midnight12k,da30b26233dd,central-tuned,sgd,0.01,1,torch.float16,0.9487388120423108,0.9487388120423108,0.9487388120423108,0,0,0.0,0.0
central,Midnight12k,de9dc3f9f8a0,central-tuned,sgd,0.1,4,torch.float16,0.9332790886899919,0.9332790886899919,0.9332790886899919,0,0,0.0,0.0
central,Midnight12k,e58589a2aff6,central-tuned,sgd,0.01,4,torch.float16,0.951179820992677,0.951179820992677,0.951179820992677,0,0,0.0,0.0
central,Midnight12k,ea18128444d5,central-tuned,adam,0.0001,4,torch.float16,0.9536208299430431,0.9536208299430431,0.9536208299430431,0,0,0.0,0.0
central,Midnight12k,eae304cb1784,central-tuned,sgd,0.003,4,torch.float16,0.951993490642799,0.951993490642799,0.951993490642799,0,0,0.0,0.0
central,Midnight12k,ebf65967d3bf,central-legacy,adam,0.0003,3,torch.float16,0.9414157851912124,0.9414157851912124,0.9414157851912124,0,0,0.0,0.0
central,Midnight12k,f07d2a360162,central-tuned,adam,0.0003,1,torch.float16,0.9528071602929211,0.9528071602929211,0.9528071602929211,0,0,0.0,0.0
central,Midnight12k,f57c9134d76a,central-tuned,adam,0.001,1,torch.float16,0.9495524816924329,0.9495524816924329,0.9495524816924329,0,0,0.0,0.0
main,ResNet50,067a3419309c,FedAvg,adam,0.0003,0,torch.float16,0.28152969894222946,0.28152969894222946,0.28152969894222946,6,2,0.0,0.0
main,ResNet50,091928446a9e,FedAvg,adam,0.0003,1,torch.float16,0.41171684296175753,0.41090317331163545,0.41171684296175753,12,4,0.08136696501220841,0.0
main,ResNet50,0f86af7e3f8e,SCAFFOLD,adam,0.0003,4,torch.float16,0.28152969894222946,0.28152969894222946,0.28152969894222946,0,0,0.0,0.0
main,ResNet50,18e6cd33ace3,FedAvg,adam,0.0003,2,torch.float16,0.3653376729048006,0.37021969080553296,0.3645240032546786,23,3,-0.5695687550854367,-0.08136696501220286
main,ResNet50,39a58cf8f83a,SCAFFOLD,adam,0.0003,3,torch.float16,0.28152969894222946,0.28152969894222946,0.28152969894222946,0,0,0.0,0.0
main,ResNet50,41be0d44dbe0,SCAFFOLD,adam,0.0003,2,torch.float16,0.3148901545972335,0.3287225386493084,0.3148901545972335,45,3,-1.3832384052074875,0.0
main,ResNet50,4bfc9890faa7,FedAvg,adam,0.0003,3,torch.float16,0.3279088689991863,0.3205858421480879,0.32546786004882017,16,10,0.4882017900732283,-0.24410089503661414
main,ResNet50,548bd193d7c2,SCAFFOLD,adam,0.0003,0,torch.float16,0.16273393002441008,0.16273393002441008,0.16273393002441008,0,0,0.0,0.0
main,ResNet50,6166d4c38245,SCAFFOLD,adam,0.0003,1,torch.float16,0.4019528071602929,0.4003254678600488,0.40439381611065905,37,14,0.4068348250610254,0.24410089503661414
main,ResNet50,6d80ac1e6e47,FedAvg,adam,0.0003,4,torch.float16,0.29292107404393813,0.28885272579332794,0.29292107404393813,10,0,0.40683482506101987,0.0
main,ResNet50,878703b5524f,FedProx,adam,0.0003,1,torch.float16,0.28152969894222946,0.28152969894222946,0.28152969894222946,0,0,0.0,0.0
main,ResNet50,a6d0e02a35c4,FedProx,adam,0.0003,2,torch.float16,0.38812042310821804,0.386493083807974,0.38812042310821804,17,4,0.16273393002440573,0.0
main,ResNet50,b5a842dbbac0,FedProx,adam,0.0003,3,torch.float16,0.3279088689991863,0.32628152969894225,0.3295362082994304,42,6,0.325467860048817,0.16273393002441128
main,ResNet50,dfd9b91dd737,FedProx,adam,0.0003,0,torch.float16,0.28152969894222946,0.28152969894222946,0.28152969894222946,0,0,0.0,0.0
main,ResNet50,e51433dfe1ab,FedProx,adam,0.0003,4,torch.float16,0.371033360455655,0.37347436940602113,0.3775427176566314,9,26,0.4068348250610254,0.6509357200976396
sgd,ResNet50,0038a95f42c9,FedAvg,sgd,0.03,4,torch.float16,0.6240846216436127,0.6248982912937348,0.6248982912937348,2,2,0.0,0.08136696501220841
sgd,ResNet50,00bfa1b5f2c0,SCAFFOLD,sgd,0.01,3,torch.float16,0.43287225386493083,0.4304312449145647,0.43287225386493083,12,0,0.24410089503661414,0.0
sgd,ResNet50,00ef90167c49,FedAvg,sgd,0.1,3,torch.float16,0.6566314076484947,0.6558177379983726,0.6566314076484947,3,0,0.08136696501220841,0.0
sgd,ResNet50,0121d5c7da67,FedAvg,sgd,0.01,3,torch.float16,0.46867371847030104,0.4727420667209113,0.467046379170057,22,5,-0.5695687550854311,-0.16273393002440573
sgd,ResNet50,01e364909177,FedProx,sgd,0.01,3,torch.float16,0.4662327095199349,0.4735557363710334,0.4662327095199349,19,0,-0.732302685109848,0.0
sgd,ResNet50,03a51cf5e7a1,FedAvg,sgd,0.01,4,torch.float16,0.5516680227827502,0.5524816924328723,0.5508543531326282,4,1,-0.16273393002440573,-0.08136696501219731
sgd,ResNet50,04b1a85938b9,SCAFFOLD,sgd,0.03,1,torch.float16,0.7144019528071603,0.7135882831570383,0.7144019528071603,1,0,0.08136696501220841,0.0
sgd,ResNet50,093e7fc1665e,FedAvg,sgd,0.1,0,torch.float16,0.5695687550854354,0.5703824247355573,0.5687550854353133,2,1,-0.16273393002440573,-0.08136696501220841
sgd,ResNet50,16659f36a0c2,FedAvg,sgd,0.1,1,torch.float16,0.6989422294548413,0.6989422294548413,0.6989422294548413,0,0,0.0,0.0
sgd,ResNet50,184b12301dab,FedProx,sgd,0.003,0,torch.float16,0.28152969894222946,0.28152969894222946,0.28152969894222946,0,0,0.0,0.0
sgd,ResNet50,19a60feaa470,FedAvg,sgd,0.01,2,torch.float16,0.3270951993490643,0.3270951993490643,0.32628152969894225,35,3,-0.08136696501220286,-0.08136696501220286
sgd,ResNet50,19ee00608e38,FedAvg,sgd,0.003,3,torch.float16,0.30431244914564687,0.3018714401952807,0.30431244914564687,11,0,0.24410089503661414,0.0
sgd,ResNet50,1c8ee9020d26,FedAvg,sgd,0.1,4,torch.float16,0.6354759967453214,0.6354759967453214,0.6338486574450773,7,2,-0.16273393002440573,-0.16273393002440573
sgd,ResNet50,2db6a93e2d0c,SCAFFOLD,sgd,0.1,3,torch.float16,0.6175752644426363,0.6175752644426363,0.6175752644426363,0,0,0.0,0.0
sgd,ResNet50,3ccea6c74f51,SCAFFOLD,sgd,0.01,2,torch.float16,0.31000813669650124,0.30105777054515864,0.31000813669650124,52,0,0.8950366151342593,0.0
sgd,ResNet50,40092c878a08,FedAvg,sgd,0.03,0,torch.float16,0.613506916192026,0.611879576891782,0.613506916192026,2,2,0.16273393002440573,0.0
sgd,ResNet50,43163dfa25ca,SCAFFOLD,sgd,0.01,1,torch.float16,0.28315703824247357,0.28315703824247357,0.28315703824247357,4,0,0.0,0.0
sgd,ResNet50,47e6ef98d326,FedAvg,sgd,0.003,2,torch.float16,0.10659072416598861,0.10659072416598861,0.10659072416598861,0,0,0.0,0.0
sgd,ResNet50,4b21a42c4f5b,FedProx,sgd,0.1,2,torch.float16,0.6192026037428804,0.6175752644426363,0.6183889340927583,3,1,0.08136696501219731,-0.08136696501220841
sgd,ResNet50,4bad00a1f0f9,FedProx,sgd,0.01,4,torch.float16,0.5524816924328723,0.5516680227827502,0.5524816924328723,3,0,0.08136696501220841,0.0
sgd,ResNet50,4dc6a7647933,FedAvg,sgd,0.03,2,torch.float16,0.6126932465419039,0.6126932465419039,0.6126932465419039,1,1,0.0,0.0
sgd,ResNet50,5bd62a84c4dd,FedProx,sgd,0.1,0,torch.float16,0.580146460537022,0.580960130187144,0.5793327908868999,3,1,-0.16273393002440573,-0.08136696501220841
sgd,ResNet50,5e03fcf1d432,SCAFFOLD,sgd,0.003,0,torch.float16,0.28152969894222946,0.28152969894222946,0.28152969894222946,0,0,0.0,0.0
sgd,ResNet50,64ff29e3291c,SCAFFOLD,sgd,0.003,1,torch.float16,0.2855980471928397,0.2847843775427177,0.2855980471928397,11,1,0.08136696501220286,0.0
sgd,ResNet50,68ff4b6624c3,SCAFFOLD,sgd,0.01,4,torch.float16,0.2807160292921074,0.28152969894222946,0.2807160292921074,6,0,-0.08136696501220286,0.0
sgd,ResNet50,6c125c2bf934,SCAFFOLD,sgd,0.03,4,torch.float16,0.724979658258747,0.724979658258747,0.724979658258747,0,0,0.0,0.0
sgd,ResNet50,6d0239e588ea,FedProx,sgd,0.03,0,torch.float16,0.6159479251423922,0.6167615947925142,0.6167615947925142,3,1,0.0,0.08136696501220841
sgd,ResNet50,6fa407306940,FedProx,sgd,0.01,1,torch.float16,0.5231895850284785,0.5223759153783564,0.5231895850284785,11,0,0.08136696501220841,0.0
sgd,ResNet50,7da5b2935509,SCAFFOLD,sgd,0.03,2,torch.float16,0.7233523189585028,0.7233523189585028,0.7233523189585028,0,0,0.0,0.0
sgd,ResNet50,7dd7d8f7d152,FedProx,sgd,0.003,3,torch.float16,0.30431244914564687,0.3018714401952807,0.30431244914564687,11,0,0.24410089503661414,0.0
sgd,ResNet50,84ed4e653e1b,FedProx,sgd,0.1,3,torch.float16,0.6517493897477624,0.6525630593978845,0.6509357200976403,2,1,-0.16273393002441683,-0.08136696501220841
sgd,ResNet50,857d093a291b,SCAFFOLD,sgd,0.1,4,torch.float16,0.595606183889341,0.596419853539463,0.595606183889341,1,0,-0.08136696501220841,0.0
sgd,ResNet50,8a79ead3d572,FedProx,sgd,0.01,2,torch.float16,0.3270951993490643,0.32628152969894225,0.32628152969894225,37,4,0.0,-0.08136696501220286
sgd,ResNet50,8e7c3cbf90f7,FedProx,sgd,0.03,4,torch.float16,0.6224572823433686,0.6224572823433686,0.6216436126932465,3,1,-0.08136696501220841,-0.08136696501220841
sgd,ResNet50,9854d8567948,FedAvg,sgd,0.03,3,torch.float16,0.5215622457282343,0.5223759153783564,0.5215622457282343,13,0,-0.08136696501220841,0.0
sgd,ResNet50,9af3f4474dc5,FedAvg,sgd,0.03,1,torch.float16,0.6110659072416599,0.6110659072416599,0.6110659072416599,1,0,0.0,0.0
sgd,ResNet50,9e9c8955234a,FedAvg,sgd,0.003,1,torch.float16,0.28885272579332794,0.28803905614320585,0.28885272579332794,20,0,0.08136696501220841,0.0
sgd,ResNet50,9f7b34752a87,SCAFFOLD,sgd,0.1,1,torch.float16,0.5882831570382425,0.5882831570382425,0.5890968266883645,1,1,0.08136696501219731,0.08136696501219731
sgd,ResNet50,aa30c827bf9a,SCAFFOLD,sgd,0.003,2,torch.float16,0.2969894222945484,0.29536208299430433,0.2969894222945484,40,1,0.16273393002440573,0.0
sgd,ResNet50,aaae240a0459,SCAFFOLD,sgd,0.03,3,torch.float16,0.4385679414157852,0.4377542717656631,0.4385679414157852,12,1,0.08136696501220841,0.0
sgd,ResNet50,b348b50c833a,FedProx,sgd,0.01,0,torch.float16,0.5117982099267697,0.5134255492270138,0.5117982099267697,12,0,-0.16273393002440573,0.0
sgd,ResNet50,b4fca05d0d3c,FedAvg,sgd,0.003,4,torch.float16,0.2823433685923515,0.2823433685923515,0.2823433685923515,13,0,0.0,0.0
sgd,ResNet50,bf1bba875aac,FedProx,sgd,0.003,1,torch.float16,0.28885272579332794,0.28803905614320585,0.28885272579332794,19,0,0.08136696501220841,0.0
sgd,ResNet50,c08d201e263f,FedProx,sgd,0.03,2,torch.float16,0.611879576891782,0.6110659072416599,0.611879576891782,1,0,0.08136696501220841,0.0
sgd,ResNet50,c68eebb5d344,FedProx,sgd,0.003,2,torch.float16,0.10659072416598861,0.10659072416598861,0.10659072416598861,0,0,0.0,0.0
sgd,ResNet50,c6bba3ab5f13,SCAFFOLD,sgd,0.01,0,torch.float16,0.28152969894222946,0.28152969894222946,0.28152969894222946,0,0,0.0,0.0
sgd,ResNet50,c710e85881fd,SCAFFOLD,sgd,0.1,2,torch.float16,0.5541090317331163,0.5541090317331163,0.5541090317331163,0,0,0.0,0.0
sgd,ResNet50,cf4820b5e409,FedProx,sgd,0.003,4,torch.float16,0.2823433685923515,0.2823433685923515,0.2823433685923515,13,0,0.0,0.0
sgd,ResNet50,d0ce9e67aec0,SCAFFOLD,sgd,0.003,3,torch.float16,0.4597233523189585,0.45890968266883647,0.4597233523189585,36,0,0.08136696501220286,0.0
sgd,ResNet50,d58bbe69dce8,FedProx,sgd,0.03,3,torch.float16,0.5199349064279902,0.5191212367778681,0.5199349064279902,15,0,0.08136696501220841,0.0
sgd,ResNet50,d6cb060ab64c,FedAvg,sgd,0.1,2,torch.float16,0.6183889340927583,0.6192026037428804,0.6183889340927583,2,0,-0.08136696501220841,0.0
sgd,ResNet50,da2ae8f8cda5,FedAvg,sgd,0.01,0,torch.float16,0.515052888527258,0.5126118795768918,0.515052888527258,15,0,0.24410089503661414,0.0
sgd,ResNet50,dc1f58b023df,FedProx,sgd,0.03,1,torch.float16,0.6110659072416599,0.6102522375915378,0.6110659072416599,5,1,0.08136696501220841,0.0
sgd,ResNet50,e24031d18a42,FedAvg,sgd,0.003,0,torch.float16,0.28152969894222946,0.28152969894222946,0.28152969894222946,0,0,0.0,0.0
sgd,ResNet50,ed7ba5dc3e6e,SCAFFOLD,sgd,0.1,0,torch.float16,0.613506916192026,0.613506916192026,0.613506916192026,0,0,0.0,0.0
sgd,ResNet50,ee030ffa3b1f,FedProx,sgd,0.1,4,torch.float16,0.6346623270951993,0.6338486574450773,0.6346623270951993,8,1,0.08136696501219731,0.0
sgd,ResNet50,f005e1e5375c,FedAvg,sgd,0.01,1,torch.float16,0.5231895850284785,0.5231895850284785,0.5231895850284785,7,0,0.0,0.0
sgd,ResNet50,f00d1f0eb3a8,FedProx,sgd,0.1,1,torch.float16,0.548413344182262,0.5500406834825061,0.548413344182262,2,1,-0.16273393002441683,0.0
sgd,ResNet50,f054cadf0243,SCAFFOLD,sgd,0.003,4,torch.float16,0.2847843775427177,0.28641171684296174,0.2847843775427177,23,0,-0.16273393002440573,0.0
sgd,ResNet50,f6bc32719593,SCAFFOLD,sgd,0.03,0,torch.float16,0.34662327095199347,0.3417412530512612,0.34580960130187144,17,2,0.4068348250610254,-0.08136696501220286
central,ResNet50,027d4d49fd05,central-tuned,adam,0.001,2,torch.float16,0.8779495524816925,0.8779495524816925,0.8779495524816925,0,0,0.0,0.0
central,ResNet50,099bd8c81df8,central-tuned,sgd,0.003,4,torch.float16,0.8519121236777868,0.8519121236777868,0.8519121236777868,0,0,0.0,0.0
central,ResNet50,0d13e3dd46f8,central-tuned,adam,0.0001,2,torch.float16,0.9129373474369405,0.9129373474369405,0.9129373474369405,0,0,0.0,0.0
central,ResNet50,0eb0fe9e9c3b,central-tuned,sgd,0.03,1,torch.float16,0.8991049633848658,0.8991049633848658,0.8991049633848658,0,0,0.0,0.0
central,ResNet50,1038ee923b3f,central-tuned,adam,0.0003,2,torch.float16,0.9056143205858421,0.9056143205858421,0.9056143205858421,0,0,0.0,0.0
central,ResNet50,19caede37a6c,central-tuned,adam,0.0001,1,torch.float16,0.9137510170870626,0.9137510170870626,0.9137510170870626,0,0,0.0,0.0
central,ResNet50,1b961153a757,central-legacy,adam,0.0003,3,torch.float16,0.8812042310821806,0.8812042310821806,0.8812042310821806,0,0,0.0,0.0
central,ResNet50,20ed22e43590,central-tuned,adam,0.0003,0,torch.float16,0.9088689991863304,0.9088689991863304,0.9088689991863304,0,0,0.0,0.0
central,ResNet50,3124c9c48ff5,central-legacy,adam,0.0003,4,torch.float16,0.8771358828315704,0.8771358828315704,0.8771358828315704,0,0,0.0,0.0
central,ResNet50,3390d2c05841,central-tuned,sgd,0.1,4,torch.float16,0.9048006509357202,0.9048006509357202,0.9048006509357202,0,0,0.0,0.0
central,ResNet50,3967d0a61de6,central-legacy,adam,0.0003,1,torch.float16,0.9039869812855981,0.9039869812855981,0.9039869812855981,0,0,0.0,0.0
central,ResNet50,3d4497b4a6fb,central-tuned,adam,0.001,1,torch.float16,0.8657445077298617,0.8657445077298617,0.8649308380797396,1,1,-0.08136696501220841,-0.08136696501220841
central,ResNet50,4751d01ba7c7,central-tuned,sgd,0.1,1,torch.float16,0.8925956061838893,0.8925956061838893,0.8925956061838893,0,0,0.0,0.0
central,ResNet50,4b5647641b88,central-tuned,sgd,0.03,0,torch.float16,0.9096826688364524,0.9096826688364524,0.9096826688364524,0,0,0.0,0.0
central,ResNet50,4bbc480a08cf,central-tuned,sgd,0.003,3,torch.float16,0.8527257933279089,0.8527257933279089,0.8527257933279089,0,0,0.0,0.0
central,ResNet50,4f35cc7c7e05,central-tuned,adam,0.0001,3,torch.float16,0.9088689991863304,0.9088689991863304,0.9088689991863304,0,0,0.0,0.0
central,ResNet50,5bd8b81d97f3,central-tuned,sgd,0.01,4,torch.float16,0.9015459723352319,0.9015459723352319,0.9015459723352319,0,0,0.0,0.0
central,ResNet50,5e01f148725a,central-tuned,adam,0.0003,3,torch.float16,0.9104963384865744,0.9104963384865744,0.9104963384865744,0,0,0.0,0.0
central,ResNet50,5f84e88a9af4,central-tuned,adam,0.0003,4,torch.float16,0.8966639544344996,0.8966639544344996,0.8966639544344996,0,0,0.0,0.0
central,ResNet50,790ade5270b6,central-tuned,sgd,0.03,2,torch.float16,0.9064279902359642,0.9064279902359642,0.9064279902359642,0,0,0.0,0.0
central,ResNet50,79fb082ff56e,central-tuned,adam,0.001,3,torch.float16,0.8844589096826688,0.8844589096826688,0.8844589096826688,0,0,0.0,0.0
central,ResNet50,834bd86c435e,central-legacy,adam,0.0003,2,torch.float16,0.8966639544344996,0.8966639544344996,0.8966639544344996,0,0,0.0,0.0
central,ResNet50,8d5fcb0a4050,central-tuned,adam,0.001,0,torch.float16,0.9007323026851098,0.9007323026851098,0.9007323026851098,0,0,0.0,0.0
central,ResNet50,90ada6d1eb18,central-legacy,adam,0.0003,0,torch.float16,0.8299430431244914,0.8299430431244914,0.8299430431244914,0,0,0.0,0.0
central,ResNet50,9ef86b24e291,central-tuned,sgd,0.03,3,torch.float16,0.9088689991863304,0.9088689991863304,0.9088689991863304,0,0,0.0,0.0
central,ResNet50,bd2da71ce26f,central-tuned,sgd,0.01,2,torch.float16,0.903173311635476,0.903173311635476,0.903173311635476,0,0,0.0,0.0
central,ResNet50,c284d9ab4d24,central-tuned,sgd,0.003,2,torch.float16,0.8478437754271766,0.8478437754271766,0.8478437754271766,0,0,0.0,0.0
central,ResNet50,c4c7800f7fcd,central-tuned,sgd,0.01,1,torch.float16,0.8991049633848658,0.8991049633848658,0.8991049633848658,0,0,0.0,0.0
central,ResNet50,ccefa5fb2cef,central-tuned,adam,0.0001,4,torch.float16,0.9170056956875509,0.9170056956875509,0.9170056956875509,0,0,0.0,0.0
central,ResNet50,cd545cdbf1aa,central-tuned,adam,0.0001,0,torch.float16,0.9080553295362083,0.9080553295362083,0.9080553295362083,0,0,0.0,0.0
central,ResNet50,cdabade0dede,central-tuned,sgd,0.1,0,torch.float16,0.9015459723352319,0.9015459723352319,0.9015459723352319,0,0,0.0,0.0
central,ResNet50,d62ea93bb84e,central-tuned,sgd,0.03,4,torch.float16,0.9072416598860863,0.9072416598860863,0.9072416598860863,0,0,0.0,0.0
central,ResNet50,d8ffd5f3b62f,central-tuned,adam,0.001,4,torch.float16,0.8966639544344996,0.8966639544344996,0.8966639544344996,0,0,0.0,0.0
central,ResNet50,dd22ee4b2967,central-tuned,sgd,0.1,3,torch.float16,0.8820179007323027,0.8820179007323027,0.8820179007323027,0,0,0.0,0.0
central,ResNet50,e0d66ee9f2fb,central-tuned,sgd,0.01,0,torch.float16,0.9080553295362083,0.9080553295362083,0.9080553295362083,0,0,0.0,0.0
central,ResNet50,e6aa4d7e76b1,central-tuned,sgd,0.003,0,torch.float16,0.8470301057770545,0.8470301057770545,0.8470301057770545,0,0,0.0,0.0
central,ResNet50,ec4484ad1551,central-tuned,sgd,0.003,1,torch.float16,0.8519121236777868,0.8519121236777868,0.8519121236777868,0,0,0.0,0.0
central,ResNet50,efa07708880a,central-tuned,sgd,0.01,3,torch.float16,0.9015459723352319,0.9015459723352319,0.9015459723352319,0,0,0.0,0.0
central,ResNet50,f12bcdcbbc36,central-tuned,adam,0.0003,1,torch.float16,0.9178193653376729,0.9178193653376729,0.9170056956875509,1,1,-0.08136696501220841,-0.08136696501220841
central,ResNet50,faab5545dd62,central-tuned,sgd,0.1,2,torch.float16,0.8909682668836453,0.8909682668836453,0.8909682668836453,0,0,0.0,0.0
