optimizer,fm,algorithm,client,cancer,n_train,acc
adam,CTransPath,FedAvg,TCGA-LUAD_05,LUAD,16,0.06666666666666667
adam,CTransPath,FedAvg,TCGA-PAAD_2J,PAAD,11,0.0
adam,CTransPath,FedAvg,TCGA-LUAD_38,LUAD,7,0.0
adam,CTransPath,FedAvg,TCGA-PAAD_3A,PAAD,11,0.0
adam,CTransPath,FedAvg,TCGA-LUAD_44,LUAD,31,0.0
adam,CTransPath,FedAvg,TCGA-LUAD_49,LUAD,47,0.01818181818181818
adam,CTransPath,FedAvg,TCGA-LUAD_50,LUAD,12,0.0
adam,CTransPath,FedAvg,TCGA-LUAD_55,LUAD,63,0.0
adam,CTransPath,FedAvg,TCGA-LUAD_64,LUAD,8,0.0
adam,CTransPath,FedAvg,TCGA-LUAD_69,LUAD,10,0.0
adam,CTransPath,FedAvg,TCGA-LUAD_73,LUAD,8,0.0
adam,CTransPath,FedAvg,TCGA-LUAD_75,LUAD,11,0.0
adam,CTransPath,FedAvg,TCGA-LUAD_78,LUAD,21,0.0
adam,CTransPath,FedAvg,TCGA-LUAD_86,LUAD,23,0.0
adam,CTransPath,FedAvg,TCGA-LUAD_95,LUAD,7,0.0
adam,CTransPath,FedAvg,TCGA-LUAD_97,LUAD,16,0.0
adam,CTransPath,FedAvg,TCGA-BRCA_A1,BRCA,18,1.0
adam,CTransPath,FedAvg,TCGA-BRCA_A2,BRCA,116,0.9894736842105264
adam,CTransPath,FedAvg,TCGA-COAD_A6,COAD,76,0.7500000000000001
adam,CTransPath,FedAvg,TCGA-BRCA_A7,BRCA,47,0.8454545454545455
adam,CTransPath,FedAvg,TCGA-BRCA_A8,BRCA,116,0.9944444444444445
adam,CTransPath,FedAvg,TCGA-COAD_AA,COAD,255,0.8518518518518519
adam,CTransPath,FedAvg,TCGA-BRCA_AC,BRCA,35,0.7076923076923076
adam,CTransPath,FedAvg,TCGA-COAD_AD,COAD,12,0.8
adam,CTransPath,FedAvg,TCGA-BRCA_AN,BRCA,54,1.0
adam,CTransPath,FedAvg,TCGA-BRCA_AO,BRCA,59,0.9714285714285715
adam,CTransPath,FedAvg,TCGA-BRCA_AQ,BRCA,9,0.95
adam,CTransPath,FedAvg,TCGA-BRCA_AR,BRCA,58,0.95
adam,CTransPath,FedAvg,TCGA-COAD_AY,COAD,10,1.0
adam,CTransPath,FedAvg,TCGA-COAD_AZ,COAD,26,0.72
adam,CTransPath,FedAvg,TCGA-BRCA_B6,BRCA,68,0.9391304347826086
adam,CTransPath,FedAvg,TCGA-HNSC_BA,HNSC,21,0.2571428571428571
adam,CTransPath,FedAvg,TCGA-HNSC_BB,HNSC,14,0.2
adam,CTransPath,FedAvg,TCGA-SKCM_BF,SKCM,13,0.0
adam,CTransPath,FedAvg,TCGA-BRCA_BH,BRCA,160,1.0
adam,CTransPath,FedAvg,TCGA-STAD_BR,STAD,161,0.4625
adam,CTransPath,FedAvg,TCGA-CESC_C5,CESC,43,0.0
adam,CTransPath,FedAvg,TCGA-BRCA_C8,BRCA,46,1.0
adam,CTransPath,FedAvg,TCGA-COAD_CA,COAD,13,0.3
adam,CTransPath,FedAvg,TCGA-STAD_CD,STAD,35,0.38181818181818183
adam,CTransPath,FedAvg,TCGA-STAD_CG,STAD,56,0.2
adam,CTransPath,FedAvg,TCGA-COAD_CK,COAD,15,0.6857142857142857
adam,CTransPath,FedAvg,TCGA-COAD_CM,COAD,48,0.7555555555555558
adam,CTransPath,FedAvg,TCGA-HNSC_CN,HNSC,42,0.4
adam,CTransPath,FedAvg,TCGA-HNSC_CQ,HNSC,26,0.3333333333333333
adam,CTransPath,FedAvg,TCGA-LGG_CS,LGG,14,0.95
adam,CTransPath,FedAvg,TCGA-HNSC_CV,HNSC,94,0.2571428571428571
adam,CTransPath,FedAvg,TCGA-COAD_D5,COAD,37,0.9800000000000001
adam,CTransPath,FedAvg,TCGA-HNSC_D6,HNSC,20,0.3
adam,CTransPath,FedAvg,TCGA-STAD_D7,STAD,41,0.31428571428571433
adam,CTransPath,FedAvg,TCGA-BRCA_D8,BRCA,59,0.9882352941176471
adam,CTransPath,FedAvg,TCGA-SKCM_D9,SKCM,8,0.0
adam,CTransPath,FedAvg,TCGA-SKCM_DA,SKCM,16,0.0
adam,CTransPath,FedAvg,TCGA-LGG_DB,LGG,38,1.0
adam,CTransPath,FedAvg,TCGA-LGG_DH,LGG,10,1.0
adam,CTransPath,FedAvg,TCGA-COAD_DM,COAD,17,0.275
adam,CTransPath,FedAvg,TCGA-HNSC_DQ,HNSC,10,0.15
adam,CTransPath,FedAvg,TCGA-CESC_DS,CESC,7,0.0
adam,CTransPath,FedAvg,TCGA-LGG_DU,LGG,60,0.9555555555555555
adam,CTransPath,FedAvg,TCGA-LGG_E1,LGG,15,1.0
adam,CTransPath,FedAvg,TCGA-BRCA_E2,BRCA,70,1.0
adam,CTransPath,FedAvg,TCGA-BRCA_E9,BRCA,44,0.9846153846153847
adam,CTransPath,FedAvg,TCGA-CESC_EA,CESC,18,0.0
adam,CTransPath,FedAvg,TCGA-SKCM_EB,SKCM,32,0.0
adam,CTransPath,FedAvg,TCGA-SKCM_EE,SKCM,60,0.0
adam,CTransPath,FedAvg,TCGA-SKCM_ER,SKCM,27,0.0
adam,CTransPath,FedAvg,TCGA-BRCA_EW,BRCA,30,0.9777777777777779
adam,CTransPath,FedAvg,TCGA-COAD_F4,COAD,21,0.45
adam,CTransPath,FedAvg,TCGA-HNSC_F7,HNSC,9,0.26666666666666666
adam,CTransPath,FedAvg,TCGA-PAAD_FB,PAAD,11,0.0
adam,CTransPath,FedAvg,TCGA-LGG_FG,LGG,46,1.0
adam,CTransPath,FedAvg,TCGA-STAD_FP,STAD,9,0.13333333333333333
adam,CTransPath,FedAvg,TCGA-SKCM_FR,SKCM,7,0.0
adam,CTransPath,FedAvg,TCGA-CESC_FU,CESC,10,0.0
adam,CTransPath,FedAvg,TCGA-COAD_G4,COAD,33,0.6000000000000001
adam,CTransPath,FedAvg,TCGA-BRCA_GM,BRCA,14,1.0
adam,CTransPath,FedAvg,TCGA-SKCM_GN,SKCM,7,0.0
adam,CTransPath,FedAvg,TCGA-HNSC_HD,HNSC,10,0.2
adam,CTransPath,FedAvg,TCGA-STAD_HF,STAD,7,0.15
adam,CTransPath,FedAvg,TCGA-LGG_HT,LGG,207,0.960655737704918
adam,CTransPath,FedAvg,TCGA-STAD_HU,STAD,26,0.2
adam,CTransPath,FedAvg,TCGA-LGG_HW,LGG,10,1.0
adam,CTransPath,FedAvg,TCGA-PAAD_HZ,PAAD,21,0.0
adam,CTransPath,FedAvg,TCGA-PAAD_IB,PAAD,27,0.0
adam,CTransPath,FedAvg,TCGA-STAD_IN,STAD,13,0.4666666666666667
adam,CTransPath,FedAvg,TCGA-HNSC_IQ,HNSC,9,0.4
adam,CTransPath,FedAvg,TCGA-BRCA_LL,BRCA,13,0.96
adam,CTransPath,FedAvg,TCGA-LUAD_MP,LUAD,13,0.0
adam,CTransPath,FedAvg,TCGA-CESC_MY,CESC,7,0.0
adam,CTransPath,FedAvg,TCGA-BRCA_OL,BRCA,16,1.0
adam,CTransPath,FedAvg,TCGA-HNSC_P3,HNSC,10,0.35
adam,CTransPath,FedAvg,TCGA-LGG_P5,LGG,9,1.0
adam,CTransPath,FedAvg,TCGA-CESC_Q1,CESC,7,0.0
adam,CTransPath,FedAvg,TCGA-LGG_QH,LGG,14,1.0
adam,CTransPath,FedAvg,TCGA-HNSC_QK,HNSC,15,0.32
adam,CTransPath,FedAvg,TCGA-LGG_R8,LGG,16,1.0
adam,CTransPath,FedAvg,TCGA-STAD_RD,STAD,9,0.25
adam,CTransPath,FedAvg,TCGA-BRCA_S3,BRCA,7,1.0
adam,CTransPath,FedAvg,TCGA-LGG_S9,LGG,33,0.9818181818181818
adam,CTransPath,FedAvg,TCGA-LGG_TM,LGG,17,0.975
adam,CTransPath,FedAvg,TCGA-LGG_TQ,LGG,12,1.0
adam,CTransPath,FedAvg,TCGA-HNSC_UF,HNSC,12,0.32
adam,CTransPath,FedAvg,TCGA-LGG_VM,LGG,43,1.0
adam,CTransPath,FedAvg,TCGA-STAD_VQ,STAD,46,0.13333333333333336
adam,CTransPath,FedAvg,TCGA-CESC_VS,CESC,37,0.0
adam,CTransPath,FedAvg,TCGA-PAAD_XD,PAAD,4,0.0
adam,CTransPath,FedAvg,TCGA-CESC_ZJ,CESC,11,0.0
adam,CTransPath,FedBN,TCGA-LUAD_05,LUAD,16,0.0
adam,CTransPath,FedBN,TCGA-PAAD_2J,PAAD,11,0.0
adam,CTransPath,FedBN,TCGA-LUAD_38,LUAD,7,0.0
adam,CTransPath,FedBN,TCGA-PAAD_3A,PAAD,11,0.0
adam,CTransPath,FedBN,TCGA-LUAD_44,LUAD,31,0.0
adam,CTransPath,FedBN,TCGA-LUAD_49,LUAD,47,0.0
adam,CTransPath,FedBN,TCGA-LUAD_50,LUAD,12,0.0
adam,CTransPath,FedBN,TCGA-LUAD_55,LUAD,63,0.0
adam,CTransPath,FedBN,TCGA-LUAD_64,LUAD,8,0.0
adam,CTransPath,FedBN,TCGA-LUAD_69,LUAD,10,0.0
adam,CTransPath,FedBN,TCGA-LUAD_73,LUAD,8,0.0
adam,CTransPath,FedBN,TCGA-LUAD_75,LUAD,11,0.0
adam,CTransPath,FedBN,TCGA-LUAD_78,LUAD,21,0.0
adam,CTransPath,FedBN,TCGA-LUAD_86,LUAD,23,0.0
adam,CTransPath,FedBN,TCGA-LUAD_95,LUAD,7,0.0
adam,CTransPath,FedBN,TCGA-LUAD_97,LUAD,16,0.0
adam,CTransPath,FedBN,TCGA-BRCA_A1,BRCA,18,0.5
adam,CTransPath,FedBN,TCGA-BRCA_A2,BRCA,116,0.5157894736842106
adam,CTransPath,FedBN,TCGA-COAD_A6,COAD,76,0.7333333333333334
adam,CTransPath,FedBN,TCGA-BRCA_A7,BRCA,47,0.36363636363636365
adam,CTransPath,FedBN,TCGA-BRCA_A8,BRCA,116,0.4666666666666667
adam,CTransPath,FedBN,TCGA-COAD_AA,COAD,255,0.7259259259259259
adam,CTransPath,FedBN,TCGA-BRCA_AC,BRCA,35,0.36923076923076925
adam,CTransPath,FedBN,TCGA-COAD_AD,COAD,12,0.55
adam,CTransPath,FedBN,TCGA-BRCA_AN,BRCA,54,0.47058823529411764
adam,CTransPath,FedBN,TCGA-BRCA_AO,BRCA,59,0.5904761904761905
adam,CTransPath,FedBN,TCGA-BRCA_AQ,BRCA,9,0.35
adam,CTransPath,FedBN,TCGA-BRCA_AR,BRCA,58,0.38
adam,CTransPath,FedBN,TCGA-COAD_AY,COAD,10,0.5333333333333333
adam,CTransPath,FedBN,TCGA-COAD_AZ,COAD,26,0.72
adam,CTransPath,FedBN,TCGA-BRCA_B6,BRCA,68,0.49565217391304356
adam,CTransPath,FedBN,TCGA-HNSC_BA,HNSC,21,0.14285714285714285
adam,CTransPath,FedBN,TCGA-HNSC_BB,HNSC,14,0.16
adam,CTransPath,FedBN,TCGA-SKCM_BF,SKCM,13,0.0
adam,CTransPath,FedBN,TCGA-BRCA_BH,BRCA,160,0.6679999999999999
adam,CTransPath,FedBN,TCGA-STAD_BR,STAD,161,0.3125
adam,CTransPath,FedBN,TCGA-CESC_C5,CESC,43,0.03076923076923077
adam,CTransPath,FedBN,TCGA-BRCA_C8,BRCA,46,0.37777777777777777
adam,CTransPath,FedBN,TCGA-COAD_CA,COAD,13,0.4
adam,CTransPath,FedBN,TCGA-STAD_CD,STAD,35,0.16363636363636364
adam,CTransPath,FedBN,TCGA-STAD_CG,STAD,56,0.22222222222222224
adam,CTransPath,FedBN,TCGA-COAD_CK,COAD,15,0.6285714285714287
adam,CTransPath,FedBN,TCGA-COAD_CM,COAD,48,0.47777777777777775
adam,CTransPath,FedBN,TCGA-HNSC_CN,HNSC,42,0.09230769230769231
adam,CTransPath,FedBN,TCGA-HNSC_CQ,HNSC,26,0.2
adam,CTransPath,FedBN,TCGA-LGG_CS,LGG,14,0.25
adam,CTransPath,FedBN,TCGA-HNSC_CV,HNSC,94,0.12857142857142856
adam,CTransPath,FedBN,TCGA-COAD_D5,COAD,37,0.86
adam,CTransPath,FedBN,TCGA-HNSC_D6,HNSC,20,0.13333333333333333
adam,CTransPath,FedBN,TCGA-STAD_D7,STAD,41,0.07142857142857142
adam,CTransPath,FedBN,TCGA-BRCA_D8,BRCA,59,0.49411764705882355
adam,CTransPath,FedBN,TCGA-SKCM_D9,SKCM,8,0.0
adam,CTransPath,FedBN,TCGA-SKCM_DA,SKCM,16,0.0
adam,CTransPath,FedBN,TCGA-LGG_DB,LGG,38,0.3
adam,CTransPath,FedBN,TCGA-LGG_DH,LGG,10,0.35
adam,CTransPath,FedBN,TCGA-COAD_DM,COAD,17,0.3
adam,CTransPath,FedBN,TCGA-HNSC_DQ,HNSC,10,0.1
adam,CTransPath,FedBN,TCGA-CESC_DS,CESC,7,0.13333333333333333
adam,CTransPath,FedBN,TCGA-LGG_DU,LGG,60,0.28888888888888886
adam,CTransPath,FedBN,TCGA-LGG_E1,LGG,15,0.4
adam,CTransPath,FedBN,TCGA-BRCA_E2,BRCA,70,0.48571428571428577
adam,CTransPath,FedBN,TCGA-BRCA_E9,BRCA,44,0.5538461538461539
adam,CTransPath,FedBN,TCGA-CESC_EA,CESC,18,0.03333333333333333
adam,CTransPath,FedBN,TCGA-SKCM_EB,SKCM,32,0.0
adam,CTransPath,FedBN,TCGA-SKCM_EE,SKCM,60,0.0
adam,CTransPath,FedBN,TCGA-SKCM_ER,SKCM,27,0.0
adam,CTransPath,FedBN,TCGA-BRCA_EW,BRCA,30,0.4666666666666666
adam,CTransPath,FedBN,TCGA-COAD_F4,COAD,21,0.5
adam,CTransPath,FedBN,TCGA-HNSC_F7,HNSC,9,0.2
adam,CTransPath,FedBN,TCGA-PAAD_FB,PAAD,11,0.0
adam,CTransPath,FedBN,TCGA-LGG_FG,LGG,46,0.5
adam,CTransPath,FedBN,TCGA-STAD_FP,STAD,9,0.3333333333333333
adam,CTransPath,FedBN,TCGA-SKCM_FR,SKCM,7,0.0
adam,CTransPath,FedBN,TCGA-CESC_FU,CESC,10,0.1
adam,CTransPath,FedBN,TCGA-COAD_G4,COAD,33,0.5384615384615385
adam,CTransPath,FedBN,TCGA-BRCA_GM,BRCA,14,0.6
adam,CTransPath,FedBN,TCGA-SKCM_GN,SKCM,7,0.0
adam,CTransPath,FedBN,TCGA-HNSC_HD,HNSC,10,0.2
adam,CTransPath,FedBN,TCGA-STAD_HF,STAD,7,0.3
adam,CTransPath,FedBN,TCGA-LGG_HT,LGG,207,0.5508196721311476
adam,CTransPath,FedBN,TCGA-STAD_HU,STAD,26,0.075
adam,CTransPath,FedBN,TCGA-LGG_HW,LGG,10,0.25
adam,CTransPath,FedBN,TCGA-PAAD_HZ,PAAD,21,0.0
adam,CTransPath,FedBN,TCGA-PAAD_IB,PAAD,27,0.02222222222222222
adam,CTransPath,FedBN,TCGA-STAD_IN,STAD,13,0.2
adam,CTransPath,FedBN,TCGA-HNSC_IQ,HNSC,9,0.0
adam,CTransPath,FedBN,TCGA-BRCA_LL,BRCA,13,0.12
adam,CTransPath,FedBN,TCGA-LUAD_MP,LUAD,13,0.0
adam,CTransPath,FedBN,TCGA-CESC_MY,CESC,7,0.08
adam,CTransPath,FedBN,TCGA-BRCA_OL,BRCA,16,0.28
adam,CTransPath,FedBN,TCGA-HNSC_P3,HNSC,10,0.2
adam,CTransPath,FedBN,TCGA-LGG_P5,LGG,9,0.2
adam,CTransPath,FedBN,TCGA-CESC_Q1,CESC,7,0.2
adam,CTransPath,FedBN,TCGA-LGG_QH,LGG,14,0.24
adam,CTransPath,FedBN,TCGA-HNSC_QK,HNSC,15,0.12
adam,CTransPath,FedBN,TCGA-LGG_R8,LGG,16,0.36363636363636365
adam,CTransPath,FedBN,TCGA-STAD_RD,STAD,9,0.1
adam,CTransPath,FedBN,TCGA-BRCA_S3,BRCA,7,0.4
adam,CTransPath,FedBN,TCGA-LGG_S9,LGG,33,0.27272727272727276
adam,CTransPath,FedBN,TCGA-LGG_TM,LGG,17,0.375
adam,CTransPath,FedBN,TCGA-LGG_TQ,LGG,12,0.16
adam,CTransPath,FedBN,TCGA-HNSC_UF,HNSC,12,0.16
adam,CTransPath,FedBN,TCGA-LGG_VM,LGG,43,0.16296296296296295
adam,CTransPath,FedBN,TCGA-STAD_VQ,STAD,46,0.14666666666666667
adam,CTransPath,FedBN,TCGA-CESC_VS,CESC,37,0.08333333333333334
adam,CTransPath,FedBN,TCGA-PAAD_XD,PAAD,4,0.0
adam,CTransPath,FedBN,TCGA-CESC_ZJ,CESC,11,0.05
adam,CTransPath,FedProx,TCGA-LUAD_05,LUAD,16,0.06666666666666667
adam,CTransPath,FedProx,TCGA-PAAD_2J,PAAD,11,0.0
adam,CTransPath,FedProx,TCGA-LUAD_38,LUAD,7,0.0
adam,CTransPath,FedProx,TCGA-PAAD_3A,PAAD,11,0.0
adam,CTransPath,FedProx,TCGA-LUAD_44,LUAD,31,0.02
adam,CTransPath,FedProx,TCGA-LUAD_49,LUAD,47,0.04242424242424243
adam,CTransPath,FedProx,TCGA-LUAD_50,LUAD,12,0.0
adam,CTransPath,FedProx,TCGA-LUAD_55,LUAD,63,0.031578947368421054
adam,CTransPath,FedProx,TCGA-LUAD_64,LUAD,8,0.06666666666666667
adam,CTransPath,FedProx,TCGA-LUAD_69,LUAD,10,0.0
adam,CTransPath,FedProx,TCGA-LUAD_73,LUAD,8,0.0
adam,CTransPath,FedProx,TCGA-LUAD_75,LUAD,11,0.0
adam,CTransPath,FedProx,TCGA-LUAD_78,LUAD,21,0.0
adam,CTransPath,FedProx,TCGA-LUAD_86,LUAD,23,0.0
adam,CTransPath,FedProx,TCGA-LUAD_95,LUAD,7,0.0
adam,CTransPath,FedProx,TCGA-LUAD_97,LUAD,16,0.0
adam,CTransPath,FedProx,TCGA-BRCA_A1,BRCA,18,1.0
adam,CTransPath,FedProx,TCGA-BRCA_A2,BRCA,116,1.0
adam,CTransPath,FedProx,TCGA-COAD_A6,COAD,76,0.8333333333333334
adam,CTransPath,FedProx,TCGA-BRCA_A7,BRCA,47,0.8363636363636363
adam,CTransPath,FedProx,TCGA-BRCA_A8,BRCA,116,1.0
adam,CTransPath,FedProx,TCGA-COAD_AA,COAD,255,0.8839506172839506
adam,CTransPath,FedProx,TCGA-BRCA_AC,BRCA,35,0.6615384615384615
adam,CTransPath,FedProx,TCGA-COAD_AD,COAD,12,1.0
adam,CTransPath,FedProx,TCGA-BRCA_AN,BRCA,54,1.0
adam,CTransPath,FedProx,TCGA-BRCA_AO,BRCA,59,0.9904761904761905
adam,CTransPath,FedProx,TCGA-BRCA_AQ,BRCA,9,1.0
adam,CTransPath,FedProx,TCGA-BRCA_AR,BRCA,58,0.97
adam,CTransPath,FedProx,TCGA-COAD_AY,COAD,10,1.0
adam,CTransPath,FedProx,TCGA-COAD_AZ,COAD,26,0.8800000000000001
adam,CTransPath,FedProx,TCGA-BRCA_B6,BRCA,68,0.9304347826086957
adam,CTransPath,FedProx,TCGA-HNSC_BA,HNSC,21,0.2857142857142857
adam,CTransPath,FedProx,TCGA-HNSC_BB,HNSC,14,0.24
adam,CTransPath,FedProx,TCGA-SKCM_BF,SKCM,13,0.0
adam,CTransPath,FedProx,TCGA-BRCA_BH,BRCA,160,1.0
adam,CTransPath,FedProx,TCGA-STAD_BR,STAD,161,0.4291666666666667
adam,CTransPath,FedProx,TCGA-CESC_C5,CESC,43,0.0
adam,CTransPath,FedProx,TCGA-BRCA_C8,BRCA,46,1.0
adam,CTransPath,FedProx,TCGA-COAD_CA,COAD,13,0.4
adam,CTransPath,FedProx,TCGA-STAD_CD,STAD,35,0.32727272727272727
adam,CTransPath,FedProx,TCGA-STAD_CG,STAD,56,0.05555555555555556
adam,CTransPath,FedProx,TCGA-COAD_CK,COAD,15,0.7714285714285715
adam,CTransPath,FedProx,TCGA-COAD_CM,COAD,48,0.8777777777777779
adam,CTransPath,FedProx,TCGA-HNSC_CN,HNSC,42,0.38461538461538464
adam,CTransPath,FedProx,TCGA-HNSC_CQ,HNSC,26,0.37777777777777777
adam,CTransPath,FedProx,TCGA-LGG_CS,LGG,14,0.95
adam,CTransPath,FedProx,TCGA-HNSC_CV,HNSC,94,0.26428571428571435
adam,CTransPath,FedProx,TCGA-COAD_D5,COAD,37,1.0
adam,CTransPath,FedProx,TCGA-HNSC_D6,HNSC,20,0.3
adam,CTransPath,FedProx,TCGA-STAD_D7,STAD,41,0.27142857142857146
adam,CTransPath,FedProx,TCGA-BRCA_D8,BRCA,59,0.9764705882352942
adam,CTransPath,FedProx,TCGA-SKCM_D9,SKCM,8,0.0
adam,CTransPath,FedProx,TCGA-SKCM_DA,SKCM,16,0.0
adam,CTransPath,FedProx,TCGA-LGG_DB,LGG,38,1.0
adam,CTransPath,FedProx,TCGA-LGG_DH,LGG,10,1.0
adam,CTransPath,FedProx,TCGA-COAD_DM,COAD,17,0.375
adam,CTransPath,FedProx,TCGA-HNSC_DQ,HNSC,10,0.2
adam,CTransPath,FedProx,TCGA-CESC_DS,CESC,7,0.0
adam,CTransPath,FedProx,TCGA-LGG_DU,LGG,60,0.9777777777777779
adam,CTransPath,FedProx,TCGA-LGG_E1,LGG,15,1.0
adam,CTransPath,FedProx,TCGA-BRCA_E2,BRCA,70,1.0
adam,CTransPath,FedProx,TCGA-BRCA_E9,BRCA,44,1.0
adam,CTransPath,FedProx,TCGA-CESC_EA,CESC,18,0.0
adam,CTransPath,FedProx,TCGA-SKCM_EB,SKCM,32,0.0
adam,CTransPath,FedProx,TCGA-SKCM_EE,SKCM,60,0.0
adam,CTransPath,FedProx,TCGA-SKCM_ER,SKCM,27,0.0
adam,CTransPath,FedProx,TCGA-BRCA_EW,BRCA,30,1.0
adam,CTransPath,FedProx,TCGA-COAD_F4,COAD,21,0.6
adam,CTransPath,FedProx,TCGA-HNSC_F7,HNSC,9,0.26666666666666666
adam,CTransPath,FedProx,TCGA-PAAD_FB,PAAD,11,0.0
adam,CTransPath,FedProx,TCGA-LGG_FG,LGG,46,1.0
adam,CTransPath,FedProx,TCGA-STAD_FP,STAD,9,0.06666666666666667
adam,CTransPath,FedProx,TCGA-SKCM_FR,SKCM,7,0.0
adam,CTransPath,FedProx,TCGA-CESC_FU,CESC,10,0.0
adam,CTransPath,FedProx,TCGA-COAD_G4,COAD,33,0.8153846153846154
adam,CTransPath,FedProx,TCGA-BRCA_GM,BRCA,14,1.0
adam,CTransPath,FedProx,TCGA-SKCM_GN,SKCM,7,0.0
adam,CTransPath,FedProx,TCGA-HNSC_HD,HNSC,10,0.3
adam,CTransPath,FedProx,TCGA-STAD_HF,STAD,7,0.0
adam,CTransPath,FedProx,TCGA-LGG_HT,LGG,207,0.9704918032786886
adam,CTransPath,FedProx,TCGA-STAD_HU,STAD,26,0.15
adam,CTransPath,FedProx,TCGA-LGG_HW,LGG,10,1.0
adam,CTransPath,FedProx,TCGA-PAAD_HZ,PAAD,21,0.0
adam,CTransPath,FedProx,TCGA-PAAD_IB,PAAD,27,0.0
adam,CTransPath,FedProx,TCGA-STAD_IN,STAD,13,0.3666666666666666
adam,CTransPath,FedProx,TCGA-HNSC_IQ,HNSC,9,0.4
adam,CTransPath,FedProx,TCGA-BRCA_LL,BRCA,13,0.96
adam,CTransPath,FedProx,TCGA-LUAD_MP,LUAD,13,0.0
adam,CTransPath,FedProx,TCGA-CESC_MY,CESC,7,0.0
adam,CTransPath,FedProx,TCGA-BRCA_OL,BRCA,16,1.0
adam,CTransPath,FedProx,TCGA-HNSC_P3,HNSC,10,0.35
adam,CTransPath,FedProx,TCGA-LGG_P5,LGG,9,1.0
adam,CTransPath,FedProx,TCGA-CESC_Q1,CESC,7,0.0
adam,CTransPath,FedProx,TCGA-LGG_QH,LGG,14,1.0
adam,CTransPath,FedProx,TCGA-HNSC_QK,HNSC,15,0.32
adam,CTransPath,FedProx,TCGA-LGG_R8,LGG,16,1.0
adam,CTransPath,FedProx,TCGA-STAD_RD,STAD,9,0.2
adam,CTransPath,FedProx,TCGA-BRCA_S3,BRCA,7,1.0
adam,CTransPath,FedProx,TCGA-LGG_S9,LGG,33,0.9818181818181818
adam,CTransPath,FedProx,TCGA-LGG_TM,LGG,17,0.975
adam,CTransPath,FedProx,TCGA-LGG_TQ,LGG,12,1.0
adam,CTransPath,FedProx,TCGA-HNSC_UF,HNSC,12,0.32
adam,CTransPath,FedProx,TCGA-LGG_VM,LGG,43,1.0
adam,CTransPath,FedProx,TCGA-STAD_VQ,STAD,46,0.08
adam,CTransPath,FedProx,TCGA-CESC_VS,CESC,37,0.0
adam,CTransPath,FedProx,TCGA-PAAD_XD,PAAD,4,0.0
adam,CTransPath,FedProx,TCGA-CESC_ZJ,CESC,11,0.0
adam,CTransPath,SCAFFOLD,TCGA-LUAD_05,LUAD,16,0.3666666666666667
adam,CTransPath,SCAFFOLD,TCGA-PAAD_2J,PAAD,11,0.0
adam,CTransPath,SCAFFOLD,TCGA-LUAD_38,LUAD,7,0.4
adam,CTransPath,SCAFFOLD,TCGA-PAAD_3A,PAAD,11,0.0
adam,CTransPath,SCAFFOLD,TCGA-LUAD_44,LUAD,31,0.33999999999999997
adam,CTransPath,SCAFFOLD,TCGA-LUAD_49,LUAD,47,0.36363636363636365
adam,CTransPath,SCAFFOLD,TCGA-LUAD_50,LUAD,12,0.37142857142857144
adam,CTransPath,SCAFFOLD,TCGA-LUAD_55,LUAD,63,0.3473684210526316
adam,CTransPath,SCAFFOLD,TCGA-LUAD_64,LUAD,8,0.3333333333333333
adam,CTransPath,SCAFFOLD,TCGA-LUAD_69,LUAD,10,0.4
adam,CTransPath,SCAFFOLD,TCGA-LUAD_73,LUAD,8,0.4
adam,CTransPath,SCAFFOLD,TCGA-LUAD_75,LUAD,11,0.3
adam,CTransPath,SCAFFOLD,TCGA-LUAD_78,LUAD,21,0.3142857142857143
adam,CTransPath,SCAFFOLD,TCGA-LUAD_86,LUAD,23,0.3
adam,CTransPath,SCAFFOLD,TCGA-LUAD_95,LUAD,7,0.3333333333333333
adam,CTransPath,SCAFFOLD,TCGA-LUAD_97,LUAD,16,0.36
adam,CTransPath,SCAFFOLD,TCGA-BRCA_A1,BRCA,18,0.6
adam,CTransPath,SCAFFOLD,TCGA-BRCA_A2,BRCA,116,0.631578947368421
adam,CTransPath,SCAFFOLD,TCGA-COAD_A6,COAD,76,0.25
adam,CTransPath,SCAFFOLD,TCGA-BRCA_A7,BRCA,47,0.48181818181818176
adam,CTransPath,SCAFFOLD,TCGA-BRCA_A8,BRCA,116,0.6888888888888889
adam,CTransPath,SCAFFOLD,TCGA-COAD_AA,COAD,255,0.35802469135802467
adam,CTransPath,SCAFFOLD,TCGA-BRCA_AC,BRCA,35,0.476923076923077
adam,CTransPath,SCAFFOLD,TCGA-COAD_AD,COAD,12,0.15
adam,CTransPath,SCAFFOLD,TCGA-BRCA_AN,BRCA,54,0.6235294117647059
adam,CTransPath,SCAFFOLD,TCGA-BRCA_AO,BRCA,59,0.6476190476190476
adam,CTransPath,SCAFFOLD,TCGA-BRCA_AQ,BRCA,9,0.55
adam,CTransPath,SCAFFOLD,TCGA-BRCA_AR,BRCA,58,0.6599999999999999
adam,CTransPath,SCAFFOLD,TCGA-COAD_AY,COAD,10,0.6
adam,CTransPath,SCAFFOLD,TCGA-COAD_AZ,COAD,26,0.33999999999999997
adam,CTransPath,SCAFFOLD,TCGA-BRCA_B6,BRCA,68,0.6086956521739131
adam,CTransPath,SCAFFOLD,TCGA-HNSC_BA,HNSC,21,0.0
adam,CTransPath,SCAFFOLD,TCGA-HNSC_BB,HNSC,14,0.0
adam,CTransPath,SCAFFOLD,TCGA-SKCM_BF,SKCM,13,0.0
adam,CTransPath,SCAFFOLD,TCGA-BRCA_BH,BRCA,160,0.6639999999999999
adam,CTransPath,SCAFFOLD,TCGA-STAD_BR,STAD,161,0.0
adam,CTransPath,SCAFFOLD,TCGA-CESC_C5,CESC,43,0.0
adam,CTransPath,SCAFFOLD,TCGA-BRCA_C8,BRCA,46,0.6222222222222222
adam,CTransPath,SCAFFOLD,TCGA-COAD_CA,COAD,13,0.05
adam,CTransPath,SCAFFOLD,TCGA-STAD_CD,STAD,35,0.0
adam,CTransPath,SCAFFOLD,TCGA-STAD_CG,STAD,56,0.0
adam,CTransPath,SCAFFOLD,TCGA-COAD_CK,COAD,15,0.22857142857142856
adam,CTransPath,SCAFFOLD,TCGA-COAD_CM,COAD,48,0.2666666666666667
adam,CTransPath,SCAFFOLD,TCGA-HNSC_CN,HNSC,42,0.0
adam,CTransPath,SCAFFOLD,TCGA-HNSC_CQ,HNSC,26,0.0
adam,CTransPath,SCAFFOLD,TCGA-LGG_CS,LGG,14,0.65
adam,CTransPath,SCAFFOLD,TCGA-HNSC_CV,HNSC,94,0.0
adam,CTransPath,SCAFFOLD,TCGA-COAD_D5,COAD,37,0.25999999999999995
adam,CTransPath,SCAFFOLD,TCGA-HNSC_D6,HNSC,20,0.0
adam,CTransPath,SCAFFOLD,TCGA-STAD_D7,STAD,41,0.0
adam,CTransPath,SCAFFOLD,TCGA-BRCA_D8,BRCA,59,0.7411764705882353
adam,CTransPath,SCAFFOLD,TCGA-SKCM_D9,SKCM,8,0.0
adam,CTransPath,SCAFFOLD,TCGA-SKCM_DA,SKCM,16,0.0
adam,CTransPath,SCAFFOLD,TCGA-LGG_DB,LGG,38,0.7571428571428571
adam,CTransPath,SCAFFOLD,TCGA-LGG_DH,LGG,10,0.75
adam,CTransPath,SCAFFOLD,TCGA-COAD_DM,COAD,17,0.15
adam,CTransPath,SCAFFOLD,TCGA-HNSC_DQ,HNSC,10,0.0
adam,CTransPath,SCAFFOLD,TCGA-CESC_DS,CESC,7,0.0
adam,CTransPath,SCAFFOLD,TCGA-LGG_DU,LGG,60,0.6888888888888889
adam,CTransPath,SCAFFOLD,TCGA-LGG_E1,LGG,15,0.72
adam,CTransPath,SCAFFOLD,TCGA-BRCA_E2,BRCA,70,0.6380952380952382
adam,CTransPath,SCAFFOLD,TCGA-BRCA_E9,BRCA,44,0.6615384615384615
adam,CTransPath,SCAFFOLD,TCGA-CESC_EA,CESC,18,0.0
adam,CTransPath,SCAFFOLD,TCGA-SKCM_EB,SKCM,32,0.0
adam,CTransPath,SCAFFOLD,TCGA-SKCM_EE,SKCM,60,0.0
adam,CTransPath,SCAFFOLD,TCGA-SKCM_ER,SKCM,27,0.0
adam,CTransPath,SCAFFOLD,TCGA-BRCA_EW,BRCA,30,0.6666666666666667
adam,CTransPath,SCAFFOLD,TCGA-COAD_F4,COAD,21,0.025
adam,CTransPath,SCAFFOLD,TCGA-HNSC_F7,HNSC,9,0.0
adam,CTransPath,SCAFFOLD,TCGA-PAAD_FB,PAAD,11,0.0
adam,CTransPath,SCAFFOLD,TCGA-LGG_FG,LGG,46,0.65
adam,CTransPath,SCAFFOLD,TCGA-STAD_FP,STAD,9,0.0
adam,CTransPath,SCAFFOLD,TCGA-SKCM_FR,SKCM,7,0.0
adam,CTransPath,SCAFFOLD,TCGA-CESC_FU,CESC,10,0.0
adam,CTransPath,SCAFFOLD,TCGA-COAD_G4,COAD,33,0.18461538461538463
adam,CTransPath,SCAFFOLD,TCGA-BRCA_GM,BRCA,14,0.6
adam,CTransPath,SCAFFOLD,TCGA-SKCM_GN,SKCM,7,0.0
adam,CTransPath,SCAFFOLD,TCGA-HNSC_HD,HNSC,10,0.0
adam,CTransPath,SCAFFOLD,TCGA-STAD_HF,STAD,7,0.0
adam,CTransPath,SCAFFOLD,TCGA-LGG_HT,LGG,207,0.6786885245901639
adam,CTransPath,SCAFFOLD,TCGA-STAD_HU,STAD,26,0.0
adam,CTransPath,SCAFFOLD,TCGA-LGG_HW,LGG,10,0.65
adam,CTransPath,SCAFFOLD,TCGA-PAAD_HZ,PAAD,21,0.0
adam,CTransPath,SCAFFOLD,TCGA-PAAD_IB,PAAD,27,0.0
adam,CTransPath,SCAFFOLD,TCGA-STAD_IN,STAD,13,0.0
adam,CTransPath,SCAFFOLD,TCGA-HNSC_IQ,HNSC,9,0.0
adam,CTransPath,SCAFFOLD,TCGA-BRCA_LL,BRCA,13,0.6799999999999999
adam,CTransPath,SCAFFOLD,TCGA-LUAD_MP,LUAD,13,0.32
adam,CTransPath,SCAFFOLD,TCGA-CESC_MY,CESC,7,0.0
adam,CTransPath,SCAFFOLD,TCGA-BRCA_OL,BRCA,16,0.6799999999999999
adam,CTransPath,SCAFFOLD,TCGA-HNSC_P3,HNSC,10,0.0
adam,CTransPath,SCAFFOLD,TCGA-LGG_P5,LGG,9,0.75
adam,CTransPath,SCAFFOLD,TCGA-CESC_Q1,CESC,7,0.0
adam,CTransPath,SCAFFOLD,TCGA-LGG_QH,LGG,14,0.76
adam,CTransPath,SCAFFOLD,TCGA-HNSC_QK,HNSC,15,0.0
adam,CTransPath,SCAFFOLD,TCGA-LGG_R8,LGG,16,0.7363636363636363
adam,CTransPath,SCAFFOLD,TCGA-STAD_RD,STAD,9,0.0
adam,CTransPath,SCAFFOLD,TCGA-BRCA_S3,BRCA,7,0.6
adam,CTransPath,SCAFFOLD,TCGA-LGG_S9,LGG,33,0.7090909090909091
adam,CTransPath,SCAFFOLD,TCGA-LGG_TM,LGG,17,0.7
adam,CTransPath,SCAFFOLD,TCGA-LGG_TQ,LGG,12,0.6799999999999999
adam,CTransPath,SCAFFOLD,TCGA-HNSC_UF,HNSC,12,0.0
adam,CTransPath,SCAFFOLD,TCGA-LGG_VM,LGG,43,0.674074074074074
adam,CTransPath,SCAFFOLD,TCGA-STAD_VQ,STAD,46,0.0
adam,CTransPath,SCAFFOLD,TCGA-CESC_VS,CESC,37,0.0
adam,CTransPath,SCAFFOLD,TCGA-PAAD_XD,PAAD,4,0.0
adam,CTransPath,SCAFFOLD,TCGA-CESC_ZJ,CESC,11,0.0
adam,Conch_v15,FedAvg,TCGA-LUAD_05,LUAD,16,1.0
adam,Conch_v15,FedAvg,TCGA-PAAD_2J,PAAD,11,0.72
adam,Conch_v15,FedAvg,TCGA-LUAD_38,LUAD,7,1.0
adam,Conch_v15,FedAvg,TCGA-PAAD_3A,PAAD,11,0.52
adam,Conch_v15,FedAvg,TCGA-LUAD_44,LUAD,31,0.9
adam,Conch_v15,FedAvg,TCGA-LUAD_49,LUAD,47,0.9757575757575758
adam,Conch_v15,FedAvg,TCGA-LUAD_50,LUAD,12,1.0
adam,Conch_v15,FedAvg,TCGA-LUAD_55,LUAD,63,0.9473684210526315
adam,Conch_v15,FedAvg,TCGA-LUAD_64,LUAD,8,1.0
adam,Conch_v15,FedAvg,TCGA-LUAD_69,LUAD,10,1.0
adam,Conch_v15,FedAvg,TCGA-LUAD_73,LUAD,8,1.0
adam,Conch_v15,FedAvg,TCGA-LUAD_75,LUAD,11,1.0
adam,Conch_v15,FedAvg,TCGA-LUAD_78,LUAD,21,1.0
adam,Conch_v15,FedAvg,TCGA-LUAD_86,LUAD,23,1.0
adam,Conch_v15,FedAvg,TCGA-LUAD_95,LUAD,7,1.0
adam,Conch_v15,FedAvg,TCGA-LUAD_97,LUAD,16,1.0
adam,Conch_v15,FedAvg,TCGA-BRCA_A1,BRCA,18,1.0
adam,Conch_v15,FedAvg,TCGA-BRCA_A2,BRCA,116,1.0
adam,Conch_v15,FedAvg,TCGA-COAD_A6,COAD,76,0.8666666666666666
adam,Conch_v15,FedAvg,TCGA-BRCA_A7,BRCA,47,0.8636363636363636
adam,Conch_v15,FedAvg,TCGA-BRCA_A8,BRCA,116,0.9944444444444445
adam,Conch_v15,FedAvg,TCGA-COAD_AA,COAD,255,0.8814814814814815
adam,Conch_v15,FedAvg,TCGA-BRCA_AC,BRCA,35,0.8153846153846155
adam,Conch_v15,FedAvg,TCGA-COAD_AD,COAD,12,0.4
adam,Conch_v15,FedAvg,TCGA-BRCA_AN,BRCA,54,0.9411764705882353
adam,Conch_v15,FedAvg,TCGA-BRCA_AO,BRCA,59,1.0
adam,Conch_v15,FedAvg,TCGA-BRCA_AQ,BRCA,9,1.0
adam,Conch_v15,FedAvg,TCGA-BRCA_AR,BRCA,58,1.0
adam,Conch_v15,FedAvg,TCGA-COAD_AY,COAD,10,1.0
adam,Conch_v15,FedAvg,TCGA-COAD_AZ,COAD,26,0.8
adam,Conch_v15,FedAvg,TCGA-BRCA_B6,BRCA,68,0.9739130434782608
adam,Conch_v15,FedAvg,TCGA-HNSC_BA,HNSC,21,0.5428571428571429
adam,Conch_v15,FedAvg,TCGA-HNSC_BB,HNSC,14,0.6
adam,Conch_v15,FedAvg,TCGA-SKCM_BF,SKCM,13,0.96
adam,Conch_v15,FedAvg,TCGA-BRCA_BH,BRCA,160,0.9960000000000001
adam,Conch_v15,FedAvg,TCGA-STAD_BR,STAD,161,0.7833333333333333
adam,Conch_v15,FedAvg,TCGA-CESC_C5,CESC,43,0.7384615384615384
adam,Conch_v15,FedAvg,TCGA-BRCA_C8,BRCA,46,0.9777777777777779
adam,Conch_v15,FedAvg,TCGA-COAD_CA,COAD,13,0.15
adam,Conch_v15,FedAvg,TCGA-STAD_CD,STAD,35,0.7272727272727273
adam,Conch_v15,FedAvg,TCGA-STAD_CG,STAD,56,0.24444444444444446
adam,Conch_v15,FedAvg,TCGA-COAD_CK,COAD,15,0.8571428571428571
adam,Conch_v15,FedAvg,TCGA-COAD_CM,COAD,48,0.9111111111111112
adam,Conch_v15,FedAvg,TCGA-HNSC_CN,HNSC,42,0.8461538461538461
adam,Conch_v15,FedAvg,TCGA-HNSC_CQ,HNSC,26,0.9777777777777779
adam,Conch_v15,FedAvg,TCGA-LGG_CS,LGG,14,1.0
adam,Conch_v15,FedAvg,TCGA-HNSC_CV,HNSC,94,0.8642857142857142
adam,Conch_v15,FedAvg,TCGA-COAD_D5,COAD,37,0.9400000000000001
adam,Conch_v15,FedAvg,TCGA-HNSC_D6,HNSC,20,0.8
adam,Conch_v15,FedAvg,TCGA-STAD_D7,STAD,41,0.41428571428571426
adam,Conch_v15,FedAvg,TCGA-BRCA_D8,BRCA,59,0.9882352941176471
adam,Conch_v15,FedAvg,TCGA-SKCM_D9,SKCM,8,0.5
adam,Conch_v15,FedAvg,TCGA-SKCM_DA,SKCM,16,1.0
adam,Conch_v15,FedAvg,TCGA-LGG_DB,LGG,38,1.0
adam,Conch_v15,FedAvg,TCGA-LGG_DH,LGG,10,1.0
adam,Conch_v15,FedAvg,TCGA-COAD_DM,COAD,17,0.6
adam,Conch_v15,FedAvg,TCGA-HNSC_DQ,HNSC,10,0.4
adam,Conch_v15,FedAvg,TCGA-CESC_DS,CESC,7,0.26666666666666666
adam,Conch_v15,FedAvg,TCGA-LGG_DU,LGG,60,1.0
adam,Conch_v15,FedAvg,TCGA-LGG_E1,LGG,15,1.0
adam,Conch_v15,FedAvg,TCGA-BRCA_E2,BRCA,70,1.0
adam,Conch_v15,FedAvg,TCGA-BRCA_E9,BRCA,44,0.9538461538461538
adam,Conch_v15,FedAvg,TCGA-CESC_EA,CESC,18,0.9666666666666666
adam,Conch_v15,FedAvg,TCGA-SKCM_EB,SKCM,32,0.890909090909091
adam,Conch_v15,FedAvg,TCGA-SKCM_EE,SKCM,60,0.8947368421052632
adam,Conch_v15,FedAvg,TCGA-SKCM_ER,SKCM,27,1.0
adam,Conch_v15,FedAvg,TCGA-BRCA_EW,BRCA,30,1.0
adam,Conch_v15,FedAvg,TCGA-COAD_F4,COAD,21,0.425
adam,Conch_v15,FedAvg,TCGA-HNSC_F7,HNSC,9,0.8
adam,Conch_v15,FedAvg,TCGA-PAAD_FB,PAAD,11,0.36
adam,Conch_v15,FedAvg,TCGA-LGG_FG,LGG,46,1.0
adam,Conch_v15,FedAvg,TCGA-STAD_FP,STAD,9,0.6666666666666666
adam,Conch_v15,FedAvg,TCGA-SKCM_FR,SKCM,7,1.0
adam,Conch_v15,FedAvg,TCGA-CESC_FU,CESC,10,0.6
adam,Conch_v15,FedAvg,TCGA-COAD_G4,COAD,33,0.49230769230769234
adam,Conch_v15,FedAvg,TCGA-BRCA_GM,BRCA,14,1.0
adam,Conch_v15,FedAvg,TCGA-SKCM_GN,SKCM,7,1.0
adam,Conch_v15,FedAvg,TCGA-HNSC_HD,HNSC,10,0.75
adam,Conch_v15,FedAvg,TCGA-STAD_HF,STAD,7,0.6
adam,Conch_v15,FedAvg,TCGA-LGG_HT,LGG,207,1.0
adam,Conch_v15,FedAvg,TCGA-STAD_HU,STAD,26,0.3
adam,Conch_v15,FedAvg,TCGA-LGG_HW,LGG,10,1.0
adam,Conch_v15,FedAvg,TCGA-PAAD_HZ,PAAD,21,0.5142857142857142
adam,Conch_v15,FedAvg,TCGA-PAAD_IB,PAAD,27,0.6222222222222222
adam,Conch_v15,FedAvg,TCGA-STAD_IN,STAD,13,0.5333333333333333
adam,Conch_v15,FedAvg,TCGA-HNSC_IQ,HNSC,9,1.0
adam,Conch_v15,FedAvg,TCGA-BRCA_LL,BRCA,13,1.0
adam,Conch_v15,FedAvg,TCGA-LUAD_MP,LUAD,13,0.8
adam,Conch_v15,FedAvg,TCGA-CESC_MY,CESC,7,0.36
adam,Conch_v15,FedAvg,TCGA-BRCA_OL,BRCA,16,1.0
adam,Conch_v15,FedAvg,TCGA-HNSC_P3,HNSC,10,1.0
adam,Conch_v15,FedAvg,TCGA-LGG_P5,LGG,9,1.0
adam,Conch_v15,FedAvg,TCGA-CESC_Q1,CESC,7,0.9333333333333332
adam,Conch_v15,FedAvg,TCGA-LGG_QH,LGG,14,1.0
adam,Conch_v15,FedAvg,TCGA-HNSC_QK,HNSC,15,0.8400000000000001
adam,Conch_v15,FedAvg,TCGA-LGG_R8,LGG,16,1.0
adam,Conch_v15,FedAvg,TCGA-STAD_RD,STAD,9,0.95
adam,Conch_v15,FedAvg,TCGA-BRCA_S3,BRCA,7,1.0
adam,Conch_v15,FedAvg,TCGA-LGG_S9,LGG,33,1.0
adam,Conch_v15,FedAvg,TCGA-LGG_TM,LGG,17,1.0
adam,Conch_v15,FedAvg,TCGA-LGG_TQ,LGG,12,1.0
adam,Conch_v15,FedAvg,TCGA-HNSC_UF,HNSC,12,0.9199999999999999
adam,Conch_v15,FedAvg,TCGA-LGG_VM,LGG,43,1.0
adam,Conch_v15,FedAvg,TCGA-STAD_VQ,STAD,46,0.5466666666666666
adam,Conch_v15,FedAvg,TCGA-CESC_VS,CESC,37,0.7666666666666667
adam,Conch_v15,FedAvg,TCGA-PAAD_XD,PAAD,4,0.52
adam,Conch_v15,FedAvg,TCGA-CESC_ZJ,CESC,11,0.75
adam,Conch_v15,FedBN,TCGA-LUAD_05,LUAD,16,0.0
adam,Conch_v15,FedBN,TCGA-PAAD_2J,PAAD,11,0.0
adam,Conch_v15,FedBN,TCGA-LUAD_38,LUAD,7,0.0
adam,Conch_v15,FedBN,TCGA-PAAD_3A,PAAD,11,0.0
adam,Conch_v15,FedBN,TCGA-LUAD_44,LUAD,31,0.0
adam,Conch_v15,FedBN,TCGA-LUAD_49,LUAD,47,0.0
adam,Conch_v15,FedBN,TCGA-LUAD_50,LUAD,12,0.0
adam,Conch_v15,FedBN,TCGA-LUAD_55,LUAD,63,0.0
adam,Conch_v15,FedBN,TCGA-LUAD_64,LUAD,8,0.0
adam,Conch_v15,FedBN,TCGA-LUAD_69,LUAD,10,0.0
adam,Conch_v15,FedBN,TCGA-LUAD_73,LUAD,8,0.0
adam,Conch_v15,FedBN,TCGA-LUAD_75,LUAD,11,0.0
adam,Conch_v15,FedBN,TCGA-LUAD_78,LUAD,21,0.0
adam,Conch_v15,FedBN,TCGA-LUAD_86,LUAD,23,0.0
adam,Conch_v15,FedBN,TCGA-LUAD_95,LUAD,7,0.0
adam,Conch_v15,FedBN,TCGA-LUAD_97,LUAD,16,0.0
adam,Conch_v15,FedBN,TCGA-BRCA_A1,BRCA,18,0.325
adam,Conch_v15,FedBN,TCGA-BRCA_A2,BRCA,116,0.5421052631578946
adam,Conch_v15,FedBN,TCGA-COAD_A6,COAD,76,0.6583333333333333
adam,Conch_v15,FedBN,TCGA-BRCA_A7,BRCA,47,0.42727272727272725
adam,Conch_v15,FedBN,TCGA-BRCA_A8,BRCA,116,0.5777777777777778
adam,Conch_v15,FedBN,TCGA-COAD_AA,COAD,255,0.819753086419753
adam,Conch_v15,FedBN,TCGA-BRCA_AC,BRCA,35,0.3846153846153847
adam,Conch_v15,FedBN,TCGA-COAD_AD,COAD,12,0.6
adam,Conch_v15,FedBN,TCGA-BRCA_AN,BRCA,54,0.411764705882353
adam,Conch_v15,FedBN,TCGA-BRCA_AO,BRCA,59,0.5619047619047619
adam,Conch_v15,FedBN,TCGA-BRCA_AQ,BRCA,9,0.5
adam,Conch_v15,FedBN,TCGA-BRCA_AR,BRCA,58,0.52
adam,Conch_v15,FedBN,TCGA-COAD_AY,COAD,10,0.8
adam,Conch_v15,FedBN,TCGA-COAD_AZ,COAD,26,0.78
adam,Conch_v15,FedBN,TCGA-BRCA_B6,BRCA,68,0.5304347826086956
adam,Conch_v15,FedBN,TCGA-HNSC_BA,HNSC,21,0.0
adam,Conch_v15,FedBN,TCGA-HNSC_BB,HNSC,14,0.0
adam,Conch_v15,FedBN,TCGA-SKCM_BF,SKCM,13,0.0
adam,Conch_v15,FedBN,TCGA-BRCA_BH,BRCA,160,0.756
adam,Conch_v15,FedBN,TCGA-STAD_BR,STAD,161,0.39999999999999997
adam,Conch_v15,FedBN,TCGA-CESC_C5,CESC,43,0.015384615384615385
adam,Conch_v15,FedBN,TCGA-BRCA_C8,BRCA,46,0.44444444444444436
adam,Conch_v15,FedBN,TCGA-COAD_CA,COAD,13,0.3
adam,Conch_v15,FedBN,TCGA-STAD_CD,STAD,35,0.27272727272727276
adam,Conch_v15,FedBN,TCGA-STAD_CG,STAD,56,0.35555555555555557
adam,Conch_v15,FedBN,TCGA-COAD_CK,COAD,15,0.7142857142857143
adam,Conch_v15,FedBN,TCGA-COAD_CM,COAD,48,0.711111111111111
adam,Conch_v15,FedBN,TCGA-HNSC_CN,HNSC,42,0.0
adam,Conch_v15,FedBN,TCGA-HNSC_CQ,HNSC,26,0.0
adam,Conch_v15,FedBN,TCGA-LGG_CS,LGG,14,0.2
adam,Conch_v15,FedBN,TCGA-HNSC_CV,HNSC,94,0.0
adam,Conch_v15,FedBN,TCGA-COAD_D5,COAD,37,0.78
adam,Conch_v15,FedBN,TCGA-HNSC_D6,HNSC,20,0.0
adam,Conch_v15,FedBN,TCGA-STAD_D7,STAD,41,0.17142857142857143
adam,Conch_v15,FedBN,TCGA-BRCA_D8,BRCA,59,0.5647058823529412
adam,Conch_v15,FedBN,TCGA-SKCM_D9,SKCM,8,0.0
adam,Conch_v15,FedBN,TCGA-SKCM_DA,SKCM,16,0.04
adam,Conch_v15,FedBN,TCGA-LGG_DB,LGG,38,0.24285714285714283
adam,Conch_v15,FedBN,TCGA-LGG_DH,LGG,10,0.3
adam,Conch_v15,FedBN,TCGA-COAD_DM,COAD,17,0.375
adam,Conch_v15,FedBN,TCGA-HNSC_DQ,HNSC,10,0.0
adam,Conch_v15,FedBN,TCGA-CESC_DS,CESC,7,0.0
adam,Conch_v15,FedBN,TCGA-LGG_DU,LGG,60,0.2777777777777778
adam,Conch_v15,FedBN,TCGA-LGG_E1,LGG,15,0.27999999999999997
adam,Conch_v15,FedBN,TCGA-BRCA_E2,BRCA,70,0.44761904761904764
adam,Conch_v15,FedBN,TCGA-BRCA_E9,BRCA,44,0.5076923076923078
adam,Conch_v15,FedBN,TCGA-CESC_EA,CESC,18,0.1
adam,Conch_v15,FedBN,TCGA-SKCM_EB,SKCM,32,0.03636363636363636
adam,Conch_v15,FedBN,TCGA-SKCM_EE,SKCM,60,0.0
adam,Conch_v15,FedBN,TCGA-SKCM_ER,SKCM,27,0.0
adam,Conch_v15,FedBN,TCGA-BRCA_EW,BRCA,30,0.6222222222222222
adam,Conch_v15,FedBN,TCGA-COAD_F4,COAD,21,0.525
adam,Conch_v15,FedBN,TCGA-HNSC_F7,HNSC,9,0.0
adam,Conch_v15,FedBN,TCGA-PAAD_FB,PAAD,11,0.0
adam,Conch_v15,FedBN,TCGA-LGG_FG,LGG,46,0.35
adam,Conch_v15,FedBN,TCGA-STAD_FP,STAD,9,0.13333333333333333
adam,Conch_v15,FedBN,TCGA-SKCM_FR,SKCM,7,0.0
adam,Conch_v15,FedBN,TCGA-CESC_FU,CESC,10,0.1
adam,Conch_v15,FedBN,TCGA-COAD_G4,COAD,33,0.5538461538461539
adam,Conch_v15,FedBN,TCGA-BRCA_GM,BRCA,14,0.5
adam,Conch_v15,FedBN,TCGA-SKCM_GN,SKCM,7,0.0
adam,Conch_v15,FedBN,TCGA-HNSC_HD,HNSC,10,0.0
adam,Conch_v15,FedBN,TCGA-STAD_HF,STAD,7,0.3
adam,Conch_v15,FedBN,TCGA-LGG_HT,LGG,207,0.4950819672131147
adam,Conch_v15,FedBN,TCGA-STAD_HU,STAD,26,0.15
adam,Conch_v15,FedBN,TCGA-LGG_HW,LGG,10,0.2
adam,Conch_v15,FedBN,TCGA-PAAD_HZ,PAAD,21,0.0
adam,Conch_v15,FedBN,TCGA-PAAD_IB,PAAD,27,0.0
adam,Conch_v15,FedBN,TCGA-STAD_IN,STAD,13,0.2
adam,Conch_v15,FedBN,TCGA-HNSC_IQ,HNSC,9,0.0
adam,Conch_v15,FedBN,TCGA-BRCA_LL,BRCA,13,0.52
adam,Conch_v15,FedBN,TCGA-LUAD_MP,LUAD,13,0.0
adam,Conch_v15,FedBN,TCGA-CESC_MY,CESC,7,0.04
adam,Conch_v15,FedBN,TCGA-BRCA_OL,BRCA,16,0.39999999999999997
adam,Conch_v15,FedBN,TCGA-HNSC_P3,HNSC,10,0.0
adam,Conch_v15,FedBN,TCGA-LGG_P5,LGG,9,0.2
adam,Conch_v15,FedBN,TCGA-CESC_Q1,CESC,7,0.0
adam,Conch_v15,FedBN,TCGA-LGG_QH,LGG,14,0.2
adam,Conch_v15,FedBN,TCGA-HNSC_QK,HNSC,15,0.0
adam,Conch_v15,FedBN,TCGA-LGG_R8,LGG,16,0.28181818181818186
adam,Conch_v15,FedBN,TCGA-STAD_RD,STAD,9,0.15
adam,Conch_v15,FedBN,TCGA-BRCA_S3,BRCA,7,0.6
adam,Conch_v15,FedBN,TCGA-LGG_S9,LGG,33,0.2
adam,Conch_v15,FedBN,TCGA-LGG_TM,LGG,17,0.3
adam,Conch_v15,FedBN,TCGA-LGG_TQ,LGG,12,0.32
adam,Conch_v15,FedBN,TCGA-HNSC_UF,HNSC,12,0.04
adam,Conch_v15,FedBN,TCGA-LGG_VM,LGG,43,0.26666666666666666
adam,Conch_v15,FedBN,TCGA-STAD_VQ,STAD,46,0.18666666666666668
adam,Conch_v15,FedBN,TCGA-CESC_VS,CESC,37,0.0
adam,Conch_v15,FedBN,TCGA-PAAD_XD,PAAD,4,0.0
adam,Conch_v15,FedBN,TCGA-CESC_ZJ,CESC,11,0.0
adam,Conch_v15,FedProx,TCGA-LUAD_05,LUAD,16,1.0
adam,Conch_v15,FedProx,TCGA-PAAD_2J,PAAD,11,0.8
adam,Conch_v15,FedProx,TCGA-LUAD_38,LUAD,7,1.0
adam,Conch_v15,FedProx,TCGA-PAAD_3A,PAAD,11,0.56
adam,Conch_v15,FedProx,TCGA-LUAD_44,LUAD,31,0.9399999999999998
adam,Conch_v15,FedProx,TCGA-LUAD_49,LUAD,47,0.9939393939393939
adam,Conch_v15,FedProx,TCGA-LUAD_50,LUAD,12,1.0
adam,Conch_v15,FedProx,TCGA-LUAD_55,LUAD,63,0.9894736842105264
adam,Conch_v15,FedProx,TCGA-LUAD_64,LUAD,8,1.0
adam,Conch_v15,FedProx,TCGA-LUAD_69,LUAD,10,1.0
adam,Conch_v15,FedProx,TCGA-LUAD_73,LUAD,8,1.0
adam,Conch_v15,FedProx,TCGA-LUAD_75,LUAD,11,1.0
adam,Conch_v15,FedProx,TCGA-LUAD_78,LUAD,21,1.0
adam,Conch_v15,FedProx,TCGA-LUAD_86,LUAD,23,1.0
adam,Conch_v15,FedProx,TCGA-LUAD_95,LUAD,7,1.0
adam,Conch_v15,FedProx,TCGA-LUAD_97,LUAD,16,1.0
adam,Conch_v15,FedProx,TCGA-BRCA_A1,BRCA,18,1.0
adam,Conch_v15,FedProx,TCGA-BRCA_A2,BRCA,116,1.0
adam,Conch_v15,FedProx,TCGA-COAD_A6,COAD,76,0.8666666666666666
adam,Conch_v15,FedProx,TCGA-BRCA_A7,BRCA,47,0.8818181818181818
adam,Conch_v15,FedProx,TCGA-BRCA_A8,BRCA,116,0.9944444444444445
adam,Conch_v15,FedProx,TCGA-COAD_AA,COAD,255,0.888888888888889
adam,Conch_v15,FedProx,TCGA-BRCA_AC,BRCA,35,0.8307692307692307
adam,Conch_v15,FedProx,TCGA-COAD_AD,COAD,12,0.45
adam,Conch_v15,FedProx,TCGA-BRCA_AN,BRCA,54,0.9647058823529413
adam,Conch_v15,FedProx,TCGA-BRCA_AO,BRCA,59,1.0
adam,Conch_v15,FedProx,TCGA-BRCA_AQ,BRCA,9,1.0
adam,Conch_v15,FedProx,TCGA-BRCA_AR,BRCA,58,1.0
adam,Conch_v15,FedProx,TCGA-COAD_AY,COAD,10,1.0
adam,Conch_v15,FedProx,TCGA-COAD_AZ,COAD,26,0.7799999999999999
adam,Conch_v15,FedProx,TCGA-BRCA_B6,BRCA,68,0.9826086956521738
adam,Conch_v15,FedProx,TCGA-HNSC_BA,HNSC,21,0.6285714285714286
adam,Conch_v15,FedProx,TCGA-HNSC_BB,HNSC,14,0.64
adam,Conch_v15,FedProx,TCGA-SKCM_BF,SKCM,13,1.0
adam,Conch_v15,FedProx,TCGA-BRCA_BH,BRCA,160,0.9879999999999999
adam,Conch_v15,FedProx,TCGA-STAD_BR,STAD,161,0.75
adam,Conch_v15,FedProx,TCGA-CESC_C5,CESC,43,0.5846153846153845
adam,Conch_v15,FedProx,TCGA-BRCA_C8,BRCA,46,0.9777777777777779
adam,Conch_v15,FedProx,TCGA-COAD_CA,COAD,13,0.15
adam,Conch_v15,FedProx,TCGA-STAD_CD,STAD,35,0.7090909090909092
adam,Conch_v15,FedProx,TCGA-STAD_CG,STAD,56,0.3333333333333333
adam,Conch_v15,FedProx,TCGA-COAD_CK,COAD,15,0.8571428571428571
adam,Conch_v15,FedProx,TCGA-COAD_CM,COAD,48,0.9
adam,Conch_v15,FedProx,TCGA-HNSC_CN,HNSC,42,0.9384615384615385
adam,Conch_v15,FedProx,TCGA-HNSC_CQ,HNSC,26,1.0
adam,Conch_v15,FedProx,TCGA-LGG_CS,LGG,14,1.0
adam,Conch_v15,FedProx,TCGA-HNSC_CV,HNSC,94,0.9071428571428571
adam,Conch_v15,FedProx,TCGA-COAD_D5,COAD,37,0.9199999999999999
adam,Conch_v15,FedProx,TCGA-HNSC_D6,HNSC,20,0.8
adam,Conch_v15,FedProx,TCGA-STAD_D7,STAD,41,0.38571428571428573
adam,Conch_v15,FedProx,TCGA-BRCA_D8,BRCA,59,1.0
adam,Conch_v15,FedProx,TCGA-SKCM_D9,SKCM,8,0.5
adam,Conch_v15,FedProx,TCGA-SKCM_DA,SKCM,16,1.0
adam,Conch_v15,FedProx,TCGA-LGG_DB,LGG,38,1.0
adam,Conch_v15,FedProx,TCGA-LGG_DH,LGG,10,1.0
adam,Conch_v15,FedProx,TCGA-COAD_DM,COAD,17,0.575
adam,Conch_v15,FedProx,TCGA-HNSC_DQ,HNSC,10,0.4
adam,Conch_v15,FedProx,TCGA-CESC_DS,CESC,7,0.26666666666666666
adam,Conch_v15,FedProx,TCGA-LGG_DU,LGG,60,1.0
adam,Conch_v15,FedProx,TCGA-LGG_E1,LGG,15,1.0
adam,Conch_v15,FedProx,TCGA-BRCA_E2,BRCA,70,1.0
adam,Conch_v15,FedProx,TCGA-BRCA_E9,BRCA,44,0.9846153846153847
adam,Conch_v15,FedProx,TCGA-CESC_EA,CESC,18,0.9333333333333333
adam,Conch_v15,FedProx,TCGA-SKCM_EB,SKCM,32,0.9454545454545455
adam,Conch_v15,FedProx,TCGA-SKCM_EE,SKCM,60,0.8947368421052632
adam,Conch_v15,FedProx,TCGA-SKCM_ER,SKCM,27,1.0
adam,Conch_v15,FedProx,TCGA-BRCA_EW,BRCA,30,1.0
adam,Conch_v15,FedProx,TCGA-COAD_F4,COAD,21,0.5
adam,Conch_v15,FedProx,TCGA-HNSC_F7,HNSC,9,1.0
adam,Conch_v15,FedProx,TCGA-PAAD_FB,PAAD,11,0.4
adam,Conch_v15,FedProx,TCGA-LGG_FG,LGG,46,1.0
adam,Conch_v15,FedProx,TCGA-STAD_FP,STAD,9,0.5999999999999999
adam,Conch_v15,FedProx,TCGA-SKCM_FR,SKCM,7,0.9333333333333332
adam,Conch_v15,FedProx,TCGA-CESC_FU,CESC,10,0.55
adam,Conch_v15,FedProx,TCGA-COAD_G4,COAD,33,0.5538461538461539
adam,Conch_v15,FedProx,TCGA-BRCA_GM,BRCA,14,1.0
adam,Conch_v15,FedProx,TCGA-SKCM_GN,SKCM,7,1.0
adam,Conch_v15,FedProx,TCGA-HNSC_HD,HNSC,10,0.75
adam,Conch_v15,FedProx,TCGA-STAD_HF,STAD,7,0.5
adam,Conch_v15,FedProx,TCGA-LGG_HT,LGG,207,1.0
adam,Conch_v15,FedProx,TCGA-STAD_HU,STAD,26,0.3
adam,Conch_v15,FedProx,TCGA-LGG_HW,LGG,10,1.0
adam,Conch_v15,FedProx,TCGA-PAAD_HZ,PAAD,21,0.7428571428571429
adam,Conch_v15,FedProx,TCGA-PAAD_IB,PAAD,27,0.8222222222222222
adam,Conch_v15,FedProx,TCGA-STAD_IN,STAD,13,0.5333333333333333
adam,Conch_v15,FedProx,TCGA-HNSC_IQ,HNSC,9,1.0
adam,Conch_v15,FedProx,TCGA-BRCA_LL,BRCA,13,1.0
adam,Conch_v15,FedProx,TCGA-LUAD_MP,LUAD,13,0.8
adam,Conch_v15,FedProx,TCGA-CESC_MY,CESC,7,0.52
adam,Conch_v15,FedProx,TCGA-BRCA_OL,BRCA,16,1.0
adam,Conch_v15,FedProx,TCGA-HNSC_P3,HNSC,10,1.0
adam,Conch_v15,FedProx,TCGA-LGG_P5,LGG,9,1.0
adam,Conch_v15,FedProx,TCGA-CESC_Q1,CESC,7,0.8
adam,Conch_v15,FedProx,TCGA-LGG_QH,LGG,14,1.0
adam,Conch_v15,FedProx,TCGA-HNSC_QK,HNSC,15,0.9199999999999999
adam,Conch_v15,FedProx,TCGA-LGG_R8,LGG,16,1.0
adam,Conch_v15,FedProx,TCGA-STAD_RD,STAD,9,0.95
adam,Conch_v15,FedProx,TCGA-BRCA_S3,BRCA,7,1.0
adam,Conch_v15,FedProx,TCGA-LGG_S9,LGG,33,1.0
adam,Conch_v15,FedProx,TCGA-LGG_TM,LGG,17,1.0
adam,Conch_v15,FedProx,TCGA-LGG_TQ,LGG,12,1.0
adam,Conch_v15,FedProx,TCGA-HNSC_UF,HNSC,12,1.0
adam,Conch_v15,FedProx,TCGA-LGG_VM,LGG,43,1.0
adam,Conch_v15,FedProx,TCGA-STAD_VQ,STAD,46,0.5866666666666667
adam,Conch_v15,FedProx,TCGA-CESC_VS,CESC,37,0.7166666666666667
adam,Conch_v15,FedProx,TCGA-PAAD_XD,PAAD,4,0.76
adam,Conch_v15,FedProx,TCGA-CESC_ZJ,CESC,11,0.75
adam,Conch_v15,SCAFFOLD,TCGA-LUAD_05,LUAD,16,0.9333333333333332
adam,Conch_v15,SCAFFOLD,TCGA-PAAD_2J,PAAD,11,0.0
adam,Conch_v15,SCAFFOLD,TCGA-LUAD_38,LUAD,7,0.9333333333333332
adam,Conch_v15,SCAFFOLD,TCGA-PAAD_3A,PAAD,11,0.0
adam,Conch_v15,SCAFFOLD,TCGA-LUAD_44,LUAD,31,0.9199999999999999
adam,Conch_v15,SCAFFOLD,TCGA-LUAD_49,LUAD,47,0.8484848484848484
adam,Conch_v15,SCAFFOLD,TCGA-LUAD_50,LUAD,12,1.0
adam,Conch_v15,SCAFFOLD,TCGA-LUAD_55,LUAD,63,0.9157894736842106
adam,Conch_v15,SCAFFOLD,TCGA-LUAD_64,LUAD,8,1.0
adam,Conch_v15,SCAFFOLD,TCGA-LUAD_69,LUAD,10,0.95
adam,Conch_v15,SCAFFOLD,TCGA-LUAD_73,LUAD,8,0.9333333333333332
adam,Conch_v15,SCAFFOLD,TCGA-LUAD_75,LUAD,11,1.0
adam,Conch_v15,SCAFFOLD,TCGA-LUAD_78,LUAD,21,1.0
adam,Conch_v15,SCAFFOLD,TCGA-LUAD_86,LUAD,23,0.975
adam,Conch_v15,SCAFFOLD,TCGA-LUAD_95,LUAD,7,0.8666666666666666
adam,Conch_v15,SCAFFOLD,TCGA-LUAD_97,LUAD,16,0.96
adam,Conch_v15,SCAFFOLD,TCGA-BRCA_A1,BRCA,18,1.0
adam,Conch_v15,SCAFFOLD,TCGA-BRCA_A2,BRCA,116,1.0
adam,Conch_v15,SCAFFOLD,TCGA-COAD_A6,COAD,76,0.6
adam,Conch_v15,SCAFFOLD,TCGA-BRCA_A7,BRCA,47,0.7909090909090909
adam,Conch_v15,SCAFFOLD,TCGA-BRCA_A8,BRCA,116,1.0
adam,Conch_v15,SCAFFOLD,TCGA-COAD_AA,COAD,255,0.6814814814814815
adam,Conch_v15,SCAFFOLD,TCGA-BRCA_AC,BRCA,35,0.8923076923076924
adam,Conch_v15,SCAFFOLD,TCGA-COAD_AD,COAD,12,0.6
adam,Conch_v15,SCAFFOLD,TCGA-BRCA_AN,BRCA,54,0.9882352941176471
adam,Conch_v15,SCAFFOLD,TCGA-BRCA_AO,BRCA,59,1.0
adam,Conch_v15,SCAFFOLD,TCGA-BRCA_AQ,BRCA,9,1.0
adam,Conch_v15,SCAFFOLD,TCGA-BRCA_AR,BRCA,58,1.0
adam,Conch_v15,SCAFFOLD,TCGA-COAD_AY,COAD,10,0.8
adam,Conch_v15,SCAFFOLD,TCGA-COAD_AZ,COAD,26,0.72
adam,Conch_v15,SCAFFOLD,TCGA-BRCA_B6,BRCA,68,0.9652173913043478
adam,Conch_v15,SCAFFOLD,TCGA-HNSC_BA,HNSC,21,0.6285714285714286
adam,Conch_v15,SCAFFOLD,TCGA-HNSC_BB,HNSC,14,0.44000000000000006
adam,Conch_v15,SCAFFOLD,TCGA-SKCM_BF,SKCM,13,0.0
adam,Conch_v15,SCAFFOLD,TCGA-BRCA_BH,BRCA,160,1.0
adam,Conch_v15,SCAFFOLD,TCGA-STAD_BR,STAD,161,0.004166666666666667
adam,Conch_v15,SCAFFOLD,TCGA-CESC_C5,CESC,43,0.0
adam,Conch_v15,SCAFFOLD,TCGA-BRCA_C8,BRCA,46,1.0
adam,Conch_v15,SCAFFOLD,TCGA-COAD_CA,COAD,13,0.45
adam,Conch_v15,SCAFFOLD,TCGA-STAD_CD,STAD,35,0.0
adam,Conch_v15,SCAFFOLD,TCGA-STAD_CG,STAD,56,0.0
adam,Conch_v15,SCAFFOLD,TCGA-COAD_CK,COAD,15,0.7428571428571429
adam,Conch_v15,SCAFFOLD,TCGA-COAD_CM,COAD,48,0.7444444444444445
adam,Conch_v15,SCAFFOLD,TCGA-HNSC_CN,HNSC,42,0.6
adam,Conch_v15,SCAFFOLD,TCGA-HNSC_CQ,HNSC,26,0.6222222222222222
adam,Conch_v15,SCAFFOLD,TCGA-LGG_CS,LGG,14,0.85
adam,Conch_v15,SCAFFOLD,TCGA-HNSC_CV,HNSC,94,0.5071428571428571
adam,Conch_v15,SCAFFOLD,TCGA-COAD_D5,COAD,37,0.76
adam,Conch_v15,SCAFFOLD,TCGA-HNSC_D6,HNSC,20,0.5
adam,Conch_v15,SCAFFOLD,TCGA-STAD_D7,STAD,41,0.0
adam,Conch_v15,SCAFFOLD,TCGA-BRCA_D8,BRCA,59,1.0
adam,Conch_v15,SCAFFOLD,TCGA-SKCM_D9,SKCM,8,0.0
adam,Conch_v15,SCAFFOLD,TCGA-SKCM_DA,SKCM,16,0.0
adam,Conch_v15,SCAFFOLD,TCGA-LGG_DB,LGG,38,0.9714285714285715
adam,Conch_v15,SCAFFOLD,TCGA-LGG_DH,LGG,10,0.95
adam,Conch_v15,SCAFFOLD,TCGA-COAD_DM,COAD,17,0.55
adam,Conch_v15,SCAFFOLD,TCGA-HNSC_DQ,HNSC,10,0.5
adam,Conch_v15,SCAFFOLD,TCGA-CESC_DS,CESC,7,0.0
adam,Conch_v15,SCAFFOLD,TCGA-LGG_DU,LGG,60,0.8444444444444444
adam,Conch_v15,SCAFFOLD,TCGA-LGG_E1,LGG,15,0.96
adam,Conch_v15,SCAFFOLD,TCGA-BRCA_E2,BRCA,70,1.0
adam,Conch_v15,SCAFFOLD,TCGA-BRCA_E9,BRCA,44,0.9692307692307693
adam,Conch_v15,SCAFFOLD,TCGA-CESC_EA,CESC,18,0.0
adam,Conch_v15,SCAFFOLD,TCGA-SKCM_EB,SKCM,32,0.0
adam,Conch_v15,SCAFFOLD,TCGA-SKCM_EE,SKCM,60,0.0
adam,Conch_v15,SCAFFOLD,TCGA-SKCM_ER,SKCM,27,0.0
adam,Conch_v15,SCAFFOLD,TCGA-BRCA_EW,BRCA,30,1.0
adam,Conch_v15,SCAFFOLD,TCGA-COAD_F4,COAD,21,0.725
adam,Conch_v15,SCAFFOLD,TCGA-HNSC_F7,HNSC,9,0.5333333333333333
adam,Conch_v15,SCAFFOLD,TCGA-PAAD_FB,PAAD,11,0.0
adam,Conch_v15,SCAFFOLD,TCGA-LGG_FG,LGG,46,1.0
adam,Conch_v15,SCAFFOLD,TCGA-STAD_FP,STAD,9,0.0
adam,Conch_v15,SCAFFOLD,TCGA-SKCM_FR,SKCM,7,0.0
adam,Conch_v15,SCAFFOLD,TCGA-CESC_FU,CESC,10,0.0
adam,Conch_v15,SCAFFOLD,TCGA-COAD_G4,COAD,33,0.49230769230769234
adam,Conch_v15,SCAFFOLD,TCGA-BRCA_GM,BRCA,14,1.0
adam,Conch_v15,SCAFFOLD,TCGA-SKCM_GN,SKCM,7,0.0
adam,Conch_v15,SCAFFOLD,TCGA-HNSC_HD,HNSC,10,0.5
adam,Conch_v15,SCAFFOLD,TCGA-STAD_HF,STAD,7,0.0
adam,Conch_v15,SCAFFOLD,TCGA-LGG_HT,LGG,207,0.898360655737705
adam,Conch_v15,SCAFFOLD,TCGA-STAD_HU,STAD,26,0.0
adam,Conch_v15,SCAFFOLD,TCGA-LGG_HW,LGG,10,0.95
adam,Conch_v15,SCAFFOLD,TCGA-PAAD_HZ,PAAD,21,0.0
adam,Conch_v15,SCAFFOLD,TCGA-PAAD_IB,PAAD,27,0.0
adam,Conch_v15,SCAFFOLD,TCGA-STAD_IN,STAD,13,0.0
adam,Conch_v15,SCAFFOLD,TCGA-HNSC_IQ,HNSC,9,0.6666666666666666
adam,Conch_v15,SCAFFOLD,TCGA-BRCA_LL,BRCA,13,1.0
adam,Conch_v15,SCAFFOLD,TCGA-LUAD_MP,LUAD,13,0.8400000000000001
adam,Conch_v15,SCAFFOLD,TCGA-CESC_MY,CESC,7,0.0
adam,Conch_v15,SCAFFOLD,TCGA-BRCA_OL,BRCA,16,1.0
adam,Conch_v15,SCAFFOLD,TCGA-HNSC_P3,HNSC,10,0.6
adam,Conch_v15,SCAFFOLD,TCGA-LGG_P5,LGG,9,1.0
adam,Conch_v15,SCAFFOLD,TCGA-CESC_Q1,CESC,7,0.0
adam,Conch_v15,SCAFFOLD,TCGA-LGG_QH,LGG,14,1.0
adam,Conch_v15,SCAFFOLD,TCGA-HNSC_QK,HNSC,15,0.64
adam,Conch_v15,SCAFFOLD,TCGA-LGG_R8,LGG,16,1.0
adam,Conch_v15,SCAFFOLD,TCGA-STAD_RD,STAD,9,0.0
adam,Conch_v15,SCAFFOLD,TCGA-BRCA_S3,BRCA,7,1.0
adam,Conch_v15,SCAFFOLD,TCGA-LGG_S9,LGG,33,0.909090909090909
adam,Conch_v15,SCAFFOLD,TCGA-LGG_TM,LGG,17,0.925
adam,Conch_v15,SCAFFOLD,TCGA-LGG_TQ,LGG,12,1.0
adam,Conch_v15,SCAFFOLD,TCGA-HNSC_UF,HNSC,12,0.72
adam,Conch_v15,SCAFFOLD,TCGA-LGG_VM,LGG,43,0.9333333333333332
adam,Conch_v15,SCAFFOLD,TCGA-STAD_VQ,STAD,46,0.0
adam,Conch_v15,SCAFFOLD,TCGA-CESC_VS,CESC,37,0.0
adam,Conch_v15,SCAFFOLD,TCGA-PAAD_XD,PAAD,4,0.0
adam,Conch_v15,SCAFFOLD,TCGA-CESC_ZJ,CESC,11,0.0
adam,Midnight12k,FedAvg,TCGA-LUAD_05,LUAD,16,1.0
adam,Midnight12k,FedAvg,TCGA-PAAD_2J,PAAD,11,0.9199999999999999
adam,Midnight12k,FedAvg,TCGA-LUAD_38,LUAD,7,1.0
adam,Midnight12k,FedAvg,TCGA-PAAD_3A,PAAD,11,0.48
adam,Midnight12k,FedAvg,TCGA-LUAD_44,LUAD,31,0.9400000000000001
adam,Midnight12k,FedAvg,TCGA-LUAD_49,LUAD,47,1.0
adam,Midnight12k,FedAvg,TCGA-LUAD_50,LUAD,12,1.0
adam,Midnight12k,FedAvg,TCGA-LUAD_55,LUAD,63,0.9789473684210526
adam,Midnight12k,FedAvg,TCGA-LUAD_64,LUAD,8,0.6666666666666666
adam,Midnight12k,FedAvg,TCGA-LUAD_69,LUAD,10,1.0
adam,Midnight12k,FedAvg,TCGA-LUAD_73,LUAD,8,1.0
adam,Midnight12k,FedAvg,TCGA-LUAD_75,LUAD,11,0.7
adam,Midnight12k,FedAvg,TCGA-LUAD_78,LUAD,21,0.8857142857142856
adam,Midnight12k,FedAvg,TCGA-LUAD_86,LUAD,23,0.975
adam,Midnight12k,FedAvg,TCGA-LUAD_95,LUAD,7,1.0
adam,Midnight12k,FedAvg,TCGA-LUAD_97,LUAD,16,1.0
adam,Midnight12k,FedAvg,TCGA-BRCA_A1,BRCA,18,1.0
adam,Midnight12k,FedAvg,TCGA-BRCA_A2,BRCA,116,1.0
adam,Midnight12k,FedAvg,TCGA-COAD_A6,COAD,76,0.7833333333333333
adam,Midnight12k,FedAvg,TCGA-BRCA_A7,BRCA,47,0.8272727272727274
adam,Midnight12k,FedAvg,TCGA-BRCA_A8,BRCA,116,0.9944444444444445
adam,Midnight12k,FedAvg,TCGA-COAD_AA,COAD,255,0.7160493827160493
adam,Midnight12k,FedAvg,TCGA-BRCA_AC,BRCA,35,0.6307692307692307
adam,Midnight12k,FedAvg,TCGA-COAD_AD,COAD,12,0.5
adam,Midnight12k,FedAvg,TCGA-BRCA_AN,BRCA,54,1.0
adam,Midnight12k,FedAvg,TCGA-BRCA_AO,BRCA,59,1.0
adam,Midnight12k,FedAvg,TCGA-BRCA_AQ,BRCA,9,1.0
adam,Midnight12k,FedAvg,TCGA-BRCA_AR,BRCA,58,0.89
adam,Midnight12k,FedAvg,TCGA-COAD_AY,COAD,10,0.8666666666666666
adam,Midnight12k,FedAvg,TCGA-COAD_AZ,COAD,26,0.68
adam,Midnight12k,FedAvg,TCGA-BRCA_B6,BRCA,68,0.9130434782608695
adam,Midnight12k,FedAvg,TCGA-HNSC_BA,HNSC,21,0.5714285714285714
adam,Midnight12k,FedAvg,TCGA-HNSC_BB,HNSC,14,0.6
adam,Midnight12k,FedAvg,TCGA-SKCM_BF,SKCM,13,0.6
adam,Midnight12k,FedAvg,TCGA-BRCA_BH,BRCA,160,0.992
adam,Midnight12k,FedAvg,TCGA-STAD_BR,STAD,161,0.5458333333333334
adam,Midnight12k,FedAvg,TCGA-CESC_C5,CESC,43,0.923076923076923
adam,Midnight12k,FedAvg,TCGA-BRCA_C8,BRCA,46,1.0
adam,Midnight12k,FedAvg,TCGA-COAD_CA,COAD,13,0.65
adam,Midnight12k,FedAvg,TCGA-STAD_CD,STAD,35,0.5818181818181818
adam,Midnight12k,FedAvg,TCGA-STAD_CG,STAD,56,0.16666666666666669
adam,Midnight12k,FedAvg,TCGA-COAD_CK,COAD,15,0.6
adam,Midnight12k,FedAvg,TCGA-COAD_CM,COAD,48,0.6111111111111112
adam,Midnight12k,FedAvg,TCGA-HNSC_CN,HNSC,42,0.8307692307692308
adam,Midnight12k,FedAvg,TCGA-HNSC_CQ,HNSC,26,1.0
adam,Midnight12k,FedAvg,TCGA-LGG_CS,LGG,14,1.0
adam,Midnight12k,FedAvg,TCGA-HNSC_CV,HNSC,94,0.9214285714285715
adam,Midnight12k,FedAvg,TCGA-COAD_D5,COAD,37,0.5599999999999999
adam,Midnight12k,FedAvg,TCGA-HNSC_D6,HNSC,20,0.9666666666666668
adam,Midnight12k,FedAvg,TCGA-STAD_D7,STAD,41,0.48571428571428577
adam,Midnight12k,FedAvg,TCGA-BRCA_D8,BRCA,59,0.9647058823529411
adam,Midnight12k,FedAvg,TCGA-SKCM_D9,SKCM,8,0.4
adam,Midnight12k,FedAvg,TCGA-SKCM_DA,SKCM,16,0.8
adam,Midnight12k,FedAvg,TCGA-LGG_DB,LGG,38,1.0
adam,Midnight12k,FedAvg,TCGA-LGG_DH,LGG,10,1.0
adam,Midnight12k,FedAvg,TCGA-COAD_DM,COAD,17,0.05
adam,Midnight12k,FedAvg,TCGA-HNSC_DQ,HNSC,10,0.5
adam,Midnight12k,FedAvg,TCGA-CESC_DS,CESC,7,0.9333333333333332
adam,Midnight12k,FedAvg,TCGA-LGG_DU,LGG,60,1.0
adam,Midnight12k,FedAvg,TCGA-LGG_E1,LGG,15,1.0
adam,Midnight12k,FedAvg,TCGA-BRCA_E2,BRCA,70,0.9904761904761905
adam,Midnight12k,FedAvg,TCGA-BRCA_E9,BRCA,44,0.9692307692307693
adam,Midnight12k,FedAvg,TCGA-CESC_EA,CESC,18,1.0
adam,Midnight12k,FedAvg,TCGA-SKCM_EB,SKCM,32,0.8545454545454545
adam,Midnight12k,FedAvg,TCGA-SKCM_EE,SKCM,60,0.6105263157894736
adam,Midnight12k,FedAvg,TCGA-SKCM_ER,SKCM,27,0.85
adam,Midnight12k,FedAvg,TCGA-BRCA_EW,BRCA,30,1.0
adam,Midnight12k,FedAvg,TCGA-COAD_F4,COAD,21,0.3
adam,Midnight12k,FedAvg,TCGA-HNSC_F7,HNSC,9,1.0
adam,Midnight12k,FedAvg,TCGA-PAAD_FB,PAAD,11,0.4
adam,Midnight12k,FedAvg,TCGA-LGG_FG,LGG,46,1.0
adam,Midnight12k,FedAvg,TCGA-STAD_FP,STAD,9,0.6666666666666666
adam,Midnight12k,FedAvg,TCGA-SKCM_FR,SKCM,7,0.9333333333333332
adam,Midnight12k,FedAvg,TCGA-CESC_FU,CESC,10,0.6
adam,Midnight12k,FedAvg,TCGA-COAD_G4,COAD,33,0.5076923076923078
adam,Midnight12k,FedAvg,TCGA-BRCA_GM,BRCA,14,1.0
adam,Midnight12k,FedAvg,TCGA-SKCM_GN,SKCM,7,0.8
adam,Midnight12k,FedAvg,TCGA-HNSC_HD,HNSC,10,0.75
adam,Midnight12k,FedAvg,TCGA-STAD_HF,STAD,7,0.7
adam,Midnight12k,FedAvg,TCGA-LGG_HT,LGG,207,1.0
adam,Midnight12k,FedAvg,TCGA-STAD_HU,STAD,26,0.75
adam,Midnight12k,FedAvg,TCGA-LGG_HW,LGG,10,1.0
adam,Midnight12k,FedAvg,TCGA-PAAD_HZ,PAAD,21,0.6857142857142857
adam,Midnight12k,FedAvg,TCGA-PAAD_IB,PAAD,27,0.6888888888888889
adam,Midnight12k,FedAvg,TCGA-STAD_IN,STAD,13,0.7333333333333333
adam,Midnight12k,FedAvg,TCGA-HNSC_IQ,HNSC,9,1.0
adam,Midnight12k,FedAvg,TCGA-BRCA_LL,BRCA,13,0.8400000000000001
adam,Midnight12k,FedAvg,TCGA-LUAD_MP,LUAD,13,0.8
adam,Midnight12k,FedAvg,TCGA-CESC_MY,CESC,7,1.0
adam,Midnight12k,FedAvg,TCGA-BRCA_OL,BRCA,16,1.0
adam,Midnight12k,FedAvg,TCGA-HNSC_P3,HNSC,10,1.0
adam,Midnight12k,FedAvg,TCGA-LGG_P5,LGG,9,1.0
adam,Midnight12k,FedAvg,TCGA-CESC_Q1,CESC,7,1.0
adam,Midnight12k,FedAvg,TCGA-LGG_QH,LGG,14,1.0
adam,Midnight12k,FedAvg,TCGA-HNSC_QK,HNSC,15,0.8
adam,Midnight12k,FedAvg,TCGA-LGG_R8,LGG,16,1.0
adam,Midnight12k,FedAvg,TCGA-STAD_RD,STAD,9,0.35
adam,Midnight12k,FedAvg,TCGA-BRCA_S3,BRCA,7,1.0
adam,Midnight12k,FedAvg,TCGA-LGG_S9,LGG,33,1.0
adam,Midnight12k,FedAvg,TCGA-LGG_TM,LGG,17,1.0
adam,Midnight12k,FedAvg,TCGA-LGG_TQ,LGG,12,1.0
adam,Midnight12k,FedAvg,TCGA-HNSC_UF,HNSC,12,0.9199999999999999
adam,Midnight12k,FedAvg,TCGA-LGG_VM,LGG,43,1.0
adam,Midnight12k,FedAvg,TCGA-STAD_VQ,STAD,46,0.32
adam,Midnight12k,FedAvg,TCGA-CESC_VS,CESC,37,0.75
adam,Midnight12k,FedAvg,TCGA-PAAD_XD,PAAD,4,0.2
adam,Midnight12k,FedAvg,TCGA-CESC_ZJ,CESC,11,1.0
adam,Midnight12k,FedBN,TCGA-LUAD_05,LUAD,16,0.2
adam,Midnight12k,FedBN,TCGA-PAAD_2J,PAAD,11,0.0
adam,Midnight12k,FedBN,TCGA-LUAD_38,LUAD,7,0.13333333333333333
adam,Midnight12k,FedBN,TCGA-PAAD_3A,PAAD,11,0.0
adam,Midnight12k,FedBN,TCGA-LUAD_44,LUAD,31,0.2
adam,Midnight12k,FedBN,TCGA-LUAD_49,LUAD,47,0.01818181818181818
adam,Midnight12k,FedBN,TCGA-LUAD_50,LUAD,12,0.2
adam,Midnight12k,FedBN,TCGA-LUAD_55,LUAD,63,0.09473684210526315
adam,Midnight12k,FedBN,TCGA-LUAD_64,LUAD,8,0.2
adam,Midnight12k,FedBN,TCGA-LUAD_69,LUAD,10,0.2
adam,Midnight12k,FedBN,TCGA-LUAD_73,LUAD,8,0.2
adam,Midnight12k,FedBN,TCGA-LUAD_75,LUAD,11,0.1
adam,Midnight12k,FedBN,TCGA-LUAD_78,LUAD,21,0.2
adam,Midnight12k,FedBN,TCGA-LUAD_86,LUAD,23,0.2
adam,Midnight12k,FedBN,TCGA-LUAD_95,LUAD,7,0.2
adam,Midnight12k,FedBN,TCGA-LUAD_97,LUAD,16,0.2
adam,Midnight12k,FedBN,TCGA-BRCA_A1,BRCA,18,0.425
adam,Midnight12k,FedBN,TCGA-BRCA_A2,BRCA,116,0.7736842105263158
adam,Midnight12k,FedBN,TCGA-COAD_A6,COAD,76,0.7416666666666666
adam,Midnight12k,FedBN,TCGA-BRCA_A7,BRCA,47,0.40909090909090906
adam,Midnight12k,FedBN,TCGA-BRCA_A8,BRCA,116,0.6444444444444445
adam,Midnight12k,FedBN,TCGA-COAD_AA,COAD,255,0.725925925925926
adam,Midnight12k,FedBN,TCGA-BRCA_AC,BRCA,35,0.49230769230769234
adam,Midnight12k,FedBN,TCGA-COAD_AD,COAD,12,0.45
adam,Midnight12k,FedBN,TCGA-BRCA_AN,BRCA,54,0.7529411764705882
adam,Midnight12k,FedBN,TCGA-BRCA_AO,BRCA,59,0.6666666666666666
adam,Midnight12k,FedBN,TCGA-BRCA_AQ,BRCA,9,0.4
adam,Midnight12k,FedBN,TCGA-BRCA_AR,BRCA,58,0.74
adam,Midnight12k,FedBN,TCGA-COAD_AY,COAD,10,0.4666666666666666
adam,Midnight12k,FedBN,TCGA-COAD_AZ,COAD,26,0.5599999999999999
adam,Midnight12k,FedBN,TCGA-BRCA_B6,BRCA,68,0.7913043478260869
adam,Midnight12k,FedBN,TCGA-HNSC_BA,HNSC,21,0.0
adam,Midnight12k,FedBN,TCGA-HNSC_BB,HNSC,14,0.0
adam,Midnight12k,FedBN,TCGA-SKCM_BF,SKCM,13,0.0
adam,Midnight12k,FedBN,TCGA-BRCA_BH,BRCA,160,0.828
adam,Midnight12k,FedBN,TCGA-STAD_BR,STAD,161,0.09166666666666666
adam,Midnight12k,FedBN,TCGA-CESC_C5,CESC,43,0.0
adam,Midnight12k,FedBN,TCGA-BRCA_C8,BRCA,46,0.8
adam,Midnight12k,FedBN,TCGA-COAD_CA,COAD,13,0.55
adam,Midnight12k,FedBN,TCGA-STAD_CD,STAD,35,0.01818181818181818
adam,Midnight12k,FedBN,TCGA-STAD_CG,STAD,56,0.07777777777777778
adam,Midnight12k,FedBN,TCGA-COAD_CK,COAD,15,0.6571428571428571
adam,Midnight12k,FedBN,TCGA-COAD_CM,COAD,48,0.5555555555555556
adam,Midnight12k,FedBN,TCGA-HNSC_CN,HNSC,42,0.0
adam,Midnight12k,FedBN,TCGA-HNSC_CQ,HNSC,26,0.0
adam,Midnight12k,FedBN,TCGA-LGG_CS,LGG,14,0.55
adam,Midnight12k,FedBN,TCGA-HNSC_CV,HNSC,94,0.0
adam,Midnight12k,FedBN,TCGA-COAD_D5,COAD,37,0.43999999999999995
adam,Midnight12k,FedBN,TCGA-HNSC_D6,HNSC,20,0.0
adam,Midnight12k,FedBN,TCGA-STAD_D7,STAD,41,0.08571428571428572
adam,Midnight12k,FedBN,TCGA-BRCA_D8,BRCA,59,0.6941176470588235
adam,Midnight12k,FedBN,TCGA-SKCM_D9,SKCM,8,0.0
adam,Midnight12k,FedBN,TCGA-SKCM_DA,SKCM,16,0.0
adam,Midnight12k,FedBN,TCGA-LGG_DB,LGG,38,0.4571428571428572
adam,Midnight12k,FedBN,TCGA-LGG_DH,LGG,10,0.75
adam,Midnight12k,FedBN,TCGA-COAD_DM,COAD,17,0.325
adam,Midnight12k,FedBN,TCGA-HNSC_DQ,HNSC,10,0.0
adam,Midnight12k,FedBN,TCGA-CESC_DS,CESC,7,0.0
adam,Midnight12k,FedBN,TCGA-LGG_DU,LGG,60,0.45555555555555555
adam,Midnight12k,FedBN,TCGA-LGG_E1,LGG,15,0.44000000000000006
adam,Midnight12k,FedBN,TCGA-BRCA_E2,BRCA,70,0.7428571428571429
adam,Midnight12k,FedBN,TCGA-BRCA_E9,BRCA,44,0.7230769230769231
adam,Midnight12k,FedBN,TCGA-CESC_EA,CESC,18,0.0
adam,Midnight12k,FedBN,TCGA-SKCM_EB,SKCM,32,0.0
adam,Midnight12k,FedBN,TCGA-SKCM_EE,SKCM,60,0.0
adam,Midnight12k,FedBN,TCGA-SKCM_ER,SKCM,27,0.0
adam,Midnight12k,FedBN,TCGA-BRCA_EW,BRCA,30,0.5333333333333333
adam,Midnight12k,FedBN,TCGA-COAD_F4,COAD,21,0.5
adam,Midnight12k,FedBN,TCGA-HNSC_F7,HNSC,9,0.0
adam,Midnight12k,FedBN,TCGA-PAAD_FB,PAAD,11,0.0
adam,Midnight12k,FedBN,TCGA-LGG_FG,LGG,46,0.55
adam,Midnight12k,FedBN,TCGA-STAD_FP,STAD,9,0.0
adam,Midnight12k,FedBN,TCGA-SKCM_FR,SKCM,7,0.0
adam,Midnight12k,FedBN,TCGA-CESC_FU,CESC,10,0.0
adam,Midnight12k,FedBN,TCGA-COAD_G4,COAD,33,0.4
adam,Midnight12k,FedBN,TCGA-BRCA_GM,BRCA,14,0.6
adam,Midnight12k,FedBN,TCGA-SKCM_GN,SKCM,7,0.0
adam,Midnight12k,FedBN,TCGA-HNSC_HD,HNSC,10,0.0
adam,Midnight12k,FedBN,TCGA-STAD_HF,STAD,7,0.05
adam,Midnight12k,FedBN,TCGA-LGG_HT,LGG,207,0.7475409836065574
adam,Midnight12k,FedBN,TCGA-STAD_HU,STAD,26,0.1
adam,Midnight12k,FedBN,TCGA-LGG_HW,LGG,10,0.2
adam,Midnight12k,FedBN,TCGA-PAAD_HZ,PAAD,21,0.0
adam,Midnight12k,FedBN,TCGA-PAAD_IB,PAAD,27,0.0
adam,Midnight12k,FedBN,TCGA-STAD_IN,STAD,13,0.0
adam,Midnight12k,FedBN,TCGA-HNSC_IQ,HNSC,9,0.0
adam,Midnight12k,FedBN,TCGA-BRCA_LL,BRCA,13,0.16
adam,Midnight12k,FedBN,TCGA-LUAD_MP,LUAD,13,0.04
adam,Midnight12k,FedBN,TCGA-CESC_MY,CESC,7,0.0
adam,Midnight12k,FedBN,TCGA-BRCA_OL,BRCA,16,0.27999999999999997
adam,Midnight12k,FedBN,TCGA-HNSC_P3,HNSC,10,0.0
adam,Midnight12k,FedBN,TCGA-LGG_P5,LGG,9,0.5
adam,Midnight12k,FedBN,TCGA-CESC_Q1,CESC,7,0.0
adam,Midnight12k,FedBN,TCGA-LGG_QH,LGG,14,0.36
adam,Midnight12k,FedBN,TCGA-HNSC_QK,HNSC,15,0.0
adam,Midnight12k,FedBN,TCGA-LGG_R8,LGG,16,0.32727272727272727
adam,Midnight12k,FedBN,TCGA-STAD_RD,STAD,9,0.0
adam,Midnight12k,FedBN,TCGA-BRCA_S3,BRCA,7,0.3
adam,Midnight12k,FedBN,TCGA-LGG_S9,LGG,33,0.5818181818181818
adam,Midnight12k,FedBN,TCGA-LGG_TM,LGG,17,0.425
adam,Midnight12k,FedBN,TCGA-LGG_TQ,LGG,12,0.48
adam,Midnight12k,FedBN,TCGA-HNSC_UF,HNSC,12,0.0
adam,Midnight12k,FedBN,TCGA-LGG_VM,LGG,43,0.5407407407407407
adam,Midnight12k,FedBN,TCGA-STAD_VQ,STAD,46,0.026666666666666665
adam,Midnight12k,FedBN,TCGA-CESC_VS,CESC,37,0.0
adam,Midnight12k,FedBN,TCGA-PAAD_XD,PAAD,4,0.0
adam,Midnight12k,FedBN,TCGA-CESC_ZJ,CESC,11,0.0
adam,Midnight12k,FedProx,TCGA-LUAD_05,LUAD,16,1.0
adam,Midnight12k,FedProx,TCGA-PAAD_2J,PAAD,11,0.8400000000000001
adam,Midnight12k,FedProx,TCGA-LUAD_38,LUAD,7,1.0
adam,Midnight12k,FedProx,TCGA-PAAD_3A,PAAD,11,0.56
adam,Midnight12k,FedProx,TCGA-LUAD_44,LUAD,31,0.96
adam,Midnight12k,FedProx,TCGA-LUAD_49,LUAD,47,0.9939393939393939
adam,Midnight12k,FedProx,TCGA-LUAD_50,LUAD,12,1.0
adam,Midnight12k,FedProx,TCGA-LUAD_55,LUAD,63,0.968421052631579
adam,Midnight12k,FedProx,TCGA-LUAD_64,LUAD,8,0.7333333333333332
adam,Midnight12k,FedProx,TCGA-LUAD_69,LUAD,10,1.0
adam,Midnight12k,FedProx,TCGA-LUAD_73,LUAD,8,1.0
adam,Midnight12k,FedProx,TCGA-LUAD_75,LUAD,11,0.75
adam,Midnight12k,FedProx,TCGA-LUAD_78,LUAD,21,0.9142857142857143
adam,Midnight12k,FedProx,TCGA-LUAD_86,LUAD,23,0.975
adam,Midnight12k,FedProx,TCGA-LUAD_95,LUAD,7,1.0
adam,Midnight12k,FedProx,TCGA-LUAD_97,LUAD,16,1.0
adam,Midnight12k,FedProx,TCGA-BRCA_A1,BRCA,18,1.0
adam,Midnight12k,FedProx,TCGA-BRCA_A2,BRCA,116,1.0
adam,Midnight12k,FedProx,TCGA-COAD_A6,COAD,76,0.7666666666666666
adam,Midnight12k,FedProx,TCGA-BRCA_A7,BRCA,47,0.8090909090909092
adam,Midnight12k,FedProx,TCGA-BRCA_A8,BRCA,116,0.9944444444444445
adam,Midnight12k,FedProx,TCGA-COAD_AA,COAD,255,0.7333333333333332
adam,Midnight12k,FedProx,TCGA-BRCA_AC,BRCA,35,0.6615384615384615
adam,Midnight12k,FedProx,TCGA-COAD_AD,COAD,12,0.4
adam,Midnight12k,FedProx,TCGA-BRCA_AN,BRCA,54,1.0
adam,Midnight12k,FedProx,TCGA-BRCA_AO,BRCA,59,1.0
adam,Midnight12k,FedProx,TCGA-BRCA_AQ,BRCA,9,1.0
adam,Midnight12k,FedProx,TCGA-BRCA_AR,BRCA,58,0.95
adam,Midnight12k,FedProx,TCGA-COAD_AY,COAD,10,1.0
adam,Midnight12k,FedProx,TCGA-COAD_AZ,COAD,26,0.6199999999999999
adam,Midnight12k,FedProx,TCGA-BRCA_B6,BRCA,68,0.9478260869565217
adam,Midnight12k,FedProx,TCGA-HNSC_BA,HNSC,21,0.5714285714285714
adam,Midnight12k,FedProx,TCGA-HNSC_BB,HNSC,14,0.6
adam,Midnight12k,FedProx,TCGA-SKCM_BF,SKCM,13,0.6
adam,Midnight12k,FedProx,TCGA-BRCA_BH,BRCA,160,0.9879999999999999
adam,Midnight12k,FedProx,TCGA-STAD_BR,STAD,161,0.4958333333333334
adam,Midnight12k,FedProx,TCGA-CESC_C5,CESC,43,0.9384615384615385
adam,Midnight12k,FedProx,TCGA-BRCA_C8,BRCA,46,1.0
adam,Midnight12k,FedProx,TCGA-COAD_CA,COAD,13,0.65
adam,Midnight12k,FedProx,TCGA-STAD_CD,STAD,35,0.5272727272727272
adam,Midnight12k,FedProx,TCGA-STAD_CG,STAD,56,0.12222222222222223
adam,Midnight12k,FedProx,TCGA-COAD_CK,COAD,15,0.6285714285714286
adam,Midnight12k,FedProx,TCGA-COAD_CM,COAD,48,0.6888888888888889
adam,Midnight12k,FedProx,TCGA-HNSC_CN,HNSC,42,0.8615384615384615
adam,Midnight12k,FedProx,TCGA-HNSC_CQ,HNSC,26,1.0
adam,Midnight12k,FedProx,TCGA-LGG_CS,LGG,14,1.0
adam,Midnight12k,FedProx,TCGA-HNSC_CV,HNSC,94,0.9285714285714286
adam,Midnight12k,FedProx,TCGA-COAD_D5,COAD,37,0.7
adam,Midnight12k,FedProx,TCGA-HNSC_D6,HNSC,20,0.9666666666666666
adam,Midnight12k,FedProx,TCGA-STAD_D7,STAD,41,0.45714285714285713
adam,Midnight12k,FedProx,TCGA-BRCA_D8,BRCA,59,0.9647058823529411
adam,Midnight12k,FedProx,TCGA-SKCM_D9,SKCM,8,0.5
adam,Midnight12k,FedProx,TCGA-SKCM_DA,SKCM,16,0.8
adam,Midnight12k,FedProx,TCGA-LGG_DB,LGG,38,1.0
adam,Midnight12k,FedProx,TCGA-LGG_DH,LGG,10,1.0
adam,Midnight12k,FedProx,TCGA-COAD_DM,COAD,17,0.05
adam,Midnight12k,FedProx,TCGA-HNSC_DQ,HNSC,10,0.5
adam,Midnight12k,FedProx,TCGA-CESC_DS,CESC,7,1.0
adam,Midnight12k,FedProx,TCGA-LGG_DU,LGG,60,1.0
adam,Midnight12k,FedProx,TCGA-LGG_E1,LGG,15,1.0
adam,Midnight12k,FedProx,TCGA-BRCA_E2,BRCA,70,0.9904761904761905
adam,Midnight12k,FedProx,TCGA-BRCA_E9,BRCA,44,0.9846153846153847
adam,Midnight12k,FedProx,TCGA-CESC_EA,CESC,18,0.9666666666666668
adam,Midnight12k,FedProx,TCGA-SKCM_EB,SKCM,32,0.8181818181818181
adam,Midnight12k,FedProx,TCGA-SKCM_EE,SKCM,60,0.6105263157894736
adam,Midnight12k,FedProx,TCGA-SKCM_ER,SKCM,27,0.875
adam,Midnight12k,FedProx,TCGA-BRCA_EW,BRCA,30,1.0
adam,Midnight12k,FedProx,TCGA-COAD_F4,COAD,21,0.3
adam,Midnight12k,FedProx,TCGA-HNSC_F7,HNSC,9,1.0
adam,Midnight12k,FedProx,TCGA-PAAD_FB,PAAD,11,0.4
adam,Midnight12k,FedProx,TCGA-LGG_FG,LGG,46,1.0
adam,Midnight12k,FedProx,TCGA-STAD_FP,STAD,9,0.5999999999999999
adam,Midnight12k,FedProx,TCGA-SKCM_FR,SKCM,7,1.0
adam,Midnight12k,FedProx,TCGA-CESC_FU,CESC,10,0.75
adam,Midnight12k,FedProx,TCGA-COAD_G4,COAD,33,0.5384615384615385
adam,Midnight12k,FedProx,TCGA-BRCA_GM,BRCA,14,1.0
adam,Midnight12k,FedProx,TCGA-SKCM_GN,SKCM,7,0.7
adam,Midnight12k,FedProx,TCGA-HNSC_HD,HNSC,10,0.75
adam,Midnight12k,FedProx,TCGA-STAD_HF,STAD,7,0.9
adam,Midnight12k,FedProx,TCGA-LGG_HT,LGG,207,1.0
adam,Midnight12k,FedProx,TCGA-STAD_HU,STAD,26,0.7
adam,Midnight12k,FedProx,TCGA-LGG_HW,LGG,10,1.0
adam,Midnight12k,FedProx,TCGA-PAAD_HZ,PAAD,21,0.6857142857142857
adam,Midnight12k,FedProx,TCGA-PAAD_IB,PAAD,27,0.711111111111111
adam,Midnight12k,FedProx,TCGA-STAD_IN,STAD,13,0.7
adam,Midnight12k,FedProx,TCGA-HNSC_IQ,HNSC,9,1.0
adam,Midnight12k,FedProx,TCGA-BRCA_LL,BRCA,13,0.8800000000000001
adam,Midnight12k,FedProx,TCGA-LUAD_MP,LUAD,13,0.8400000000000001
adam,Midnight12k,FedProx,TCGA-CESC_MY,CESC,7,1.0
adam,Midnight12k,FedProx,TCGA-BRCA_OL,BRCA,16,1.0
adam,Midnight12k,FedProx,TCGA-HNSC_P3,HNSC,10,1.0
adam,Midnight12k,FedProx,TCGA-LGG_P5,LGG,9,1.0
adam,Midnight12k,FedProx,TCGA-CESC_Q1,CESC,7,1.0
adam,Midnight12k,FedProx,TCGA-LGG_QH,LGG,14,1.0
adam,Midnight12k,FedProx,TCGA-HNSC_QK,HNSC,15,0.8
adam,Midnight12k,FedProx,TCGA-LGG_R8,LGG,16,1.0
adam,Midnight12k,FedProx,TCGA-STAD_RD,STAD,9,0.3
adam,Midnight12k,FedProx,TCGA-BRCA_S3,BRCA,7,1.0
adam,Midnight12k,FedProx,TCGA-LGG_S9,LGG,33,1.0
adam,Midnight12k,FedProx,TCGA-LGG_TM,LGG,17,1.0
adam,Midnight12k,FedProx,TCGA-LGG_TQ,LGG,12,1.0
adam,Midnight12k,FedProx,TCGA-HNSC_UF,HNSC,12,0.96
adam,Midnight12k,FedProx,TCGA-LGG_VM,LGG,43,1.0
adam,Midnight12k,FedProx,TCGA-STAD_VQ,STAD,46,0.24
adam,Midnight12k,FedProx,TCGA-CESC_VS,CESC,37,0.75
adam,Midnight12k,FedProx,TCGA-PAAD_XD,PAAD,4,0.38
adam,Midnight12k,FedProx,TCGA-CESC_ZJ,CESC,11,1.0
adam,Midnight12k,SCAFFOLD,TCGA-LUAD_05,LUAD,16,0.9666666666666668
adam,Midnight12k,SCAFFOLD,TCGA-PAAD_2J,PAAD,11,0.0
adam,Midnight12k,SCAFFOLD,TCGA-LUAD_38,LUAD,7,0.9333333333333332
adam,Midnight12k,SCAFFOLD,TCGA-PAAD_3A,PAAD,11,0.0
adam,Midnight12k,SCAFFOLD,TCGA-LUAD_44,LUAD,31,0.96
adam,Midnight12k,SCAFFOLD,TCGA-LUAD_49,LUAD,47,0.9818181818181818
adam,Midnight12k,SCAFFOLD,TCGA-LUAD_50,LUAD,12,1.0
adam,Midnight12k,SCAFFOLD,TCGA-LUAD_55,LUAD,63,1.0
adam,Midnight12k,SCAFFOLD,TCGA-LUAD_64,LUAD,8,0.8666666666666666
adam,Midnight12k,SCAFFOLD,TCGA-LUAD_69,LUAD,10,1.0
adam,Midnight12k,SCAFFOLD,TCGA-LUAD_73,LUAD,8,1.0
adam,Midnight12k,SCAFFOLD,TCGA-LUAD_75,LUAD,11,0.65
adam,Midnight12k,SCAFFOLD,TCGA-LUAD_78,LUAD,21,0.9428571428571428
adam,Midnight12k,SCAFFOLD,TCGA-LUAD_86,LUAD,23,0.95
adam,Midnight12k,SCAFFOLD,TCGA-LUAD_95,LUAD,7,1.0
adam,Midnight12k,SCAFFOLD,TCGA-LUAD_97,LUAD,16,1.0
adam,Midnight12k,SCAFFOLD,TCGA-BRCA_A1,BRCA,18,1.0
adam,Midnight12k,SCAFFOLD,TCGA-BRCA_A2,BRCA,116,0.9894736842105264
adam,Midnight12k,SCAFFOLD,TCGA-COAD_A6,COAD,76,0.20833333333333331
adam,Midnight12k,SCAFFOLD,TCGA-BRCA_A7,BRCA,47,0.8181818181818181
adam,Midnight12k,SCAFFOLD,TCGA-BRCA_A8,BRCA,116,1.0
adam,Midnight12k,SCAFFOLD,TCGA-COAD_AA,COAD,255,0.21975308641975308
adam,Midnight12k,SCAFFOLD,TCGA-BRCA_AC,BRCA,35,0.7846153846153847
adam,Midnight12k,SCAFFOLD,TCGA-COAD_AD,COAD,12,0.15
adam,Midnight12k,SCAFFOLD,TCGA-BRCA_AN,BRCA,54,1.0
adam,Midnight12k,SCAFFOLD,TCGA-BRCA_AO,BRCA,59,1.0
adam,Midnight12k,SCAFFOLD,TCGA-BRCA_AQ,BRCA,9,1.0
adam,Midnight12k,SCAFFOLD,TCGA-BRCA_AR,BRCA,58,1.0
adam,Midnight12k,SCAFFOLD,TCGA-COAD_AY,COAD,10,0.26666666666666666
adam,Midnight12k,SCAFFOLD,TCGA-COAD_AZ,COAD,26,0.2
adam,Midnight12k,SCAFFOLD,TCGA-BRCA_B6,BRCA,68,0.9826086956521738
adam,Midnight12k,SCAFFOLD,TCGA-HNSC_BA,HNSC,21,0.5428571428571429
adam,Midnight12k,SCAFFOLD,TCGA-HNSC_BB,HNSC,14,0.43999999999999995
adam,Midnight12k,SCAFFOLD,TCGA-SKCM_BF,SKCM,13,0.0
adam,Midnight12k,SCAFFOLD,TCGA-BRCA_BH,BRCA,160,0.9960000000000001
adam,Midnight12k,SCAFFOLD,TCGA-STAD_BR,STAD,161,0.0
adam,Midnight12k,SCAFFOLD,TCGA-CESC_C5,CESC,43,0.24615384615384617
adam,Midnight12k,SCAFFOLD,TCGA-BRCA_C8,BRCA,46,0.9777777777777779
adam,Midnight12k,SCAFFOLD,TCGA-COAD_CA,COAD,13,0.2
adam,Midnight12k,SCAFFOLD,TCGA-STAD_CD,STAD,35,0.0
adam,Midnight12k,SCAFFOLD,TCGA-STAD_CG,STAD,56,0.0
adam,Midnight12k,SCAFFOLD,TCGA-COAD_CK,COAD,15,0.17142857142857143
adam,Midnight12k,SCAFFOLD,TCGA-COAD_CM,COAD,48,0.22222222222222224
adam,Midnight12k,SCAFFOLD,TCGA-HNSC_CN,HNSC,42,0.7076923076923076
adam,Midnight12k,SCAFFOLD,TCGA-HNSC_CQ,HNSC,26,0.6444444444444445
adam,Midnight12k,SCAFFOLD,TCGA-LGG_CS,LGG,14,0.8
adam,Midnight12k,SCAFFOLD,TCGA-HNSC_CV,HNSC,94,0.6857142857142857
adam,Midnight12k,SCAFFOLD,TCGA-COAD_D5,COAD,37,0.16
adam,Midnight12k,SCAFFOLD,TCGA-HNSC_D6,HNSC,20,0.5666666666666667
adam,Midnight12k,SCAFFOLD,TCGA-STAD_D7,STAD,41,0.0
adam,Midnight12k,SCAFFOLD,TCGA-BRCA_D8,BRCA,59,0.9882352941176471
adam,Midnight12k,SCAFFOLD,TCGA-SKCM_D9,SKCM,8,0.0
adam,Midnight12k,SCAFFOLD,TCGA-SKCM_DA,SKCM,16,0.0
adam,Midnight12k,SCAFFOLD,TCGA-LGG_DB,LGG,38,0.8
adam,Midnight12k,SCAFFOLD,TCGA-LGG_DH,LGG,10,0.8
adam,Midnight12k,SCAFFOLD,TCGA-COAD_DM,COAD,17,0.025
adam,Midnight12k,SCAFFOLD,TCGA-HNSC_DQ,HNSC,10,0.5
adam,Midnight12k,SCAFFOLD,TCGA-CESC_DS,CESC,7,0.13333333333333333
adam,Midnight12k,SCAFFOLD,TCGA-LGG_DU,LGG,60,0.788888888888889
adam,Midnight12k,SCAFFOLD,TCGA-LGG_E1,LGG,15,0.8
adam,Midnight12k,SCAFFOLD,TCGA-BRCA_E2,BRCA,70,1.0
adam,Midnight12k,SCAFFOLD,TCGA-BRCA_E9,BRCA,44,1.0
adam,Midnight12k,SCAFFOLD,TCGA-CESC_EA,CESC,18,0.2
adam,Midnight12k,SCAFFOLD,TCGA-SKCM_EB,SKCM,32,0.0
adam,Midnight12k,SCAFFOLD,TCGA-SKCM_EE,SKCM,60,0.0
adam,Midnight12k,SCAFFOLD,TCGA-SKCM_ER,SKCM,27,0.0
adam,Midnight12k,SCAFFOLD,TCGA-BRCA_EW,BRCA,30,1.0
adam,Midnight12k,SCAFFOLD,TCGA-COAD_F4,COAD,21,0.125
adam,Midnight12k,SCAFFOLD,TCGA-HNSC_F7,HNSC,9,0.8
adam,Midnight12k,SCAFFOLD,TCGA-PAAD_FB,PAAD,11,0.0
adam,Midnight12k,SCAFFOLD,TCGA-LGG_FG,LGG,46,0.8
adam,Midnight12k,SCAFFOLD,TCGA-STAD_FP,STAD,9,0.0
adam,Midnight12k,SCAFFOLD,TCGA-SKCM_FR,SKCM,7,0.0
adam,Midnight12k,SCAFFOLD,TCGA-CESC_FU,CESC,10,0.15
adam,Midnight12k,SCAFFOLD,TCGA-COAD_G4,COAD,33,0.09230769230769231
adam,Midnight12k,SCAFFOLD,TCGA-BRCA_GM,BRCA,14,1.0
adam,Midnight12k,SCAFFOLD,TCGA-SKCM_GN,SKCM,7,0.0
adam,Midnight12k,SCAFFOLD,TCGA-HNSC_HD,HNSC,10,0.65
adam,Midnight12k,SCAFFOLD,TCGA-STAD_HF,STAD,7,0.0
adam,Midnight12k,SCAFFOLD,TCGA-LGG_HT,LGG,207,0.7934426229508197
adam,Midnight12k,SCAFFOLD,TCGA-STAD_HU,STAD,26,0.0
adam,Midnight12k,SCAFFOLD,TCGA-LGG_HW,LGG,10,0.8
adam,Midnight12k,SCAFFOLD,TCGA-PAAD_HZ,PAAD,21,0.0
adam,Midnight12k,SCAFFOLD,TCGA-PAAD_IB,PAAD,27,0.0
adam,Midnight12k,SCAFFOLD,TCGA-STAD_IN,STAD,13,0.0
adam,Midnight12k,SCAFFOLD,TCGA-HNSC_IQ,HNSC,9,0.7333333333333333
adam,Midnight12k,SCAFFOLD,TCGA-BRCA_LL,BRCA,13,1.0
adam,Midnight12k,SCAFFOLD,TCGA-LUAD_MP,LUAD,13,0.8
adam,Midnight12k,SCAFFOLD,TCGA-CESC_MY,CESC,7,0.12
adam,Midnight12k,SCAFFOLD,TCGA-BRCA_OL,BRCA,16,1.0
adam,Midnight12k,SCAFFOLD,TCGA-HNSC_P3,HNSC,10,0.8
adam,Midnight12k,SCAFFOLD,TCGA-LGG_P5,LGG,9,0.8
adam,Midnight12k,SCAFFOLD,TCGA-CESC_Q1,CESC,7,0.2
adam,Midnight12k,SCAFFOLD,TCGA-LGG_QH,LGG,14,0.8
adam,Midnight12k,SCAFFOLD,TCGA-HNSC_QK,HNSC,15,0.56
adam,Midnight12k,SCAFFOLD,TCGA-LGG_R8,LGG,16,0.8
adam,Midnight12k,SCAFFOLD,TCGA-STAD_RD,STAD,9,0.0
adam,Midnight12k,SCAFFOLD,TCGA-BRCA_S3,BRCA,7,1.0
adam,Midnight12k,SCAFFOLD,TCGA-LGG_S9,LGG,33,0.8
adam,Midnight12k,SCAFFOLD,TCGA-LGG_TM,LGG,17,0.8
adam,Midnight12k,SCAFFOLD,TCGA-LGG_TQ,LGG,12,0.8
adam,Midnight12k,SCAFFOLD,TCGA-HNSC_UF,HNSC,12,0.76
adam,Midnight12k,SCAFFOLD,TCGA-LGG_VM,LGG,43,0.8
adam,Midnight12k,SCAFFOLD,TCGA-STAD_VQ,STAD,46,0.0
adam,Midnight12k,SCAFFOLD,TCGA-CESC_VS,CESC,37,0.2
adam,Midnight12k,SCAFFOLD,TCGA-PAAD_XD,PAAD,4,0.0
adam,Midnight12k,SCAFFOLD,TCGA-CESC_ZJ,CESC,11,0.25
adam,Phikon_v2,FedAvg,TCGA-LUAD_05,LUAD,16,0.7666666666666667
adam,Phikon_v2,FedAvg,TCGA-PAAD_2J,PAAD,11,0.4
adam,Phikon_v2,FedAvg,TCGA-LUAD_38,LUAD,7,0.8
adam,Phikon_v2,FedAvg,TCGA-PAAD_3A,PAAD,11,0.5599999999999999
adam,Phikon_v2,FedAvg,TCGA-LUAD_44,LUAD,31,0.7
adam,Phikon_v2,FedAvg,TCGA-LUAD_49,LUAD,47,0.6121212121212121
adam,Phikon_v2,FedAvg,TCGA-LUAD_50,LUAD,12,0.45714285714285713
adam,Phikon_v2,FedAvg,TCGA-LUAD_55,LUAD,63,0.8842105263157893
adam,Phikon_v2,FedAvg,TCGA-LUAD_64,LUAD,8,0.8
adam,Phikon_v2,FedAvg,TCGA-LUAD_69,LUAD,10,0.5
adam,Phikon_v2,FedAvg,TCGA-LUAD_73,LUAD,8,0.5333333333333334
adam,Phikon_v2,FedAvg,TCGA-LUAD_75,LUAD,11,0.5
adam,Phikon_v2,FedAvg,TCGA-LUAD_78,LUAD,21,0.6
adam,Phikon_v2,FedAvg,TCGA-LUAD_86,LUAD,23,0.625
adam,Phikon_v2,FedAvg,TCGA-LUAD_95,LUAD,7,0.4666666666666666
adam,Phikon_v2,FedAvg,TCGA-LUAD_97,LUAD,16,0.48
adam,Phikon_v2,FedAvg,TCGA-BRCA_A1,BRCA,18,1.0
adam,Phikon_v2,FedAvg,TCGA-BRCA_A2,BRCA,116,1.0
adam,Phikon_v2,FedAvg,TCGA-COAD_A6,COAD,76,0.9583333333333334
adam,Phikon_v2,FedAvg,TCGA-BRCA_A7,BRCA,47,0.9545454545454545
adam,Phikon_v2,FedAvg,TCGA-BRCA_A8,BRCA,116,1.0
adam,Phikon_v2,FedAvg,TCGA-COAD_AA,COAD,255,0.9012345679012347
adam,Phikon_v2,FedAvg,TCGA-BRCA_AC,BRCA,35,0.7692307692307692
adam,Phikon_v2,FedAvg,TCGA-COAD_AD,COAD,12,0.9
adam,Phikon_v2,FedAvg,TCGA-BRCA_AN,BRCA,54,1.0
adam,Phikon_v2,FedAvg,TCGA-BRCA_AO,BRCA,59,1.0
adam,Phikon_v2,FedAvg,TCGA-BRCA_AQ,BRCA,9,1.0
adam,Phikon_v2,FedAvg,TCGA-BRCA_AR,BRCA,58,1.0
adam,Phikon_v2,FedAvg,TCGA-COAD_AY,COAD,10,1.0
adam,Phikon_v2,FedAvg,TCGA-COAD_AZ,COAD,26,0.8400000000000001
adam,Phikon_v2,FedAvg,TCGA-BRCA_B6,BRCA,68,1.0
adam,Phikon_v2,FedAvg,TCGA-HNSC_BA,HNSC,21,0.8571428571428571
adam,Phikon_v2,FedAvg,TCGA-HNSC_BB,HNSC,14,0.7200000000000001
adam,Phikon_v2,FedAvg,TCGA-SKCM_BF,SKCM,13,0.6
adam,Phikon_v2,FedAvg,TCGA-BRCA_BH,BRCA,160,1.0
adam,Phikon_v2,FedAvg,TCGA-STAD_BR,STAD,161,0.6458333333333333
adam,Phikon_v2,FedAvg,TCGA-CESC_C5,CESC,43,0.9846153846153847
adam,Phikon_v2,FedAvg,TCGA-BRCA_C8,BRCA,46,1.0
adam,Phikon_v2,FedAvg,TCGA-COAD_CA,COAD,13,0.6
adam,Phikon_v2,FedAvg,TCGA-STAD_CD,STAD,35,0.8727272727272727
adam,Phikon_v2,FedAvg,TCGA-STAD_CG,STAD,56,0.32222222222222224
adam,Phikon_v2,FedAvg,TCGA-COAD_CK,COAD,15,0.8571428571428571
adam,Phikon_v2,FedAvg,TCGA-COAD_CM,COAD,48,0.9444444444444444
adam,Phikon_v2,FedAvg,TCGA-HNSC_CN,HNSC,42,0.9846153846153847
adam,Phikon_v2,FedAvg,TCGA-HNSC_CQ,HNSC,26,1.0
adam,Phikon_v2,FedAvg,TCGA-LGG_CS,LGG,14,1.0
adam,Phikon_v2,FedAvg,TCGA-HNSC_CV,HNSC,94,0.9357142857142857
adam,Phikon_v2,FedAvg,TCGA-COAD_D5,COAD,37,0.9400000000000001
adam,Phikon_v2,FedAvg,TCGA-HNSC_D6,HNSC,20,0.7
adam,Phikon_v2,FedAvg,TCGA-STAD_D7,STAD,41,0.4
adam,Phikon_v2,FedAvg,TCGA-BRCA_D8,BRCA,59,1.0
adam,Phikon_v2,FedAvg,TCGA-SKCM_D9,SKCM,8,0.3
adam,Phikon_v2,FedAvg,TCGA-SKCM_DA,SKCM,16,0.64
adam,Phikon_v2,FedAvg,TCGA-LGG_DB,LGG,38,1.0
adam,Phikon_v2,FedAvg,TCGA-LGG_DH,LGG,10,1.0
adam,Phikon_v2,FedAvg,TCGA-COAD_DM,COAD,17,0.3
adam,Phikon_v2,FedAvg,TCGA-HNSC_DQ,HNSC,10,0.75
adam,Phikon_v2,FedAvg,TCGA-CESC_DS,CESC,7,0.4666666666666667
adam,Phikon_v2,FedAvg,TCGA-LGG_DU,LGG,60,1.0
adam,Phikon_v2,FedAvg,TCGA-LGG_E1,LGG,15,1.0
adam,Phikon_v2,FedAvg,TCGA-BRCA_E2,BRCA,70,1.0
adam,Phikon_v2,FedAvg,TCGA-BRCA_E9,BRCA,44,1.0
adam,Phikon_v2,FedAvg,TCGA-CESC_EA,CESC,18,0.8
adam,Phikon_v2,FedAvg,TCGA-SKCM_EB,SKCM,32,0.5272727272727273
adam,Phikon_v2,FedAvg,TCGA-SKCM_EE,SKCM,60,0.6842105263157895
adam,Phikon_v2,FedAvg,TCGA-SKCM_ER,SKCM,27,0.475
adam,Phikon_v2,FedAvg,TCGA-BRCA_EW,BRCA,30,1.0
adam,Phikon_v2,FedAvg,TCGA-COAD_F4,COAD,21,0.7
adam,Phikon_v2,FedAvg,TCGA-HNSC_F7,HNSC,9,0.4666666666666666
adam,Phikon_v2,FedAvg,TCGA-PAAD_FB,PAAD,11,0.36
adam,Phikon_v2,FedAvg,TCGA-LGG_FG,LGG,46,1.0
adam,Phikon_v2,FedAvg,TCGA-STAD_FP,STAD,9,0.4666666666666666
adam,Phikon_v2,FedAvg,TCGA-SKCM_FR,SKCM,7,0.26666666666666666
adam,Phikon_v2,FedAvg,TCGA-CESC_FU,CESC,10,0.15
adam,Phikon_v2,FedAvg,TCGA-COAD_G4,COAD,33,0.9384615384615385
adam,Phikon_v2,FedAvg,TCGA-BRCA_GM,BRCA,14,1.0
adam,Phikon_v2,FedAvg,TCGA-SKCM_GN,SKCM,7,0.4
adam,Phikon_v2,FedAvg,TCGA-HNSC_HD,HNSC,10,0.7
adam,Phikon_v2,FedAvg,TCGA-STAD_HF,STAD,7,0.6
adam,Phikon_v2,FedAvg,TCGA-LGG_HT,LGG,207,1.0
adam,Phikon_v2,FedAvg,TCGA-STAD_HU,STAD,26,0.775
adam,Phikon_v2,FedAvg,TCGA-LGG_HW,LGG,10,1.0
adam,Phikon_v2,FedAvg,TCGA-PAAD_HZ,PAAD,21,0.3142857142857143
adam,Phikon_v2,FedAvg,TCGA-PAAD_IB,PAAD,27,0.4222222222222222
adam,Phikon_v2,FedAvg,TCGA-STAD_IN,STAD,13,0.7999999999999999
adam,Phikon_v2,FedAvg,TCGA-HNSC_IQ,HNSC,9,0.8
adam,Phikon_v2,FedAvg,TCGA-BRCA_LL,BRCA,13,1.0
adam,Phikon_v2,FedAvg,TCGA-LUAD_MP,LUAD,13,0.56
adam,Phikon_v2,FedAvg,TCGA-CESC_MY,CESC,7,0.8799999999999999
adam,Phikon_v2,FedAvg,TCGA-BRCA_OL,BRCA,16,1.0
adam,Phikon_v2,FedAvg,TCGA-HNSC_P3,HNSC,10,0.85
adam,Phikon_v2,FedAvg,TCGA-LGG_P5,LGG,9,1.0
adam,Phikon_v2,FedAvg,TCGA-CESC_Q1,CESC,7,0.9333333333333332
adam,Phikon_v2,FedAvg,TCGA-LGG_QH,LGG,14,1.0
adam,Phikon_v2,FedAvg,TCGA-HNSC_QK,HNSC,15,0.8800000000000001
adam,Phikon_v2,FedAvg,TCGA-LGG_R8,LGG,16,1.0
adam,Phikon_v2,FedAvg,TCGA-STAD_RD,STAD,9,0.95
adam,Phikon_v2,FedAvg,TCGA-BRCA_S3,BRCA,7,1.0
adam,Phikon_v2,FedAvg,TCGA-LGG_S9,LGG,33,1.0
adam,Phikon_v2,FedAvg,TCGA-LGG_TM,LGG,17,1.0
adam,Phikon_v2,FedAvg,TCGA-LGG_TQ,LGG,12,1.0
adam,Phikon_v2,FedAvg,TCGA-HNSC_UF,HNSC,12,0.9199999999999999
adam,Phikon_v2,FedAvg,TCGA-LGG_VM,LGG,43,1.0
adam,Phikon_v2,FedAvg,TCGA-STAD_VQ,STAD,46,0.8400000000000001
adam,Phikon_v2,FedAvg,TCGA-CESC_VS,CESC,37,0.9666666666666668
adam,Phikon_v2,FedAvg,TCGA-PAAD_XD,PAAD,4,0.38
adam,Phikon_v2,FedAvg,TCGA-CESC_ZJ,CESC,11,1.0
adam,Phikon_v2,FedBN,TCGA-LUAD_05,LUAD,16,0.0
adam,Phikon_v2,FedBN,TCGA-PAAD_2J,PAAD,11,0.0
adam,Phikon_v2,FedBN,TCGA-LUAD_38,LUAD,7,0.0
adam,Phikon_v2,FedBN,TCGA-PAAD_3A,PAAD,11,0.0
adam,Phikon_v2,FedBN,TCGA-LUAD_44,LUAD,31,0.0
adam,Phikon_v2,FedBN,TCGA-LUAD_49,LUAD,47,0.0
adam,Phikon_v2,FedBN,TCGA-LUAD_50,LUAD,12,0.02857142857142857
adam,Phikon_v2,FedBN,TCGA-LUAD_55,LUAD,63,0.0
adam,Phikon_v2,FedBN,TCGA-LUAD_64,LUAD,8,0.06666666666666667
adam,Phikon_v2,FedBN,TCGA-LUAD_69,LUAD,10,0.0
adam,Phikon_v2,FedBN,TCGA-LUAD_73,LUAD,8,0.0
adam,Phikon_v2,FedBN,TCGA-LUAD_75,LUAD,11,0.0
adam,Phikon_v2,FedBN,TCGA-LUAD_78,LUAD,21,0.0
adam,Phikon_v2,FedBN,TCGA-LUAD_86,LUAD,23,0.0
adam,Phikon_v2,FedBN,TCGA-LUAD_95,LUAD,7,0.0
adam,Phikon_v2,FedBN,TCGA-LUAD_97,LUAD,16,0.0
adam,Phikon_v2,FedBN,TCGA-BRCA_A1,BRCA,18,0.725
adam,Phikon_v2,FedBN,TCGA-BRCA_A2,BRCA,116,0.9105263157894736
adam,Phikon_v2,FedBN,TCGA-COAD_A6,COAD,76,0.5333333333333334
adam,Phikon_v2,FedBN,TCGA-BRCA_A7,BRCA,47,0.5818181818181818
adam,Phikon_v2,FedBN,TCGA-BRCA_A8,BRCA,116,0.6555555555555556
adam,Phikon_v2,FedBN,TCGA-COAD_AA,COAD,255,0.8666666666666666
adam,Phikon_v2,FedBN,TCGA-BRCA_AC,BRCA,35,0.6
adam,Phikon_v2,FedBN,TCGA-COAD_AD,COAD,12,0.55
adam,Phikon_v2,FedBN,TCGA-BRCA_AN,BRCA,54,0.7764705882352941
adam,Phikon_v2,FedBN,TCGA-BRCA_AO,BRCA,59,0.8285714285714286
adam,Phikon_v2,FedBN,TCGA-BRCA_AQ,BRCA,9,0.7
adam,Phikon_v2,FedBN,TCGA-BRCA_AR,BRCA,58,0.58
adam,Phikon_v2,FedBN,TCGA-COAD_AY,COAD,10,0.6666666666666666
adam,Phikon_v2,FedBN,TCGA-COAD_AZ,COAD,26,0.4
adam,Phikon_v2,FedBN,TCGA-BRCA_B6,BRCA,68,0.7217391304347827
adam,Phikon_v2,FedBN,TCGA-HNSC_BA,HNSC,21,0.0
adam,Phikon_v2,FedBN,TCGA-HNSC_BB,HNSC,14,0.0
adam,Phikon_v2,FedBN,TCGA-SKCM_BF,SKCM,13,0.0
adam,Phikon_v2,FedBN,TCGA-BRCA_BH,BRCA,160,0.908
adam,Phikon_v2,FedBN,TCGA-STAD_BR,STAD,161,0.5166666666666668
adam,Phikon_v2,FedBN,TCGA-CESC_C5,CESC,43,0.0
adam,Phikon_v2,FedBN,TCGA-BRCA_C8,BRCA,46,0.5333333333333333
adam,Phikon_v2,FedBN,TCGA-COAD_CA,COAD,13,0.35
adam,Phikon_v2,FedBN,TCGA-STAD_CD,STAD,35,0.27272727272727276
adam,Phikon_v2,FedBN,TCGA-STAD_CG,STAD,56,0.35555555555555557
adam,Phikon_v2,FedBN,TCGA-COAD_CK,COAD,15,0.42857142857142855
adam,Phikon_v2,FedBN,TCGA-COAD_CM,COAD,48,0.3222222222222222
adam,Phikon_v2,FedBN,TCGA-HNSC_CN,HNSC,42,0.0
adam,Phikon_v2,FedBN,TCGA-HNSC_CQ,HNSC,26,0.0
adam,Phikon_v2,FedBN,TCGA-LGG_CS,LGG,14,0.25
adam,Phikon_v2,FedBN,TCGA-HNSC_CV,HNSC,94,0.13571428571428573
adam,Phikon_v2,FedBN,TCGA-COAD_D5,COAD,37,0.5800000000000001
adam,Phikon_v2,FedBN,TCGA-HNSC_D6,HNSC,20,0.0
adam,Phikon_v2,FedBN,TCGA-STAD_D7,STAD,41,0.12857142857142856
adam,Phikon_v2,FedBN,TCGA-BRCA_D8,BRCA,59,0.6705882352941176
adam,Phikon_v2,FedBN,TCGA-SKCM_D9,SKCM,8,0.0
adam,Phikon_v2,FedBN,TCGA-SKCM_DA,SKCM,16,0.0
adam,Phikon_v2,FedBN,TCGA-LGG_DB,LGG,38,0.27142857142857146
adam,Phikon_v2,FedBN,TCGA-LGG_DH,LGG,10,0.35
adam,Phikon_v2,FedBN,TCGA-COAD_DM,COAD,17,0.25
adam,Phikon_v2,FedBN,TCGA-HNSC_DQ,HNSC,10,0.0
adam,Phikon_v2,FedBN,TCGA-CESC_DS,CESC,7,0.0
adam,Phikon_v2,FedBN,TCGA-LGG_DU,LGG,60,0.47777777777777775
adam,Phikon_v2,FedBN,TCGA-LGG_E1,LGG,15,0.24
adam,Phikon_v2,FedBN,TCGA-BRCA_E2,BRCA,70,0.819047619047619
adam,Phikon_v2,FedBN,TCGA-BRCA_E9,BRCA,44,0.6461538461538462
adam,Phikon_v2,FedBN,TCGA-CESC_EA,CESC,18,0.0
adam,Phikon_v2,FedBN,TCGA-SKCM_EB,SKCM,32,0.0
adam,Phikon_v2,FedBN,TCGA-SKCM_EE,SKCM,60,0.0
adam,Phikon_v2,FedBN,TCGA-SKCM_ER,SKCM,27,0.0
adam,Phikon_v2,FedBN,TCGA-BRCA_EW,BRCA,30,0.3111111111111111
adam,Phikon_v2,FedBN,TCGA-COAD_F4,COAD,21,0.6
adam,Phikon_v2,FedBN,TCGA-HNSC_F7,HNSC,9,0.0
adam,Phikon_v2,FedBN,TCGA-PAAD_FB,PAAD,11,0.0
adam,Phikon_v2,FedBN,TCGA-LGG_FG,LGG,46,0.35
adam,Phikon_v2,FedBN,TCGA-STAD_FP,STAD,9,0.2
adam,Phikon_v2,FedBN,TCGA-SKCM_FR,SKCM,7,0.0
adam,Phikon_v2,FedBN,TCGA-CESC_FU,CESC,10,0.0
adam,Phikon_v2,FedBN,TCGA-COAD_G4,COAD,33,0.35384615384615387
adam,Phikon_v2,FedBN,TCGA-BRCA_GM,BRCA,14,0.65
adam,Phikon_v2,FedBN,TCGA-SKCM_GN,SKCM,7,0.0
adam,Phikon_v2,FedBN,TCGA-HNSC_HD,HNSC,10,0.0
adam,Phikon_v2,FedBN,TCGA-STAD_HF,STAD,7,0.05
adam,Phikon_v2,FedBN,TCGA-LGG_HT,LGG,207,0.6950819672131148
adam,Phikon_v2,FedBN,TCGA-STAD_HU,STAD,26,0.05
adam,Phikon_v2,FedBN,TCGA-LGG_HW,LGG,10,0.4
adam,Phikon_v2,FedBN,TCGA-PAAD_HZ,PAAD,21,0.0
adam,Phikon_v2,FedBN,TCGA-PAAD_IB,PAAD,27,0.0
adam,Phikon_v2,FedBN,TCGA-STAD_IN,STAD,13,0.1
adam,Phikon_v2,FedBN,TCGA-HNSC_IQ,HNSC,9,0.0
adam,Phikon_v2,FedBN,TCGA-BRCA_LL,BRCA,13,0.7200000000000001
adam,Phikon_v2,FedBN,TCGA-LUAD_MP,LUAD,13,0.0
adam,Phikon_v2,FedBN,TCGA-CESC_MY,CESC,7,0.0
adam,Phikon_v2,FedBN,TCGA-BRCA_OL,BRCA,16,0.64
adam,Phikon_v2,FedBN,TCGA-HNSC_P3,HNSC,10,0.0
adam,Phikon_v2,FedBN,TCGA-LGG_P5,LGG,9,0.25
adam,Phikon_v2,FedBN,TCGA-CESC_Q1,CESC,7,0.0
adam,Phikon_v2,FedBN,TCGA-LGG_QH,LGG,14,0.4
adam,Phikon_v2,FedBN,TCGA-HNSC_QK,HNSC,15,0.0
adam,Phikon_v2,FedBN,TCGA-LGG_R8,LGG,16,0.27272727272727276
adam,Phikon_v2,FedBN,TCGA-STAD_RD,STAD,9,0.25
adam,Phikon_v2,FedBN,TCGA-BRCA_S3,BRCA,7,0.2
adam,Phikon_v2,FedBN,TCGA-LGG_S9,LGG,33,0.2909090909090909
adam,Phikon_v2,FedBN,TCGA-LGG_TM,LGG,17,0.225
adam,Phikon_v2,FedBN,TCGA-LGG_TQ,LGG,12,0.36000000000000004
adam,Phikon_v2,FedBN,TCGA-HNSC_UF,HNSC,12,0.0
adam,Phikon_v2,FedBN,TCGA-LGG_VM,LGG,43,0.3555555555555555
adam,Phikon_v2,FedBN,TCGA-STAD_VQ,STAD,46,0.43999999999999995
adam,Phikon_v2,FedBN,TCGA-CESC_VS,CESC,37,0.0
adam,Phikon_v2,FedBN,TCGA-PAAD_XD,PAAD,4,0.0
adam,Phikon_v2,FedBN,TCGA-CESC_ZJ,CESC,11,0.0
adam,Phikon_v2,FedProx,TCGA-LUAD_05,LUAD,16,0.8
adam,Phikon_v2,FedProx,TCGA-PAAD_2J,PAAD,11,0.76
adam,Phikon_v2,FedProx,TCGA-LUAD_38,LUAD,7,0.8666666666666666
adam,Phikon_v2,FedProx,TCGA-PAAD_3A,PAAD,11,0.8400000000000001
adam,Phikon_v2,FedProx,TCGA-LUAD_44,LUAD,31,0.76
adam,Phikon_v2,FedProx,TCGA-LUAD_49,LUAD,47,0.7393939393939395
adam,Phikon_v2,FedProx,TCGA-LUAD_50,LUAD,12,0.6
adam,Phikon_v2,FedProx,TCGA-LUAD_55,LUAD,63,0.894736842105263
adam,Phikon_v2,FedProx,TCGA-LUAD_64,LUAD,8,0.8
adam,Phikon_v2,FedProx,TCGA-LUAD_69,LUAD,10,0.75
adam,Phikon_v2,FedProx,TCGA-LUAD_73,LUAD,8,0.7333333333333333
adam,Phikon_v2,FedProx,TCGA-LUAD_75,LUAD,11,0.7
adam,Phikon_v2,FedProx,TCGA-LUAD_78,LUAD,21,0.8
adam,Phikon_v2,FedProx,TCGA-LUAD_86,LUAD,23,0.75
adam,Phikon_v2,FedProx,TCGA-LUAD_95,LUAD,7,0.8
adam,Phikon_v2,FedProx,TCGA-LUAD_97,LUAD,16,0.6799999999999999
adam,Phikon_v2,FedProx,TCGA-BRCA_A1,BRCA,18,1.0
adam,Phikon_v2,FedProx,TCGA-BRCA_A2,BRCA,116,1.0
adam,Phikon_v2,FedProx,TCGA-COAD_A6,COAD,76,0.9583333333333334
adam,Phikon_v2,FedProx,TCGA-BRCA_A7,BRCA,47,0.9545454545454545
adam,Phikon_v2,FedProx,TCGA-BRCA_A8,BRCA,116,1.0
adam,Phikon_v2,FedProx,TCGA-COAD_AA,COAD,255,0.9037037037037037
adam,Phikon_v2,FedProx,TCGA-BRCA_AC,BRCA,35,0.7692307692307693
adam,Phikon_v2,FedProx,TCGA-COAD_AD,COAD,12,0.9
adam,Phikon_v2,FedProx,TCGA-BRCA_AN,BRCA,54,1.0
adam,Phikon_v2,FedProx,TCGA-BRCA_AO,BRCA,59,1.0
adam,Phikon_v2,FedProx,TCGA-BRCA_AQ,BRCA,9,1.0
adam,Phikon_v2,FedProx,TCGA-BRCA_AR,BRCA,58,1.0
adam,Phikon_v2,FedProx,TCGA-COAD_AY,COAD,10,1.0
adam,Phikon_v2,FedProx,TCGA-COAD_AZ,COAD,26,0.86
adam,Phikon_v2,FedProx,TCGA-BRCA_B6,BRCA,68,1.0
adam,Phikon_v2,FedProx,TCGA-HNSC_BA,HNSC,21,1.0
adam,Phikon_v2,FedProx,TCGA-HNSC_BB,HNSC,14,0.8800000000000001
adam,Phikon_v2,FedProx,TCGA-SKCM_BF,SKCM,13,0.76
adam,Phikon_v2,FedProx,TCGA-BRCA_BH,BRCA,160,1.0
adam,Phikon_v2,FedProx,TCGA-STAD_BR,STAD,161,0.6625000000000001
adam,Phikon_v2,FedProx,TCGA-CESC_C5,CESC,43,0.9846153846153847
adam,Phikon_v2,FedProx,TCGA-BRCA_C8,BRCA,46,1.0
adam,Phikon_v2,FedProx,TCGA-COAD_CA,COAD,13,0.55
adam,Phikon_v2,FedProx,TCGA-STAD_CD,STAD,35,0.9272727272727274
adam,Phikon_v2,FedProx,TCGA-STAD_CG,STAD,56,0.36666666666666664
adam,Phikon_v2,FedProx,TCGA-COAD_CK,COAD,15,0.9142857142857143
adam,Phikon_v2,FedProx,TCGA-COAD_CM,COAD,48,0.9444444444444444
adam,Phikon_v2,FedProx,TCGA-HNSC_CN,HNSC,42,1.0
adam,Phikon_v2,FedProx,TCGA-HNSC_CQ,HNSC,26,1.0
adam,Phikon_v2,FedProx,TCGA-LGG_CS,LGG,14,1.0
adam,Phikon_v2,FedProx,TCGA-HNSC_CV,HNSC,94,0.9428571428571428
adam,Phikon_v2,FedProx,TCGA-COAD_D5,COAD,37,0.96
adam,Phikon_v2,FedProx,TCGA-HNSC_D6,HNSC,20,0.8333333333333334
adam,Phikon_v2,FedProx,TCGA-STAD_D7,STAD,41,0.4428571428571429
adam,Phikon_v2,FedProx,TCGA-BRCA_D8,BRCA,59,1.0
adam,Phikon_v2,FedProx,TCGA-SKCM_D9,SKCM,8,0.3
adam,Phikon_v2,FedProx,TCGA-SKCM_DA,SKCM,16,0.8400000000000001
adam,Phikon_v2,FedProx,TCGA-LGG_DB,LGG,38,1.0
adam,Phikon_v2,FedProx,TCGA-LGG_DH,LGG,10,1.0
adam,Phikon_v2,FedProx,TCGA-COAD_DM,COAD,17,0.35
adam,Phikon_v2,FedProx,TCGA-HNSC_DQ,HNSC,10,0.85
adam,Phikon_v2,FedProx,TCGA-CESC_DS,CESC,7,0.6666666666666666
adam,Phikon_v2,FedProx,TCGA-LGG_DU,LGG,60,1.0
adam,Phikon_v2,FedProx,TCGA-LGG_E1,LGG,15,0.96
adam,Phikon_v2,FedProx,TCGA-BRCA_E2,BRCA,70,1.0
adam,Phikon_v2,FedProx,TCGA-BRCA_E9,BRCA,44,1.0
adam,Phikon_v2,FedProx,TCGA-CESC_EA,CESC,18,0.8
adam,Phikon_v2,FedProx,TCGA-SKCM_EB,SKCM,32,0.6727272727272727
adam,Phikon_v2,FedProx,TCGA-SKCM_EE,SKCM,60,0.8526315789473685
adam,Phikon_v2,FedProx,TCGA-SKCM_ER,SKCM,27,0.65
adam,Phikon_v2,FedProx,TCGA-BRCA_EW,BRCA,30,1.0
adam,Phikon_v2,FedProx,TCGA-COAD_F4,COAD,21,0.825
adam,Phikon_v2,FedProx,TCGA-HNSC_F7,HNSC,9,0.5999999999999999
adam,Phikon_v2,FedProx,TCGA-PAAD_FB,PAAD,11,0.6799999999999999
adam,Phikon_v2,FedProx,TCGA-LGG_FG,LGG,46,1.0
adam,Phikon_v2,FedProx,TCGA-STAD_FP,STAD,9,0.5333333333333333
adam,Phikon_v2,FedProx,TCGA-SKCM_FR,SKCM,7,0.4
adam,Phikon_v2,FedProx,TCGA-CESC_FU,CESC,10,0.45
adam,Phikon_v2,FedProx,TCGA-COAD_G4,COAD,33,0.9230769230769231
adam,Phikon_v2,FedProx,TCGA-BRCA_GM,BRCA,14,1.0
adam,Phikon_v2,FedProx,TCGA-SKCM_GN,SKCM,7,0.6
adam,Phikon_v2,FedProx,TCGA-HNSC_HD,HNSC,10,0.8
adam,Phikon_v2,FedProx,TCGA-STAD_HF,STAD,7,0.7
adam,Phikon_v2,FedProx,TCGA-LGG_HT,LGG,207,1.0
adam,Phikon_v2,FedProx,TCGA-STAD_HU,STAD,26,0.8
adam,Phikon_v2,FedProx,TCGA-LGG_HW,LGG,10,1.0
adam,Phikon_v2,FedProx,TCGA-PAAD_HZ,PAAD,21,0.6
adam,Phikon_v2,FedProx,TCGA-PAAD_IB,PAAD,27,0.711111111111111
adam,Phikon_v2,FedProx,TCGA-STAD_IN,STAD,13,0.7666666666666667
adam,Phikon_v2,FedProx,TCGA-HNSC_IQ,HNSC,9,1.0
adam,Phikon_v2,FedProx,TCGA-BRCA_LL,BRCA,13,1.0
adam,Phikon_v2,FedProx,TCGA-LUAD_MP,LUAD,13,0.72
adam,Phikon_v2,FedProx,TCGA-CESC_MY,CESC,7,0.76
adam,Phikon_v2,FedProx,TCGA-BRCA_OL,BRCA,16,1.0
adam,Phikon_v2,FedProx,TCGA-HNSC_P3,HNSC,10,1.0
adam,Phikon_v2,FedProx,TCGA-LGG_P5,LGG,9,1.0
adam,Phikon_v2,FedProx,TCGA-CESC_Q1,CESC,7,0.9333333333333332
adam,Phikon_v2,FedProx,TCGA-LGG_QH,LGG,14,1.0
adam,Phikon_v2,FedProx,TCGA-HNSC_QK,HNSC,15,1.0
adam,Phikon_v2,FedProx,TCGA-LGG_R8,LGG,16,1.0
adam,Phikon_v2,FedProx,TCGA-STAD_RD,STAD,9,0.95
adam,Phikon_v2,FedProx,TCGA-BRCA_S3,BRCA,7,1.0
adam,Phikon_v2,FedProx,TCGA-LGG_S9,LGG,33,1.0
adam,Phikon_v2,FedProx,TCGA-LGG_TM,LGG,17,1.0
adam,Phikon_v2,FedProx,TCGA-LGG_TQ,LGG,12,1.0
adam,Phikon_v2,FedProx,TCGA-HNSC_UF,HNSC,12,0.96
adam,Phikon_v2,FedProx,TCGA-LGG_VM,LGG,43,1.0
adam,Phikon_v2,FedProx,TCGA-STAD_VQ,STAD,46,0.8533333333333333
adam,Phikon_v2,FedProx,TCGA-CESC_VS,CESC,37,0.9666666666666668
adam,Phikon_v2,FedProx,TCGA-PAAD_XD,PAAD,4,0.58
adam,Phikon_v2,FedProx,TCGA-CESC_ZJ,CESC,11,1.0
adam,Phikon_v2,SCAFFOLD,TCGA-LUAD_05,LUAD,16,0.6666666666666667
adam,Phikon_v2,SCAFFOLD,TCGA-PAAD_2J,PAAD,11,0.0
adam,Phikon_v2,SCAFFOLD,TCGA-LUAD_38,LUAD,7,0.6666666666666667
adam,Phikon_v2,SCAFFOLD,TCGA-PAAD_3A,PAAD,11,0.0
adam,Phikon_v2,SCAFFOLD,TCGA-LUAD_44,LUAD,31,0.72
adam,Phikon_v2,SCAFFOLD,TCGA-LUAD_49,LUAD,47,0.3393939393939394
adam,Phikon_v2,SCAFFOLD,TCGA-LUAD_50,LUAD,12,0.45714285714285713
adam,Phikon_v2,SCAFFOLD,TCGA-LUAD_55,LUAD,63,0.6
adam,Phikon_v2,SCAFFOLD,TCGA-LUAD_64,LUAD,8,0.6
adam,Phikon_v2,SCAFFOLD,TCGA-LUAD_69,LUAD,10,0.4
adam,Phikon_v2,SCAFFOLD,TCGA-LUAD_73,LUAD,8,0.7333333333333333
adam,Phikon_v2,SCAFFOLD,TCGA-LUAD_75,LUAD,11,0.65
adam,Phikon_v2,SCAFFOLD,TCGA-LUAD_78,LUAD,21,0.4
adam,Phikon_v2,SCAFFOLD,TCGA-LUAD_86,LUAD,23,0.5
adam,Phikon_v2,SCAFFOLD,TCGA-LUAD_95,LUAD,7,0.3333333333333333
adam,Phikon_v2,SCAFFOLD,TCGA-LUAD_97,LUAD,16,0.27999999999999997
adam,Phikon_v2,SCAFFOLD,TCGA-BRCA_A1,BRCA,18,1.0
adam,Phikon_v2,SCAFFOLD,TCGA-BRCA_A2,BRCA,116,0.9894736842105264
adam,Phikon_v2,SCAFFOLD,TCGA-COAD_A6,COAD,76,0.175
adam,Phikon_v2,SCAFFOLD,TCGA-BRCA_A7,BRCA,47,0.8272727272727274
adam,Phikon_v2,SCAFFOLD,TCGA-BRCA_A8,BRCA,116,0.9944444444444445
adam,Phikon_v2,SCAFFOLD,TCGA-COAD_AA,COAD,255,0.19012345679012346
adam,Phikon_v2,SCAFFOLD,TCGA-BRCA_AC,BRCA,35,0.8461538461538461
adam,Phikon_v2,SCAFFOLD,TCGA-COAD_AD,COAD,12,0.2
adam,Phikon_v2,SCAFFOLD,TCGA-BRCA_AN,BRCA,54,1.0
adam,Phikon_v2,SCAFFOLD,TCGA-BRCA_AO,BRCA,59,1.0
adam,Phikon_v2,SCAFFOLD,TCGA-BRCA_AQ,BRCA,9,1.0
adam,Phikon_v2,SCAFFOLD,TCGA-BRCA_AR,BRCA,58,0.99
adam,Phikon_v2,SCAFFOLD,TCGA-COAD_AY,COAD,10,0.2
adam,Phikon_v2,SCAFFOLD,TCGA-COAD_AZ,COAD,26,0.2
adam,Phikon_v2,SCAFFOLD,TCGA-BRCA_B6,BRCA,68,0.9565217391304348
adam,Phikon_v2,SCAFFOLD,TCGA-HNSC_BA,HNSC,21,0.0
adam,Phikon_v2,SCAFFOLD,TCGA-HNSC_BB,HNSC,14,0.0
adam,Phikon_v2,SCAFFOLD,TCGA-SKCM_BF,SKCM,13,0.0
adam,Phikon_v2,SCAFFOLD,TCGA-BRCA_BH,BRCA,160,1.0
adam,Phikon_v2,SCAFFOLD,TCGA-STAD_BR,STAD,161,0.0
adam,Phikon_v2,SCAFFOLD,TCGA-CESC_C5,CESC,43,0.06153846153846154
adam,Phikon_v2,SCAFFOLD,TCGA-BRCA_C8,BRCA,46,1.0
adam,Phikon_v2,SCAFFOLD,TCGA-COAD_CA,COAD,13,0.2
adam,Phikon_v2,SCAFFOLD,TCGA-STAD_CD,STAD,35,0.0
adam,Phikon_v2,SCAFFOLD,TCGA-STAD_CG,STAD,56,0.0
adam,Phikon_v2,SCAFFOLD,TCGA-COAD_CK,COAD,15,0.2
adam,Phikon_v2,SCAFFOLD,TCGA-COAD_CM,COAD,48,0.22222222222222224
adam,Phikon_v2,SCAFFOLD,TCGA-HNSC_CN,HNSC,42,0.0
adam,Phikon_v2,SCAFFOLD,TCGA-HNSC_CQ,HNSC,26,0.0
adam,Phikon_v2,SCAFFOLD,TCGA-LGG_CS,LGG,14,0.8
adam,Phikon_v2,SCAFFOLD,TCGA-HNSC_CV,HNSC,94,0.0
adam,Phikon_v2,SCAFFOLD,TCGA-COAD_D5,COAD,37,0.26
adam,Phikon_v2,SCAFFOLD,TCGA-HNSC_D6,HNSC,20,0.0
adam,Phikon_v2,SCAFFOLD,TCGA-STAD_D7,STAD,41,0.0
adam,Phikon_v2,SCAFFOLD,TCGA-BRCA_D8,BRCA,59,0.9882352941176471
adam,Phikon_v2,SCAFFOLD,TCGA-SKCM_D9,SKCM,8,0.0
adam,Phikon_v2,SCAFFOLD,TCGA-SKCM_DA,SKCM,16,0.0
adam,Phikon_v2,SCAFFOLD,TCGA-LGG_DB,LGG,38,0.7142857142857143
adam,Phikon_v2,SCAFFOLD,TCGA-LGG_DH,LGG,10,0.85
adam,Phikon_v2,SCAFFOLD,TCGA-COAD_DM,COAD,17,0.125
adam,Phikon_v2,SCAFFOLD,TCGA-HNSC_DQ,HNSC,10,0.0
adam,Phikon_v2,SCAFFOLD,TCGA-CESC_DS,CESC,7,0.0
adam,Phikon_v2,SCAFFOLD,TCGA-LGG_DU,LGG,60,0.9888888888888889
adam,Phikon_v2,SCAFFOLD,TCGA-LGG_E1,LGG,15,0.8400000000000001
adam,Phikon_v2,SCAFFOLD,TCGA-BRCA_E2,BRCA,70,1.0
adam,Phikon_v2,SCAFFOLD,TCGA-BRCA_E9,BRCA,44,0.9846153846153847
adam,Phikon_v2,SCAFFOLD,TCGA-CESC_EA,CESC,18,0.0
adam,Phikon_v2,SCAFFOLD,TCGA-SKCM_EB,SKCM,32,0.0
adam,Phikon_v2,SCAFFOLD,TCGA-SKCM_EE,SKCM,60,0.0
adam,Phikon_v2,SCAFFOLD,TCGA-SKCM_ER,SKCM,27,0.0
adam,Phikon_v2,SCAFFOLD,TCGA-BRCA_EW,BRCA,30,1.0
adam,Phikon_v2,SCAFFOLD,TCGA-COAD_F4,COAD,21,0.35
adam,Phikon_v2,SCAFFOLD,TCGA-HNSC_F7,HNSC,9,0.0
adam,Phikon_v2,SCAFFOLD,TCGA-PAAD_FB,PAAD,11,0.0
adam,Phikon_v2,SCAFFOLD,TCGA-LGG_FG,LGG,46,0.775
adam,Phikon_v2,SCAFFOLD,TCGA-STAD_FP,STAD,9,0.0
adam,Phikon_v2,SCAFFOLD,TCGA-SKCM_FR,SKCM,7,0.0
adam,Phikon_v2,SCAFFOLD,TCGA-CESC_FU,CESC,10,0.0
adam,Phikon_v2,SCAFFOLD,TCGA-COAD_G4,COAD,33,0.3384615384615385
adam,Phikon_v2,SCAFFOLD,TCGA-BRCA_GM,BRCA,14,1.0
adam,Phikon_v2,SCAFFOLD,TCGA-SKCM_GN,SKCM,7,0.0
adam,Phikon_v2,SCAFFOLD,TCGA-HNSC_HD,HNSC,10,0.0
adam,Phikon_v2,SCAFFOLD,TCGA-STAD_HF,STAD,7,0.0
adam,Phikon_v2,SCAFFOLD,TCGA-LGG_HT,LGG,207,0.7377049180327869
adam,Phikon_v2,SCAFFOLD,TCGA-STAD_HU,STAD,26,0.0
adam,Phikon_v2,SCAFFOLD,TCGA-LGG_HW,LGG,10,0.7
adam,Phikon_v2,SCAFFOLD,TCGA-PAAD_HZ,PAAD,21,0.0
adam,Phikon_v2,SCAFFOLD,TCGA-PAAD_IB,PAAD,27,0.0
adam,Phikon_v2,SCAFFOLD,TCGA-STAD_IN,STAD,13,0.0
adam,Phikon_v2,SCAFFOLD,TCGA-HNSC_IQ,HNSC,9,0.0
adam,Phikon_v2,SCAFFOLD,TCGA-BRCA_LL,BRCA,13,1.0
adam,Phikon_v2,SCAFFOLD,TCGA-LUAD_MP,LUAD,13,0.48
adam,Phikon_v2,SCAFFOLD,TCGA-CESC_MY,CESC,7,0.0
adam,Phikon_v2,SCAFFOLD,TCGA-BRCA_OL,BRCA,16,1.0
adam,Phikon_v2,SCAFFOLD,TCGA-HNSC_P3,HNSC,10,0.0
adam,Phikon_v2,SCAFFOLD,TCGA-LGG_P5,LGG,9,0.9
adam,Phikon_v2,SCAFFOLD,TCGA-CESC_Q1,CESC,7,0.0
adam,Phikon_v2,SCAFFOLD,TCGA-LGG_QH,LGG,14,0.64
adam,Phikon_v2,SCAFFOLD,TCGA-HNSC_QK,HNSC,15,0.0
adam,Phikon_v2,SCAFFOLD,TCGA-LGG_R8,LGG,16,0.7
adam,Phikon_v2,SCAFFOLD,TCGA-STAD_RD,STAD,9,0.0
adam,Phikon_v2,SCAFFOLD,TCGA-BRCA_S3,BRCA,7,1.0
adam,Phikon_v2,SCAFFOLD,TCGA-LGG_S9,LGG,33,0.6727272727272727
adam,Phikon_v2,SCAFFOLD,TCGA-LGG_TM,LGG,17,0.75
adam,Phikon_v2,SCAFFOLD,TCGA-LGG_TQ,LGG,12,0.8400000000000001
adam,Phikon_v2,SCAFFOLD,TCGA-HNSC_UF,HNSC,12,0.0
adam,Phikon_v2,SCAFFOLD,TCGA-LGG_VM,LGG,43,0.6666666666666666
adam,Phikon_v2,SCAFFOLD,TCGA-STAD_VQ,STAD,46,0.0
adam,Phikon_v2,SCAFFOLD,TCGA-CESC_VS,CESC,37,0.0
adam,Phikon_v2,SCAFFOLD,TCGA-PAAD_XD,PAAD,4,0.0
adam,Phikon_v2,SCAFFOLD,TCGA-CESC_ZJ,CESC,11,0.15
adam,ResNet50,FedAvg,TCGA-LUAD_05,LUAD,16,0.0
adam,ResNet50,FedAvg,TCGA-PAAD_2J,PAAD,11,0.0
adam,ResNet50,FedAvg,TCGA-LUAD_38,LUAD,7,0.0
adam,ResNet50,FedAvg,TCGA-PAAD_3A,PAAD,11,0.0
adam,ResNet50,FedAvg,TCGA-LUAD_44,LUAD,31,0.0
adam,ResNet50,FedAvg,TCGA-LUAD_49,LUAD,47,0.0
adam,ResNet50,FedAvg,TCGA-LUAD_50,LUAD,12,0.0
adam,ResNet50,FedAvg,TCGA-LUAD_55,LUAD,63,0.0
adam,ResNet50,FedAvg,TCGA-LUAD_64,LUAD,8,0.0
adam,ResNet50,FedAvg,TCGA-LUAD_69,LUAD,10,0.0
adam,ResNet50,FedAvg,TCGA-LUAD_73,LUAD,8,0.0
adam,ResNet50,FedAvg,TCGA-LUAD_75,LUAD,11,0.0
adam,ResNet50,FedAvg,TCGA-LUAD_78,LUAD,21,0.0
adam,ResNet50,FedAvg,TCGA-LUAD_86,LUAD,23,0.0
adam,ResNet50,FedAvg,TCGA-LUAD_95,LUAD,7,0.0
adam,ResNet50,FedAvg,TCGA-LUAD_97,LUAD,16,0.0
adam,ResNet50,FedAvg,TCGA-BRCA_A1,BRCA,18,0.925
adam,ResNet50,FedAvg,TCGA-BRCA_A2,BRCA,116,0.9631578947368421
adam,ResNet50,FedAvg,TCGA-COAD_A6,COAD,76,0.06666666666666667
adam,ResNet50,FedAvg,TCGA-BRCA_A7,BRCA,47,0.9
adam,ResNet50,FedAvg,TCGA-BRCA_A8,BRCA,116,0.9555555555555555
adam,ResNet50,FedAvg,TCGA-COAD_AA,COAD,255,0.1037037037037037
adam,ResNet50,FedAvg,TCGA-BRCA_AC,BRCA,35,0.9384615384615385
adam,ResNet50,FedAvg,TCGA-COAD_AD,COAD,12,0.1
adam,ResNet50,FedAvg,TCGA-BRCA_AN,BRCA,54,1.0
adam,ResNet50,FedAvg,TCGA-BRCA_AO,BRCA,59,0.980952380952381
adam,ResNet50,FedAvg,TCGA-BRCA_AQ,BRCA,9,1.0
adam,ResNet50,FedAvg,TCGA-BRCA_AR,BRCA,58,0.96
adam,ResNet50,FedAvg,TCGA-COAD_AY,COAD,10,0.0
adam,ResNet50,FedAvg,TCGA-COAD_AZ,COAD,26,0.02
adam,ResNet50,FedAvg,TCGA-BRCA_B6,BRCA,68,0.9652173913043478
adam,ResNet50,FedAvg,TCGA-HNSC_BA,HNSC,21,0.0
adam,ResNet50,FedAvg,TCGA-HNSC_BB,HNSC,14,0.0
adam,ResNet50,FedAvg,TCGA-SKCM_BF,SKCM,13,0.0
adam,ResNet50,FedAvg,TCGA-BRCA_BH,BRCA,160,0.976
adam,ResNet50,FedAvg,TCGA-STAD_BR,STAD,161,0.0
adam,ResNet50,FedAvg,TCGA-CESC_C5,CESC,43,0.0
adam,ResNet50,FedAvg,TCGA-BRCA_C8,BRCA,46,1.0
adam,ResNet50,FedAvg,TCGA-COAD_CA,COAD,13,0.0
adam,ResNet50,FedAvg,TCGA-STAD_CD,STAD,35,0.0
adam,ResNet50,FedAvg,TCGA-STAD_CG,STAD,56,0.0
adam,ResNet50,FedAvg,TCGA-COAD_CK,COAD,15,0.05714285714285714
adam,ResNet50,FedAvg,TCGA-COAD_CM,COAD,48,0.06666666666666667
adam,ResNet50,FedAvg,TCGA-HNSC_CN,HNSC,42,0.0
adam,ResNet50,FedAvg,TCGA-HNSC_CQ,HNSC,26,0.0
adam,ResNet50,FedAvg,TCGA-LGG_CS,LGG,14,0.3
adam,ResNet50,FedAvg,TCGA-HNSC_CV,HNSC,94,0.0
adam,ResNet50,FedAvg,TCGA-COAD_D5,COAD,37,0.12
adam,ResNet50,FedAvg,TCGA-HNSC_D6,HNSC,20,0.0
adam,ResNet50,FedAvg,TCGA-STAD_D7,STAD,41,0.0
adam,ResNet50,FedAvg,TCGA-BRCA_D8,BRCA,59,0.9764705882352942
adam,ResNet50,FedAvg,TCGA-SKCM_D9,SKCM,8,0.0
adam,ResNet50,FedAvg,TCGA-SKCM_DA,SKCM,16,0.0
adam,ResNet50,FedAvg,TCGA-LGG_DB,LGG,38,0.27142857142857146
adam,ResNet50,FedAvg,TCGA-LGG_DH,LGG,10,0.4
adam,ResNet50,FedAvg,TCGA-COAD_DM,COAD,17,0.0
adam,ResNet50,FedAvg,TCGA-HNSC_DQ,HNSC,10,0.0
adam,ResNet50,FedAvg,TCGA-CESC_DS,CESC,7,0.0
adam,ResNet50,FedAvg,TCGA-LGG_DU,LGG,60,0.14444444444444443
adam,ResNet50,FedAvg,TCGA-LGG_E1,LGG,15,0.32
adam,ResNet50,FedAvg,TCGA-BRCA_E2,BRCA,70,0.9904761904761905
adam,ResNet50,FedAvg,TCGA-BRCA_E9,BRCA,44,1.0
adam,ResNet50,FedAvg,TCGA-CESC_EA,CESC,18,0.0
adam,ResNet50,FedAvg,TCGA-SKCM_EB,SKCM,32,0.0
adam,ResNet50,FedAvg,TCGA-SKCM_EE,SKCM,60,0.0
adam,ResNet50,FedAvg,TCGA-SKCM_ER,SKCM,27,0.0
adam,ResNet50,FedAvg,TCGA-BRCA_EW,BRCA,30,1.0
adam,ResNet50,FedAvg,TCGA-COAD_F4,COAD,21,0.0
adam,ResNet50,FedAvg,TCGA-HNSC_F7,HNSC,9,0.0
adam,ResNet50,FedAvg,TCGA-PAAD_FB,PAAD,11,0.0
adam,ResNet50,FedAvg,TCGA-LGG_FG,LGG,46,0.3
adam,ResNet50,FedAvg,TCGA-STAD_FP,STAD,9,0.0
adam,ResNet50,FedAvg,TCGA-SKCM_FR,SKCM,7,0.0
adam,ResNet50,FedAvg,TCGA-CESC_FU,CESC,10,0.0
adam,ResNet50,FedAvg,TCGA-COAD_G4,COAD,33,0.0
adam,ResNet50,FedAvg,TCGA-BRCA_GM,BRCA,14,0.95
adam,ResNet50,FedAvg,TCGA-SKCM_GN,SKCM,7,0.0
adam,ResNet50,FedAvg,TCGA-HNSC_HD,HNSC,10,0.0
adam,ResNet50,FedAvg,TCGA-STAD_HF,STAD,7,0.0
adam,ResNet50,FedAvg,TCGA-LGG_HT,LGG,207,0.3245901639344262
adam,ResNet50,FedAvg,TCGA-STAD_HU,STAD,26,0.0
adam,ResNet50,FedAvg,TCGA-LGG_HW,LGG,10,0.4
adam,ResNet50,FedAvg,TCGA-PAAD_HZ,PAAD,21,0.0
adam,ResNet50,FedAvg,TCGA-PAAD_IB,PAAD,27,0.0
adam,ResNet50,FedAvg,TCGA-STAD_IN,STAD,13,0.0
adam,ResNet50,FedAvg,TCGA-HNSC_IQ,HNSC,9,0.0
adam,ResNet50,FedAvg,TCGA-BRCA_LL,BRCA,13,1.0
adam,ResNet50,FedAvg,TCGA-LUAD_MP,LUAD,13,0.0
adam,ResNet50,FedAvg,TCGA-CESC_MY,CESC,7,0.0
adam,ResNet50,FedAvg,TCGA-BRCA_OL,BRCA,16,1.0
adam,ResNet50,FedAvg,TCGA-HNSC_P3,HNSC,10,0.0
adam,ResNet50,FedAvg,TCGA-LGG_P5,LGG,9,0.3
adam,ResNet50,FedAvg,TCGA-CESC_Q1,CESC,7,0.0
adam,ResNet50,FedAvg,TCGA-LGG_QH,LGG,14,0.4
adam,ResNet50,FedAvg,TCGA-HNSC_QK,HNSC,15,0.0
adam,ResNet50,FedAvg,TCGA-LGG_R8,LGG,16,0.34545454545454546
adam,ResNet50,FedAvg,TCGA-STAD_RD,STAD,9,0.0
adam,ResNet50,FedAvg,TCGA-BRCA_S3,BRCA,7,0.9
adam,ResNet50,FedAvg,TCGA-LGG_S9,LGG,33,0.2
adam,ResNet50,FedAvg,TCGA-LGG_TM,LGG,17,0.375
adam,ResNet50,FedAvg,TCGA-LGG_TQ,LGG,12,0.44000000000000006
adam,ResNet50,FedAvg,TCGA-HNSC_UF,HNSC,12,0.0
adam,ResNet50,FedAvg,TCGA-LGG_VM,LGG,43,0.3555555555555555
adam,ResNet50,FedAvg,TCGA-STAD_VQ,STAD,46,0.0
adam,ResNet50,FedAvg,TCGA-CESC_VS,CESC,37,0.0
adam,ResNet50,FedAvg,TCGA-PAAD_XD,PAAD,4,0.0
adam,ResNet50,FedAvg,TCGA-CESC_ZJ,CESC,11,0.0
adam,ResNet50,FedBN,TCGA-LUAD_05,LUAD,16,0.0
adam,ResNet50,FedBN,TCGA-PAAD_2J,PAAD,11,0.0
adam,ResNet50,FedBN,TCGA-LUAD_38,LUAD,7,0.0
adam,ResNet50,FedBN,TCGA-PAAD_3A,PAAD,11,0.0
adam,ResNet50,FedBN,TCGA-LUAD_44,LUAD,31,0.0
adam,ResNet50,FedBN,TCGA-LUAD_49,LUAD,47,0.0
adam,ResNet50,FedBN,TCGA-LUAD_50,LUAD,12,0.0
adam,ResNet50,FedBN,TCGA-LUAD_55,LUAD,63,0.0
adam,ResNet50,FedBN,TCGA-LUAD_64,LUAD,8,0.0
adam,ResNet50,FedBN,TCGA-LUAD_69,LUAD,10,0.0
adam,ResNet50,FedBN,TCGA-LUAD_73,LUAD,8,0.0
adam,ResNet50,FedBN,TCGA-LUAD_75,LUAD,11,0.0
adam,ResNet50,FedBN,TCGA-LUAD_78,LUAD,21,0.0
adam,ResNet50,FedBN,TCGA-LUAD_86,LUAD,23,0.0
adam,ResNet50,FedBN,TCGA-LUAD_95,LUAD,7,0.0
adam,ResNet50,FedBN,TCGA-LUAD_97,LUAD,16,0.0
adam,ResNet50,FedBN,TCGA-BRCA_A1,BRCA,18,0.475
adam,ResNet50,FedBN,TCGA-BRCA_A2,BRCA,116,0.6105263157894736
adam,ResNet50,FedBN,TCGA-COAD_A6,COAD,76,0.5666666666666667
adam,ResNet50,FedBN,TCGA-BRCA_A7,BRCA,47,0.4636363636363637
adam,ResNet50,FedBN,TCGA-BRCA_A8,BRCA,116,0.45
adam,ResNet50,FedBN,TCGA-COAD_AA,COAD,255,0.7604938271604939
adam,ResNet50,FedBN,TCGA-BRCA_AC,BRCA,35,0.43076923076923085
adam,ResNet50,FedBN,TCGA-COAD_AD,COAD,12,0.15
adam,ResNet50,FedBN,TCGA-BRCA_AN,BRCA,54,0.47058823529411764
adam,ResNet50,FedBN,TCGA-BRCA_AO,BRCA,59,0.43809523809523804
adam,ResNet50,FedBN,TCGA-BRCA_AQ,BRCA,9,0.35
adam,ResNet50,FedBN,TCGA-BRCA_AR,BRCA,58,0.54
adam,ResNet50,FedBN,TCGA-COAD_AY,COAD,10,0.2
adam,ResNet50,FedBN,TCGA-COAD_AZ,COAD,26,0.2
adam,ResNet50,FedBN,TCGA-BRCA_B6,BRCA,68,0.6347826086956522
adam,ResNet50,FedBN,TCGA-HNSC_BA,HNSC,21,0.2
adam,ResNet50,FedBN,TCGA-HNSC_BB,HNSC,14,0.16
adam,ResNet50,FedBN,TCGA-SKCM_BF,SKCM,13,0.0
adam,ResNet50,FedBN,TCGA-BRCA_BH,BRCA,160,0.696
adam,ResNet50,FedBN,TCGA-STAD_BR,STAD,161,0.45
adam,ResNet50,FedBN,TCGA-CESC_C5,CESC,43,0.0
adam,ResNet50,FedBN,TCGA-BRCA_C8,BRCA,46,0.5111111111111111
adam,ResNet50,FedBN,TCGA-COAD_CA,COAD,13,0.2
adam,ResNet50,FedBN,TCGA-STAD_CD,STAD,35,0.2
adam,ResNet50,FedBN,TCGA-STAD_CG,STAD,56,0.2777777777777778
adam,ResNet50,FedBN,TCGA-COAD_CK,COAD,15,0.17142857142857143
adam,ResNet50,FedBN,TCGA-COAD_CM,COAD,48,0.14444444444444443
adam,ResNet50,FedBN,TCGA-HNSC_CN,HNSC,42,0.015384615384615385
adam,ResNet50,FedBN,TCGA-HNSC_CQ,HNSC,26,0.2
adam,ResNet50,FedBN,TCGA-LGG_CS,LGG,14,0.4
adam,ResNet50,FedBN,TCGA-HNSC_CV,HNSC,94,0.2
adam,ResNet50,FedBN,TCGA-COAD_D5,COAD,37,0.5
adam,ResNet50,FedBN,TCGA-HNSC_D6,HNSC,20,0.1
adam,ResNet50,FedBN,TCGA-STAD_D7,STAD,41,0.11428571428571428
adam,ResNet50,FedBN,TCGA-BRCA_D8,BRCA,59,0.6235294117647059
adam,ResNet50,FedBN,TCGA-SKCM_D9,SKCM,8,0.0
adam,ResNet50,FedBN,TCGA-SKCM_DA,SKCM,16,0.0
adam,ResNet50,FedBN,TCGA-LGG_DB,LGG,38,0.3
adam,ResNet50,FedBN,TCGA-LGG_DH,LGG,10,0.35
adam,ResNet50,FedBN,TCGA-COAD_DM,COAD,17,0.2
adam,ResNet50,FedBN,TCGA-HNSC_DQ,HNSC,10,0.0
adam,ResNet50,FedBN,TCGA-CESC_DS,CESC,7,0.0
adam,ResNet50,FedBN,TCGA-LGG_DU,LGG,60,0.4
adam,ResNet50,FedBN,TCGA-LGG_E1,LGG,15,0.24
adam,ResNet50,FedBN,TCGA-BRCA_E2,BRCA,70,0.6285714285714286
adam,ResNet50,FedBN,TCGA-BRCA_E9,BRCA,44,0.5692307692307692
adam,ResNet50,FedBN,TCGA-CESC_EA,CESC,18,0.03333333333333333
adam,ResNet50,FedBN,TCGA-SKCM_EB,SKCM,32,0.0
adam,ResNet50,FedBN,TCGA-SKCM_EE,SKCM,60,0.0
adam,ResNet50,FedBN,TCGA-SKCM_ER,SKCM,27,0.0
adam,ResNet50,FedBN,TCGA-BRCA_EW,BRCA,30,0.5111111111111111
adam,ResNet50,FedBN,TCGA-COAD_F4,COAD,21,0.175
adam,ResNet50,FedBN,TCGA-HNSC_F7,HNSC,9,0.2
adam,ResNet50,FedBN,TCGA-PAAD_FB,PAAD,11,0.0
adam,ResNet50,FedBN,TCGA-LGG_FG,LGG,46,0.4
adam,ResNet50,FedBN,TCGA-STAD_FP,STAD,9,0.2
adam,ResNet50,FedBN,TCGA-SKCM_FR,SKCM,7,0.0
adam,ResNet50,FedBN,TCGA-CESC_FU,CESC,10,0.0
adam,ResNet50,FedBN,TCGA-COAD_G4,COAD,33,0.2
adam,ResNet50,FedBN,TCGA-BRCA_GM,BRCA,14,0.3
adam,ResNet50,FedBN,TCGA-SKCM_GN,SKCM,7,0.0
adam,ResNet50,FedBN,TCGA-HNSC_HD,HNSC,10,0.2
adam,ResNet50,FedBN,TCGA-STAD_HF,STAD,7,0.2
adam,ResNet50,FedBN,TCGA-LGG_HT,LGG,207,0.7049180327868851
adam,ResNet50,FedBN,TCGA-STAD_HU,STAD,26,0.275
adam,ResNet50,FedBN,TCGA-LGG_HW,LGG,10,0.55
adam,ResNet50,FedBN,TCGA-PAAD_HZ,PAAD,21,0.0
adam,ResNet50,FedBN,TCGA-PAAD_IB,PAAD,27,0.0
adam,ResNet50,FedBN,TCGA-STAD_IN,STAD,13,0.2
adam,ResNet50,FedBN,TCGA-HNSC_IQ,HNSC,9,0.2
adam,ResNet50,FedBN,TCGA-BRCA_LL,BRCA,13,0.5599999999999999
adam,ResNet50,FedBN,TCGA-LUAD_MP,LUAD,13,0.0
adam,ResNet50,FedBN,TCGA-CESC_MY,CESC,7,0.0
adam,ResNet50,FedBN,TCGA-BRCA_OL,BRCA,16,0.4
adam,ResNet50,FedBN,TCGA-HNSC_P3,HNSC,10,0.2
adam,ResNet50,FedBN,TCGA-LGG_P5,LGG,9,0.4
adam,ResNet50,FedBN,TCGA-CESC_Q1,CESC,7,0.0
adam,ResNet50,FedBN,TCGA-LGG_QH,LGG,14,0.2
adam,ResNet50,FedBN,TCGA-HNSC_QK,HNSC,15,0.2
adam,ResNet50,FedBN,TCGA-LGG_R8,LGG,16,0.21818181818181817
adam,ResNet50,FedBN,TCGA-STAD_RD,STAD,9,0.2
adam,ResNet50,FedBN,TCGA-BRCA_S3,BRCA,7,0.3
adam,ResNet50,FedBN,TCGA-LGG_S9,LGG,33,0.3090909090909091
adam,ResNet50,FedBN,TCGA-LGG_TM,LGG,17,0.4
adam,ResNet50,FedBN,TCGA-LGG_TQ,LGG,12,0.4
adam,ResNet50,FedBN,TCGA-HNSC_UF,HNSC,12,0.08
adam,ResNet50,FedBN,TCGA-LGG_VM,LGG,43,0.25925925925925924
adam,ResNet50,FedBN,TCGA-STAD_VQ,STAD,46,0.2533333333333333
adam,ResNet50,FedBN,TCGA-CESC_VS,CESC,37,0.0
adam,ResNet50,FedBN,TCGA-PAAD_XD,PAAD,4,0.0
adam,ResNet50,FedBN,TCGA-CESC_ZJ,CESC,11,0.0
adam,ResNet50,FedProx,TCGA-LUAD_05,LUAD,16,0.0
adam,ResNet50,FedProx,TCGA-PAAD_2J,PAAD,11,0.0
adam,ResNet50,FedProx,TCGA-LUAD_38,LUAD,7,0.0
adam,ResNet50,FedProx,TCGA-PAAD_3A,PAAD,11,0.0
adam,ResNet50,FedProx,TCGA-LUAD_44,LUAD,31,0.0
adam,ResNet50,FedProx,TCGA-LUAD_49,LUAD,47,0.0
adam,ResNet50,FedProx,TCGA-LUAD_50,LUAD,12,0.0
adam,ResNet50,FedProx,TCGA-LUAD_55,LUAD,63,0.0
adam,ResNet50,FedProx,TCGA-LUAD_64,LUAD,8,0.0
adam,ResNet50,FedProx,TCGA-LUAD_69,LUAD,10,0.0
adam,ResNet50,FedProx,TCGA-LUAD_73,LUAD,8,0.0
adam,ResNet50,FedProx,TCGA-LUAD_75,LUAD,11,0.0
adam,ResNet50,FedProx,TCGA-LUAD_78,LUAD,21,0.0
adam,ResNet50,FedProx,TCGA-LUAD_86,LUAD,23,0.0
adam,ResNet50,FedProx,TCGA-LUAD_95,LUAD,7,0.0
adam,ResNet50,FedProx,TCGA-LUAD_97,LUAD,16,0.0
adam,ResNet50,FedProx,TCGA-BRCA_A1,BRCA,18,0.925
adam,ResNet50,FedProx,TCGA-BRCA_A2,BRCA,116,0.9315789473684211
adam,ResNet50,FedProx,TCGA-COAD_A6,COAD,76,0.125
adam,ResNet50,FedProx,TCGA-BRCA_A7,BRCA,47,0.8636363636363636
adam,ResNet50,FedProx,TCGA-BRCA_A8,BRCA,116,0.8666666666666668
adam,ResNet50,FedProx,TCGA-COAD_AA,COAD,255,0.16790123456790124
adam,ResNet50,FedProx,TCGA-BRCA_AC,BRCA,35,0.9230769230769231
adam,ResNet50,FedProx,TCGA-COAD_AD,COAD,12,0.2
adam,ResNet50,FedProx,TCGA-BRCA_AN,BRCA,54,0.9294117647058823
adam,ResNet50,FedProx,TCGA-BRCA_AO,BRCA,59,0.9047619047619048
adam,ResNet50,FedProx,TCGA-BRCA_AQ,BRCA,9,0.9
adam,ResNet50,FedProx,TCGA-BRCA_AR,BRCA,58,0.89
adam,ResNet50,FedProx,TCGA-COAD_AY,COAD,10,0.13333333333333333
adam,ResNet50,FedProx,TCGA-COAD_AZ,COAD,26,0.12
adam,ResNet50,FedProx,TCGA-BRCA_B6,BRCA,68,0.8956521739130435
adam,ResNet50,FedProx,TCGA-HNSC_BA,HNSC,21,0.0
adam,ResNet50,FedProx,TCGA-HNSC_BB,HNSC,14,0.0
adam,ResNet50,FedProx,TCGA-SKCM_BF,SKCM,13,0.0
adam,ResNet50,FedProx,TCGA-BRCA_BH,BRCA,160,0.932
adam,ResNet50,FedProx,TCGA-STAD_BR,STAD,161,0.004166666666666667
adam,ResNet50,FedProx,TCGA-CESC_C5,CESC,43,0.0
adam,ResNet50,FedProx,TCGA-BRCA_C8,BRCA,46,0.9555555555555555
adam,ResNet50,FedProx,TCGA-COAD_CA,COAD,13,0.05
adam,ResNet50,FedProx,TCGA-STAD_CD,STAD,35,0.0
adam,ResNet50,FedProx,TCGA-STAD_CG,STAD,56,0.0
adam,ResNet50,FedProx,TCGA-COAD_CK,COAD,15,0.05714285714285714
adam,ResNet50,FedProx,TCGA-COAD_CM,COAD,48,0.14444444444444443
adam,ResNet50,FedProx,TCGA-HNSC_CN,HNSC,42,0.0
adam,ResNet50,FedProx,TCGA-HNSC_CQ,HNSC,26,0.0
adam,ResNet50,FedProx,TCGA-LGG_CS,LGG,14,0.2
adam,ResNet50,FedProx,TCGA-HNSC_CV,HNSC,94,0.0
adam,ResNet50,FedProx,TCGA-COAD_D5,COAD,37,0.18
adam,ResNet50,FedProx,TCGA-HNSC_D6,HNSC,20,0.0
adam,ResNet50,FedProx,TCGA-STAD_D7,STAD,41,0.0
adam,ResNet50,FedProx,TCGA-BRCA_D8,BRCA,59,0.9176470588235294
adam,ResNet50,FedProx,TCGA-SKCM_D9,SKCM,8,0.0
adam,ResNet50,FedProx,TCGA-SKCM_DA,SKCM,16,0.0
adam,ResNet50,FedProx,TCGA-LGG_DB,LGG,38,0.32857142857142857
adam,ResNet50,FedProx,TCGA-LGG_DH,LGG,10,0.35
adam,ResNet50,FedProx,TCGA-COAD_DM,COAD,17,0.05
adam,ResNet50,FedProx,TCGA-HNSC_DQ,HNSC,10,0.0
adam,ResNet50,FedProx,TCGA-CESC_DS,CESC,7,0.0
adam,ResNet50,FedProx,TCGA-LGG_DU,LGG,60,0.13333333333333336
adam,ResNet50,FedProx,TCGA-LGG_E1,LGG,15,0.32
adam,ResNet50,FedProx,TCGA-BRCA_E2,BRCA,70,0.980952380952381
adam,ResNet50,FedProx,TCGA-BRCA_E9,BRCA,44,0.9384615384615385
adam,ResNet50,FedProx,TCGA-CESC_EA,CESC,18,0.0
adam,ResNet50,FedProx,TCGA-SKCM_EB,SKCM,32,0.0
adam,ResNet50,FedProx,TCGA-SKCM_EE,SKCM,60,0.0
adam,ResNet50,FedProx,TCGA-SKCM_ER,SKCM,27,0.0
adam,ResNet50,FedProx,TCGA-BRCA_EW,BRCA,30,0.9555555555555555
adam,ResNet50,FedProx,TCGA-COAD_F4,COAD,21,0.075
adam,ResNet50,FedProx,TCGA-HNSC_F7,HNSC,9,0.0
adam,ResNet50,FedProx,TCGA-PAAD_FB,PAAD,11,0.0
adam,ResNet50,FedProx,TCGA-LGG_FG,LGG,46,0.325
adam,ResNet50,FedProx,TCGA-STAD_FP,STAD,9,0.0
adam,ResNet50,FedProx,TCGA-SKCM_FR,SKCM,7,0.0
adam,ResNet50,FedProx,TCGA-CESC_FU,CESC,10,0.0
adam,ResNet50,FedProx,TCGA-COAD_G4,COAD,33,0.12307692307692308
adam,ResNet50,FedProx,TCGA-BRCA_GM,BRCA,14,0.95
adam,ResNet50,FedProx,TCGA-SKCM_GN,SKCM,7,0.0
adam,ResNet50,FedProx,TCGA-HNSC_HD,HNSC,10,0.0
adam,ResNet50,FedProx,TCGA-STAD_HF,STAD,7,0.0
adam,ResNet50,FedProx,TCGA-LGG_HT,LGG,207,0.33114754098360655
adam,ResNet50,FedProx,TCGA-STAD_HU,STAD,26,0.0
adam,ResNet50,FedProx,TCGA-LGG_HW,LGG,10,0.35
adam,ResNet50,FedProx,TCGA-PAAD_HZ,PAAD,21,0.0
adam,ResNet50,FedProx,TCGA-PAAD_IB,PAAD,27,0.0
adam,ResNet50,FedProx,TCGA-STAD_IN,STAD,13,0.0
adam,ResNet50,FedProx,TCGA-HNSC_IQ,HNSC,9,0.0
adam,ResNet50,FedProx,TCGA-BRCA_LL,BRCA,13,0.9199999999999999
adam,ResNet50,FedProx,TCGA-LUAD_MP,LUAD,13,0.0
adam,ResNet50,FedProx,TCGA-CESC_MY,CESC,7,0.0
adam,ResNet50,FedProx,TCGA-BRCA_OL,BRCA,16,0.96
adam,ResNet50,FedProx,TCGA-HNSC_P3,HNSC,10,0.0
adam,ResNet50,FedProx,TCGA-LGG_P5,LGG,9,0.25
adam,ResNet50,FedProx,TCGA-CESC_Q1,CESC,7,0.0
adam,ResNet50,FedProx,TCGA-LGG_QH,LGG,14,0.4
adam,ResNet50,FedProx,TCGA-HNSC_QK,HNSC,15,0.0
adam,ResNet50,FedProx,TCGA-LGG_R8,LGG,16,0.3181818181818182
adam,ResNet50,FedProx,TCGA-STAD_RD,STAD,9,0.0
adam,ResNet50,FedProx,TCGA-BRCA_S3,BRCA,7,0.9
adam,ResNet50,FedProx,TCGA-LGG_S9,LGG,33,0.2
adam,ResNet50,FedProx,TCGA-LGG_TM,LGG,17,0.35
adam,ResNet50,FedProx,TCGA-LGG_TQ,LGG,12,0.4
adam,ResNet50,FedProx,TCGA-HNSC_UF,HNSC,12,0.0
adam,ResNet50,FedProx,TCGA-LGG_VM,LGG,43,0.3333333333333333
adam,ResNet50,FedProx,TCGA-STAD_VQ,STAD,46,0.0
adam,ResNet50,FedProx,TCGA-CESC_VS,CESC,37,0.0
adam,ResNet50,FedProx,TCGA-PAAD_XD,PAAD,4,0.0
adam,ResNet50,FedProx,TCGA-CESC_ZJ,CESC,11,0.0
adam,ResNet50,SCAFFOLD,TCGA-LUAD_05,LUAD,16,0.06666666666666667
adam,ResNet50,SCAFFOLD,TCGA-PAAD_2J,PAAD,11,0.0
adam,ResNet50,SCAFFOLD,TCGA-LUAD_38,LUAD,7,0.13333333333333333
adam,ResNet50,SCAFFOLD,TCGA-PAAD_3A,PAAD,11,0.0
adam,ResNet50,SCAFFOLD,TCGA-LUAD_44,LUAD,31,0.18
adam,ResNet50,SCAFFOLD,TCGA-LUAD_49,LUAD,47,0.15757575757575756
adam,ResNet50,SCAFFOLD,TCGA-LUAD_50,LUAD,12,0.2
adam,ResNet50,SCAFFOLD,TCGA-LUAD_55,LUAD,63,0.1368421052631579
adam,ResNet50,SCAFFOLD,TCGA-LUAD_64,LUAD,8,0.06666666666666667
adam,ResNet50,SCAFFOLD,TCGA-LUAD_69,LUAD,10,0.2
adam,ResNet50,SCAFFOLD,TCGA-LUAD_73,LUAD,8,0.2
adam,ResNet50,SCAFFOLD,TCGA-LUAD_75,LUAD,11,0.15
adam,ResNet50,SCAFFOLD,TCGA-LUAD_78,LUAD,21,0.2
adam,ResNet50,SCAFFOLD,TCGA-LUAD_86,LUAD,23,0.2
adam,ResNet50,SCAFFOLD,TCGA-LUAD_95,LUAD,7,0.2
adam,ResNet50,SCAFFOLD,TCGA-LUAD_97,LUAD,16,0.2
adam,ResNet50,SCAFFOLD,TCGA-BRCA_A1,BRCA,18,0.8
adam,ResNet50,SCAFFOLD,TCGA-BRCA_A2,BRCA,116,0.7736842105263158
adam,ResNet50,SCAFFOLD,TCGA-COAD_A6,COAD,76,0.0
adam,ResNet50,SCAFFOLD,TCGA-BRCA_A7,BRCA,47,0.7636363636363637
adam,ResNet50,SCAFFOLD,TCGA-BRCA_A8,BRCA,116,0.7388888888888888
adam,ResNet50,SCAFFOLD,TCGA-COAD_AA,COAD,255,0.0
adam,ResNet50,SCAFFOLD,TCGA-BRCA_AC,BRCA,35,0.7230769230769231
adam,ResNet50,SCAFFOLD,TCGA-COAD_AD,COAD,12,0.0
adam,ResNet50,SCAFFOLD,TCGA-BRCA_AN,BRCA,54,0.7764705882352941
adam,ResNet50,SCAFFOLD,TCGA-BRCA_AO,BRCA,59,0.7619047619047619
adam,ResNet50,SCAFFOLD,TCGA-BRCA_AQ,BRCA,9,0.75
adam,ResNet50,SCAFFOLD,TCGA-BRCA_AR,BRCA,58,0.7699999999999999
adam,ResNet50,SCAFFOLD,TCGA-COAD_AY,COAD,10,0.0
adam,ResNet50,SCAFFOLD,TCGA-COAD_AZ,COAD,26,0.0
adam,ResNet50,SCAFFOLD,TCGA-BRCA_B6,BRCA,68,0.7739130434782608
adam,ResNet50,SCAFFOLD,TCGA-HNSC_BA,HNSC,21,0.0
adam,ResNet50,SCAFFOLD,TCGA-HNSC_BB,HNSC,14,0.0
adam,ResNet50,SCAFFOLD,TCGA-SKCM_BF,SKCM,13,0.0
adam,ResNet50,SCAFFOLD,TCGA-BRCA_BH,BRCA,160,0.768
adam,ResNet50,SCAFFOLD,TCGA-STAD_BR,STAD,161,0.0
adam,ResNet50,SCAFFOLD,TCGA-CESC_C5,CESC,43,0.0
adam,ResNet50,SCAFFOLD,TCGA-BRCA_C8,BRCA,46,0.7666666666666667
adam,ResNet50,SCAFFOLD,TCGA-COAD_CA,COAD,13,0.0
adam,ResNet50,SCAFFOLD,TCGA-STAD_CD,STAD,35,0.0
adam,ResNet50,SCAFFOLD,TCGA-STAD_CG,STAD,56,0.0
adam,ResNet50,SCAFFOLD,TCGA-COAD_CK,COAD,15,0.0
adam,ResNet50,SCAFFOLD,TCGA-COAD_CM,COAD,48,0.0
adam,ResNet50,SCAFFOLD,TCGA-HNSC_CN,HNSC,42,0.0
adam,ResNet50,SCAFFOLD,TCGA-HNSC_CQ,HNSC,26,0.0
adam,ResNet50,SCAFFOLD,TCGA-LGG_CS,LGG,14,0.35
adam,ResNet50,SCAFFOLD,TCGA-HNSC_CV,HNSC,94,0.0
adam,ResNet50,SCAFFOLD,TCGA-COAD_D5,COAD,37,0.0
adam,ResNet50,SCAFFOLD,TCGA-HNSC_D6,HNSC,20,0.0
adam,ResNet50,SCAFFOLD,TCGA-STAD_D7,STAD,41,0.0
adam,ResNet50,SCAFFOLD,TCGA-BRCA_D8,BRCA,59,0.7882352941176471
adam,ResNet50,SCAFFOLD,TCGA-SKCM_D9,SKCM,8,0.0
adam,ResNet50,SCAFFOLD,TCGA-SKCM_DA,SKCM,16,0.0
adam,ResNet50,SCAFFOLD,TCGA-LGG_DB,LGG,38,0.3571428571428571
adam,ResNet50,SCAFFOLD,TCGA-LGG_DH,LGG,10,0.4
adam,ResNet50,SCAFFOLD,TCGA-COAD_DM,COAD,17,0.0
adam,ResNet50,SCAFFOLD,TCGA-HNSC_DQ,HNSC,10,0.0
adam,ResNet50,SCAFFOLD,TCGA-CESC_DS,CESC,7,0.0
adam,ResNet50,SCAFFOLD,TCGA-LGG_DU,LGG,60,0.37777777777777777
adam,ResNet50,SCAFFOLD,TCGA-LGG_E1,LGG,15,0.36
adam,ResNet50,SCAFFOLD,TCGA-BRCA_E2,BRCA,70,0.8
adam,ResNet50,SCAFFOLD,TCGA-BRCA_E9,BRCA,44,0.7846153846153847
adam,ResNet50,SCAFFOLD,TCGA-CESC_EA,CESC,18,0.0
adam,ResNet50,SCAFFOLD,TCGA-SKCM_EB,SKCM,32,0.0
adam,ResNet50,SCAFFOLD,TCGA-SKCM_EE,SKCM,60,0.0
adam,ResNet50,SCAFFOLD,TCGA-SKCM_ER,SKCM,27,0.0
adam,ResNet50,SCAFFOLD,TCGA-BRCA_EW,BRCA,30,0.7777777777777778
adam,ResNet50,SCAFFOLD,TCGA-COAD_F4,COAD,21,0.0
adam,ResNet50,SCAFFOLD,TCGA-HNSC_F7,HNSC,9,0.0
adam,ResNet50,SCAFFOLD,TCGA-PAAD_FB,PAAD,11,0.0
adam,ResNet50,SCAFFOLD,TCGA-LGG_FG,LGG,46,0.35
adam,ResNet50,SCAFFOLD,TCGA-STAD_FP,STAD,9,0.0
adam,ResNet50,SCAFFOLD,TCGA-SKCM_FR,SKCM,7,0.0
adam,ResNet50,SCAFFOLD,TCGA-CESC_FU,CESC,10,0.0
adam,ResNet50,SCAFFOLD,TCGA-COAD_G4,COAD,33,0.0
adam,ResNet50,SCAFFOLD,TCGA-BRCA_GM,BRCA,14,0.8
adam,ResNet50,SCAFFOLD,TCGA-SKCM_GN,SKCM,7,0.0
adam,ResNet50,SCAFFOLD,TCGA-HNSC_HD,HNSC,10,0.0
adam,ResNet50,SCAFFOLD,TCGA-STAD_HF,STAD,7,0.0
adam,ResNet50,SCAFFOLD,TCGA-LGG_HT,LGG,207,0.3409836065573771
adam,ResNet50,SCAFFOLD,TCGA-STAD_HU,STAD,26,0.0
adam,ResNet50,SCAFFOLD,TCGA-LGG_HW,LGG,10,0.35
adam,ResNet50,SCAFFOLD,TCGA-PAAD_HZ,PAAD,21,0.0
adam,ResNet50,SCAFFOLD,TCGA-PAAD_IB,PAAD,27,0.0
adam,ResNet50,SCAFFOLD,TCGA-STAD_IN,STAD,13,0.0
adam,ResNet50,SCAFFOLD,TCGA-HNSC_IQ,HNSC,9,0.0
adam,ResNet50,SCAFFOLD,TCGA-BRCA_LL,BRCA,13,0.72
adam,ResNet50,SCAFFOLD,TCGA-LUAD_MP,LUAD,13,0.16
adam,ResNet50,SCAFFOLD,TCGA-CESC_MY,CESC,7,0.0
adam,ResNet50,SCAFFOLD,TCGA-BRCA_OL,BRCA,16,0.8
adam,ResNet50,SCAFFOLD,TCGA-HNSC_P3,HNSC,10,0.0
adam,ResNet50,SCAFFOLD,TCGA-LGG_P5,LGG,9,0.35
adam,ResNet50,SCAFFOLD,TCGA-CESC_Q1,CESC,7,0.0
adam,ResNet50,SCAFFOLD,TCGA-LGG_QH,LGG,14,0.4
adam,ResNet50,SCAFFOLD,TCGA-HNSC_QK,HNSC,15,0.0
adam,ResNet50,SCAFFOLD,TCGA-LGG_R8,LGG,16,0.35454545454545455
adam,ResNet50,SCAFFOLD,TCGA-STAD_RD,STAD,9,0.0
adam,ResNet50,SCAFFOLD,TCGA-BRCA_S3,BRCA,7,0.8
adam,ResNet50,SCAFFOLD,TCGA-LGG_S9,LGG,33,0.32727272727272727
adam,ResNet50,SCAFFOLD,TCGA-LGG_TM,LGG,17,0.4
adam,ResNet50,SCAFFOLD,TCGA-LGG_TQ,LGG,12,0.4
adam,ResNet50,SCAFFOLD,TCGA-HNSC_UF,HNSC,12,0.0
adam,ResNet50,SCAFFOLD,TCGA-LGG_VM,LGG,43,0.39259259259259255
adam,ResNet50,SCAFFOLD,TCGA-STAD_VQ,STAD,46,0.0
adam,ResNet50,SCAFFOLD,TCGA-CESC_VS,CESC,37,0.0
adam,ResNet50,SCAFFOLD,TCGA-PAAD_XD,PAAD,4,0.0
adam,ResNet50,SCAFFOLD,TCGA-CESC_ZJ,CESC,11,0.0
adam,UNI_v2,FedAvg,TCGA-LUAD_05,LUAD,16,0.9333333333333332
adam,UNI_v2,FedAvg,TCGA-PAAD_2J,PAAD,11,0.27999999999999997
adam,UNI_v2,FedAvg,TCGA-LUAD_38,LUAD,7,1.0
adam,UNI_v2,FedAvg,TCGA-PAAD_3A,PAAD,11,0.28
adam,UNI_v2,FedAvg,TCGA-LUAD_44,LUAD,31,1.0
adam,UNI_v2,FedAvg,TCGA-LUAD_49,LUAD,47,0.9939393939393939
adam,UNI_v2,FedAvg,TCGA-LUAD_50,LUAD,12,0.9714285714285715
adam,UNI_v2,FedAvg,TCGA-LUAD_55,LUAD,63,1.0
adam,UNI_v2,FedAvg,TCGA-LUAD_64,LUAD,8,0.8666666666666668
adam,UNI_v2,FedAvg,TCGA-LUAD_69,LUAD,10,0.95
adam,UNI_v2,FedAvg,TCGA-LUAD_73,LUAD,8,1.0
adam,UNI_v2,FedAvg,TCGA-LUAD_75,LUAD,11,0.85
adam,UNI_v2,FedAvg,TCGA-LUAD_78,LUAD,21,0.9428571428571428
adam,UNI_v2,FedAvg,TCGA-LUAD_86,LUAD,23,0.975
adam,UNI_v2,FedAvg,TCGA-LUAD_95,LUAD,7,0.9333333333333332
adam,UNI_v2,FedAvg,TCGA-LUAD_97,LUAD,16,1.0
adam,UNI_v2,FedAvg,TCGA-BRCA_A1,BRCA,18,1.0
adam,UNI_v2,FedAvg,TCGA-BRCA_A2,BRCA,116,1.0
adam,UNI_v2,FedAvg,TCGA-COAD_A6,COAD,76,0.6583333333333333
adam,UNI_v2,FedAvg,TCGA-BRCA_A7,BRCA,47,0.7636363636363636
adam,UNI_v2,FedAvg,TCGA-BRCA_A8,BRCA,116,1.0
adam,UNI_v2,FedAvg,TCGA-COAD_AA,COAD,255,0.7975308641975308
adam,UNI_v2,FedAvg,TCGA-BRCA_AC,BRCA,35,0.7230769230769231
adam,UNI_v2,FedAvg,TCGA-COAD_AD,COAD,12,0.75
adam,UNI_v2,FedAvg,TCGA-BRCA_AN,BRCA,54,1.0
adam,UNI_v2,FedAvg,TCGA-BRCA_AO,BRCA,59,1.0
adam,UNI_v2,FedAvg,TCGA-BRCA_AQ,BRCA,9,1.0
adam,UNI_v2,FedAvg,TCGA-BRCA_AR,BRCA,58,1.0
adam,UNI_v2,FedAvg,TCGA-COAD_AY,COAD,10,1.0
adam,UNI_v2,FedAvg,TCGA-COAD_AZ,COAD,26,0.9400000000000001
adam,UNI_v2,FedAvg,TCGA-BRCA_B6,BRCA,68,1.0
adam,UNI_v2,FedAvg,TCGA-HNSC_BA,HNSC,21,0.6571428571428571
adam,UNI_v2,FedAvg,TCGA-HNSC_BB,HNSC,14,0.52
adam,UNI_v2,FedAvg,TCGA-SKCM_BF,SKCM,13,0.7200000000000001
adam,UNI_v2,FedAvg,TCGA-BRCA_BH,BRCA,160,1.0
adam,UNI_v2,FedAvg,TCGA-STAD_BR,STAD,161,0.625
adam,UNI_v2,FedAvg,TCGA-CESC_C5,CESC,43,0.8923076923076924
adam,UNI_v2,FedAvg,TCGA-BRCA_C8,BRCA,46,1.0
adam,UNI_v2,FedAvg,TCGA-COAD_CA,COAD,13,0.25
adam,UNI_v2,FedAvg,TCGA-STAD_CD,STAD,35,0.5636363636363636
adam,UNI_v2,FedAvg,TCGA-STAD_CG,STAD,56,0.2888888888888889
adam,UNI_v2,FedAvg,TCGA-COAD_CK,COAD,15,0.8571428571428571
adam,UNI_v2,FedAvg,TCGA-COAD_CM,COAD,48,0.7
adam,UNI_v2,FedAvg,TCGA-HNSC_CN,HNSC,42,0.8461538461538461
adam,UNI_v2,FedAvg,TCGA-HNSC_CQ,HNSC,26,0.888888888888889
adam,UNI_v2,FedAvg,TCGA-LGG_CS,LGG,14,1.0
adam,UNI_v2,FedAvg,TCGA-HNSC_CV,HNSC,94,0.75
adam,UNI_v2,FedAvg,TCGA-COAD_D5,COAD,37,0.9400000000000001
adam,UNI_v2,FedAvg,TCGA-HNSC_D6,HNSC,20,0.7333333333333333
adam,UNI_v2,FedAvg,TCGA-STAD_D7,STAD,41,0.4428571428571429
adam,UNI_v2,FedAvg,TCGA-BRCA_D8,BRCA,59,1.0
adam,UNI_v2,FedAvg,TCGA-SKCM_D9,SKCM,8,0.3
adam,UNI_v2,FedAvg,TCGA-SKCM_DA,SKCM,16,1.0
adam,UNI_v2,FedAvg,TCGA-LGG_DB,LGG,38,1.0
adam,UNI_v2,FedAvg,TCGA-LGG_DH,LGG,10,1.0
adam,UNI_v2,FedAvg,TCGA-COAD_DM,COAD,17,0.25
adam,UNI_v2,FedAvg,TCGA-HNSC_DQ,HNSC,10,0.4
adam,UNI_v2,FedAvg,TCGA-CESC_DS,CESC,7,0.6666666666666666
adam,UNI_v2,FedAvg,TCGA-LGG_DU,LGG,60,1.0
adam,UNI_v2,FedAvg,TCGA-LGG_E1,LGG,15,1.0
adam,UNI_v2,FedAvg,TCGA-BRCA_E2,BRCA,70,1.0
adam,UNI_v2,FedAvg,TCGA-BRCA_E9,BRCA,44,0.9692307692307693
adam,UNI_v2,FedAvg,TCGA-CESC_EA,CESC,18,0.9
adam,UNI_v2,FedAvg,TCGA-SKCM_EB,SKCM,32,0.6727272727272726
adam,UNI_v2,FedAvg,TCGA-SKCM_EE,SKCM,60,0.8
adam,UNI_v2,FedAvg,TCGA-SKCM_ER,SKCM,27,0.85
adam,UNI_v2,FedAvg,TCGA-BRCA_EW,BRCA,30,1.0
adam,UNI_v2,FedAvg,TCGA-COAD_F4,COAD,21,0.4
adam,UNI_v2,FedAvg,TCGA-HNSC_F7,HNSC,9,0.7333333333333333
adam,UNI_v2,FedAvg,TCGA-PAAD_FB,PAAD,11,0.24000000000000005
adam,UNI_v2,FedAvg,TCGA-LGG_FG,LGG,46,1.0
adam,UNI_v2,FedAvg,TCGA-STAD_FP,STAD,9,0.5999999999999999
adam,UNI_v2,FedAvg,TCGA-SKCM_FR,SKCM,7,0.6
adam,UNI_v2,FedAvg,TCGA-CESC_FU,CESC,10,0.45
adam,UNI_v2,FedAvg,TCGA-COAD_G4,COAD,33,0.6153846153846153
adam,UNI_v2,FedAvg,TCGA-BRCA_GM,BRCA,14,1.0
adam,UNI_v2,FedAvg,TCGA-SKCM_GN,SKCM,7,0.2
adam,UNI_v2,FedAvg,TCGA-HNSC_HD,HNSC,10,0.7
adam,UNI_v2,FedAvg,TCGA-STAD_HF,STAD,7,0.2
adam,UNI_v2,FedAvg,TCGA-LGG_HT,LGG,207,1.0
adam,UNI_v2,FedAvg,TCGA-STAD_HU,STAD,26,0.725
adam,UNI_v2,FedAvg,TCGA-LGG_HW,LGG,10,1.0
adam,UNI_v2,FedAvg,TCGA-PAAD_HZ,PAAD,21,0.22857142857142856
adam,UNI_v2,FedAvg,TCGA-PAAD_IB,PAAD,27,0.11111111111111112
adam,UNI_v2,FedAvg,TCGA-STAD_IN,STAD,13,0.5
adam,UNI_v2,FedAvg,TCGA-HNSC_IQ,HNSC,9,0.8
adam,UNI_v2,FedAvg,TCGA-BRCA_LL,BRCA,13,1.0
adam,UNI_v2,FedAvg,TCGA-LUAD_MP,LUAD,13,0.68
adam,UNI_v2,FedAvg,TCGA-CESC_MY,CESC,7,0.8400000000000001
adam,UNI_v2,FedAvg,TCGA-BRCA_OL,BRCA,16,1.0
adam,UNI_v2,FedAvg,TCGA-HNSC_P3,HNSC,10,0.85
adam,UNI_v2,FedAvg,TCGA-LGG_P5,LGG,9,1.0
adam,UNI_v2,FedAvg,TCGA-CESC_Q1,CESC,7,0.6666666666666667
adam,UNI_v2,FedAvg,TCGA-LGG_QH,LGG,14,1.0
adam,UNI_v2,FedAvg,TCGA-HNSC_QK,HNSC,15,0.8
adam,UNI_v2,FedAvg,TCGA-LGG_R8,LGG,16,1.0
adam,UNI_v2,FedAvg,TCGA-STAD_RD,STAD,9,0.85
adam,UNI_v2,FedAvg,TCGA-BRCA_S3,BRCA,7,1.0
adam,UNI_v2,FedAvg,TCGA-LGG_S9,LGG,33,1.0
adam,UNI_v2,FedAvg,TCGA-LGG_TM,LGG,17,1.0
adam,UNI_v2,FedAvg,TCGA-LGG_TQ,LGG,12,1.0
adam,UNI_v2,FedAvg,TCGA-HNSC_UF,HNSC,12,0.76
adam,UNI_v2,FedAvg,TCGA-LGG_VM,LGG,43,1.0
adam,UNI_v2,FedAvg,TCGA-STAD_VQ,STAD,46,0.8533333333333333
adam,UNI_v2,FedAvg,TCGA-CESC_VS,CESC,37,0.8666666666666666
adam,UNI_v2,FedAvg,TCGA-PAAD_XD,PAAD,4,0.2
adam,UNI_v2,FedAvg,TCGA-CESC_ZJ,CESC,11,0.8
adam,UNI_v2,FedBN,TCGA-LUAD_05,LUAD,16,0.13333333333333333
adam,UNI_v2,FedBN,TCGA-PAAD_2J,PAAD,11,0.0
adam,UNI_v2,FedBN,TCGA-LUAD_38,LUAD,7,0.06666666666666667
adam,UNI_v2,FedBN,TCGA-PAAD_3A,PAAD,11,0.0
adam,UNI_v2,FedBN,TCGA-LUAD_44,LUAD,31,0.02
adam,UNI_v2,FedBN,TCGA-LUAD_49,LUAD,47,0.0
adam,UNI_v2,FedBN,TCGA-LUAD_50,LUAD,12,0.11428571428571428
adam,UNI_v2,FedBN,TCGA-LUAD_55,LUAD,63,0.031578947368421054
adam,UNI_v2,FedBN,TCGA-LUAD_64,LUAD,8,0.13333333333333333
adam,UNI_v2,FedBN,TCGA-LUAD_69,LUAD,10,0.15
adam,UNI_v2,FedBN,TCGA-LUAD_73,LUAD,8,0.13333333333333333
adam,UNI_v2,FedBN,TCGA-LUAD_75,LUAD,11,0.2
adam,UNI_v2,FedBN,TCGA-LUAD_78,LUAD,21,0.14285714285714285
adam,UNI_v2,FedBN,TCGA-LUAD_86,LUAD,23,0.125
adam,UNI_v2,FedBN,TCGA-LUAD_95,LUAD,7,0.0
adam,UNI_v2,FedBN,TCGA-LUAD_97,LUAD,16,0.16
adam,UNI_v2,FedBN,TCGA-BRCA_A1,BRCA,18,0.625
adam,UNI_v2,FedBN,TCGA-BRCA_A2,BRCA,116,0.7157894736842105
adam,UNI_v2,FedBN,TCGA-COAD_A6,COAD,76,0.6666666666666667
adam,UNI_v2,FedBN,TCGA-BRCA_A7,BRCA,47,0.4818181818181818
adam,UNI_v2,FedBN,TCGA-BRCA_A8,BRCA,116,0.7
adam,UNI_v2,FedBN,TCGA-COAD_AA,COAD,255,0.9234567901234568
adam,UNI_v2,FedBN,TCGA-BRCA_AC,BRCA,35,0.3846153846153846
adam,UNI_v2,FedBN,TCGA-COAD_AD,COAD,12,0.4
adam,UNI_v2,FedBN,TCGA-BRCA_AN,BRCA,54,0.49411764705882355
adam,UNI_v2,FedBN,TCGA-BRCA_AO,BRCA,59,0.580952380952381
adam,UNI_v2,FedBN,TCGA-BRCA_AQ,BRCA,9,0.6
adam,UNI_v2,FedBN,TCGA-BRCA_AR,BRCA,58,0.62
adam,UNI_v2,FedBN,TCGA-COAD_AY,COAD,10,0.5999999999999999
adam,UNI_v2,FedBN,TCGA-COAD_AZ,COAD,26,0.52
adam,UNI_v2,FedBN,TCGA-BRCA_B6,BRCA,68,0.7391304347826086
adam,UNI_v2,FedBN,TCGA-HNSC_BA,HNSC,21,0.0
adam,UNI_v2,FedBN,TCGA-HNSC_BB,HNSC,14,0.0
adam,UNI_v2,FedBN,TCGA-SKCM_BF,SKCM,13,0.0
adam,UNI_v2,FedBN,TCGA-BRCA_BH,BRCA,160,0.788
adam,UNI_v2,FedBN,TCGA-STAD_BR,STAD,161,0.1625
adam,UNI_v2,FedBN,TCGA-CESC_C5,CESC,43,0.10769230769230771
adam,UNI_v2,FedBN,TCGA-BRCA_C8,BRCA,46,0.5777777777777777
adam,UNI_v2,FedBN,TCGA-COAD_CA,COAD,13,0.35
adam,UNI_v2,FedBN,TCGA-STAD_CD,STAD,35,0.03636363636363636
adam,UNI_v2,FedBN,TCGA-STAD_CG,STAD,56,0.11111111111111112
adam,UNI_v2,FedBN,TCGA-COAD_CK,COAD,15,0.45714285714285713
adam,UNI_v2,FedBN,TCGA-COAD_CM,COAD,48,0.7
adam,UNI_v2,FedBN,TCGA-HNSC_CN,HNSC,42,0.18461538461538463
adam,UNI_v2,FedBN,TCGA-HNSC_CQ,HNSC,26,0.0
adam,UNI_v2,FedBN,TCGA-LGG_CS,LGG,14,0.35
adam,UNI_v2,FedBN,TCGA-HNSC_CV,HNSC,94,0.007142857142857143
adam,UNI_v2,FedBN,TCGA-COAD_D5,COAD,37,0.78
adam,UNI_v2,FedBN,TCGA-HNSC_D6,HNSC,20,0.0
adam,UNI_v2,FedBN,TCGA-STAD_D7,STAD,41,0.12857142857142856
adam,UNI_v2,FedBN,TCGA-BRCA_D8,BRCA,59,0.45882352941176474
adam,UNI_v2,FedBN,TCGA-SKCM_D9,SKCM,8,0.0
adam,UNI_v2,FedBN,TCGA-SKCM_DA,SKCM,16,0.0
adam,UNI_v2,FedBN,TCGA-LGG_DB,LGG,38,0.24285714285714283
adam,UNI_v2,FedBN,TCGA-LGG_DH,LGG,10,0.5
adam,UNI_v2,FedBN,TCGA-COAD_DM,COAD,17,0.5
adam,UNI_v2,FedBN,TCGA-HNSC_DQ,HNSC,10,0.0
adam,UNI_v2,FedBN,TCGA-CESC_DS,CESC,7,0.06666666666666667
adam,UNI_v2,FedBN,TCGA-LGG_DU,LGG,60,0.5666666666666667
adam,UNI_v2,FedBN,TCGA-LGG_E1,LGG,15,0.4
adam,UNI_v2,FedBN,TCGA-BRCA_E2,BRCA,70,0.5904761904761904
adam,UNI_v2,FedBN,TCGA-BRCA_E9,BRCA,44,0.5846153846153846
adam,UNI_v2,FedBN,TCGA-CESC_EA,CESC,18,0.1
adam,UNI_v2,FedBN,TCGA-SKCM_EB,SKCM,32,0.0
adam,UNI_v2,FedBN,TCGA-SKCM_EE,SKCM,60,0.0
adam,UNI_v2,FedBN,TCGA-SKCM_ER,SKCM,27,0.0
adam,UNI_v2,FedBN,TCGA-BRCA_EW,BRCA,30,0.39999999999999997
adam,UNI_v2,FedBN,TCGA-COAD_F4,COAD,21,0.4
adam,UNI_v2,FedBN,TCGA-HNSC_F7,HNSC,9,0.0
adam,UNI_v2,FedBN,TCGA-PAAD_FB,PAAD,11,0.0
adam,UNI_v2,FedBN,TCGA-LGG_FG,LGG,46,0.375
adam,UNI_v2,FedBN,TCGA-STAD_FP,STAD,9,0.0
adam,UNI_v2,FedBN,TCGA-SKCM_FR,SKCM,7,0.0
adam,UNI_v2,FedBN,TCGA-CESC_FU,CESC,10,0.0
adam,UNI_v2,FedBN,TCGA-COAD_G4,COAD,33,0.4615384615384615
adam,UNI_v2,FedBN,TCGA-BRCA_GM,BRCA,14,0.55
adam,UNI_v2,FedBN,TCGA-SKCM_GN,SKCM,7,0.0
adam,UNI_v2,FedBN,TCGA-HNSC_HD,HNSC,10,0.0
adam,UNI_v2,FedBN,TCGA-STAD_HF,STAD,7,0.0
adam,UNI_v2,FedBN,TCGA-LGG_HT,LGG,207,0.6983606557377049
adam,UNI_v2,FedBN,TCGA-STAD_HU,STAD,26,0.075
adam,UNI_v2,FedBN,TCGA-LGG_HW,LGG,10,0.6
adam,UNI_v2,FedBN,TCGA-PAAD_HZ,PAAD,21,0.0
adam,UNI_v2,FedBN,TCGA-PAAD_IB,PAAD,27,0.0
adam,UNI_v2,FedBN,TCGA-STAD_IN,STAD,13,0.06666666666666667
adam,UNI_v2,FedBN,TCGA-HNSC_IQ,HNSC,9,0.0
adam,UNI_v2,FedBN,TCGA-BRCA_LL,BRCA,13,0.48
adam,UNI_v2,FedBN,TCGA-LUAD_MP,LUAD,13,0.08
adam,UNI_v2,FedBN,TCGA-CESC_MY,CESC,7,0.0
adam,UNI_v2,FedBN,TCGA-BRCA_OL,BRCA,16,0.48
adam,UNI_v2,FedBN,TCGA-HNSC_P3,HNSC,10,0.0
adam,UNI_v2,FedBN,TCGA-LGG_P5,LGG,9,0.3
adam,UNI_v2,FedBN,TCGA-CESC_Q1,CESC,7,0.26666666666666666
adam,UNI_v2,FedBN,TCGA-LGG_QH,LGG,14,0.36
adam,UNI_v2,FedBN,TCGA-HNSC_QK,HNSC,15,0.0
adam,UNI_v2,FedBN,TCGA-LGG_R8,LGG,16,0.5727272727272728
adam,UNI_v2,FedBN,TCGA-STAD_RD,STAD,9,0.0
adam,UNI_v2,FedBN,TCGA-BRCA_S3,BRCA,7,0.6
adam,UNI_v2,FedBN,TCGA-LGG_S9,LGG,33,0.6363636363636364
adam,UNI_v2,FedBN,TCGA-LGG_TM,LGG,17,0.6
adam,UNI_v2,FedBN,TCGA-LGG_TQ,LGG,12,0.76
adam,UNI_v2,FedBN,TCGA-HNSC_UF,HNSC,12,0.0
adam,UNI_v2,FedBN,TCGA-LGG_VM,LGG,43,0.22222222222222218
adam,UNI_v2,FedBN,TCGA-STAD_VQ,STAD,46,0.05333333333333333
adam,UNI_v2,FedBN,TCGA-CESC_VS,CESC,37,0.21666666666666665
adam,UNI_v2,FedBN,TCGA-PAAD_XD,PAAD,4,0.0
adam,UNI_v2,FedBN,TCGA-CESC_ZJ,CESC,11,0.0
adam,UNI_v2,FedProx,TCGA-LUAD_05,LUAD,16,1.0
adam,UNI_v2,FedProx,TCGA-PAAD_2J,PAAD,11,0.27999999999999997
adam,UNI_v2,FedProx,TCGA-LUAD_38,LUAD,7,1.0
adam,UNI_v2,FedProx,TCGA-PAAD_3A,PAAD,11,0.27999999999999997
adam,UNI_v2,FedProx,TCGA-LUAD_44,LUAD,31,1.0
adam,UNI_v2,FedProx,TCGA-LUAD_49,LUAD,47,1.0
adam,UNI_v2,FedProx,TCGA-LUAD_50,LUAD,12,1.0
adam,UNI_v2,FedProx,TCGA-LUAD_55,LUAD,63,1.0
adam,UNI_v2,FedProx,TCGA-LUAD_64,LUAD,8,0.8666666666666666
adam,UNI_v2,FedProx,TCGA-LUAD_69,LUAD,10,1.0
adam,UNI_v2,FedProx,TCGA-LUAD_73,LUAD,8,1.0
adam,UNI_v2,FedProx,TCGA-LUAD_75,LUAD,11,1.0
adam,UNI_v2,FedProx,TCGA-LUAD_78,LUAD,21,1.0
adam,UNI_v2,FedProx,TCGA-LUAD_86,LUAD,23,1.0
adam,UNI_v2,FedProx,TCGA-LUAD_95,LUAD,7,1.0
adam,UNI_v2,FedProx,TCGA-LUAD_97,LUAD,16,1.0
adam,UNI_v2,FedProx,TCGA-BRCA_A1,BRCA,18,1.0
adam,UNI_v2,FedProx,TCGA-BRCA_A2,BRCA,116,1.0
adam,UNI_v2,FedProx,TCGA-COAD_A6,COAD,76,0.7333333333333334
adam,UNI_v2,FedProx,TCGA-BRCA_A7,BRCA,47,0.8090909090909092
adam,UNI_v2,FedProx,TCGA-BRCA_A8,BRCA,116,1.0
adam,UNI_v2,FedProx,TCGA-COAD_AA,COAD,255,0.7777777777777778
adam,UNI_v2,FedProx,TCGA-BRCA_AC,BRCA,35,0.723076923076923
adam,UNI_v2,FedProx,TCGA-COAD_AD,COAD,12,0.55
adam,UNI_v2,FedProx,TCGA-BRCA_AN,BRCA,54,1.0
adam,UNI_v2,FedProx,TCGA-BRCA_AO,BRCA,59,1.0
adam,UNI_v2,FedProx,TCGA-BRCA_AQ,BRCA,9,1.0
adam,UNI_v2,FedProx,TCGA-BRCA_AR,BRCA,58,0.99
adam,UNI_v2,FedProx,TCGA-COAD_AY,COAD,10,1.0
adam,UNI_v2,FedProx,TCGA-COAD_AZ,COAD,26,0.8800000000000001
adam,UNI_v2,FedProx,TCGA-BRCA_B6,BRCA,68,1.0
adam,UNI_v2,FedProx,TCGA-HNSC_BA,HNSC,21,0.6571428571428571
adam,UNI_v2,FedProx,TCGA-HNSC_BB,HNSC,14,0.5599999999999999
adam,UNI_v2,FedProx,TCGA-SKCM_BF,SKCM,13,0.8
adam,UNI_v2,FedProx,TCGA-BRCA_BH,BRCA,160,0.9960000000000001
adam,UNI_v2,FedProx,TCGA-STAD_BR,STAD,161,0.6541666666666667
adam,UNI_v2,FedProx,TCGA-CESC_C5,CESC,43,0.8461538461538461
adam,UNI_v2,FedProx,TCGA-BRCA_C8,BRCA,46,0.9888888888888889
adam,UNI_v2,FedProx,TCGA-COAD_CA,COAD,13,0.2
adam,UNI_v2,FedProx,TCGA-STAD_CD,STAD,35,0.5818181818181818
adam,UNI_v2,FedProx,TCGA-STAD_CG,STAD,56,0.45555555555555555
adam,UNI_v2,FedProx,TCGA-COAD_CK,COAD,15,0.8571428571428571
adam,UNI_v2,FedProx,TCGA-COAD_CM,COAD,48,0.6555555555555556
adam,UNI_v2,FedProx,TCGA-HNSC_CN,HNSC,42,0.8
adam,UNI_v2,FedProx,TCGA-HNSC_CQ,HNSC,26,0.9555555555555555
adam,UNI_v2,FedProx,TCGA-LGG_CS,LGG,14,1.0
adam,UNI_v2,FedProx,TCGA-HNSC_CV,HNSC,94,0.85
adam,UNI_v2,FedProx,TCGA-COAD_D5,COAD,37,0.96
adam,UNI_v2,FedProx,TCGA-HNSC_D6,HNSC,20,0.7
adam,UNI_v2,FedProx,TCGA-STAD_D7,STAD,41,0.48571428571428577
adam,UNI_v2,FedProx,TCGA-BRCA_D8,BRCA,59,1.0
adam,UNI_v2,FedProx,TCGA-SKCM_D9,SKCM,8,0.5
adam,UNI_v2,FedProx,TCGA-SKCM_DA,SKCM,16,0.96
adam,UNI_v2,FedProx,TCGA-LGG_DB,LGG,38,1.0
adam,UNI_v2,FedProx,TCGA-LGG_DH,LGG,10,1.0
adam,UNI_v2,FedProx,TCGA-COAD_DM,COAD,17,0.275
adam,UNI_v2,FedProx,TCGA-HNSC_DQ,HNSC,10,0.45
adam,UNI_v2,FedProx,TCGA-CESC_DS,CESC,7,0.8666666666666666
adam,UNI_v2,FedProx,TCGA-LGG_DU,LGG,60,1.0
adam,UNI_v2,FedProx,TCGA-LGG_E1,LGG,15,1.0
adam,UNI_v2,FedProx,TCGA-BRCA_E2,BRCA,70,1.0
adam,UNI_v2,FedProx,TCGA-BRCA_E9,BRCA,44,0.9384615384615385
adam,UNI_v2,FedProx,TCGA-CESC_EA,CESC,18,0.6666666666666667
adam,UNI_v2,FedProx,TCGA-SKCM_EB,SKCM,32,0.7454545454545455
adam,UNI_v2,FedProx,TCGA-SKCM_EE,SKCM,60,0.7578947368421052
adam,UNI_v2,FedProx,TCGA-SKCM_ER,SKCM,27,0.85
adam,UNI_v2,FedProx,TCGA-BRCA_EW,BRCA,30,1.0
adam,UNI_v2,FedProx,TCGA-COAD_F4,COAD,21,0.35
adam,UNI_v2,FedProx,TCGA-HNSC_F7,HNSC,9,0.8
adam,UNI_v2,FedProx,TCGA-PAAD_FB,PAAD,11,0.08
adam,UNI_v2,FedProx,TCGA-LGG_FG,LGG,46,1.0
adam,UNI_v2,FedProx,TCGA-STAD_FP,STAD,9,0.6666666666666666
adam,UNI_v2,FedProx,TCGA-SKCM_FR,SKCM,7,0.6
adam,UNI_v2,FedProx,TCGA-CESC_FU,CESC,10,0.45
adam,UNI_v2,FedProx,TCGA-COAD_G4,COAD,33,0.6307692307692309
adam,UNI_v2,FedProx,TCGA-BRCA_GM,BRCA,14,1.0
adam,UNI_v2,FedProx,TCGA-SKCM_GN,SKCM,7,0.5
adam,UNI_v2,FedProx,TCGA-HNSC_HD,HNSC,10,0.75
adam,UNI_v2,FedProx,TCGA-STAD_HF,STAD,7,0.4
adam,UNI_v2,FedProx,TCGA-LGG_HT,LGG,207,1.0
adam,UNI_v2,FedProx,TCGA-STAD_HU,STAD,26,0.725
adam,UNI_v2,FedProx,TCGA-LGG_HW,LGG,10,1.0
adam,UNI_v2,FedProx,TCGA-PAAD_HZ,PAAD,21,0.14285714285714285
adam,UNI_v2,FedProx,TCGA-PAAD_IB,PAAD,27,0.15555555555555553
adam,UNI_v2,FedProx,TCGA-STAD_IN,STAD,13,0.7666666666666667
adam,UNI_v2,FedProx,TCGA-HNSC_IQ,HNSC,9,0.8666666666666668
adam,UNI_v2,FedProx,TCGA-BRCA_LL,BRCA,13,1.0
adam,UNI_v2,FedProx,TCGA-LUAD_MP,LUAD,13,0.8400000000000001
adam,UNI_v2,FedProx,TCGA-CESC_MY,CESC,7,0.64
adam,UNI_v2,FedProx,TCGA-BRCA_OL,BRCA,16,1.0
adam,UNI_v2,FedProx,TCGA-HNSC_P3,HNSC,10,0.95
adam,UNI_v2,FedProx,TCGA-LGG_P5,LGG,9,1.0
adam,UNI_v2,FedProx,TCGA-CESC_Q1,CESC,7,0.8666666666666666
adam,UNI_v2,FedProx,TCGA-LGG_QH,LGG,14,1.0
adam,UNI_v2,FedProx,TCGA-HNSC_QK,HNSC,15,1.0
adam,UNI_v2,FedProx,TCGA-LGG_R8,LGG,16,1.0
adam,UNI_v2,FedProx,TCGA-STAD_RD,STAD,9,0.85
adam,UNI_v2,FedProx,TCGA-BRCA_S3,BRCA,7,1.0
adam,UNI_v2,FedProx,TCGA-LGG_S9,LGG,33,1.0
adam,UNI_v2,FedProx,TCGA-LGG_TM,LGG,17,1.0
adam,UNI_v2,FedProx,TCGA-LGG_TQ,LGG,12,1.0
adam,UNI_v2,FedProx,TCGA-HNSC_UF,HNSC,12,0.8
adam,UNI_v2,FedProx,TCGA-LGG_VM,LGG,43,1.0
adam,UNI_v2,FedProx,TCGA-STAD_VQ,STAD,46,0.8933333333333333
adam,UNI_v2,FedProx,TCGA-CESC_VS,CESC,37,0.9333333333333332
adam,UNI_v2,FedProx,TCGA-PAAD_XD,PAAD,4,0.16
adam,UNI_v2,FedProx,TCGA-CESC_ZJ,CESC,11,0.8
adam,UNI_v2,SCAFFOLD,TCGA-LUAD_05,LUAD,16,0.5
adam,UNI_v2,SCAFFOLD,TCGA-PAAD_2J,PAAD,11,0.0
adam,UNI_v2,SCAFFOLD,TCGA-LUAD_38,LUAD,7,0.6666666666666666
adam,UNI_v2,SCAFFOLD,TCGA-PAAD_3A,PAAD,11,0.0
adam,UNI_v2,SCAFFOLD,TCGA-LUAD_44,LUAD,31,0.7
adam,UNI_v2,SCAFFOLD,TCGA-LUAD_49,LUAD,47,0.6969696969696969
adam,UNI_v2,SCAFFOLD,TCGA-LUAD_50,LUAD,12,0.5428571428571429
adam,UNI_v2,SCAFFOLD,TCGA-LUAD_55,LUAD,63,0.6421052631578947
adam,UNI_v2,SCAFFOLD,TCGA-LUAD_64,LUAD,8,0.4666666666666667
adam,UNI_v2,SCAFFOLD,TCGA-LUAD_69,LUAD,10,0.45
adam,UNI_v2,SCAFFOLD,TCGA-LUAD_73,LUAD,8,0.6
adam,UNI_v2,SCAFFOLD,TCGA-LUAD_75,LUAD,11,0.6
adam,UNI_v2,SCAFFOLD,TCGA-LUAD_78,LUAD,21,0.5428571428571429
adam,UNI_v2,SCAFFOLD,TCGA-LUAD_86,LUAD,23,0.6
adam,UNI_v2,SCAFFOLD,TCGA-LUAD_95,LUAD,7,0.4
adam,UNI_v2,SCAFFOLD,TCGA-LUAD_97,LUAD,16,0.56
adam,UNI_v2,SCAFFOLD,TCGA-BRCA_A1,BRCA,18,0.95
adam,UNI_v2,SCAFFOLD,TCGA-BRCA_A2,BRCA,116,0.9368421052631579
adam,UNI_v2,SCAFFOLD,TCGA-COAD_A6,COAD,76,0.5416666666666667
adam,UNI_v2,SCAFFOLD,TCGA-BRCA_A7,BRCA,47,0.5818181818181818
adam,UNI_v2,SCAFFOLD,TCGA-BRCA_A8,BRCA,116,0.9722222222222221
adam,UNI_v2,SCAFFOLD,TCGA-COAD_AA,COAD,255,0.7209876543209877
adam,UNI_v2,SCAFFOLD,TCGA-BRCA_AC,BRCA,35,0.6153846153846154
adam,UNI_v2,SCAFFOLD,TCGA-COAD_AD,COAD,12,0.8
adam,UNI_v2,SCAFFOLD,TCGA-BRCA_AN,BRCA,54,0.9764705882352942
adam,UNI_v2,SCAFFOLD,TCGA-BRCA_AO,BRCA,59,0.9523809523809523
adam,UNI_v2,SCAFFOLD,TCGA-BRCA_AQ,BRCA,9,0.85
adam,UNI_v2,SCAFFOLD,TCGA-BRCA_AR,BRCA,58,0.9200000000000002
adam,UNI_v2,SCAFFOLD,TCGA-COAD_AY,COAD,10,0.8
adam,UNI_v2,SCAFFOLD,TCGA-COAD_AZ,COAD,26,0.78
adam,UNI_v2,SCAFFOLD,TCGA-BRCA_B6,BRCA,68,0.9130434782608695
adam,UNI_v2,SCAFFOLD,TCGA-HNSC_BA,HNSC,21,0.3142857142857143
adam,UNI_v2,SCAFFOLD,TCGA-HNSC_BB,HNSC,14,0.2
adam,UNI_v2,SCAFFOLD,TCGA-SKCM_BF,SKCM,13,0.0
adam,UNI_v2,SCAFFOLD,TCGA-BRCA_BH,BRCA,160,0.9399999999999998
adam,UNI_v2,SCAFFOLD,TCGA-STAD_BR,STAD,161,0.03333333333333333
adam,UNI_v2,SCAFFOLD,TCGA-CESC_C5,CESC,43,0.046153846153846156
adam,UNI_v2,SCAFFOLD,TCGA-BRCA_C8,BRCA,46,0.9222222222222222
adam,UNI_v2,SCAFFOLD,TCGA-COAD_CA,COAD,13,0.65
adam,UNI_v2,SCAFFOLD,TCGA-STAD_CD,STAD,35,0.05454545454545454
adam,UNI_v2,SCAFFOLD,TCGA-STAD_CG,STAD,56,0.13333333333333333
adam,UNI_v2,SCAFFOLD,TCGA-COAD_CK,COAD,15,0.6571428571428571
adam,UNI_v2,SCAFFOLD,TCGA-COAD_CM,COAD,48,0.6888888888888889
adam,UNI_v2,SCAFFOLD,TCGA-HNSC_CN,HNSC,42,0.36923076923076925
adam,UNI_v2,SCAFFOLD,TCGA-HNSC_CQ,HNSC,26,0.26666666666666666
adam,UNI_v2,SCAFFOLD,TCGA-LGG_CS,LGG,14,0.95
adam,UNI_v2,SCAFFOLD,TCGA-HNSC_CV,HNSC,94,0.18571428571428572
adam,UNI_v2,SCAFFOLD,TCGA-COAD_D5,COAD,37,0.78
adam,UNI_v2,SCAFFOLD,TCGA-HNSC_D6,HNSC,20,0.23333333333333334
adam,UNI_v2,SCAFFOLD,TCGA-STAD_D7,STAD,41,0.07142857142857142
adam,UNI_v2,SCAFFOLD,TCGA-BRCA_D8,BRCA,59,0.9176470588235295
adam,UNI_v2,SCAFFOLD,TCGA-SKCM_D9,SKCM,8,0.0
adam,UNI_v2,SCAFFOLD,TCGA-SKCM_DA,SKCM,16,0.0
adam,UNI_v2,SCAFFOLD,TCGA-LGG_DB,LGG,38,1.0
adam,UNI_v2,SCAFFOLD,TCGA-LGG_DH,LGG,10,1.0
adam,UNI_v2,SCAFFOLD,TCGA-COAD_DM,COAD,17,0.45
adam,UNI_v2,SCAFFOLD,TCGA-HNSC_DQ,HNSC,10,0.2
adam,UNI_v2,SCAFFOLD,TCGA-CESC_DS,CESC,7,0.0
adam,UNI_v2,SCAFFOLD,TCGA-LGG_DU,LGG,60,1.0
adam,UNI_v2,SCAFFOLD,TCGA-LGG_E1,LGG,15,1.0
adam,UNI_v2,SCAFFOLD,TCGA-BRCA_E2,BRCA,70,0.9619047619047618
adam,UNI_v2,SCAFFOLD,TCGA-BRCA_E9,BRCA,44,0.9384615384615385
adam,UNI_v2,SCAFFOLD,TCGA-CESC_EA,CESC,18,0.0
adam,UNI_v2,SCAFFOLD,TCGA-SKCM_EB,SKCM,32,0.0
adam,UNI_v2,SCAFFOLD,TCGA-SKCM_EE,SKCM,60,0.0
adam,UNI_v2,SCAFFOLD,TCGA-SKCM_ER,SKCM,27,0.0
adam,UNI_v2,SCAFFOLD,TCGA-BRCA_EW,BRCA,30,1.0
adam,UNI_v2,SCAFFOLD,TCGA-COAD_F4,COAD,21,0.625
adam,UNI_v2,SCAFFOLD,TCGA-HNSC_F7,HNSC,9,0.26666666666666666
adam,UNI_v2,SCAFFOLD,TCGA-PAAD_FB,PAAD,11,0.0
adam,UNI_v2,SCAFFOLD,TCGA-LGG_FG,LGG,46,1.0
adam,UNI_v2,SCAFFOLD,TCGA-STAD_FP,STAD,9,0.13333333333333333
adam,UNI_v2,SCAFFOLD,TCGA-SKCM_FR,SKCM,7,0.0
adam,UNI_v2,SCAFFOLD,TCGA-CESC_FU,CESC,10,0.05
adam,UNI_v2,SCAFFOLD,TCGA-COAD_G4,COAD,33,0.6
adam,UNI_v2,SCAFFOLD,TCGA-BRCA_GM,BRCA,14,1.0
adam,UNI_v2,SCAFFOLD,TCGA-SKCM_GN,SKCM,7,0.0
adam,UNI_v2,SCAFFOLD,TCGA-HNSC_HD,HNSC,10,0.4
adam,UNI_v2,SCAFFOLD,TCGA-STAD_HF,STAD,7,0.2
adam,UNI_v2,SCAFFOLD,TCGA-LGG_HT,LGG,207,0.9836065573770492
adam,UNI_v2,SCAFFOLD,TCGA-STAD_HU,STAD,26,0.15
adam,UNI_v2,SCAFFOLD,TCGA-LGG_HW,LGG,10,1.0
adam,UNI_v2,SCAFFOLD,TCGA-PAAD_HZ,PAAD,21,0.0
adam,UNI_v2,SCAFFOLD,TCGA-PAAD_IB,PAAD,27,0.0
adam,UNI_v2,SCAFFOLD,TCGA-STAD_IN,STAD,13,0.03333333333333333
adam,UNI_v2,SCAFFOLD,TCGA-HNSC_IQ,HNSC,9,0.26666666666666666
adam,UNI_v2,SCAFFOLD,TCGA-BRCA_LL,BRCA,13,0.96
adam,UNI_v2,SCAFFOLD,TCGA-LUAD_MP,LUAD,13,0.4
adam,UNI_v2,SCAFFOLD,TCGA-CESC_MY,CESC,7,0.0
adam,UNI_v2,SCAFFOLD,TCGA-BRCA_OL,BRCA,16,0.96
adam,UNI_v2,SCAFFOLD,TCGA-HNSC_P3,HNSC,10,0.25
adam,UNI_v2,SCAFFOLD,TCGA-LGG_P5,LGG,9,1.0
adam,UNI_v2,SCAFFOLD,TCGA-CESC_Q1,CESC,7,0.0
adam,UNI_v2,SCAFFOLD,TCGA-LGG_QH,LGG,14,1.0
adam,UNI_v2,SCAFFOLD,TCGA-HNSC_QK,HNSC,15,0.2
adam,UNI_v2,SCAFFOLD,TCGA-LGG_R8,LGG,16,1.0
adam,UNI_v2,SCAFFOLD,TCGA-STAD_RD,STAD,9,0.05
adam,UNI_v2,SCAFFOLD,TCGA-BRCA_S3,BRCA,7,0.8
adam,UNI_v2,SCAFFOLD,TCGA-LGG_S9,LGG,33,1.0
adam,UNI_v2,SCAFFOLD,TCGA-LGG_TM,LGG,17,1.0
adam,UNI_v2,SCAFFOLD,TCGA-LGG_TQ,LGG,12,1.0
adam,UNI_v2,SCAFFOLD,TCGA-HNSC_UF,HNSC,12,0.2
adam,UNI_v2,SCAFFOLD,TCGA-LGG_VM,LGG,43,1.0
adam,UNI_v2,SCAFFOLD,TCGA-STAD_VQ,STAD,46,0.08
adam,UNI_v2,SCAFFOLD,TCGA-CESC_VS,CESC,37,0.0
adam,UNI_v2,SCAFFOLD,TCGA-PAAD_XD,PAAD,4,0.0
adam,UNI_v2,SCAFFOLD,TCGA-CESC_ZJ,CESC,11,0.1
adam,Virchow2,FedAvg,TCGA-LUAD_05,LUAD,16,1.0
adam,Virchow2,FedAvg,TCGA-PAAD_2J,PAAD,11,1.0
adam,Virchow2,FedAvg,TCGA-LUAD_38,LUAD,7,1.0
adam,Virchow2,FedAvg,TCGA-PAAD_3A,PAAD,11,0.9199999999999999
adam,Virchow2,FedAvg,TCGA-LUAD_44,LUAD,31,0.9199999999999999
adam,Virchow2,FedAvg,TCGA-LUAD_49,LUAD,47,0.9878787878787879
adam,Virchow2,FedAvg,TCGA-LUAD_50,LUAD,12,1.0
adam,Virchow2,FedAvg,TCGA-LUAD_55,LUAD,63,0.9578947368421051
adam,Virchow2,FedAvg,TCGA-LUAD_64,LUAD,8,1.0
adam,Virchow2,FedAvg,TCGA-LUAD_69,LUAD,10,1.0
adam,Virchow2,FedAvg,TCGA-LUAD_73,LUAD,8,1.0
adam,Virchow2,FedAvg,TCGA-LUAD_75,LUAD,11,0.9
adam,Virchow2,FedAvg,TCGA-LUAD_78,LUAD,21,1.0
adam,Virchow2,FedAvg,TCGA-LUAD_86,LUAD,23,1.0
adam,Virchow2,FedAvg,TCGA-LUAD_95,LUAD,7,1.0
adam,Virchow2,FedAvg,TCGA-LUAD_97,LUAD,16,1.0
adam,Virchow2,FedAvg,TCGA-BRCA_A1,BRCA,18,1.0
adam,Virchow2,FedAvg,TCGA-BRCA_A2,BRCA,116,1.0
adam,Virchow2,FedAvg,TCGA-COAD_A6,COAD,76,0.725
adam,Virchow2,FedAvg,TCGA-BRCA_A7,BRCA,47,0.7636363636363636
adam,Virchow2,FedAvg,TCGA-BRCA_A8,BRCA,116,1.0
adam,Virchow2,FedAvg,TCGA-COAD_AA,COAD,255,0.893827160493827
adam,Virchow2,FedAvg,TCGA-BRCA_AC,BRCA,35,0.7692307692307693
adam,Virchow2,FedAvg,TCGA-COAD_AD,COAD,12,0.9
adam,Virchow2,FedAvg,TCGA-BRCA_AN,BRCA,54,0.9882352941176471
adam,Virchow2,FedAvg,TCGA-BRCA_AO,BRCA,59,0.980952380952381
adam,Virchow2,FedAvg,TCGA-BRCA_AQ,BRCA,9,1.0
adam,Virchow2,FedAvg,TCGA-BRCA_AR,BRCA,58,0.95
adam,Virchow2,FedAvg,TCGA-COAD_AY,COAD,10,1.0
adam,Virchow2,FedAvg,TCGA-COAD_AZ,COAD,26,0.9400000000000001
adam,Virchow2,FedAvg,TCGA-BRCA_B6,BRCA,68,0.9391304347826088
adam,Virchow2,FedAvg,TCGA-HNSC_BA,HNSC,21,0.5714285714285714
adam,Virchow2,FedAvg,TCGA-HNSC_BB,HNSC,14,0.6
adam,Virchow2,FedAvg,TCGA-SKCM_BF,SKCM,13,0.8400000000000001
adam,Virchow2,FedAvg,TCGA-BRCA_BH,BRCA,160,1.0
adam,Virchow2,FedAvg,TCGA-STAD_BR,STAD,161,0.6666666666666667
adam,Virchow2,FedAvg,TCGA-CESC_C5,CESC,43,0.9692307692307691
adam,Virchow2,FedAvg,TCGA-BRCA_C8,BRCA,46,1.0
adam,Virchow2,FedAvg,TCGA-COAD_CA,COAD,13,0.4
adam,Virchow2,FedAvg,TCGA-STAD_CD,STAD,35,0.5454545454545455
adam,Virchow2,FedAvg,TCGA-STAD_CG,STAD,56,0.22222222222222224
adam,Virchow2,FedAvg,TCGA-COAD_CK,COAD,15,0.8285714285714285
adam,Virchow2,FedAvg,TCGA-COAD_CM,COAD,48,0.8666666666666666
adam,Virchow2,FedAvg,TCGA-HNSC_CN,HNSC,42,0.8
adam,Virchow2,FedAvg,TCGA-HNSC_CQ,HNSC,26,0.9777777777777779
adam,Virchow2,FedAvg,TCGA-LGG_CS,LGG,14,1.0
adam,Virchow2,FedAvg,TCGA-HNSC_CV,HNSC,94,0.8285714285714285
adam,Virchow2,FedAvg,TCGA-COAD_D5,COAD,37,1.0
adam,Virchow2,FedAvg,TCGA-HNSC_D6,HNSC,20,0.8333333333333334
adam,Virchow2,FedAvg,TCGA-STAD_D7,STAD,41,0.4
adam,Virchow2,FedAvg,TCGA-BRCA_D8,BRCA,59,1.0
adam,Virchow2,FedAvg,TCGA-SKCM_D9,SKCM,8,0.6
adam,Virchow2,FedAvg,TCGA-SKCM_DA,SKCM,16,1.0
adam,Virchow2,FedAvg,TCGA-LGG_DB,LGG,38,1.0
adam,Virchow2,FedAvg,TCGA-LGG_DH,LGG,10,1.0
adam,Virchow2,FedAvg,TCGA-COAD_DM,COAD,17,0.625
adam,Virchow2,FedAvg,TCGA-HNSC_DQ,HNSC,10,0.25
adam,Virchow2,FedAvg,TCGA-CESC_DS,CESC,7,0.9333333333333333
adam,Virchow2,FedAvg,TCGA-LGG_DU,LGG,60,1.0
adam,Virchow2,FedAvg,TCGA-LGG_E1,LGG,15,1.0
adam,Virchow2,FedAvg,TCGA-BRCA_E2,BRCA,70,1.0
adam,Virchow2,FedAvg,TCGA-BRCA_E9,BRCA,44,1.0
adam,Virchow2,FedAvg,TCGA-CESC_EA,CESC,18,1.0
adam,Virchow2,FedAvg,TCGA-SKCM_EB,SKCM,32,0.890909090909091
adam,Virchow2,FedAvg,TCGA-SKCM_EE,SKCM,60,0.9368421052631579
adam,Virchow2,FedAvg,TCGA-SKCM_ER,SKCM,27,1.0
adam,Virchow2,FedAvg,TCGA-BRCA_EW,BRCA,30,0.9777777777777779
adam,Virchow2,FedAvg,TCGA-COAD_F4,COAD,21,0.5
adam,Virchow2,FedAvg,TCGA-HNSC_F7,HNSC,9,0.9333333333333332
adam,Virchow2,FedAvg,TCGA-PAAD_FB,PAAD,11,0.4
adam,Virchow2,FedAvg,TCGA-LGG_FG,LGG,46,1.0
adam,Virchow2,FedAvg,TCGA-STAD_FP,STAD,9,0.3333333333333333
adam,Virchow2,FedAvg,TCGA-SKCM_FR,SKCM,7,1.0
adam,Virchow2,FedAvg,TCGA-CESC_FU,CESC,10,0.75
adam,Virchow2,FedAvg,TCGA-COAD_G4,COAD,33,0.7692307692307694
adam,Virchow2,FedAvg,TCGA-BRCA_GM,BRCA,14,1.0
adam,Virchow2,FedAvg,TCGA-SKCM_GN,SKCM,7,0.9
adam,Virchow2,FedAvg,TCGA-HNSC_HD,HNSC,10,0.75
adam,Virchow2,FedAvg,TCGA-STAD_HF,STAD,7,0.4
adam,Virchow2,FedAvg,TCGA-LGG_HT,LGG,207,1.0
adam,Virchow2,FedAvg,TCGA-STAD_HU,STAD,26,0.475
adam,Virchow2,FedAvg,TCGA-LGG_HW,LGG,10,1.0
adam,Virchow2,FedAvg,TCGA-PAAD_HZ,PAAD,21,1.0
adam,Virchow2,FedAvg,TCGA-PAAD_IB,PAAD,27,0.9555555555555555
adam,Virchow2,FedAvg,TCGA-STAD_IN,STAD,13,0.4666666666666666
adam,Virchow2,FedAvg,TCGA-HNSC_IQ,HNSC,9,0.9333333333333332
adam,Virchow2,FedAvg,TCGA-BRCA_LL,BRCA,13,1.0
adam,Virchow2,FedAvg,TCGA-LUAD_MP,LUAD,13,0.8
adam,Virchow2,FedAvg,TCGA-CESC_MY,CESC,7,0.8800000000000001
adam,Virchow2,FedAvg,TCGA-BRCA_OL,BRCA,16,1.0
adam,Virchow2,FedAvg,TCGA-HNSC_P3,HNSC,10,1.0
adam,Virchow2,FedAvg,TCGA-LGG_P5,LGG,9,1.0
adam,Virchow2,FedAvg,TCGA-CESC_Q1,CESC,7,1.0
adam,Virchow2,FedAvg,TCGA-LGG_QH,LGG,14,1.0
adam,Virchow2,FedAvg,TCGA-HNSC_QK,HNSC,15,0.96
adam,Virchow2,FedAvg,TCGA-LGG_R8,LGG,16,1.0
adam,Virchow2,FedAvg,TCGA-STAD_RD,STAD,9,0.75
adam,Virchow2,FedAvg,TCGA-BRCA_S3,BRCA,7,1.0
adam,Virchow2,FedAvg,TCGA-LGG_S9,LGG,33,1.0
adam,Virchow2,FedAvg,TCGA-LGG_TM,LGG,17,1.0
adam,Virchow2,FedAvg,TCGA-LGG_TQ,LGG,12,1.0
adam,Virchow2,FedAvg,TCGA-HNSC_UF,HNSC,12,1.0
adam,Virchow2,FedAvg,TCGA-LGG_VM,LGG,43,1.0
adam,Virchow2,FedAvg,TCGA-STAD_VQ,STAD,46,0.4533333333333333
adam,Virchow2,FedAvg,TCGA-CESC_VS,CESC,37,1.0
adam,Virchow2,FedAvg,TCGA-PAAD_XD,PAAD,4,0.9
adam,Virchow2,FedAvg,TCGA-CESC_ZJ,CESC,11,1.0
adam,Virchow2,FedBN,TCGA-LUAD_05,LUAD,16,0.4
adam,Virchow2,FedBN,TCGA-PAAD_2J,PAAD,11,0.0
adam,Virchow2,FedBN,TCGA-LUAD_38,LUAD,7,0.4
adam,Virchow2,FedBN,TCGA-PAAD_3A,PAAD,11,0.0
adam,Virchow2,FedBN,TCGA-LUAD_44,LUAD,31,0.3
adam,Virchow2,FedBN,TCGA-LUAD_49,LUAD,47,0.4
adam,Virchow2,FedBN,TCGA-LUAD_50,LUAD,12,0.2571428571428571
adam,Virchow2,FedBN,TCGA-LUAD_55,LUAD,63,0.3157894736842105
adam,Virchow2,FedBN,TCGA-LUAD_64,LUAD,8,0.2
adam,Virchow2,FedBN,TCGA-LUAD_69,LUAD,10,0.35
adam,Virchow2,FedBN,TCGA-LUAD_73,LUAD,8,0.26666666666666666
adam,Virchow2,FedBN,TCGA-LUAD_75,LUAD,11,0.05
adam,Virchow2,FedBN,TCGA-LUAD_78,LUAD,21,0.4
adam,Virchow2,FedBN,TCGA-LUAD_86,LUAD,23,0.525
adam,Virchow2,FedBN,TCGA-LUAD_95,LUAD,7,0.4
adam,Virchow2,FedBN,TCGA-LUAD_97,LUAD,16,0.44000000000000006
adam,Virchow2,FedBN,TCGA-BRCA_A1,BRCA,18,0.65
adam,Virchow2,FedBN,TCGA-BRCA_A2,BRCA,116,0.7473684210526316
adam,Virchow2,FedBN,TCGA-COAD_A6,COAD,76,0.4833333333333333
adam,Virchow2,FedBN,TCGA-BRCA_A7,BRCA,47,0.8454545454545455
adam,Virchow2,FedBN,TCGA-BRCA_A8,BRCA,116,0.8055555555555556
adam,Virchow2,FedBN,TCGA-COAD_AA,COAD,255,0.7432098765432098
adam,Virchow2,FedBN,TCGA-BRCA_AC,BRCA,35,0.5846153846153846
adam,Virchow2,FedBN,TCGA-COAD_AD,COAD,12,0.3
adam,Virchow2,FedBN,TCGA-BRCA_AN,BRCA,54,0.788235294117647
adam,Virchow2,FedBN,TCGA-BRCA_AO,BRCA,59,0.819047619047619
adam,Virchow2,FedBN,TCGA-BRCA_AQ,BRCA,9,0.85
adam,Virchow2,FedBN,TCGA-BRCA_AR,BRCA,58,0.86
adam,Virchow2,FedBN,TCGA-COAD_AY,COAD,10,0.26666666666666666
adam,Virchow2,FedBN,TCGA-COAD_AZ,COAD,26,0.12000000000000002
adam,Virchow2,FedBN,TCGA-BRCA_B6,BRCA,68,0.7826086956521738
adam,Virchow2,FedBN,TCGA-HNSC_BA,HNSC,21,0.0
adam,Virchow2,FedBN,TCGA-HNSC_BB,HNSC,14,0.0
adam,Virchow2,FedBN,TCGA-SKCM_BF,SKCM,13,0.0
adam,Virchow2,FedBN,TCGA-BRCA_BH,BRCA,160,0.652
adam,Virchow2,FedBN,TCGA-STAD_BR,STAD,161,0.4333333333333333
adam,Virchow2,FedBN,TCGA-CESC_C5,CESC,43,0.0
adam,Virchow2,FedBN,TCGA-BRCA_C8,BRCA,46,0.7333333333333333
adam,Virchow2,FedBN,TCGA-COAD_CA,COAD,13,0.0
adam,Virchow2,FedBN,TCGA-STAD_CD,STAD,35,0.12727272727272726
adam,Virchow2,FedBN,TCGA-STAD_CG,STAD,56,0.17777777777777776
adam,Virchow2,FedBN,TCGA-COAD_CK,COAD,15,0.14285714285714285
adam,Virchow2,FedBN,TCGA-COAD_CM,COAD,48,0.2777777777777778
adam,Virchow2,FedBN,TCGA-HNSC_CN,HNSC,42,0.0
adam,Virchow2,FedBN,TCGA-HNSC_CQ,HNSC,26,0.0
adam,Virchow2,FedBN,TCGA-LGG_CS,LGG,14,0.0
adam,Virchow2,FedBN,TCGA-HNSC_CV,HNSC,94,0.0
adam,Virchow2,FedBN,TCGA-COAD_D5,COAD,37,0.42000000000000004
adam,Virchow2,FedBN,TCGA-HNSC_D6,HNSC,20,0.0
adam,Virchow2,FedBN,TCGA-STAD_D7,STAD,41,0.11428571428571428
adam,Virchow2,FedBN,TCGA-BRCA_D8,BRCA,59,0.9176470588235294
adam,Virchow2,FedBN,TCGA-SKCM_D9,SKCM,8,0.0
adam,Virchow2,FedBN,TCGA-SKCM_DA,SKCM,16,0.0
adam,Virchow2,FedBN,TCGA-LGG_DB,LGG,38,0.14285714285714285
adam,Virchow2,FedBN,TCGA-LGG_DH,LGG,10,0.15
adam,Virchow2,FedBN,TCGA-COAD_DM,COAD,17,0.2
adam,Virchow2,FedBN,TCGA-HNSC_DQ,HNSC,10,0.0
adam,Virchow2,FedBN,TCGA-CESC_DS,CESC,7,0.0
adam,Virchow2,FedBN,TCGA-LGG_DU,LGG,60,0.13333333333333333
adam,Virchow2,FedBN,TCGA-LGG_E1,LGG,15,0.08
adam,Virchow2,FedBN,TCGA-BRCA_E2,BRCA,70,0.7714285714285715
adam,Virchow2,FedBN,TCGA-BRCA_E9,BRCA,44,0.7384615384615385
adam,Virchow2,FedBN,TCGA-CESC_EA,CESC,18,0.0
adam,Virchow2,FedBN,TCGA-SKCM_EB,SKCM,32,0.0
adam,Virchow2,FedBN,TCGA-SKCM_EE,SKCM,60,0.06315789473684211
adam,Virchow2,FedBN,TCGA-SKCM_ER,SKCM,27,0.0
adam,Virchow2,FedBN,TCGA-BRCA_EW,BRCA,30,0.6666666666666667
adam,Virchow2,FedBN,TCGA-COAD_F4,COAD,21,0.1
adam,Virchow2,FedBN,TCGA-HNSC_F7,HNSC,9,0.0
adam,Virchow2,FedBN,TCGA-PAAD_FB,PAAD,11,0.0
adam,Virchow2,FedBN,TCGA-LGG_FG,LGG,46,0.2
adam,Virchow2,FedBN,TCGA-STAD_FP,STAD,9,0.06666666666666667
adam,Virchow2,FedBN,TCGA-SKCM_FR,SKCM,7,0.0
adam,Virchow2,FedBN,TCGA-CESC_FU,CESC,10,0.0
adam,Virchow2,FedBN,TCGA-COAD_G4,COAD,33,0.13846153846153847
adam,Virchow2,FedBN,TCGA-BRCA_GM,BRCA,14,0.7
adam,Virchow2,FedBN,TCGA-SKCM_GN,SKCM,7,0.0
adam,Virchow2,FedBN,TCGA-HNSC_HD,HNSC,10,0.0
adam,Virchow2,FedBN,TCGA-STAD_HF,STAD,7,0.0
adam,Virchow2,FedBN,TCGA-LGG_HT,LGG,207,0.6065573770491803
adam,Virchow2,FedBN,TCGA-STAD_HU,STAD,26,0.1
adam,Virchow2,FedBN,TCGA-LGG_HW,LGG,10,0.05
adam,Virchow2,FedBN,TCGA-PAAD_HZ,PAAD,21,0.0
adam,Virchow2,FedBN,TCGA-PAAD_IB,PAAD,27,0.0
adam,Virchow2,FedBN,TCGA-STAD_IN,STAD,13,0.1
adam,Virchow2,FedBN,TCGA-HNSC_IQ,HNSC,9,0.0
adam,Virchow2,FedBN,TCGA-BRCA_LL,BRCA,13,0.8400000000000001
adam,Virchow2,FedBN,TCGA-LUAD_MP,LUAD,13,0.32
adam,Virchow2,FedBN,TCGA-CESC_MY,CESC,7,0.0
adam,Virchow2,FedBN,TCGA-BRCA_OL,BRCA,16,0.8400000000000001
adam,Virchow2,FedBN,TCGA-HNSC_P3,HNSC,10,0.0
adam,Virchow2,FedBN,TCGA-LGG_P5,LGG,9,0.25
adam,Virchow2,FedBN,TCGA-CESC_Q1,CESC,7,0.0
adam,Virchow2,FedBN,TCGA-LGG_QH,LGG,14,0.16
adam,Virchow2,FedBN,TCGA-HNSC_QK,HNSC,15,0.0
adam,Virchow2,FedBN,TCGA-LGG_R8,LGG,16,0.15454545454545454
adam,Virchow2,FedBN,TCGA-STAD_RD,STAD,9,0.1
adam,Virchow2,FedBN,TCGA-BRCA_S3,BRCA,7,0.7
adam,Virchow2,FedBN,TCGA-LGG_S9,LGG,33,0.3636363636363636
adam,Virchow2,FedBN,TCGA-LGG_TM,LGG,17,0.15
adam,Virchow2,FedBN,TCGA-LGG_TQ,LGG,12,0.44000000000000006
adam,Virchow2,FedBN,TCGA-HNSC_UF,HNSC,12,0.0
adam,Virchow2,FedBN,TCGA-LGG_VM,LGG,43,0.029629629629629627
adam,Virchow2,FedBN,TCGA-STAD_VQ,STAD,46,0.18666666666666668
adam,Virchow2,FedBN,TCGA-CESC_VS,CESC,37,0.0
adam,Virchow2,FedBN,TCGA-PAAD_XD,PAAD,4,0.0
adam,Virchow2,FedBN,TCGA-CESC_ZJ,CESC,11,0.0
adam,Virchow2,FedProx,TCGA-LUAD_05,LUAD,16,1.0
adam,Virchow2,FedProx,TCGA-PAAD_2J,PAAD,11,1.0
adam,Virchow2,FedProx,TCGA-LUAD_38,LUAD,7,1.0
adam,Virchow2,FedProx,TCGA-PAAD_3A,PAAD,11,0.8800000000000001
adam,Virchow2,FedProx,TCGA-LUAD_44,LUAD,31,0.9800000000000001
adam,Virchow2,FedProx,TCGA-LUAD_49,LUAD,47,1.0
adam,Virchow2,FedProx,TCGA-LUAD_50,LUAD,12,1.0
adam,Virchow2,FedProx,TCGA-LUAD_55,LUAD,63,0.968421052631579
adam,Virchow2,FedProx,TCGA-LUAD_64,LUAD,8,1.0
adam,Virchow2,FedProx,TCGA-LUAD_69,LUAD,10,1.0
adam,Virchow2,FedProx,TCGA-LUAD_73,LUAD,8,1.0
adam,Virchow2,FedProx,TCGA-LUAD_75,LUAD,11,1.0
adam,Virchow2,FedProx,TCGA-LUAD_78,LUAD,21,1.0
adam,Virchow2,FedProx,TCGA-LUAD_86,LUAD,23,1.0
adam,Virchow2,FedProx,TCGA-LUAD_95,LUAD,7,1.0
adam,Virchow2,FedProx,TCGA-LUAD_97,LUAD,16,1.0
adam,Virchow2,FedProx,TCGA-BRCA_A1,BRCA,18,1.0
adam,Virchow2,FedProx,TCGA-BRCA_A2,BRCA,116,1.0
adam,Virchow2,FedProx,TCGA-COAD_A6,COAD,76,0.775
adam,Virchow2,FedProx,TCGA-BRCA_A7,BRCA,47,0.8272727272727272
adam,Virchow2,FedProx,TCGA-BRCA_A8,BRCA,116,1.0
adam,Virchow2,FedProx,TCGA-COAD_AA,COAD,255,0.8765432098765432
adam,Virchow2,FedProx,TCGA-BRCA_AC,BRCA,35,0.7692307692307693
adam,Virchow2,FedProx,TCGA-COAD_AD,COAD,12,0.75
adam,Virchow2,FedProx,TCGA-BRCA_AN,BRCA,54,1.0
adam,Virchow2,FedProx,TCGA-BRCA_AO,BRCA,59,0.9904761904761905
adam,Virchow2,FedProx,TCGA-BRCA_AQ,BRCA,9,1.0
adam,Virchow2,FedProx,TCGA-BRCA_AR,BRCA,58,0.95
adam,Virchow2,FedProx,TCGA-COAD_AY,COAD,10,1.0
adam,Virchow2,FedProx,TCGA-COAD_AZ,COAD,26,0.9
adam,Virchow2,FedProx,TCGA-BRCA_B6,BRCA,68,0.9826086956521738
adam,Virchow2,FedProx,TCGA-HNSC_BA,HNSC,21,0.6285714285714287
adam,Virchow2,FedProx,TCGA-HNSC_BB,HNSC,14,0.6
adam,Virchow2,FedProx,TCGA-SKCM_BF,SKCM,13,1.0
adam,Virchow2,FedProx,TCGA-BRCA_BH,BRCA,160,1.0
adam,Virchow2,FedProx,TCGA-STAD_BR,STAD,161,0.7458333333333333
adam,Virchow2,FedProx,TCGA-CESC_C5,CESC,43,0.9692307692307693
adam,Virchow2,FedProx,TCGA-BRCA_C8,BRCA,46,1.0
adam,Virchow2,FedProx,TCGA-COAD_CA,COAD,13,0.25
adam,Virchow2,FedProx,TCGA-STAD_CD,STAD,35,0.6545454545454545
adam,Virchow2,FedProx,TCGA-STAD_CG,STAD,56,0.25555555555555554
adam,Virchow2,FedProx,TCGA-COAD_CK,COAD,15,0.8571428571428571
adam,Virchow2,FedProx,TCGA-COAD_CM,COAD,48,0.8333333333333334
adam,Virchow2,FedProx,TCGA-HNSC_CN,HNSC,42,0.9076923076923078
adam,Virchow2,FedProx,TCGA-HNSC_CQ,HNSC,26,1.0
adam,Virchow2,FedProx,TCGA-LGG_CS,LGG,14,1.0
adam,Virchow2,FedProx,TCGA-HNSC_CV,HNSC,94,0.8714285714285716
adam,Virchow2,FedProx,TCGA-COAD_D5,COAD,37,1.0
adam,Virchow2,FedProx,TCGA-HNSC_D6,HNSC,20,0.8333333333333334
adam,Virchow2,FedProx,TCGA-STAD_D7,STAD,41,0.5142857142857142
adam,Virchow2,FedProx,TCGA-BRCA_D8,BRCA,59,1.0
adam,Virchow2,FedProx,TCGA-SKCM_D9,SKCM,8,0.8
adam,Virchow2,FedProx,TCGA-SKCM_DA,SKCM,16,1.0
adam,Virchow2,FedProx,TCGA-LGG_DB,LGG,38,1.0
adam,Virchow2,FedProx,TCGA-LGG_DH,LGG,10,1.0
adam,Virchow2,FedProx,TCGA-COAD_DM,COAD,17,0.625
adam,Virchow2,FedProx,TCGA-HNSC_DQ,HNSC,10,0.25
adam,Virchow2,FedProx,TCGA-CESC_DS,CESC,7,1.0
adam,Virchow2,FedProx,TCGA-LGG_DU,LGG,60,1.0
adam,Virchow2,FedProx,TCGA-LGG_E1,LGG,15,1.0
adam,Virchow2,FedProx,TCGA-BRCA_E2,BRCA,70,1.0
adam,Virchow2,FedProx,TCGA-BRCA_E9,BRCA,44,1.0
adam,Virchow2,FedProx,TCGA-CESC_EA,CESC,18,1.0
adam,Virchow2,FedProx,TCGA-SKCM_EB,SKCM,32,0.9636363636363636
adam,Virchow2,FedProx,TCGA-SKCM_EE,SKCM,60,0.9789473684210528
adam,Virchow2,FedProx,TCGA-SKCM_ER,SKCM,27,1.0
adam,Virchow2,FedProx,TCGA-BRCA_EW,BRCA,30,0.9777777777777779
adam,Virchow2,FedProx,TCGA-COAD_F4,COAD,21,0.5
adam,Virchow2,FedProx,TCGA-HNSC_F7,HNSC,9,1.0
adam,Virchow2,FedProx,TCGA-PAAD_FB,PAAD,11,0.4
adam,Virchow2,FedProx,TCGA-LGG_FG,LGG,46,1.0
adam,Virchow2,FedProx,TCGA-STAD_FP,STAD,9,0.3333333333333333
adam,Virchow2,FedProx,TCGA-SKCM_FR,SKCM,7,1.0
adam,Virchow2,FedProx,TCGA-CESC_FU,CESC,10,0.7
adam,Virchow2,FedProx,TCGA-COAD_G4,COAD,33,0.7538461538461539
adam,Virchow2,FedProx,TCGA-BRCA_GM,BRCA,14,1.0
adam,Virchow2,FedProx,TCGA-SKCM_GN,SKCM,7,1.0
adam,Virchow2,FedProx,TCGA-HNSC_HD,HNSC,10,0.75
adam,Virchow2,FedProx,TCGA-STAD_HF,STAD,7,0.65
adam,Virchow2,FedProx,TCGA-LGG_HT,LGG,207,1.0
adam,Virchow2,FedProx,TCGA-STAD_HU,STAD,26,0.625
adam,Virchow2,FedProx,TCGA-LGG_HW,LGG,10,1.0
adam,Virchow2,FedProx,TCGA-PAAD_HZ,PAAD,21,0.9428571428571428
adam,Virchow2,FedProx,TCGA-PAAD_IB,PAAD,27,0.888888888888889
adam,Virchow2,FedProx,TCGA-STAD_IN,STAD,13,0.5
adam,Virchow2,FedProx,TCGA-HNSC_IQ,HNSC,9,0.9333333333333332
adam,Virchow2,FedProx,TCGA-BRCA_LL,BRCA,13,1.0
adam,Virchow2,FedProx,TCGA-LUAD_MP,LUAD,13,0.8
adam,Virchow2,FedProx,TCGA-CESC_MY,CESC,7,0.96
adam,Virchow2,FedProx,TCGA-BRCA_OL,BRCA,16,1.0
adam,Virchow2,FedProx,TCGA-HNSC_P3,HNSC,10,1.0
adam,Virchow2,FedProx,TCGA-LGG_P5,LGG,9,1.0
adam,Virchow2,FedProx,TCGA-CESC_Q1,CESC,7,1.0
adam,Virchow2,FedProx,TCGA-LGG_QH,LGG,14,1.0
adam,Virchow2,FedProx,TCGA-HNSC_QK,HNSC,15,1.0
adam,Virchow2,FedProx,TCGA-LGG_R8,LGG,16,1.0
adam,Virchow2,FedProx,TCGA-STAD_RD,STAD,9,0.75
adam,Virchow2,FedProx,TCGA-BRCA_S3,BRCA,7,1.0
adam,Virchow2,FedProx,TCGA-LGG_S9,LGG,33,1.0
adam,Virchow2,FedProx,TCGA-LGG_TM,LGG,17,1.0
adam,Virchow2,FedProx,TCGA-LGG_TQ,LGG,12,1.0
adam,Virchow2,FedProx,TCGA-HNSC_UF,HNSC,12,1.0
adam,Virchow2,FedProx,TCGA-LGG_VM,LGG,43,1.0
adam,Virchow2,FedProx,TCGA-STAD_VQ,STAD,46,0.6133333333333334
adam,Virchow2,FedProx,TCGA-CESC_VS,CESC,37,1.0
adam,Virchow2,FedProx,TCGA-PAAD_XD,PAAD,4,0.82
adam,Virchow2,FedProx,TCGA-CESC_ZJ,CESC,11,1.0
adam,Virchow2,SCAFFOLD,TCGA-LUAD_05,LUAD,16,0.7
adam,Virchow2,SCAFFOLD,TCGA-PAAD_2J,PAAD,11,0.0
adam,Virchow2,SCAFFOLD,TCGA-LUAD_38,LUAD,7,0.6666666666666666
adam,Virchow2,SCAFFOLD,TCGA-PAAD_3A,PAAD,11,0.0
adam,Virchow2,SCAFFOLD,TCGA-LUAD_44,LUAD,31,0.74
adam,Virchow2,SCAFFOLD,TCGA-LUAD_49,LUAD,47,0.5272727272727273
adam,Virchow2,SCAFFOLD,TCGA-LUAD_50,LUAD,12,0.6
adam,Virchow2,SCAFFOLD,TCGA-LUAD_55,LUAD,63,0.631578947368421
adam,Virchow2,SCAFFOLD,TCGA-LUAD_64,LUAD,8,0.6666666666666666
adam,Virchow2,SCAFFOLD,TCGA-LUAD_69,LUAD,10,0.65
adam,Virchow2,SCAFFOLD,TCGA-LUAD_73,LUAD,8,0.5333333333333333
adam,Virchow2,SCAFFOLD,TCGA-LUAD_75,LUAD,11,0.6
adam,Virchow2,SCAFFOLD,TCGA-LUAD_78,LUAD,21,0.6285714285714286
adam,Virchow2,SCAFFOLD,TCGA-LUAD_86,LUAD,23,0.7
adam,Virchow2,SCAFFOLD,TCGA-LUAD_95,LUAD,7,0.6
adam,Virchow2,SCAFFOLD,TCGA-LUAD_97,LUAD,16,0.52
adam,Virchow2,SCAFFOLD,TCGA-BRCA_A1,BRCA,18,0.95
adam,Virchow2,SCAFFOLD,TCGA-BRCA_A2,BRCA,116,0.9526315789473685
adam,Virchow2,SCAFFOLD,TCGA-COAD_A6,COAD,76,0.5916666666666666
adam,Virchow2,SCAFFOLD,TCGA-BRCA_A7,BRCA,47,0.5818181818181818
adam,Virchow2,SCAFFOLD,TCGA-BRCA_A8,BRCA,116,0.9555555555555555
adam,Virchow2,SCAFFOLD,TCGA-COAD_AA,COAD,255,0.9308641975308642
adam,Virchow2,SCAFFOLD,TCGA-BRCA_AC,BRCA,35,0.5692307692307692
adam,Virchow2,SCAFFOLD,TCGA-COAD_AD,COAD,12,1.0
adam,Virchow2,SCAFFOLD,TCGA-BRCA_AN,BRCA,54,0.9529411764705882
adam,Virchow2,SCAFFOLD,TCGA-BRCA_AO,BRCA,59,0.8761904761904763
adam,Virchow2,SCAFFOLD,TCGA-BRCA_AQ,BRCA,9,0.75
adam,Virchow2,SCAFFOLD,TCGA-BRCA_AR,BRCA,58,0.85
adam,Virchow2,SCAFFOLD,TCGA-COAD_AY,COAD,10,1.0
adam,Virchow2,SCAFFOLD,TCGA-COAD_AZ,COAD,26,0.96
adam,Virchow2,SCAFFOLD,TCGA-BRCA_B6,BRCA,68,0.773913043478261
adam,Virchow2,SCAFFOLD,TCGA-HNSC_BA,HNSC,21,0.8285714285714285
adam,Virchow2,SCAFFOLD,TCGA-HNSC_BB,HNSC,14,0.6
adam,Virchow2,SCAFFOLD,TCGA-SKCM_BF,SKCM,13,0.16
adam,Virchow2,SCAFFOLD,TCGA-BRCA_BH,BRCA,160,0.9359999999999999
adam,Virchow2,SCAFFOLD,TCGA-STAD_BR,STAD,161,0.008333333333333333
adam,Virchow2,SCAFFOLD,TCGA-CESC_C5,CESC,43,0.12307692307692308
adam,Virchow2,SCAFFOLD,TCGA-BRCA_C8,BRCA,46,0.8666666666666666
adam,Virchow2,SCAFFOLD,TCGA-COAD_CA,COAD,13,0.8
adam,Virchow2,SCAFFOLD,TCGA-STAD_CD,STAD,35,0.0
adam,Virchow2,SCAFFOLD,TCGA-STAD_CG,STAD,56,0.0
adam,Virchow2,SCAFFOLD,TCGA-COAD_CK,COAD,15,0.8857142857142858
adam,Virchow2,SCAFFOLD,TCGA-COAD_CM,COAD,48,0.8111111111111111
adam,Virchow2,SCAFFOLD,TCGA-HNSC_CN,HNSC,42,0.8
adam,Virchow2,SCAFFOLD,TCGA-HNSC_CQ,HNSC,26,0.8666666666666668
adam,Virchow2,SCAFFOLD,TCGA-LGG_CS,LGG,14,0.85
adam,Virchow2,SCAFFOLD,TCGA-HNSC_CV,HNSC,94,0.7571428571428572
adam,Virchow2,SCAFFOLD,TCGA-COAD_D5,COAD,37,0.9400000000000001
adam,Virchow2,SCAFFOLD,TCGA-HNSC_D6,HNSC,20,0.7666666666666666
adam,Virchow2,SCAFFOLD,TCGA-STAD_D7,STAD,41,0.0
adam,Virchow2,SCAFFOLD,TCGA-BRCA_D8,BRCA,59,0.9294117647058824
adam,Virchow2,SCAFFOLD,TCGA-SKCM_D9,SKCM,8,0.2
adam,Virchow2,SCAFFOLD,TCGA-SKCM_DA,SKCM,16,0.08
adam,Virchow2,SCAFFOLD,TCGA-LGG_DB,LGG,38,0.9428571428571428
adam,Virchow2,SCAFFOLD,TCGA-LGG_DH,LGG,10,0.95
adam,Virchow2,SCAFFOLD,TCGA-COAD_DM,COAD,17,0.775
adam,Virchow2,SCAFFOLD,TCGA-HNSC_DQ,HNSC,10,0.75
adam,Virchow2,SCAFFOLD,TCGA-CESC_DS,CESC,7,0.0
adam,Virchow2,SCAFFOLD,TCGA-LGG_DU,LGG,60,0.9333333333333332
adam,Virchow2,SCAFFOLD,TCGA-LGG_E1,LGG,15,0.9199999999999999
adam,Virchow2,SCAFFOLD,TCGA-BRCA_E2,BRCA,70,0.9714285714285715
adam,Virchow2,SCAFFOLD,TCGA-BRCA_E9,BRCA,44,0.8
adam,Virchow2,SCAFFOLD,TCGA-CESC_EA,CESC,18,0.16666666666666669
adam,Virchow2,SCAFFOLD,TCGA-SKCM_EB,SKCM,32,0.14545454545454545
adam,Virchow2,SCAFFOLD,TCGA-SKCM_EE,SKCM,60,0.16842105263157894
adam,Virchow2,SCAFFOLD,TCGA-SKCM_ER,SKCM,27,0.2
adam,Virchow2,SCAFFOLD,TCGA-BRCA_EW,BRCA,30,0.8666666666666666
adam,Virchow2,SCAFFOLD,TCGA-COAD_F4,COAD,21,0.775
adam,Virchow2,SCAFFOLD,TCGA-HNSC_F7,HNSC,9,0.8
adam,Virchow2,SCAFFOLD,TCGA-PAAD_FB,PAAD,11,0.0
adam,Virchow2,SCAFFOLD,TCGA-LGG_FG,LGG,46,0.9
adam,Virchow2,SCAFFOLD,TCGA-STAD_FP,STAD,9,0.0
adam,Virchow2,SCAFFOLD,TCGA-SKCM_FR,SKCM,7,0.2
adam,Virchow2,SCAFFOLD,TCGA-CESC_FU,CESC,10,0.15
adam,Virchow2,SCAFFOLD,TCGA-COAD_G4,COAD,33,0.8461538461538461
adam,Virchow2,SCAFFOLD,TCGA-BRCA_GM,BRCA,14,1.0
adam,Virchow2,SCAFFOLD,TCGA-SKCM_GN,SKCM,7,0.2
adam,Virchow2,SCAFFOLD,TCGA-HNSC_HD,HNSC,10,0.7
adam,Virchow2,SCAFFOLD,TCGA-STAD_HF,STAD,7,0.0
adam,Virchow2,SCAFFOLD,TCGA-LGG_HT,LGG,207,0.9081967213114754
adam,Virchow2,SCAFFOLD,TCGA-STAD_HU,STAD,26,0.0
adam,Virchow2,SCAFFOLD,TCGA-LGG_HW,LGG,10,0.95
adam,Virchow2,SCAFFOLD,TCGA-PAAD_HZ,PAAD,21,0.0
adam,Virchow2,SCAFFOLD,TCGA-PAAD_IB,PAAD,27,0.0
adam,Virchow2,SCAFFOLD,TCGA-STAD_IN,STAD,13,0.0
adam,Virchow2,SCAFFOLD,TCGA-HNSC_IQ,HNSC,9,0.8666666666666668
adam,Virchow2,SCAFFOLD,TCGA-BRCA_LL,BRCA,13,0.96
adam,Virchow2,SCAFFOLD,TCGA-LUAD_MP,LUAD,13,0.6
adam,Virchow2,SCAFFOLD,TCGA-CESC_MY,CESC,7,0.0
adam,Virchow2,SCAFFOLD,TCGA-BRCA_OL,BRCA,16,0.9199999999999999
adam,Virchow2,SCAFFOLD,TCGA-HNSC_P3,HNSC,10,0.95
adam,Virchow2,SCAFFOLD,TCGA-LGG_P5,LGG,9,0.9
adam,Virchow2,SCAFFOLD,TCGA-CESC_Q1,CESC,7,0.06666666666666667
adam,Virchow2,SCAFFOLD,TCGA-LGG_QH,LGG,14,0.9199999999999999
adam,Virchow2,SCAFFOLD,TCGA-HNSC_QK,HNSC,15,0.8400000000000001
adam,Virchow2,SCAFFOLD,TCGA-LGG_R8,LGG,16,1.0
adam,Virchow2,SCAFFOLD,TCGA-STAD_RD,STAD,9,0.05
adam,Virchow2,SCAFFOLD,TCGA-BRCA_S3,BRCA,7,0.7
adam,Virchow2,SCAFFOLD,TCGA-LGG_S9,LGG,33,0.9454545454545455
adam,Virchow2,SCAFFOLD,TCGA-LGG_TM,LGG,17,0.9
adam,Virchow2,SCAFFOLD,TCGA-LGG_TQ,LGG,12,0.8800000000000001
adam,Virchow2,SCAFFOLD,TCGA-HNSC_UF,HNSC,12,0.8800000000000001
adam,Virchow2,SCAFFOLD,TCGA-LGG_VM,LGG,43,0.9407407407407409
adam,Virchow2,SCAFFOLD,TCGA-STAD_VQ,STAD,46,0.0
adam,Virchow2,SCAFFOLD,TCGA-CESC_VS,CESC,37,0.15
adam,Virchow2,SCAFFOLD,TCGA-PAAD_XD,PAAD,4,0.0
adam,Virchow2,SCAFFOLD,TCGA-CESC_ZJ,CESC,11,0.2
sgd,CTransPath,FedAvg,TCGA-LUAD_05,LUAD,16,1.0
sgd,CTransPath,FedAvg,TCGA-PAAD_2J,PAAD,11,0.96
sgd,CTransPath,FedAvg,TCGA-LUAD_38,LUAD,7,1.0
sgd,CTransPath,FedAvg,TCGA-PAAD_3A,PAAD,11,0.64
sgd,CTransPath,FedAvg,TCGA-LUAD_44,LUAD,31,0.9199999999999999
sgd,CTransPath,FedAvg,TCGA-LUAD_49,LUAD,47,0.9454545454545455
sgd,CTransPath,FedAvg,TCGA-LUAD_50,LUAD,12,1.0
sgd,CTransPath,FedAvg,TCGA-LUAD_55,LUAD,63,0.9789473684210526
sgd,CTransPath,FedAvg,TCGA-LUAD_64,LUAD,8,0.8
sgd,CTransPath,FedAvg,TCGA-LUAD_69,LUAD,10,0.85
sgd,CTransPath,FedAvg,TCGA-LUAD_73,LUAD,8,1.0
sgd,CTransPath,FedAvg,TCGA-LUAD_75,LUAD,11,0.9
sgd,CTransPath,FedAvg,TCGA-LUAD_78,LUAD,21,0.9714285714285715
sgd,CTransPath,FedAvg,TCGA-LUAD_86,LUAD,23,1.0
sgd,CTransPath,FedAvg,TCGA-LUAD_95,LUAD,7,0.8
sgd,CTransPath,FedAvg,TCGA-LUAD_97,LUAD,16,1.0
sgd,CTransPath,FedAvg,TCGA-BRCA_A1,BRCA,18,1.0
sgd,CTransPath,FedAvg,TCGA-BRCA_A2,BRCA,116,0.9894736842105264
sgd,CTransPath,FedAvg,TCGA-COAD_A6,COAD,76,0.6583333333333333
sgd,CTransPath,FedAvg,TCGA-BRCA_A7,BRCA,47,0.6727272727272726
sgd,CTransPath,FedAvg,TCGA-BRCA_A8,BRCA,116,0.9888888888888889
sgd,CTransPath,FedAvg,TCGA-COAD_AA,COAD,255,0.8
sgd,CTransPath,FedAvg,TCGA-BRCA_AC,BRCA,35,0.6615384615384615
sgd,CTransPath,FedAvg,TCGA-COAD_AD,COAD,12,0.85
sgd,CTransPath,FedAvg,TCGA-BRCA_AN,BRCA,54,0.9882352941176471
sgd,CTransPath,FedAvg,TCGA-BRCA_AO,BRCA,59,0.9333333333333333
sgd,CTransPath,FedAvg,TCGA-BRCA_AQ,BRCA,9,0.9
sgd,CTransPath,FedAvg,TCGA-BRCA_AR,BRCA,58,0.93
sgd,CTransPath,FedAvg,TCGA-COAD_AY,COAD,10,1.0
sgd,CTransPath,FedAvg,TCGA-COAD_AZ,COAD,26,1.0
sgd,CTransPath,FedAvg,TCGA-BRCA_B6,BRCA,68,0.8782608695652174
sgd,CTransPath,FedAvg,TCGA-HNSC_BA,HNSC,21,0.457142857142857
sgd,CTransPath,FedAvg,TCGA-HNSC_BB,HNSC,14,0.5599999999999999
sgd,CTransPath,FedAvg,TCGA-SKCM_BF,SKCM,13,0.96
sgd,CTransPath,FedAvg,TCGA-BRCA_BH,BRCA,160,1.0
sgd,CTransPath,FedAvg,TCGA-STAD_BR,STAD,161,0.5583333333333333
sgd,CTransPath,FedAvg,TCGA-CESC_C5,CESC,43,0.8153846153846155
sgd,CTransPath,FedAvg,TCGA-BRCA_C8,BRCA,46,0.9888888888888889
sgd,CTransPath,FedAvg,TCGA-COAD_CA,COAD,13,0.55
sgd,CTransPath,FedAvg,TCGA-STAD_CD,STAD,35,0.5272727272727272
sgd,CTransPath,FedAvg,TCGA-STAD_CG,STAD,56,0.6777777777777778
sgd,CTransPath,FedAvg,TCGA-COAD_CK,COAD,15,0.8857142857142858
sgd,CTransPath,FedAvg,TCGA-COAD_CM,COAD,48,0.9333333333333332
sgd,CTransPath,FedAvg,TCGA-HNSC_CN,HNSC,42,0.5076923076923077
sgd,CTransPath,FedAvg,TCGA-HNSC_CQ,HNSC,26,0.9555555555555555
sgd,CTransPath,FedAvg,TCGA-LGG_CS,LGG,14,1.0
sgd,CTransPath,FedAvg,TCGA-HNSC_CV,HNSC,94,0.5928571428571429
sgd,CTransPath,FedAvg,TCGA-COAD_D5,COAD,37,0.9
sgd,CTransPath,FedAvg,TCGA-HNSC_D6,HNSC,20,0.4333333333333333
sgd,CTransPath,FedAvg,TCGA-STAD_D7,STAD,41,0.38571428571428573
sgd,CTransPath,FedAvg,TCGA-BRCA_D8,BRCA,59,0.9411764705882353
sgd,CTransPath,FedAvg,TCGA-SKCM_D9,SKCM,8,1.0
sgd,CTransPath,FedAvg,TCGA-SKCM_DA,SKCM,16,0.76
sgd,CTransPath,FedAvg,TCGA-LGG_DB,LGG,38,1.0
sgd,CTransPath,FedAvg,TCGA-LGG_DH,LGG,10,1.0
sgd,CTransPath,FedAvg,TCGA-COAD_DM,COAD,17,0.275
sgd,CTransPath,FedAvg,TCGA-HNSC_DQ,HNSC,10,0.25
sgd,CTransPath,FedAvg,TCGA-CESC_DS,CESC,7,0.6666666666666666
sgd,CTransPath,FedAvg,TCGA-LGG_DU,LGG,60,0.9444444444444444
sgd,CTransPath,FedAvg,TCGA-LGG_E1,LGG,15,1.0
sgd,CTransPath,FedAvg,TCGA-BRCA_E2,BRCA,70,0.980952380952381
sgd,CTransPath,FedAvg,TCGA-BRCA_E9,BRCA,44,0.9538461538461538
sgd,CTransPath,FedAvg,TCGA-CESC_EA,CESC,18,0.9
sgd,CTransPath,FedAvg,TCGA-SKCM_EB,SKCM,32,0.5818181818181818
sgd,CTransPath,FedAvg,TCGA-SKCM_EE,SKCM,60,0.9157894736842106
sgd,CTransPath,FedAvg,TCGA-SKCM_ER,SKCM,27,1.0
sgd,CTransPath,FedAvg,TCGA-BRCA_EW,BRCA,30,0.9777777777777779
sgd,CTransPath,FedAvg,TCGA-COAD_F4,COAD,21,0.975
sgd,CTransPath,FedAvg,TCGA-HNSC_F7,HNSC,9,0.5333333333333333
sgd,CTransPath,FedAvg,TCGA-PAAD_FB,PAAD,11,0.6799999999999999
sgd,CTransPath,FedAvg,TCGA-LGG_FG,LGG,46,1.0
sgd,CTransPath,FedAvg,TCGA-STAD_FP,STAD,9,0.39999999999999997
sgd,CTransPath,FedAvg,TCGA-SKCM_FR,SKCM,7,0.5999999999999999
sgd,CTransPath,FedAvg,TCGA-CESC_FU,CESC,10,0.9
sgd,CTransPath,FedAvg,TCGA-COAD_G4,COAD,33,0.876923076923077
sgd,CTransPath,FedAvg,TCGA-BRCA_GM,BRCA,14,1.0
sgd,CTransPath,FedAvg,TCGA-SKCM_GN,SKCM,7,1.0
sgd,CTransPath,FedAvg,TCGA-HNSC_HD,HNSC,10,0.35
sgd,CTransPath,FedAvg,TCGA-STAD_HF,STAD,7,0.4
sgd,CTransPath,FedAvg,TCGA-LGG_HT,LGG,207,0.9672131147540984
sgd,CTransPath,FedAvg,TCGA-STAD_HU,STAD,26,0.625
sgd,CTransPath,FedAvg,TCGA-LGG_HW,LGG,10,1.0
sgd,CTransPath,FedAvg,TCGA-PAAD_HZ,PAAD,21,0.8
sgd,CTransPath,FedAvg,TCGA-PAAD_IB,PAAD,27,0.7333333333333333
sgd,CTransPath,FedAvg,TCGA-STAD_IN,STAD,13,0.7333333333333333
sgd,CTransPath,FedAvg,TCGA-HNSC_IQ,HNSC,9,0.8666666666666666
sgd,CTransPath,FedAvg,TCGA-BRCA_LL,BRCA,13,0.8400000000000001
sgd,CTransPath,FedAvg,TCGA-LUAD_MP,LUAD,13,0.8400000000000001
sgd,CTransPath,FedAvg,TCGA-CESC_MY,CESC,7,0.24000000000000005
sgd,CTransPath,FedAvg,TCGA-BRCA_OL,BRCA,16,1.0
sgd,CTransPath,FedAvg,TCGA-HNSC_P3,HNSC,10,1.0
sgd,CTransPath,FedAvg,TCGA-LGG_P5,LGG,9,1.0
sgd,CTransPath,FedAvg,TCGA-CESC_Q1,CESC,7,0.6
sgd,CTransPath,FedAvg,TCGA-LGG_QH,LGG,14,1.0
sgd,CTransPath,FedAvg,TCGA-HNSC_QK,HNSC,15,0.7200000000000001
sgd,CTransPath,FedAvg,TCGA-LGG_R8,LGG,16,1.0
sgd,CTransPath,FedAvg,TCGA-STAD_RD,STAD,9,0.6
sgd,CTransPath,FedAvg,TCGA-BRCA_S3,BRCA,7,1.0
sgd,CTransPath,FedAvg,TCGA-LGG_S9,LGG,33,1.0
sgd,CTransPath,FedAvg,TCGA-LGG_TM,LGG,17,1.0
sgd,CTransPath,FedAvg,TCGA-LGG_TQ,LGG,12,1.0
sgd,CTransPath,FedAvg,TCGA-HNSC_UF,HNSC,12,0.72
sgd,CTransPath,FedAvg,TCGA-LGG_VM,LGG,43,1.0
sgd,CTransPath,FedAvg,TCGA-STAD_VQ,STAD,46,0.6933333333333334
sgd,CTransPath,FedAvg,TCGA-CESC_VS,CESC,37,0.7000000000000001
sgd,CTransPath,FedAvg,TCGA-PAAD_XD,PAAD,4,0.76
sgd,CTransPath,FedAvg,TCGA-CESC_ZJ,CESC,11,1.0
sgd,CTransPath,FedBN,TCGA-LUAD_05,LUAD,16,1.0
sgd,CTransPath,FedBN,TCGA-PAAD_2J,PAAD,11,1.0
sgd,CTransPath,FedBN,TCGA-LUAD_38,LUAD,7,1.0
sgd,CTransPath,FedBN,TCGA-PAAD_3A,PAAD,11,1.0
sgd,CTransPath,FedBN,TCGA-LUAD_44,LUAD,31,1.0
sgd,CTransPath,FedBN,TCGA-LUAD_49,LUAD,47,1.0
sgd,CTransPath,FedBN,TCGA-LUAD_50,LUAD,12,1.0
sgd,CTransPath,FedBN,TCGA-LUAD_55,LUAD,63,0.9789473684210528
sgd,CTransPath,FedBN,TCGA-LUAD_64,LUAD,8,1.0
sgd,CTransPath,FedBN,TCGA-LUAD_69,LUAD,10,1.0
sgd,CTransPath,FedBN,TCGA-LUAD_73,LUAD,8,1.0
sgd,CTransPath,FedBN,TCGA-LUAD_75,LUAD,11,1.0
sgd,CTransPath,FedBN,TCGA-LUAD_78,LUAD,21,1.0
sgd,CTransPath,FedBN,TCGA-LUAD_86,LUAD,23,1.0
sgd,CTransPath,FedBN,TCGA-LUAD_95,LUAD,7,0.9333333333333332
sgd,CTransPath,FedBN,TCGA-LUAD_97,LUAD,16,0.96
sgd,CTransPath,FedBN,TCGA-BRCA_A1,BRCA,18,1.0
sgd,CTransPath,FedBN,TCGA-BRCA_A2,BRCA,116,1.0
sgd,CTransPath,FedBN,TCGA-COAD_A6,COAD,76,1.0
sgd,CTransPath,FedBN,TCGA-BRCA_A7,BRCA,47,1.0
sgd,CTransPath,FedBN,TCGA-BRCA_A8,BRCA,116,0.9944444444444445
sgd,CTransPath,FedBN,TCGA-COAD_AA,COAD,255,1.0
sgd,CTransPath,FedBN,TCGA-BRCA_AC,BRCA,35,0.9846153846153847
sgd,CTransPath,FedBN,TCGA-COAD_AD,COAD,12,1.0
sgd,CTransPath,FedBN,TCGA-BRCA_AN,BRCA,54,1.0
sgd,CTransPath,FedBN,TCGA-BRCA_AO,BRCA,59,1.0
sgd,CTransPath,FedBN,TCGA-BRCA_AQ,BRCA,9,1.0
sgd,CTransPath,FedBN,TCGA-BRCA_AR,BRCA,58,1.0
sgd,CTransPath,FedBN,TCGA-COAD_AY,COAD,10,0.9333333333333332
sgd,CTransPath,FedBN,TCGA-COAD_AZ,COAD,26,0.9800000000000001
sgd,CTransPath,FedBN,TCGA-BRCA_B6,BRCA,68,1.0
sgd,CTransPath,FedBN,TCGA-HNSC_BA,HNSC,21,1.0
sgd,CTransPath,FedBN,TCGA-HNSC_BB,HNSC,14,1.0
sgd,CTransPath,FedBN,TCGA-SKCM_BF,SKCM,13,1.0
sgd,CTransPath,FedBN,TCGA-BRCA_BH,BRCA,160,1.0
sgd,CTransPath,FedBN,TCGA-STAD_BR,STAD,161,1.0
sgd,CTransPath,FedBN,TCGA-CESC_C5,CESC,43,1.0
sgd,CTransPath,FedBN,TCGA-BRCA_C8,BRCA,46,1.0
sgd,CTransPath,FedBN,TCGA-COAD_CA,COAD,13,0.95
sgd,CTransPath,FedBN,TCGA-STAD_CD,STAD,35,1.0
sgd,CTransPath,FedBN,TCGA-STAD_CG,STAD,56,1.0
sgd,CTransPath,FedBN,TCGA-COAD_CK,COAD,15,1.0
sgd,CTransPath,FedBN,TCGA-COAD_CM,COAD,48,1.0
sgd,CTransPath,FedBN,TCGA-HNSC_CN,HNSC,42,1.0
sgd,CTransPath,FedBN,TCGA-HNSC_CQ,HNSC,26,0.9777777777777779
sgd,CTransPath,FedBN,TCGA-LGG_CS,LGG,14,1.0
sgd,CTransPath,FedBN,TCGA-HNSC_CV,HNSC,94,1.0
sgd,CTransPath,FedBN,TCGA-COAD_D5,COAD,37,1.0
sgd,CTransPath,FedBN,TCGA-HNSC_D6,HNSC,20,1.0
sgd,CTransPath,FedBN,TCGA-STAD_D7,STAD,41,1.0
sgd,CTransPath,FedBN,TCGA-BRCA_D8,BRCA,59,1.0
sgd,CTransPath,FedBN,TCGA-SKCM_D9,SKCM,8,1.0
sgd,CTransPath,FedBN,TCGA-SKCM_DA,SKCM,16,1.0
sgd,CTransPath,FedBN,TCGA-LGG_DB,LGG,38,0.9857142857142858
sgd,CTransPath,FedBN,TCGA-LGG_DH,LGG,10,1.0
sgd,CTransPath,FedBN,TCGA-COAD_DM,COAD,17,1.0
sgd,CTransPath,FedBN,TCGA-HNSC_DQ,HNSC,10,1.0
sgd,CTransPath,FedBN,TCGA-CESC_DS,CESC,7,0.9333333333333332
sgd,CTransPath,FedBN,TCGA-LGG_DU,LGG,60,0.9777777777777779
sgd,CTransPath,FedBN,TCGA-LGG_E1,LGG,15,1.0
sgd,CTransPath,FedBN,TCGA-BRCA_E2,BRCA,70,1.0
sgd,CTransPath,FedBN,TCGA-BRCA_E9,BRCA,44,1.0
sgd,CTransPath,FedBN,TCGA-CESC_EA,CESC,18,1.0
sgd,CTransPath,FedBN,TCGA-SKCM_EB,SKCM,32,1.0
sgd,CTransPath,FedBN,TCGA-SKCM_EE,SKCM,60,1.0
sgd,CTransPath,FedBN,TCGA-SKCM_ER,SKCM,27,1.0
sgd,CTransPath,FedBN,TCGA-BRCA_EW,BRCA,30,1.0
sgd,CTransPath,FedBN,TCGA-COAD_F4,COAD,21,0.95
sgd,CTransPath,FedBN,TCGA-HNSC_F7,HNSC,9,1.0
sgd,CTransPath,FedBN,TCGA-PAAD_FB,PAAD,11,1.0
sgd,CTransPath,FedBN,TCGA-LGG_FG,LGG,46,1.0
sgd,CTransPath,FedBN,TCGA-STAD_FP,STAD,9,1.0
sgd,CTransPath,FedBN,TCGA-SKCM_FR,SKCM,7,1.0
sgd,CTransPath,FedBN,TCGA-CESC_FU,CESC,10,1.0
sgd,CTransPath,FedBN,TCGA-COAD_G4,COAD,33,0.9846153846153847
sgd,CTransPath,FedBN,TCGA-BRCA_GM,BRCA,14,0.95
sgd,CTransPath,FedBN,TCGA-SKCM_GN,SKCM,7,1.0
sgd,CTransPath,FedBN,TCGA-HNSC_HD,HNSC,10,1.0
sgd,CTransPath,FedBN,TCGA-STAD_HF,STAD,7,1.0
sgd,CTransPath,FedBN,TCGA-LGG_HT,LGG,207,1.0
sgd,CTransPath,FedBN,TCGA-STAD_HU,STAD,26,1.0
sgd,CTransPath,FedBN,TCGA-LGG_HW,LGG,10,1.0
sgd,CTransPath,FedBN,TCGA-PAAD_HZ,PAAD,21,1.0
sgd,CTransPath,FedBN,TCGA-PAAD_IB,PAAD,27,1.0
sgd,CTransPath,FedBN,TCGA-STAD_IN,STAD,13,0.9333333333333333
sgd,CTransPath,FedBN,TCGA-HNSC_IQ,HNSC,9,1.0
sgd,CTransPath,FedBN,TCGA-BRCA_LL,BRCA,13,1.0
sgd,CTransPath,FedBN,TCGA-LUAD_MP,LUAD,13,1.0
sgd,CTransPath,FedBN,TCGA-CESC_MY,CESC,7,1.0
sgd,CTransPath,FedBN,TCGA-BRCA_OL,BRCA,16,1.0
sgd,CTransPath,FedBN,TCGA-HNSC_P3,HNSC,10,1.0
sgd,CTransPath,FedBN,TCGA-LGG_P5,LGG,9,1.0
sgd,CTransPath,FedBN,TCGA-CESC_Q1,CESC,7,1.0
sgd,CTransPath,FedBN,TCGA-LGG_QH,LGG,14,0.96
sgd,CTransPath,FedBN,TCGA-HNSC_QK,HNSC,15,1.0
sgd,CTransPath,FedBN,TCGA-LGG_R8,LGG,16,0.7272727272727273
sgd,CTransPath,FedBN,TCGA-STAD_RD,STAD,9,1.0
sgd,CTransPath,FedBN,TCGA-BRCA_S3,BRCA,7,1.0
sgd,CTransPath,FedBN,TCGA-LGG_S9,LGG,33,0.9636363636363636
sgd,CTransPath,FedBN,TCGA-LGG_TM,LGG,17,1.0
sgd,CTransPath,FedBN,TCGA-LGG_TQ,LGG,12,1.0
sgd,CTransPath,FedBN,TCGA-HNSC_UF,HNSC,12,0.8
sgd,CTransPath,FedBN,TCGA-LGG_VM,LGG,43,0.7925925925925925
sgd,CTransPath,FedBN,TCGA-STAD_VQ,STAD,46,1.0
sgd,CTransPath,FedBN,TCGA-CESC_VS,CESC,37,1.0
sgd,CTransPath,FedBN,TCGA-PAAD_XD,PAAD,4,1.0
sgd,CTransPath,FedBN,TCGA-CESC_ZJ,CESC,11,1.0
sgd,CTransPath,FedProx,TCGA-LUAD_05,LUAD,16,0.8666666666666668
sgd,CTransPath,FedProx,TCGA-PAAD_2J,PAAD,11,1.0
sgd,CTransPath,FedProx,TCGA-LUAD_38,LUAD,7,1.0
sgd,CTransPath,FedProx,TCGA-PAAD_3A,PAAD,11,0.6
sgd,CTransPath,FedProx,TCGA-LUAD_44,LUAD,31,0.74
sgd,CTransPath,FedProx,TCGA-LUAD_49,LUAD,47,0.9030303030303031
sgd,CTransPath,FedProx,TCGA-LUAD_50,LUAD,12,0.9428571428571428
sgd,CTransPath,FedProx,TCGA-LUAD_55,LUAD,63,0.8631578947368421
sgd,CTransPath,FedProx,TCGA-LUAD_64,LUAD,8,0.6666666666666666
sgd,CTransPath,FedProx,TCGA-LUAD_69,LUAD,10,0.6
sgd,CTransPath,FedProx,TCGA-LUAD_73,LUAD,8,0.8666666666666666
sgd,CTransPath,FedProx,TCGA-LUAD_75,LUAD,11,0.4
sgd,CTransPath,FedProx,TCGA-LUAD_78,LUAD,21,0.9428571428571428
sgd,CTransPath,FedProx,TCGA-LUAD_86,LUAD,23,0.85
sgd,CTransPath,FedProx,TCGA-LUAD_95,LUAD,7,0.26666666666666666
sgd,CTransPath,FedProx,TCGA-LUAD_97,LUAD,16,0.96
sgd,CTransPath,FedProx,TCGA-BRCA_A1,BRCA,18,1.0
sgd,CTransPath,FedProx,TCGA-BRCA_A2,BRCA,116,1.0
sgd,CTransPath,FedProx,TCGA-COAD_A6,COAD,76,0.5166666666666667
sgd,CTransPath,FedProx,TCGA-BRCA_A7,BRCA,47,0.6454545454545454
sgd,CTransPath,FedProx,TCGA-BRCA_A8,BRCA,116,0.9944444444444445
sgd,CTransPath,FedProx,TCGA-COAD_AA,COAD,255,0.7530864197530864
sgd,CTransPath,FedProx,TCGA-BRCA_AC,BRCA,35,0.6615384615384615
sgd,CTransPath,FedProx,TCGA-COAD_AD,COAD,12,0.55
sgd,CTransPath,FedProx,TCGA-BRCA_AN,BRCA,54,1.0
sgd,CTransPath,FedProx,TCGA-BRCA_AO,BRCA,59,0.9523809523809523
sgd,CTransPath,FedProx,TCGA-BRCA_AQ,BRCA,9,1.0
sgd,CTransPath,FedProx,TCGA-BRCA_AR,BRCA,58,0.96
sgd,CTransPath,FedProx,TCGA-COAD_AY,COAD,10,1.0
sgd,CTransPath,FedProx,TCGA-COAD_AZ,COAD,26,1.0
sgd,CTransPath,FedProx,TCGA-BRCA_B6,BRCA,68,0.8956521739130434
sgd,CTransPath,FedProx,TCGA-HNSC_BA,HNSC,21,0.6857142857142857
sgd,CTransPath,FedProx,TCGA-HNSC_BB,HNSC,14,0.7200000000000001
sgd,CTransPath,FedProx,TCGA-SKCM_BF,SKCM,13,0.9199999999999999
sgd,CTransPath,FedProx,TCGA-BRCA_BH,BRCA,160,1.0
sgd,CTransPath,FedProx,TCGA-STAD_BR,STAD,161,0.6
sgd,CTransPath,FedProx,TCGA-CESC_C5,CESC,43,0.7384615384615386
sgd,CTransPath,FedProx,TCGA-BRCA_C8,BRCA,46,1.0
sgd,CTransPath,FedProx,TCGA-COAD_CA,COAD,13,0.5
sgd,CTransPath,FedProx,TCGA-STAD_CD,STAD,35,0.5454545454545455
sgd,CTransPath,FedProx,TCGA-STAD_CG,STAD,56,0.7222222222222222
sgd,CTransPath,FedProx,TCGA-COAD_CK,COAD,15,0.7142857142857142
sgd,CTransPath,FedProx,TCGA-COAD_CM,COAD,48,0.8111111111111111
sgd,CTransPath,FedProx,TCGA-HNSC_CN,HNSC,42,0.8
sgd,CTransPath,FedProx,TCGA-HNSC_CQ,HNSC,26,1.0
sgd,CTransPath,FedProx,TCGA-LGG_CS,LGG,14,1.0
sgd,CTransPath,FedProx,TCGA-HNSC_CV,HNSC,94,0.8142857142857144
sgd,CTransPath,FedProx,TCGA-COAD_D5,COAD,37,0.86
sgd,CTransPath,FedProx,TCGA-HNSC_D6,HNSC,20,0.5666666666666667
sgd,CTransPath,FedProx,TCGA-STAD_D7,STAD,41,0.38571428571428573
sgd,CTransPath,FedProx,TCGA-BRCA_D8,BRCA,59,0.9647058823529413
sgd,CTransPath,FedProx,TCGA-SKCM_D9,SKCM,8,0.9
sgd,CTransPath,FedProx,TCGA-SKCM_DA,SKCM,16,0.8800000000000001
sgd,CTransPath,FedProx,TCGA-LGG_DB,LGG,38,1.0
sgd,CTransPath,FedProx,TCGA-LGG_DH,LGG,10,1.0
sgd,CTransPath,FedProx,TCGA-COAD_DM,COAD,17,0.25
sgd,CTransPath,FedProx,TCGA-HNSC_DQ,HNSC,10,0.55
sgd,CTransPath,FedProx,TCGA-CESC_DS,CESC,7,0.6666666666666666
sgd,CTransPath,FedProx,TCGA-LGG_DU,LGG,60,0.9444444444444444
sgd,CTransPath,FedProx,TCGA-LGG_E1,LGG,15,1.0
sgd,CTransPath,FedProx,TCGA-BRCA_E2,BRCA,70,1.0
sgd,CTransPath,FedProx,TCGA-BRCA_E9,BRCA,44,0.9692307692307693
sgd,CTransPath,FedProx,TCGA-CESC_EA,CESC,18,0.7666666666666666
sgd,CTransPath,FedProx,TCGA-SKCM_EB,SKCM,32,0.6909090909090908
sgd,CTransPath,FedProx,TCGA-SKCM_EE,SKCM,60,0.9157894736842105
sgd,CTransPath,FedProx,TCGA-SKCM_ER,SKCM,27,1.0
sgd,CTransPath,FedProx,TCGA-BRCA_EW,BRCA,30,1.0
sgd,CTransPath,FedProx,TCGA-COAD_F4,COAD,21,0.8
sgd,CTransPath,FedProx,TCGA-HNSC_F7,HNSC,9,0.8
sgd,CTransPath,FedProx,TCGA-PAAD_FB,PAAD,11,0.8400000000000001
sgd,CTransPath,FedProx,TCGA-LGG_FG,LGG,46,1.0
sgd,CTransPath,FedProx,TCGA-STAD_FP,STAD,9,0.3333333333333333
sgd,CTransPath,FedProx,TCGA-SKCM_FR,SKCM,7,0.5999999999999999
sgd,CTransPath,FedProx,TCGA-CESC_FU,CESC,10,0.75
sgd,CTransPath,FedProx,TCGA-COAD_G4,COAD,33,0.7538461538461538
sgd,CTransPath,FedProx,TCGA-BRCA_GM,BRCA,14,1.0
sgd,CTransPath,FedProx,TCGA-SKCM_GN,SKCM,7,1.0
sgd,CTransPath,FedProx,TCGA-HNSC_HD,HNSC,10,0.5
sgd,CTransPath,FedProx,TCGA-STAD_HF,STAD,7,0.4
sgd,CTransPath,FedProx,TCGA-LGG_HT,LGG,207,0.9672131147540984
sgd,CTransPath,FedProx,TCGA-STAD_HU,STAD,26,0.65
sgd,CTransPath,FedProx,TCGA-LGG_HW,LGG,10,1.0
sgd,CTransPath,FedProx,TCGA-PAAD_HZ,PAAD,21,0.8857142857142858
sgd,CTransPath,FedProx,TCGA-PAAD_IB,PAAD,27,0.8
sgd,CTransPath,FedProx,TCGA-STAD_IN,STAD,13,0.7333333333333333
sgd,CTransPath,FedProx,TCGA-HNSC_IQ,HNSC,9,1.0
sgd,CTransPath,FedProx,TCGA-BRCA_LL,BRCA,13,0.8799999999999999
sgd,CTransPath,FedProx,TCGA-LUAD_MP,LUAD,13,0.6000000000000001
sgd,CTransPath,FedProx,TCGA-CESC_MY,CESC,7,0.12000000000000002
sgd,CTransPath,FedProx,TCGA-BRCA_OL,BRCA,16,1.0
sgd,CTransPath,FedProx,TCGA-HNSC_P3,HNSC,10,1.0
sgd,CTransPath,FedProx,TCGA-LGG_P5,LGG,9,1.0
sgd,CTransPath,FedProx,TCGA-CESC_Q1,CESC,7,0.6666666666666666
sgd,CTransPath,FedProx,TCGA-LGG_QH,LGG,14,1.0
sgd,CTransPath,FedProx,TCGA-HNSC_QK,HNSC,15,0.8800000000000001
sgd,CTransPath,FedProx,TCGA-LGG_R8,LGG,16,1.0
sgd,CTransPath,FedProx,TCGA-STAD_RD,STAD,9,0.55
sgd,CTransPath,FedProx,TCGA-BRCA_S3,BRCA,7,1.0
sgd,CTransPath,FedProx,TCGA-LGG_S9,LGG,33,1.0
sgd,CTransPath,FedProx,TCGA-LGG_TM,LGG,17,1.0
sgd,CTransPath,FedProx,TCGA-LGG_TQ,LGG,12,1.0
sgd,CTransPath,FedProx,TCGA-HNSC_UF,HNSC,12,1.0
sgd,CTransPath,FedProx,TCGA-LGG_VM,LGG,43,1.0
sgd,CTransPath,FedProx,TCGA-STAD_VQ,STAD,46,0.5333333333333333
sgd,CTransPath,FedProx,TCGA-CESC_VS,CESC,37,0.9166666666666667
sgd,CTransPath,FedProx,TCGA-PAAD_XD,PAAD,4,0.76
sgd,CTransPath,FedProx,TCGA-CESC_ZJ,CESC,11,0.95
sgd,CTransPath,SCAFFOLD,TCGA-LUAD_05,LUAD,16,1.0
sgd,CTransPath,SCAFFOLD,TCGA-PAAD_2J,PAAD,11,1.0
sgd,CTransPath,SCAFFOLD,TCGA-LUAD_38,LUAD,7,1.0
sgd,CTransPath,SCAFFOLD,TCGA-PAAD_3A,PAAD,11,0.68
sgd,CTransPath,SCAFFOLD,TCGA-LUAD_44,LUAD,31,0.9400000000000001
sgd,CTransPath,SCAFFOLD,TCGA-LUAD_49,LUAD,47,0.9757575757575758
sgd,CTransPath,SCAFFOLD,TCGA-LUAD_50,LUAD,12,1.0
sgd,CTransPath,SCAFFOLD,TCGA-LUAD_55,LUAD,63,1.0
sgd,CTransPath,SCAFFOLD,TCGA-LUAD_64,LUAD,8,0.9333333333333333
sgd,CTransPath,SCAFFOLD,TCGA-LUAD_69,LUAD,10,0.95
sgd,CTransPath,SCAFFOLD,TCGA-LUAD_73,LUAD,8,1.0
sgd,CTransPath,SCAFFOLD,TCGA-LUAD_75,LUAD,11,1.0
sgd,CTransPath,SCAFFOLD,TCGA-LUAD_78,LUAD,21,1.0
sgd,CTransPath,SCAFFOLD,TCGA-LUAD_86,LUAD,23,1.0
sgd,CTransPath,SCAFFOLD,TCGA-LUAD_95,LUAD,7,1.0
sgd,CTransPath,SCAFFOLD,TCGA-LUAD_97,LUAD,16,1.0
sgd,CTransPath,SCAFFOLD,TCGA-BRCA_A1,BRCA,18,1.0
sgd,CTransPath,SCAFFOLD,TCGA-BRCA_A2,BRCA,116,1.0
sgd,CTransPath,SCAFFOLD,TCGA-COAD_A6,COAD,76,0.6583333333333333
sgd,CTransPath,SCAFFOLD,TCGA-BRCA_A7,BRCA,47,0.8818181818181818
sgd,CTransPath,SCAFFOLD,TCGA-BRCA_A8,BRCA,116,1.0
sgd,CTransPath,SCAFFOLD,TCGA-COAD_AA,COAD,255,0.7358024691358024
sgd,CTransPath,SCAFFOLD,TCGA-BRCA_AC,BRCA,35,0.6923076923076923
sgd,CTransPath,SCAFFOLD,TCGA-COAD_AD,COAD,12,0.65
sgd,CTransPath,SCAFFOLD,TCGA-BRCA_AN,BRCA,54,1.0
sgd,CTransPath,SCAFFOLD,TCGA-BRCA_AO,BRCA,59,1.0
sgd,CTransPath,SCAFFOLD,TCGA-BRCA_AQ,BRCA,9,1.0
sgd,CTransPath,SCAFFOLD,TCGA-BRCA_AR,BRCA,58,0.99
sgd,CTransPath,SCAFFOLD,TCGA-COAD_AY,COAD,10,1.0
sgd,CTransPath,SCAFFOLD,TCGA-COAD_AZ,COAD,26,1.0
sgd,CTransPath,SCAFFOLD,TCGA-BRCA_B6,BRCA,68,0.9130434782608695
sgd,CTransPath,SCAFFOLD,TCGA-HNSC_BA,HNSC,21,0.6571428571428571
sgd,CTransPath,SCAFFOLD,TCGA-HNSC_BB,HNSC,14,0.6
sgd,CTransPath,SCAFFOLD,TCGA-SKCM_BF,SKCM,13,0.9199999999999999
sgd,CTransPath,SCAFFOLD,TCGA-BRCA_BH,BRCA,160,1.0
sgd,CTransPath,SCAFFOLD,TCGA-STAD_BR,STAD,161,0.5416666666666666
sgd,CTransPath,SCAFFOLD,TCGA-CESC_C5,CESC,43,0.5846153846153845
sgd,CTransPath,SCAFFOLD,TCGA-BRCA_C8,BRCA,46,1.0
sgd,CTransPath,SCAFFOLD,TCGA-COAD_CA,COAD,13,0.55
sgd,CTransPath,SCAFFOLD,TCGA-STAD_CD,STAD,35,0.32727272727272727
sgd,CTransPath,SCAFFOLD,TCGA-STAD_CG,STAD,56,0.7999999999999999
sgd,CTransPath,SCAFFOLD,TCGA-COAD_CK,COAD,15,0.8571428571428571
sgd,CTransPath,SCAFFOLD,TCGA-COAD_CM,COAD,48,0.9333333333333333
sgd,CTransPath,SCAFFOLD,TCGA-HNSC_CN,HNSC,42,0.8923076923076924
sgd,CTransPath,SCAFFOLD,TCGA-HNSC_CQ,HNSC,26,1.0
sgd,CTransPath,SCAFFOLD,TCGA-LGG_CS,LGG,14,1.0
sgd,CTransPath,SCAFFOLD,TCGA-HNSC_CV,HNSC,94,0.9142857142857143
sgd,CTransPath,SCAFFOLD,TCGA-COAD_D5,COAD,37,0.8400000000000001
sgd,CTransPath,SCAFFOLD,TCGA-HNSC_D6,HNSC,20,0.6666666666666667
sgd,CTransPath,SCAFFOLD,TCGA-STAD_D7,STAD,41,0.35714285714285715
sgd,CTransPath,SCAFFOLD,TCGA-BRCA_D8,BRCA,59,0.9529411764705882
sgd,CTransPath,SCAFFOLD,TCGA-SKCM_D9,SKCM,8,1.0
sgd,CTransPath,SCAFFOLD,TCGA-SKCM_DA,SKCM,16,0.72
sgd,CTransPath,SCAFFOLD,TCGA-LGG_DB,LGG,38,1.0
sgd,CTransPath,SCAFFOLD,TCGA-LGG_DH,LGG,10,1.0
sgd,CTransPath,SCAFFOLD,TCGA-COAD_DM,COAD,17,0.35
sgd,CTransPath,SCAFFOLD,TCGA-HNSC_DQ,HNSC,10,0.6
sgd,CTransPath,SCAFFOLD,TCGA-CESC_DS,CESC,7,0.5999999999999999
sgd,CTransPath,SCAFFOLD,TCGA-LGG_DU,LGG,60,0.9777777777777779
sgd,CTransPath,SCAFFOLD,TCGA-LGG_E1,LGG,15,1.0
sgd,CTransPath,SCAFFOLD,TCGA-BRCA_E2,BRCA,70,1.0
sgd,CTransPath,SCAFFOLD,TCGA-BRCA_E9,BRCA,44,1.0
sgd,CTransPath,SCAFFOLD,TCGA-CESC_EA,CESC,18,0.7666666666666667
sgd,CTransPath,SCAFFOLD,TCGA-SKCM_EB,SKCM,32,0.5818181818181818
sgd,CTransPath,SCAFFOLD,TCGA-SKCM_EE,SKCM,60,0.9368421052631579
sgd,CTransPath,SCAFFOLD,TCGA-SKCM_ER,SKCM,27,0.925
sgd,CTransPath,SCAFFOLD,TCGA-BRCA_EW,BRCA,30,1.0
sgd,CTransPath,SCAFFOLD,TCGA-COAD_F4,COAD,21,1.0
sgd,CTransPath,SCAFFOLD,TCGA-HNSC_F7,HNSC,9,0.7333333333333333
sgd,CTransPath,SCAFFOLD,TCGA-PAAD_FB,PAAD,11,0.8800000000000001
sgd,CTransPath,SCAFFOLD,TCGA-LGG_FG,LGG,46,1.0
sgd,CTransPath,SCAFFOLD,TCGA-STAD_FP,STAD,9,0.3333333333333333
sgd,CTransPath,SCAFFOLD,TCGA-SKCM_FR,SKCM,7,0.6666666666666666
sgd,CTransPath,SCAFFOLD,TCGA-CESC_FU,CESC,10,0.75
sgd,CTransPath,SCAFFOLD,TCGA-COAD_G4,COAD,33,0.9538461538461538
sgd,CTransPath,SCAFFOLD,TCGA-BRCA_GM,BRCA,14,1.0
sgd,CTransPath,SCAFFOLD,TCGA-SKCM_GN,SKCM,7,1.0
sgd,CTransPath,SCAFFOLD,TCGA-HNSC_HD,HNSC,10,0.5
sgd,CTransPath,SCAFFOLD,TCGA-STAD_HF,STAD,7,0.35
sgd,CTransPath,SCAFFOLD,TCGA-LGG_HT,LGG,207,0.9770491803278689
sgd,CTransPath,SCAFFOLD,TCGA-STAD_HU,STAD,26,0.625
sgd,CTransPath,SCAFFOLD,TCGA-LGG_HW,LGG,10,1.0
sgd,CTransPath,SCAFFOLD,TCGA-PAAD_HZ,PAAD,21,0.9428571428571428
sgd,CTransPath,SCAFFOLD,TCGA-PAAD_IB,PAAD,27,0.9555555555555555
sgd,CTransPath,SCAFFOLD,TCGA-STAD_IN,STAD,13,0.7333333333333333
sgd,CTransPath,SCAFFOLD,TCGA-HNSC_IQ,HNSC,9,1.0
sgd,CTransPath,SCAFFOLD,TCGA-BRCA_LL,BRCA,13,0.8799999999999999
sgd,CTransPath,SCAFFOLD,TCGA-LUAD_MP,LUAD,13,0.9199999999999999
sgd,CTransPath,SCAFFOLD,TCGA-CESC_MY,CESC,7,0.04
sgd,CTransPath,SCAFFOLD,TCGA-BRCA_OL,BRCA,16,1.0
sgd,CTransPath,SCAFFOLD,TCGA-HNSC_P3,HNSC,10,1.0
sgd,CTransPath,SCAFFOLD,TCGA-LGG_P5,LGG,9,1.0
sgd,CTransPath,SCAFFOLD,TCGA-CESC_Q1,CESC,7,0.4666666666666666
sgd,CTransPath,SCAFFOLD,TCGA-LGG_QH,LGG,14,1.0
sgd,CTransPath,SCAFFOLD,TCGA-HNSC_QK,HNSC,15,0.9199999999999999
sgd,CTransPath,SCAFFOLD,TCGA-LGG_R8,LGG,16,1.0
sgd,CTransPath,SCAFFOLD,TCGA-STAD_RD,STAD,9,0.5
sgd,CTransPath,SCAFFOLD,TCGA-BRCA_S3,BRCA,7,1.0
sgd,CTransPath,SCAFFOLD,TCGA-LGG_S9,LGG,33,1.0
sgd,CTransPath,SCAFFOLD,TCGA-LGG_TM,LGG,17,1.0
sgd,CTransPath,SCAFFOLD,TCGA-LGG_TQ,LGG,12,1.0
sgd,CTransPath,SCAFFOLD,TCGA-HNSC_UF,HNSC,12,1.0
sgd,CTransPath,SCAFFOLD,TCGA-LGG_VM,LGG,43,1.0
sgd,CTransPath,SCAFFOLD,TCGA-STAD_VQ,STAD,46,0.49333333333333335
sgd,CTransPath,SCAFFOLD,TCGA-CESC_VS,CESC,37,0.6166666666666666
sgd,CTransPath,SCAFFOLD,TCGA-PAAD_XD,PAAD,4,0.9
sgd,CTransPath,SCAFFOLD,TCGA-CESC_ZJ,CESC,11,1.0
sgd,Conch_v15,FedAvg,TCGA-LUAD_05,LUAD,16,1.0
sgd,Conch_v15,FedAvg,TCGA-PAAD_2J,PAAD,11,1.0
sgd,Conch_v15,FedAvg,TCGA-LUAD_38,LUAD,7,1.0
sgd,Conch_v15,FedAvg,TCGA-PAAD_3A,PAAD,11,1.0
sgd,Conch_v15,FedAvg,TCGA-LUAD_44,LUAD,31,1.0
sgd,Conch_v15,FedAvg,TCGA-LUAD_49,LUAD,47,0.9818181818181818
sgd,Conch_v15,FedAvg,TCGA-LUAD_50,LUAD,12,1.0
sgd,Conch_v15,FedAvg,TCGA-LUAD_55,LUAD,63,1.0
sgd,Conch_v15,FedAvg,TCGA-LUAD_64,LUAD,8,1.0
sgd,Conch_v15,FedAvg,TCGA-LUAD_69,LUAD,10,1.0
sgd,Conch_v15,FedAvg,TCGA-LUAD_73,LUAD,8,1.0
sgd,Conch_v15,FedAvg,TCGA-LUAD_75,LUAD,11,1.0
sgd,Conch_v15,FedAvg,TCGA-LUAD_78,LUAD,21,1.0
sgd,Conch_v15,FedAvg,TCGA-LUAD_86,LUAD,23,1.0
sgd,Conch_v15,FedAvg,TCGA-LUAD_95,LUAD,7,1.0
sgd,Conch_v15,FedAvg,TCGA-LUAD_97,LUAD,16,1.0
sgd,Conch_v15,FedAvg,TCGA-BRCA_A1,BRCA,18,1.0
sgd,Conch_v15,FedAvg,TCGA-BRCA_A2,BRCA,116,1.0
sgd,Conch_v15,FedAvg,TCGA-COAD_A6,COAD,76,0.8583333333333334
sgd,Conch_v15,FedAvg,TCGA-BRCA_A7,BRCA,47,0.9
sgd,Conch_v15,FedAvg,TCGA-BRCA_A8,BRCA,116,1.0
sgd,Conch_v15,FedAvg,TCGA-COAD_AA,COAD,255,0.874074074074074
sgd,Conch_v15,FedAvg,TCGA-BRCA_AC,BRCA,35,0.8461538461538461
sgd,Conch_v15,FedAvg,TCGA-COAD_AD,COAD,12,0.9
sgd,Conch_v15,FedAvg,TCGA-BRCA_AN,BRCA,54,0.9411764705882353
sgd,Conch_v15,FedAvg,TCGA-BRCA_AO,BRCA,59,1.0
sgd,Conch_v15,FedAvg,TCGA-BRCA_AQ,BRCA,9,1.0
sgd,Conch_v15,FedAvg,TCGA-BRCA_AR,BRCA,58,1.0
sgd,Conch_v15,FedAvg,TCGA-COAD_AY,COAD,10,1.0
sgd,Conch_v15,FedAvg,TCGA-COAD_AZ,COAD,26,0.9400000000000001
sgd,Conch_v15,FedAvg,TCGA-BRCA_B6,BRCA,68,1.0
sgd,Conch_v15,FedAvg,TCGA-HNSC_BA,HNSC,21,0.7142857142857142
sgd,Conch_v15,FedAvg,TCGA-HNSC_BB,HNSC,14,0.8
sgd,Conch_v15,FedAvg,TCGA-SKCM_BF,SKCM,13,1.0
sgd,Conch_v15,FedAvg,TCGA-BRCA_BH,BRCA,160,1.0
sgd,Conch_v15,FedAvg,TCGA-STAD_BR,STAD,161,0.6291666666666667
sgd,Conch_v15,FedAvg,TCGA-CESC_C5,CESC,43,0.8461538461538461
sgd,Conch_v15,FedAvg,TCGA-BRCA_C8,BRCA,46,1.0
sgd,Conch_v15,FedAvg,TCGA-COAD_CA,COAD,13,0.55
sgd,Conch_v15,FedAvg,TCGA-STAD_CD,STAD,35,0.7454545454545455
sgd,Conch_v15,FedAvg,TCGA-STAD_CG,STAD,56,0.34444444444444444
sgd,Conch_v15,FedAvg,TCGA-COAD_CK,COAD,15,0.8571428571428571
sgd,Conch_v15,FedAvg,TCGA-COAD_CM,COAD,48,0.9444444444444444
sgd,Conch_v15,FedAvg,TCGA-HNSC_CN,HNSC,42,0.9076923076923077
sgd,Conch_v15,FedAvg,TCGA-HNSC_CQ,HNSC,26,1.0
sgd,Conch_v15,FedAvg,TCGA-LGG_CS,LGG,14,1.0
sgd,Conch_v15,FedAvg,TCGA-HNSC_CV,HNSC,94,0.9642857142857142
sgd,Conch_v15,FedAvg,TCGA-COAD_D5,COAD,37,0.9800000000000001
sgd,Conch_v15,FedAvg,TCGA-HNSC_D6,HNSC,20,0.8333333333333334
sgd,Conch_v15,FedAvg,TCGA-STAD_D7,STAD,41,0.45714285714285713
sgd,Conch_v15,FedAvg,TCGA-BRCA_D8,BRCA,59,0.9882352941176471
sgd,Conch_v15,FedAvg,TCGA-SKCM_D9,SKCM,8,1.0
sgd,Conch_v15,FedAvg,TCGA-SKCM_DA,SKCM,16,1.0
sgd,Conch_v15,FedAvg,TCGA-LGG_DB,LGG,38,1.0
sgd,Conch_v15,FedAvg,TCGA-LGG_DH,LGG,10,1.0
sgd,Conch_v15,FedAvg,TCGA-COAD_DM,COAD,17,0.625
sgd,Conch_v15,FedAvg,TCGA-HNSC_DQ,HNSC,10,0.45
sgd,Conch_v15,FedAvg,TCGA-CESC_DS,CESC,7,1.0
sgd,Conch_v15,FedAvg,TCGA-LGG_DU,LGG,60,1.0
sgd,Conch_v15,FedAvg,TCGA-LGG_E1,LGG,15,1.0
sgd,Conch_v15,FedAvg,TCGA-BRCA_E2,BRCA,70,1.0
sgd,Conch_v15,FedAvg,TCGA-BRCA_E9,BRCA,44,0.9846153846153847
sgd,Conch_v15,FedAvg,TCGA-CESC_EA,CESC,18,1.0
sgd,Conch_v15,FedAvg,TCGA-SKCM_EB,SKCM,32,1.0
sgd,Conch_v15,FedAvg,TCGA-SKCM_EE,SKCM,60,0.9473684210526315
sgd,Conch_v15,FedAvg,TCGA-SKCM_ER,SKCM,27,1.0
sgd,Conch_v15,FedAvg,TCGA-BRCA_EW,BRCA,30,1.0
sgd,Conch_v15,FedAvg,TCGA-COAD_F4,COAD,21,0.95
sgd,Conch_v15,FedAvg,TCGA-HNSC_F7,HNSC,9,1.0
sgd,Conch_v15,FedAvg,TCGA-PAAD_FB,PAAD,11,0.8400000000000001
sgd,Conch_v15,FedAvg,TCGA-LGG_FG,LGG,46,1.0
sgd,Conch_v15,FedAvg,TCGA-STAD_FP,STAD,9,0.7999999999999999
sgd,Conch_v15,FedAvg,TCGA-SKCM_FR,SKCM,7,1.0
sgd,Conch_v15,FedAvg,TCGA-CESC_FU,CESC,10,0.75
sgd,Conch_v15,FedAvg,TCGA-COAD_G4,COAD,33,0.7846153846153847
sgd,Conch_v15,FedAvg,TCGA-BRCA_GM,BRCA,14,1.0
sgd,Conch_v15,FedAvg,TCGA-SKCM_GN,SKCM,7,1.0
sgd,Conch_v15,FedAvg,TCGA-HNSC_HD,HNSC,10,0.75
sgd,Conch_v15,FedAvg,TCGA-STAD_HF,STAD,7,0.85
sgd,Conch_v15,FedAvg,TCGA-LGG_HT,LGG,207,1.0
sgd,Conch_v15,FedAvg,TCGA-STAD_HU,STAD,26,0.6
sgd,Conch_v15,FedAvg,TCGA-LGG_HW,LGG,10,1.0
sgd,Conch_v15,FedAvg,TCGA-PAAD_HZ,PAAD,21,0.9714285714285715
sgd,Conch_v15,FedAvg,TCGA-PAAD_IB,PAAD,27,0.9777777777777779
sgd,Conch_v15,FedAvg,TCGA-STAD_IN,STAD,13,0.7
sgd,Conch_v15,FedAvg,TCGA-HNSC_IQ,HNSC,9,1.0
sgd,Conch_v15,FedAvg,TCGA-BRCA_LL,BRCA,13,1.0
sgd,Conch_v15,FedAvg,TCGA-LUAD_MP,LUAD,13,0.8
sgd,Conch_v15,FedAvg,TCGA-CESC_MY,CESC,7,1.0
sgd,Conch_v15,FedAvg,TCGA-BRCA_OL,BRCA,16,1.0
sgd,Conch_v15,FedAvg,TCGA-HNSC_P3,HNSC,10,1.0
sgd,Conch_v15,FedAvg,TCGA-LGG_P5,LGG,9,1.0
sgd,Conch_v15,FedAvg,TCGA-CESC_Q1,CESC,7,0.9333333333333332
sgd,Conch_v15,FedAvg,TCGA-LGG_QH,LGG,14,1.0
sgd,Conch_v15,FedAvg,TCGA-HNSC_QK,HNSC,15,0.8800000000000001
sgd,Conch_v15,FedAvg,TCGA-LGG_R8,LGG,16,1.0
sgd,Conch_v15,FedAvg,TCGA-STAD_RD,STAD,9,1.0
sgd,Conch_v15,FedAvg,TCGA-BRCA_S3,BRCA,7,1.0
sgd,Conch_v15,FedAvg,TCGA-LGG_S9,LGG,33,1.0
sgd,Conch_v15,FedAvg,TCGA-LGG_TM,LGG,17,1.0
sgd,Conch_v15,FedAvg,TCGA-LGG_TQ,LGG,12,1.0
sgd,Conch_v15,FedAvg,TCGA-HNSC_UF,HNSC,12,1.0
sgd,Conch_v15,FedAvg,TCGA-LGG_VM,LGG,43,1.0
sgd,Conch_v15,FedAvg,TCGA-STAD_VQ,STAD,46,0.7333333333333333
sgd,Conch_v15,FedAvg,TCGA-CESC_VS,CESC,37,0.9
sgd,Conch_v15,FedAvg,TCGA-PAAD_XD,PAAD,4,0.9
sgd,Conch_v15,FedAvg,TCGA-CESC_ZJ,CESC,11,0.85
sgd,Conch_v15,FedBN,TCGA-LUAD_05,LUAD,16,1.0
sgd,Conch_v15,FedBN,TCGA-PAAD_2J,PAAD,11,1.0
sgd,Conch_v15,FedBN,TCGA-LUAD_38,LUAD,7,1.0
sgd,Conch_v15,FedBN,TCGA-PAAD_3A,PAAD,11,1.0
sgd,Conch_v15,FedBN,TCGA-LUAD_44,LUAD,31,1.0
sgd,Conch_v15,FedBN,TCGA-LUAD_49,LUAD,47,1.0
sgd,Conch_v15,FedBN,TCGA-LUAD_50,LUAD,12,0.9714285714285715
sgd,Conch_v15,FedBN,TCGA-LUAD_55,LUAD,63,1.0
sgd,Conch_v15,FedBN,TCGA-LUAD_64,LUAD,8,1.0
sgd,Conch_v15,FedBN,TCGA-LUAD_69,LUAD,10,0.9
sgd,Conch_v15,FedBN,TCGA-LUAD_73,LUAD,8,1.0
sgd,Conch_v15,FedBN,TCGA-LUAD_75,LUAD,11,0.95
sgd,Conch_v15,FedBN,TCGA-LUAD_78,LUAD,21,1.0
sgd,Conch_v15,FedBN,TCGA-LUAD_86,LUAD,23,0.975
sgd,Conch_v15,FedBN,TCGA-LUAD_95,LUAD,7,1.0
sgd,Conch_v15,FedBN,TCGA-LUAD_97,LUAD,16,0.96
sgd,Conch_v15,FedBN,TCGA-BRCA_A1,BRCA,18,1.0
sgd,Conch_v15,FedBN,TCGA-BRCA_A2,BRCA,116,1.0
sgd,Conch_v15,FedBN,TCGA-COAD_A6,COAD,76,1.0
sgd,Conch_v15,FedBN,TCGA-BRCA_A7,BRCA,47,1.0
sgd,Conch_v15,FedBN,TCGA-BRCA_A8,BRCA,116,1.0
sgd,Conch_v15,FedBN,TCGA-COAD_AA,COAD,255,1.0
sgd,Conch_v15,FedBN,TCGA-BRCA_AC,BRCA,35,0.9692307692307693
sgd,Conch_v15,FedBN,TCGA-COAD_AD,COAD,12,1.0
sgd,Conch_v15,FedBN,TCGA-BRCA_AN,BRCA,54,1.0
sgd,Conch_v15,FedBN,TCGA-BRCA_AO,BRCA,59,1.0
sgd,Conch_v15,FedBN,TCGA-BRCA_AQ,BRCA,9,0.9
sgd,Conch_v15,FedBN,TCGA-BRCA_AR,BRCA,58,1.0
sgd,Conch_v15,FedBN,TCGA-COAD_AY,COAD,10,1.0
sgd,Conch_v15,FedBN,TCGA-COAD_AZ,COAD,26,0.9800000000000001
sgd,Conch_v15,FedBN,TCGA-BRCA_B6,BRCA,68,1.0
sgd,Conch_v15,FedBN,TCGA-HNSC_BA,HNSC,21,1.0
sgd,Conch_v15,FedBN,TCGA-HNSC_BB,HNSC,14,1.0
sgd,Conch_v15,FedBN,TCGA-SKCM_BF,SKCM,13,1.0
sgd,Conch_v15,FedBN,TCGA-BRCA_BH,BRCA,160,1.0
sgd,Conch_v15,FedBN,TCGA-STAD_BR,STAD,161,1.0
sgd,Conch_v15,FedBN,TCGA-CESC_C5,CESC,43,1.0
sgd,Conch_v15,FedBN,TCGA-BRCA_C8,BRCA,46,1.0
sgd,Conch_v15,FedBN,TCGA-COAD_CA,COAD,13,1.0
sgd,Conch_v15,FedBN,TCGA-STAD_CD,STAD,35,1.0
sgd,Conch_v15,FedBN,TCGA-STAD_CG,STAD,56,1.0
sgd,Conch_v15,FedBN,TCGA-COAD_CK,COAD,15,1.0
sgd,Conch_v15,FedBN,TCGA-COAD_CM,COAD,48,1.0
sgd,Conch_v15,FedBN,TCGA-HNSC_CN,HNSC,42,1.0
sgd,Conch_v15,FedBN,TCGA-HNSC_CQ,HNSC,26,0.9555555555555555
sgd,Conch_v15,FedBN,TCGA-LGG_CS,LGG,14,1.0
sgd,Conch_v15,FedBN,TCGA-HNSC_CV,HNSC,94,1.0
sgd,Conch_v15,FedBN,TCGA-COAD_D5,COAD,37,1.0
sgd,Conch_v15,FedBN,TCGA-HNSC_D6,HNSC,20,1.0
sgd,Conch_v15,FedBN,TCGA-STAD_D7,STAD,41,0.9857142857142858
sgd,Conch_v15,FedBN,TCGA-BRCA_D8,BRCA,59,0.9882352941176471
sgd,Conch_v15,FedBN,TCGA-SKCM_D9,SKCM,8,1.0
sgd,Conch_v15,FedBN,TCGA-SKCM_DA,SKCM,16,1.0
sgd,Conch_v15,FedBN,TCGA-LGG_DB,LGG,38,0.9857142857142858
sgd,Conch_v15,FedBN,TCGA-LGG_DH,LGG,10,1.0
sgd,Conch_v15,FedBN,TCGA-COAD_DM,COAD,17,1.0
sgd,Conch_v15,FedBN,TCGA-HNSC_DQ,HNSC,10,1.0
sgd,Conch_v15,FedBN,TCGA-CESC_DS,CESC,7,0.8666666666666666
sgd,Conch_v15,FedBN,TCGA-LGG_DU,LGG,60,0.9777777777777779
sgd,Conch_v15,FedBN,TCGA-LGG_E1,LGG,15,0.9199999999999999
sgd,Conch_v15,FedBN,TCGA-BRCA_E2,BRCA,70,0.9904761904761905
sgd,Conch_v15,FedBN,TCGA-BRCA_E9,BRCA,44,1.0
sgd,Conch_v15,FedBN,TCGA-CESC_EA,CESC,18,1.0
sgd,Conch_v15,FedBN,TCGA-SKCM_EB,SKCM,32,1.0
sgd,Conch_v15,FedBN,TCGA-SKCM_EE,SKCM,60,1.0
sgd,Conch_v15,FedBN,TCGA-SKCM_ER,SKCM,27,1.0
sgd,Conch_v15,FedBN,TCGA-BRCA_EW,BRCA,30,1.0
sgd,Conch_v15,FedBN,TCGA-COAD_F4,COAD,21,1.0
sgd,Conch_v15,FedBN,TCGA-HNSC_F7,HNSC,9,0.9333333333333333
sgd,Conch_v15,FedBN,TCGA-PAAD_FB,PAAD,11,1.0
sgd,Conch_v15,FedBN,TCGA-LGG_FG,LGG,46,1.0
sgd,Conch_v15,FedBN,TCGA-STAD_FP,STAD,9,1.0
sgd,Conch_v15,FedBN,TCGA-SKCM_FR,SKCM,7,1.0
sgd,Conch_v15,FedBN,TCGA-CESC_FU,CESC,10,1.0
sgd,Conch_v15,FedBN,TCGA-COAD_G4,COAD,33,1.0
sgd,Conch_v15,FedBN,TCGA-BRCA_GM,BRCA,14,1.0
sgd,Conch_v15,FedBN,TCGA-SKCM_GN,SKCM,7,1.0
sgd,Conch_v15,FedBN,TCGA-HNSC_HD,HNSC,10,0.95
sgd,Conch_v15,FedBN,TCGA-STAD_HF,STAD,7,1.0
sgd,Conch_v15,FedBN,TCGA-LGG_HT,LGG,207,1.0
sgd,Conch_v15,FedBN,TCGA-STAD_HU,STAD,26,1.0
sgd,Conch_v15,FedBN,TCGA-LGG_HW,LGG,10,1.0
sgd,Conch_v15,FedBN,TCGA-PAAD_HZ,PAAD,21,1.0
sgd,Conch_v15,FedBN,TCGA-PAAD_IB,PAAD,27,1.0
sgd,Conch_v15,FedBN,TCGA-STAD_IN,STAD,13,1.0
sgd,Conch_v15,FedBN,TCGA-HNSC_IQ,HNSC,9,0.9333333333333332
sgd,Conch_v15,FedBN,TCGA-BRCA_LL,BRCA,13,1.0
sgd,Conch_v15,FedBN,TCGA-LUAD_MP,LUAD,13,1.0
sgd,Conch_v15,FedBN,TCGA-CESC_MY,CESC,7,0.8800000000000001
sgd,Conch_v15,FedBN,TCGA-BRCA_OL,BRCA,16,1.0
sgd,Conch_v15,FedBN,TCGA-HNSC_P3,HNSC,10,0.9
sgd,Conch_v15,FedBN,TCGA-LGG_P5,LGG,9,1.0
sgd,Conch_v15,FedBN,TCGA-CESC_Q1,CESC,7,1.0
sgd,Conch_v15,FedBN,TCGA-LGG_QH,LGG,14,0.9199999999999999
sgd,Conch_v15,FedBN,TCGA-HNSC_QK,HNSC,15,1.0
sgd,Conch_v15,FedBN,TCGA-LGG_R8,LGG,16,0.7727272727272727
sgd,Conch_v15,FedBN,TCGA-STAD_RD,STAD,9,1.0
sgd,Conch_v15,FedBN,TCGA-BRCA_S3,BRCA,7,1.0
sgd,Conch_v15,FedBN,TCGA-LGG_S9,LGG,33,0.9636363636363636
sgd,Conch_v15,FedBN,TCGA-LGG_TM,LGG,17,0.975
sgd,Conch_v15,FedBN,TCGA-LGG_TQ,LGG,12,1.0
sgd,Conch_v15,FedBN,TCGA-HNSC_UF,HNSC,12,0.8
sgd,Conch_v15,FedBN,TCGA-LGG_VM,LGG,43,0.9037037037037037
sgd,Conch_v15,FedBN,TCGA-STAD_VQ,STAD,46,1.0
sgd,Conch_v15,FedBN,TCGA-CESC_VS,CESC,37,1.0
sgd,Conch_v15,FedBN,TCGA-PAAD_XD,PAAD,4,0.9400000000000001
sgd,Conch_v15,FedBN,TCGA-CESC_ZJ,CESC,11,1.0
sgd,Conch_v15,FedProx,TCGA-LUAD_05,LUAD,16,1.0
sgd,Conch_v15,FedProx,TCGA-PAAD_2J,PAAD,11,1.0
sgd,Conch_v15,FedProx,TCGA-LUAD_38,LUAD,7,1.0
sgd,Conch_v15,FedProx,TCGA-PAAD_3A,PAAD,11,1.0
sgd,Conch_v15,FedProx,TCGA-LUAD_44,LUAD,31,0.96
sgd,Conch_v15,FedProx,TCGA-LUAD_49,LUAD,47,0.9878787878787879
sgd,Conch_v15,FedProx,TCGA-LUAD_50,LUAD,12,1.0
sgd,Conch_v15,FedProx,TCGA-LUAD_55,LUAD,63,1.0
sgd,Conch_v15,FedProx,TCGA-LUAD_64,LUAD,8,1.0
sgd,Conch_v15,FedProx,TCGA-LUAD_69,LUAD,10,1.0
sgd,Conch_v15,FedProx,TCGA-LUAD_73,LUAD,8,1.0
sgd,Conch_v15,FedProx,TCGA-LUAD_75,LUAD,11,1.0
sgd,Conch_v15,FedProx,TCGA-LUAD_78,LUAD,21,1.0
sgd,Conch_v15,FedProx,TCGA-LUAD_86,LUAD,23,1.0
sgd,Conch_v15,FedProx,TCGA-LUAD_95,LUAD,7,1.0
sgd,Conch_v15,FedProx,TCGA-LUAD_97,LUAD,16,1.0
sgd,Conch_v15,FedProx,TCGA-BRCA_A1,BRCA,18,1.0
sgd,Conch_v15,FedProx,TCGA-BRCA_A2,BRCA,116,1.0
sgd,Conch_v15,FedProx,TCGA-COAD_A6,COAD,76,0.8666666666666666
sgd,Conch_v15,FedProx,TCGA-BRCA_A7,BRCA,47,0.8636363636363636
sgd,Conch_v15,FedProx,TCGA-BRCA_A8,BRCA,116,0.9833333333333334
sgd,Conch_v15,FedProx,TCGA-COAD_AA,COAD,255,0.8716049382716049
sgd,Conch_v15,FedProx,TCGA-BRCA_AC,BRCA,35,0.8
sgd,Conch_v15,FedProx,TCGA-COAD_AD,COAD,12,0.95
sgd,Conch_v15,FedProx,TCGA-BRCA_AN,BRCA,54,0.9529411764705882
sgd,Conch_v15,FedProx,TCGA-BRCA_AO,BRCA,59,0.980952380952381
sgd,Conch_v15,FedProx,TCGA-BRCA_AQ,BRCA,9,1.0
sgd,Conch_v15,FedProx,TCGA-BRCA_AR,BRCA,58,1.0
sgd,Conch_v15,FedProx,TCGA-COAD_AY,COAD,10,1.0
sgd,Conch_v15,FedProx,TCGA-COAD_AZ,COAD,26,0.9400000000000001
sgd,Conch_v15,FedProx,TCGA-BRCA_B6,BRCA,68,0.9913043478260869
sgd,Conch_v15,FedProx,TCGA-HNSC_BA,HNSC,21,0.5428571428571428
sgd,Conch_v15,FedProx,TCGA-HNSC_BB,HNSC,14,0.8
sgd,Conch_v15,FedProx,TCGA-SKCM_BF,SKCM,13,1.0
sgd,Conch_v15,FedProx,TCGA-BRCA_BH,BRCA,160,0.992
sgd,Conch_v15,FedProx,TCGA-STAD_BR,STAD,161,0.6333333333333333
sgd,Conch_v15,FedProx,TCGA-CESC_C5,CESC,43,0.9076923076923078
sgd,Conch_v15,FedProx,TCGA-BRCA_C8,BRCA,46,0.9888888888888889
sgd,Conch_v15,FedProx,TCGA-COAD_CA,COAD,13,0.45
sgd,Conch_v15,FedProx,TCGA-STAD_CD,STAD,35,0.7272727272727273
sgd,Conch_v15,FedProx,TCGA-STAD_CG,STAD,56,0.33333333333333337
sgd,Conch_v15,FedProx,TCGA-COAD_CK,COAD,15,0.8571428571428571
sgd,Conch_v15,FedProx,TCGA-COAD_CM,COAD,48,0.9444444444444444
sgd,Conch_v15,FedProx,TCGA-HNSC_CN,HNSC,42,0.8307692307692308
sgd,Conch_v15,FedProx,TCGA-HNSC_CQ,HNSC,26,1.0
sgd,Conch_v15,FedProx,TCGA-LGG_CS,LGG,14,1.0
sgd,Conch_v15,FedProx,TCGA-HNSC_CV,HNSC,94,0.95
sgd,Conch_v15,FedProx,TCGA-COAD_D5,COAD,37,0.9800000000000001
sgd,Conch_v15,FedProx,TCGA-HNSC_D6,HNSC,20,0.8
sgd,Conch_v15,FedProx,TCGA-STAD_D7,STAD,41,0.42857142857142855
sgd,Conch_v15,FedProx,TCGA-BRCA_D8,BRCA,59,0.9647058823529411
sgd,Conch_v15,FedProx,TCGA-SKCM_D9,SKCM,8,0.8
sgd,Conch_v15,FedProx,TCGA-SKCM_DA,SKCM,16,1.0
sgd,Conch_v15,FedProx,TCGA-LGG_DB,LGG,38,1.0
sgd,Conch_v15,FedProx,TCGA-LGG_DH,LGG,10,1.0
sgd,Conch_v15,FedProx,TCGA-COAD_DM,COAD,17,0.725
sgd,Conch_v15,FedProx,TCGA-HNSC_DQ,HNSC,10,0.35
sgd,Conch_v15,FedProx,TCGA-CESC_DS,CESC,7,1.0
sgd,Conch_v15,FedProx,TCGA-LGG_DU,LGG,60,1.0
sgd,Conch_v15,FedProx,TCGA-LGG_E1,LGG,15,1.0
sgd,Conch_v15,FedProx,TCGA-BRCA_E2,BRCA,70,1.0
sgd,Conch_v15,FedProx,TCGA-BRCA_E9,BRCA,44,0.9538461538461538
sgd,Conch_v15,FedProx,TCGA-CESC_EA,CESC,18,1.0
sgd,Conch_v15,FedProx,TCGA-SKCM_EB,SKCM,32,1.0
sgd,Conch_v15,FedProx,TCGA-SKCM_EE,SKCM,60,0.9473684210526315
sgd,Conch_v15,FedProx,TCGA-SKCM_ER,SKCM,27,1.0
sgd,Conch_v15,FedProx,TCGA-BRCA_EW,BRCA,30,1.0
sgd,Conch_v15,FedProx,TCGA-COAD_F4,COAD,21,0.95
sgd,Conch_v15,FedProx,TCGA-HNSC_F7,HNSC,9,1.0
sgd,Conch_v15,FedProx,TCGA-PAAD_FB,PAAD,11,0.76
sgd,Conch_v15,FedProx,TCGA-LGG_FG,LGG,46,1.0
sgd,Conch_v15,FedProx,TCGA-STAD_FP,STAD,9,0.7999999999999999
sgd,Conch_v15,FedProx,TCGA-SKCM_FR,SKCM,7,1.0
sgd,Conch_v15,FedProx,TCGA-CESC_FU,CESC,10,0.75
sgd,Conch_v15,FedProx,TCGA-COAD_G4,COAD,33,0.8461538461538461
sgd,Conch_v15,FedProx,TCGA-BRCA_GM,BRCA,14,1.0
sgd,Conch_v15,FedProx,TCGA-SKCM_GN,SKCM,7,1.0
sgd,Conch_v15,FedProx,TCGA-HNSC_HD,HNSC,10,0.75
sgd,Conch_v15,FedProx,TCGA-STAD_HF,STAD,7,0.85
sgd,Conch_v15,FedProx,TCGA-LGG_HT,LGG,207,1.0
sgd,Conch_v15,FedProx,TCGA-STAD_HU,STAD,26,0.55
sgd,Conch_v15,FedProx,TCGA-LGG_HW,LGG,10,1.0
sgd,Conch_v15,FedProx,TCGA-PAAD_HZ,PAAD,21,1.0
sgd,Conch_v15,FedProx,TCGA-PAAD_IB,PAAD,27,1.0
sgd,Conch_v15,FedProx,TCGA-STAD_IN,STAD,13,0.8333333333333333
sgd,Conch_v15,FedProx,TCGA-HNSC_IQ,HNSC,9,1.0
sgd,Conch_v15,FedProx,TCGA-BRCA_LL,BRCA,13,1.0
sgd,Conch_v15,FedProx,TCGA-LUAD_MP,LUAD,13,0.8
sgd,Conch_v15,FedProx,TCGA-CESC_MY,CESC,7,1.0
sgd,Conch_v15,FedProx,TCGA-BRCA_OL,BRCA,16,1.0
sgd,Conch_v15,FedProx,TCGA-HNSC_P3,HNSC,10,1.0
sgd,Conch_v15,FedProx,TCGA-LGG_P5,LGG,9,1.0
sgd,Conch_v15,FedProx,TCGA-CESC_Q1,CESC,7,1.0
sgd,Conch_v15,FedProx,TCGA-LGG_QH,LGG,14,1.0
sgd,Conch_v15,FedProx,TCGA-HNSC_QK,HNSC,15,0.8400000000000001
sgd,Conch_v15,FedProx,TCGA-LGG_R8,LGG,16,1.0
sgd,Conch_v15,FedProx,TCGA-STAD_RD,STAD,9,1.0
sgd,Conch_v15,FedProx,TCGA-BRCA_S3,BRCA,7,1.0
sgd,Conch_v15,FedProx,TCGA-LGG_S9,LGG,33,1.0
sgd,Conch_v15,FedProx,TCGA-LGG_TM,LGG,17,1.0
sgd,Conch_v15,FedProx,TCGA-LGG_TQ,LGG,12,1.0
sgd,Conch_v15,FedProx,TCGA-HNSC_UF,HNSC,12,1.0
sgd,Conch_v15,FedProx,TCGA-LGG_VM,LGG,43,1.0
sgd,Conch_v15,FedProx,TCGA-STAD_VQ,STAD,46,0.7866666666666667
sgd,Conch_v15,FedProx,TCGA-CESC_VS,CESC,37,0.9
sgd,Conch_v15,FedProx,TCGA-PAAD_XD,PAAD,4,0.9
sgd,Conch_v15,FedProx,TCGA-CESC_ZJ,CESC,11,0.85
sgd,Conch_v15,SCAFFOLD,TCGA-LUAD_05,LUAD,16,1.0
sgd,Conch_v15,SCAFFOLD,TCGA-PAAD_2J,PAAD,11,1.0
sgd,Conch_v15,SCAFFOLD,TCGA-LUAD_38,LUAD,7,1.0
sgd,Conch_v15,SCAFFOLD,TCGA-PAAD_3A,PAAD,11,0.8799999999999999
sgd,Conch_v15,SCAFFOLD,TCGA-LUAD_44,LUAD,31,1.0
sgd,Conch_v15,SCAFFOLD,TCGA-LUAD_49,LUAD,47,1.0
sgd,Conch_v15,SCAFFOLD,TCGA-LUAD_50,LUAD,12,1.0
sgd,Conch_v15,SCAFFOLD,TCGA-LUAD_55,LUAD,63,1.0
sgd,Conch_v15,SCAFFOLD,TCGA-LUAD_64,LUAD,8,1.0
sgd,Conch_v15,SCAFFOLD,TCGA-LUAD_69,LUAD,10,1.0
sgd,Conch_v15,SCAFFOLD,TCGA-LUAD_73,LUAD,8,1.0
sgd,Conch_v15,SCAFFOLD,TCGA-LUAD_75,LUAD,11,1.0
sgd,Conch_v15,SCAFFOLD,TCGA-LUAD_78,LUAD,21,1.0
sgd,Conch_v15,SCAFFOLD,TCGA-LUAD_86,LUAD,23,1.0
sgd,Conch_v15,SCAFFOLD,TCGA-LUAD_95,LUAD,7,1.0
sgd,Conch_v15,SCAFFOLD,TCGA-LUAD_97,LUAD,16,1.0
sgd,Conch_v15,SCAFFOLD,TCGA-BRCA_A1,BRCA,18,1.0
sgd,Conch_v15,SCAFFOLD,TCGA-BRCA_A2,BRCA,116,1.0
sgd,Conch_v15,SCAFFOLD,TCGA-COAD_A6,COAD,76,0.9
sgd,Conch_v15,SCAFFOLD,TCGA-BRCA_A7,BRCA,47,0.8727272727272727
sgd,Conch_v15,SCAFFOLD,TCGA-BRCA_A8,BRCA,116,1.0
sgd,Conch_v15,SCAFFOLD,TCGA-COAD_AA,COAD,255,0.888888888888889
sgd,Conch_v15,SCAFFOLD,TCGA-BRCA_AC,BRCA,35,0.8307692307692307
sgd,Conch_v15,SCAFFOLD,TCGA-COAD_AD,COAD,12,1.0
sgd,Conch_v15,SCAFFOLD,TCGA-BRCA_AN,BRCA,54,0.9411764705882353
sgd,Conch_v15,SCAFFOLD,TCGA-BRCA_AO,BRCA,59,0.9904761904761905
sgd,Conch_v15,SCAFFOLD,TCGA-BRCA_AQ,BRCA,9,1.0
sgd,Conch_v15,SCAFFOLD,TCGA-BRCA_AR,BRCA,58,1.0
sgd,Conch_v15,SCAFFOLD,TCGA-COAD_AY,COAD,10,1.0
sgd,Conch_v15,SCAFFOLD,TCGA-COAD_AZ,COAD,26,0.9400000000000001
sgd,Conch_v15,SCAFFOLD,TCGA-BRCA_B6,BRCA,68,0.9826086956521738
sgd,Conch_v15,SCAFFOLD,TCGA-HNSC_BA,HNSC,21,0.7428571428571429
sgd,Conch_v15,SCAFFOLD,TCGA-HNSC_BB,HNSC,14,0.7600000000000001
sgd,Conch_v15,SCAFFOLD,TCGA-SKCM_BF,SKCM,13,1.0
sgd,Conch_v15,SCAFFOLD,TCGA-BRCA_BH,BRCA,160,1.0
sgd,Conch_v15,SCAFFOLD,TCGA-STAD_BR,STAD,161,0.5333333333333333
sgd,Conch_v15,SCAFFOLD,TCGA-CESC_C5,CESC,43,0.7230769230769231
sgd,Conch_v15,SCAFFOLD,TCGA-BRCA_C8,BRCA,46,1.0
sgd,Conch_v15,SCAFFOLD,TCGA-COAD_CA,COAD,13,0.7
sgd,Conch_v15,SCAFFOLD,TCGA-STAD_CD,STAD,35,0.4727272727272728
sgd,Conch_v15,SCAFFOLD,TCGA-STAD_CG,STAD,56,0.21111111111111108
sgd,Conch_v15,SCAFFOLD,TCGA-COAD_CK,COAD,15,0.8857142857142858
sgd,Conch_v15,SCAFFOLD,TCGA-COAD_CM,COAD,48,0.9444444444444444
sgd,Conch_v15,SCAFFOLD,TCGA-HNSC_CN,HNSC,42,0.9076923076923077
sgd,Conch_v15,SCAFFOLD,TCGA-HNSC_CQ,HNSC,26,1.0
sgd,Conch_v15,SCAFFOLD,TCGA-LGG_CS,LGG,14,1.0
sgd,Conch_v15,SCAFFOLD,TCGA-HNSC_CV,HNSC,94,0.9571428571428571
sgd,Conch_v15,SCAFFOLD,TCGA-COAD_D5,COAD,37,1.0
sgd,Conch_v15,SCAFFOLD,TCGA-HNSC_D6,HNSC,20,0.8
sgd,Conch_v15,SCAFFOLD,TCGA-STAD_D7,STAD,41,0.3714285714285714
sgd,Conch_v15,SCAFFOLD,TCGA-BRCA_D8,BRCA,59,0.9411764705882353
sgd,Conch_v15,SCAFFOLD,TCGA-SKCM_D9,SKCM,8,0.9
sgd,Conch_v15,SCAFFOLD,TCGA-SKCM_DA,SKCM,16,1.0
sgd,Conch_v15,SCAFFOLD,TCGA-LGG_DB,LGG,38,1.0
sgd,Conch_v15,SCAFFOLD,TCGA-LGG_DH,LGG,10,1.0
sgd,Conch_v15,SCAFFOLD,TCGA-COAD_DM,COAD,17,0.65
sgd,Conch_v15,SCAFFOLD,TCGA-HNSC_DQ,HNSC,10,0.65
sgd,Conch_v15,SCAFFOLD,TCGA-CESC_DS,CESC,7,1.0
sgd,Conch_v15,SCAFFOLD,TCGA-LGG_DU,LGG,60,1.0
sgd,Conch_v15,SCAFFOLD,TCGA-LGG_E1,LGG,15,1.0
sgd,Conch_v15,SCAFFOLD,TCGA-BRCA_E2,BRCA,70,1.0
sgd,Conch_v15,SCAFFOLD,TCGA-BRCA_E9,BRCA,44,0.9230769230769231
sgd,Conch_v15,SCAFFOLD,TCGA-CESC_EA,CESC,18,1.0
sgd,Conch_v15,SCAFFOLD,TCGA-SKCM_EB,SKCM,32,0.9636363636363636
sgd,Conch_v15,SCAFFOLD,TCGA-SKCM_EE,SKCM,60,0.9368421052631579
sgd,Conch_v15,SCAFFOLD,TCGA-SKCM_ER,SKCM,27,1.0
sgd,Conch_v15,SCAFFOLD,TCGA-BRCA_EW,BRCA,30,1.0
sgd,Conch_v15,SCAFFOLD,TCGA-COAD_F4,COAD,21,0.95
sgd,Conch_v15,SCAFFOLD,TCGA-HNSC_F7,HNSC,9,1.0
sgd,Conch_v15,SCAFFOLD,TCGA-PAAD_FB,PAAD,11,0.5599999999999999
sgd,Conch_v15,SCAFFOLD,TCGA-LGG_FG,LGG,46,1.0
sgd,Conch_v15,SCAFFOLD,TCGA-STAD_FP,STAD,9,0.6666666666666666
sgd,Conch_v15,SCAFFOLD,TCGA-SKCM_FR,SKCM,7,0.9333333333333332
sgd,Conch_v15,SCAFFOLD,TCGA-CESC_FU,CESC,10,0.55
sgd,Conch_v15,SCAFFOLD,TCGA-COAD_G4,COAD,33,0.8461538461538461
sgd,Conch_v15,SCAFFOLD,TCGA-BRCA_GM,BRCA,14,1.0
sgd,Conch_v15,SCAFFOLD,TCGA-SKCM_GN,SKCM,7,1.0
sgd,Conch_v15,SCAFFOLD,TCGA-HNSC_HD,HNSC,10,0.75
sgd,Conch_v15,SCAFFOLD,TCGA-STAD_HF,STAD,7,0.45
sgd,Conch_v15,SCAFFOLD,TCGA-LGG_HT,LGG,207,1.0
sgd,Conch_v15,SCAFFOLD,TCGA-STAD_HU,STAD,26,0.4
sgd,Conch_v15,SCAFFOLD,TCGA-LGG_HW,LGG,10,1.0
sgd,Conch_v15,SCAFFOLD,TCGA-PAAD_HZ,PAAD,21,0.9714285714285715
sgd,Conch_v15,SCAFFOLD,TCGA-PAAD_IB,PAAD,27,1.0
sgd,Conch_v15,SCAFFOLD,TCGA-STAD_IN,STAD,13,0.7333333333333333
sgd,Conch_v15,SCAFFOLD,TCGA-HNSC_IQ,HNSC,9,1.0
sgd,Conch_v15,SCAFFOLD,TCGA-BRCA_LL,BRCA,13,1.0
sgd,Conch_v15,SCAFFOLD,TCGA-LUAD_MP,LUAD,13,0.8
sgd,Conch_v15,SCAFFOLD,TCGA-CESC_MY,CESC,7,0.96
sgd,Conch_v15,SCAFFOLD,TCGA-BRCA_OL,BRCA,16,1.0
sgd,Conch_v15,SCAFFOLD,TCGA-HNSC_P3,HNSC,10,1.0
sgd,Conch_v15,SCAFFOLD,TCGA-LGG_P5,LGG,9,1.0
sgd,Conch_v15,SCAFFOLD,TCGA-CESC_Q1,CESC,7,1.0
sgd,Conch_v15,SCAFFOLD,TCGA-LGG_QH,LGG,14,1.0
sgd,Conch_v15,SCAFFOLD,TCGA-HNSC_QK,HNSC,15,0.9199999999999999
sgd,Conch_v15,SCAFFOLD,TCGA-LGG_R8,LGG,16,1.0
sgd,Conch_v15,SCAFFOLD,TCGA-STAD_RD,STAD,9,0.95
sgd,Conch_v15,SCAFFOLD,TCGA-BRCA_S3,BRCA,7,1.0
sgd,Conch_v15,SCAFFOLD,TCGA-LGG_S9,LGG,33,1.0
sgd,Conch_v15,SCAFFOLD,TCGA-LGG_TM,LGG,17,1.0
sgd,Conch_v15,SCAFFOLD,TCGA-LGG_TQ,LGG,12,1.0
sgd,Conch_v15,SCAFFOLD,TCGA-HNSC_UF,HNSC,12,1.0
sgd,Conch_v15,SCAFFOLD,TCGA-LGG_VM,LGG,43,1.0
sgd,Conch_v15,SCAFFOLD,TCGA-STAD_VQ,STAD,46,0.6799999999999999
sgd,Conch_v15,SCAFFOLD,TCGA-CESC_VS,CESC,37,0.8166666666666667
sgd,Conch_v15,SCAFFOLD,TCGA-PAAD_XD,PAAD,4,0.9
sgd,Conch_v15,SCAFFOLD,TCGA-CESC_ZJ,CESC,11,0.7
sgd,Midnight12k,FedAvg,TCGA-LUAD_05,LUAD,16,1.0
sgd,Midnight12k,FedAvg,TCGA-PAAD_2J,PAAD,11,1.0
sgd,Midnight12k,FedAvg,TCGA-LUAD_38,LUAD,7,1.0
sgd,Midnight12k,FedAvg,TCGA-PAAD_3A,PAAD,11,1.0
sgd,Midnight12k,FedAvg,TCGA-LUAD_44,LUAD,31,1.0
sgd,Midnight12k,FedAvg,TCGA-LUAD_49,LUAD,47,1.0
sgd,Midnight12k,FedAvg,TCGA-LUAD_50,LUAD,12,1.0
sgd,Midnight12k,FedAvg,TCGA-LUAD_55,LUAD,63,1.0
sgd,Midnight12k,FedAvg,TCGA-LUAD_64,LUAD,8,0.7333333333333332
sgd,Midnight12k,FedAvg,TCGA-LUAD_69,LUAD,10,1.0
sgd,Midnight12k,FedAvg,TCGA-LUAD_73,LUAD,8,1.0
sgd,Midnight12k,FedAvg,TCGA-LUAD_75,LUAD,11,1.0
sgd,Midnight12k,FedAvg,TCGA-LUAD_78,LUAD,21,1.0
sgd,Midnight12k,FedAvg,TCGA-LUAD_86,LUAD,23,1.0
sgd,Midnight12k,FedAvg,TCGA-LUAD_95,LUAD,7,1.0
sgd,Midnight12k,FedAvg,TCGA-LUAD_97,LUAD,16,1.0
sgd,Midnight12k,FedAvg,TCGA-BRCA_A1,BRCA,18,1.0
sgd,Midnight12k,FedAvg,TCGA-BRCA_A2,BRCA,116,1.0
sgd,Midnight12k,FedAvg,TCGA-COAD_A6,COAD,76,0.875
sgd,Midnight12k,FedAvg,TCGA-BRCA_A7,BRCA,47,0.8363636363636363
sgd,Midnight12k,FedAvg,TCGA-BRCA_A8,BRCA,116,1.0
sgd,Midnight12k,FedAvg,TCGA-COAD_AA,COAD,255,0.6666666666666667
sgd,Midnight12k,FedAvg,TCGA-BRCA_AC,BRCA,35,0.6153846153846153
sgd,Midnight12k,FedAvg,TCGA-COAD_AD,COAD,12,0.45
sgd,Midnight12k,FedAvg,TCGA-BRCA_AN,BRCA,54,1.0
sgd,Midnight12k,FedAvg,TCGA-BRCA_AO,BRCA,59,1.0
sgd,Midnight12k,FedAvg,TCGA-BRCA_AQ,BRCA,9,1.0
sgd,Midnight12k,FedAvg,TCGA-BRCA_AR,BRCA,58,1.0
sgd,Midnight12k,FedAvg,TCGA-COAD_AY,COAD,10,1.0
sgd,Midnight12k,FedAvg,TCGA-COAD_AZ,COAD,26,0.8200000000000001
sgd,Midnight12k,FedAvg,TCGA-BRCA_B6,BRCA,68,0.9739130434782609
sgd,Midnight12k,FedAvg,TCGA-HNSC_BA,HNSC,21,0.6285714285714284
sgd,Midnight12k,FedAvg,TCGA-HNSC_BB,HNSC,14,0.76
sgd,Midnight12k,FedAvg,TCGA-SKCM_BF,SKCM,13,0.8800000000000001
sgd,Midnight12k,FedAvg,TCGA-BRCA_BH,BRCA,160,1.0
sgd,Midnight12k,FedAvg,TCGA-STAD_BR,STAD,161,0.4708333333333333
sgd,Midnight12k,FedAvg,TCGA-CESC_C5,CESC,43,1.0
sgd,Midnight12k,FedAvg,TCGA-BRCA_C8,BRCA,46,1.0
sgd,Midnight12k,FedAvg,TCGA-COAD_CA,COAD,13,0.75
sgd,Midnight12k,FedAvg,TCGA-STAD_CD,STAD,35,0.4545454545454545
sgd,Midnight12k,FedAvg,TCGA-STAD_CG,STAD,56,0.37777777777777777
sgd,Midnight12k,FedAvg,TCGA-COAD_CK,COAD,15,0.8285714285714285
sgd,Midnight12k,FedAvg,TCGA-COAD_CM,COAD,48,0.7777777777777778
sgd,Midnight12k,FedAvg,TCGA-HNSC_CN,HNSC,42,0.9384615384615385
sgd,Midnight12k,FedAvg,TCGA-HNSC_CQ,HNSC,26,1.0
sgd,Midnight12k,FedAvg,TCGA-LGG_CS,LGG,14,1.0
sgd,Midnight12k,FedAvg,TCGA-HNSC_CV,HNSC,94,0.9285714285714286
sgd,Midnight12k,FedAvg,TCGA-COAD_D5,COAD,37,0.96
sgd,Midnight12k,FedAvg,TCGA-HNSC_D6,HNSC,20,0.9333333333333333
sgd,Midnight12k,FedAvg,TCGA-STAD_D7,STAD,41,0.3571428571428571
sgd,Midnight12k,FedAvg,TCGA-BRCA_D8,BRCA,59,0.9647058823529413
sgd,Midnight12k,FedAvg,TCGA-SKCM_D9,SKCM,8,0.6
sgd,Midnight12k,FedAvg,TCGA-SKCM_DA,SKCM,16,0.96
sgd,Midnight12k,FedAvg,TCGA-LGG_DB,LGG,38,1.0
sgd,Midnight12k,FedAvg,TCGA-LGG_DH,LGG,10,1.0
sgd,Midnight12k,FedAvg,TCGA-COAD_DM,COAD,17,0.0
sgd,Midnight12k,FedAvg,TCGA-HNSC_DQ,HNSC,10,0.7
sgd,Midnight12k,FedAvg,TCGA-CESC_DS,CESC,7,1.0
sgd,Midnight12k,FedAvg,TCGA-LGG_DU,LGG,60,1.0
sgd,Midnight12k,FedAvg,TCGA-LGG_E1,LGG,15,1.0
sgd,Midnight12k,FedAvg,TCGA-BRCA_E2,BRCA,70,0.9714285714285715
sgd,Midnight12k,FedAvg,TCGA-BRCA_E9,BRCA,44,0.9538461538461538
sgd,Midnight12k,FedAvg,TCGA-CESC_EA,CESC,18,1.0
sgd,Midnight12k,FedAvg,TCGA-SKCM_EB,SKCM,32,0.909090909090909
sgd,Midnight12k,FedAvg,TCGA-SKCM_EE,SKCM,60,1.0
sgd,Midnight12k,FedAvg,TCGA-SKCM_ER,SKCM,27,1.0
sgd,Midnight12k,FedAvg,TCGA-BRCA_EW,BRCA,30,1.0
sgd,Midnight12k,FedAvg,TCGA-COAD_F4,COAD,21,0.9
sgd,Midnight12k,FedAvg,TCGA-HNSC_F7,HNSC,9,1.0
sgd,Midnight12k,FedAvg,TCGA-PAAD_FB,PAAD,11,1.0
sgd,Midnight12k,FedAvg,TCGA-LGG_FG,LGG,46,1.0
sgd,Midnight12k,FedAvg,TCGA-STAD_FP,STAD,9,0.6666666666666666
sgd,Midnight12k,FedAvg,TCGA-SKCM_FR,SKCM,7,1.0
sgd,Midnight12k,FedAvg,TCGA-CESC_FU,CESC,10,0.75
sgd,Midnight12k,FedAvg,TCGA-COAD_G4,COAD,33,0.7538461538461538
sgd,Midnight12k,FedAvg,TCGA-BRCA_GM,BRCA,14,1.0
sgd,Midnight12k,FedAvg,TCGA-SKCM_GN,SKCM,7,1.0
sgd,Midnight12k,FedAvg,TCGA-HNSC_HD,HNSC,10,0.75
sgd,Midnight12k,FedAvg,TCGA-STAD_HF,STAD,7,0.2
sgd,Midnight12k,FedAvg,TCGA-LGG_HT,LGG,207,1.0
sgd,Midnight12k,FedAvg,TCGA-STAD_HU,STAD,26,0.975
sgd,Midnight12k,FedAvg,TCGA-LGG_HW,LGG,10,1.0
sgd,Midnight12k,FedAvg,TCGA-PAAD_HZ,PAAD,21,1.0
sgd,Midnight12k,FedAvg,TCGA-PAAD_IB,PAAD,27,1.0
sgd,Midnight12k,FedAvg,TCGA-STAD_IN,STAD,13,1.0
sgd,Midnight12k,FedAvg,TCGA-HNSC_IQ,HNSC,9,1.0
sgd,Midnight12k,FedAvg,TCGA-BRCA_LL,BRCA,13,0.9199999999999999
sgd,Midnight12k,FedAvg,TCGA-LUAD_MP,LUAD,13,0.8
sgd,Midnight12k,FedAvg,TCGA-CESC_MY,CESC,7,1.0
sgd,Midnight12k,FedAvg,TCGA-BRCA_OL,BRCA,16,1.0
sgd,Midnight12k,FedAvg,TCGA-HNSC_P3,HNSC,10,1.0
sgd,Midnight12k,FedAvg,TCGA-LGG_P5,LGG,9,1.0
sgd,Midnight12k,FedAvg,TCGA-CESC_Q1,CESC,7,1.0
sgd,Midnight12k,FedAvg,TCGA-LGG_QH,LGG,14,1.0
sgd,Midnight12k,FedAvg,TCGA-HNSC_QK,HNSC,15,0.8
sgd,Midnight12k,FedAvg,TCGA-LGG_R8,LGG,16,1.0
sgd,Midnight12k,FedAvg,TCGA-STAD_RD,STAD,9,0.9
sgd,Midnight12k,FedAvg,TCGA-BRCA_S3,BRCA,7,1.0
sgd,Midnight12k,FedAvg,TCGA-LGG_S9,LGG,33,1.0
sgd,Midnight12k,FedAvg,TCGA-LGG_TM,LGG,17,1.0
sgd,Midnight12k,FedAvg,TCGA-LGG_TQ,LGG,12,1.0
sgd,Midnight12k,FedAvg,TCGA-HNSC_UF,HNSC,12,1.0
sgd,Midnight12k,FedAvg,TCGA-LGG_VM,LGG,43,1.0
sgd,Midnight12k,FedAvg,TCGA-STAD_VQ,STAD,46,0.8
sgd,Midnight12k,FedAvg,TCGA-CESC_VS,CESC,37,0.85
sgd,Midnight12k,FedAvg,TCGA-PAAD_XD,PAAD,4,0.9
sgd,Midnight12k,FedAvg,TCGA-CESC_ZJ,CESC,11,1.0
sgd,Midnight12k,FedBN,TCGA-LUAD_05,LUAD,16,0.9
sgd,Midnight12k,FedBN,TCGA-PAAD_2J,PAAD,11,0.8
sgd,Midnight12k,FedBN,TCGA-LUAD_38,LUAD,7,0.7999999999999999
sgd,Midnight12k,FedBN,TCGA-PAAD_3A,PAAD,11,0.96
sgd,Midnight12k,FedBN,TCGA-LUAD_44,LUAD,31,0.9199999999999999
sgd,Midnight12k,FedBN,TCGA-LUAD_49,LUAD,47,0.9818181818181818
sgd,Midnight12k,FedBN,TCGA-LUAD_50,LUAD,12,0.9142857142857143
sgd,Midnight12k,FedBN,TCGA-LUAD_55,LUAD,63,0.9263157894736842
sgd,Midnight12k,FedBN,TCGA-LUAD_64,LUAD,8,0.9333333333333332
sgd,Midnight12k,FedBN,TCGA-LUAD_69,LUAD,10,0.95
sgd,Midnight12k,FedBN,TCGA-LUAD_73,LUAD,8,0.9333333333333332
sgd,Midnight12k,FedBN,TCGA-LUAD_75,LUAD,11,0.9
sgd,Midnight12k,FedBN,TCGA-LUAD_78,LUAD,21,0.8857142857142858
sgd,Midnight12k,FedBN,TCGA-LUAD_86,LUAD,23,0.925
sgd,Midnight12k,FedBN,TCGA-LUAD_95,LUAD,7,0.6666666666666666
sgd,Midnight12k,FedBN,TCGA-LUAD_97,LUAD,16,0.8
sgd,Midnight12k,FedBN,TCGA-BRCA_A1,BRCA,18,0.8
sgd,Midnight12k,FedBN,TCGA-BRCA_A2,BRCA,116,0.9526315789473685
sgd,Midnight12k,FedBN,TCGA-COAD_A6,COAD,76,0.9083333333333332
sgd,Midnight12k,FedBN,TCGA-BRCA_A7,BRCA,47,0.7545454545454546
sgd,Midnight12k,FedBN,TCGA-BRCA_A8,BRCA,116,0.6888888888888889
sgd,Midnight12k,FedBN,TCGA-COAD_AA,COAD,255,0.8962962962962961
sgd,Midnight12k,FedBN,TCGA-BRCA_AC,BRCA,35,0.6615384615384616
sgd,Midnight12k,FedBN,TCGA-COAD_AD,COAD,12,0.95
sgd,Midnight12k,FedBN,TCGA-BRCA_AN,BRCA,54,0.8
sgd,Midnight12k,FedBN,TCGA-BRCA_AO,BRCA,59,0.7904761904761906
sgd,Midnight12k,FedBN,TCGA-BRCA_AQ,BRCA,9,0.85
sgd,Midnight12k,FedBN,TCGA-BRCA_AR,BRCA,58,0.89
sgd,Midnight12k,FedBN,TCGA-COAD_AY,COAD,10,0.7999999999999999
sgd,Midnight12k,FedBN,TCGA-COAD_AZ,COAD,26,0.9800000000000001
sgd,Midnight12k,FedBN,TCGA-BRCA_B6,BRCA,68,0.8956521739130434
sgd,Midnight12k,FedBN,TCGA-HNSC_BA,HNSC,21,0.9428571428571428
sgd,Midnight12k,FedBN,TCGA-HNSC_BB,HNSC,14,0.8400000000000001
sgd,Midnight12k,FedBN,TCGA-SKCM_BF,SKCM,13,1.0
sgd,Midnight12k,FedBN,TCGA-BRCA_BH,BRCA,160,0.9239999999999998
sgd,Midnight12k,FedBN,TCGA-STAD_BR,STAD,161,0.8166666666666668
sgd,Midnight12k,FedBN,TCGA-CESC_C5,CESC,43,0.8923076923076924
sgd,Midnight12k,FedBN,TCGA-BRCA_C8,BRCA,46,0.9666666666666668
sgd,Midnight12k,FedBN,TCGA-COAD_CA,COAD,13,0.8
sgd,Midnight12k,FedBN,TCGA-STAD_CD,STAD,35,0.7818181818181819
sgd,Midnight12k,FedBN,TCGA-STAD_CG,STAD,56,0.6888888888888889
sgd,Midnight12k,FedBN,TCGA-COAD_CK,COAD,15,0.9714285714285715
sgd,Midnight12k,FedBN,TCGA-COAD_CM,COAD,48,0.9
sgd,Midnight12k,FedBN,TCGA-HNSC_CN,HNSC,42,0.9538461538461538
sgd,Midnight12k,FedBN,TCGA-HNSC_CQ,HNSC,26,0.888888888888889
sgd,Midnight12k,FedBN,TCGA-LGG_CS,LGG,14,0.9
sgd,Midnight12k,FedBN,TCGA-HNSC_CV,HNSC,94,0.7285714285714285
sgd,Midnight12k,FedBN,TCGA-COAD_D5,COAD,37,0.9
sgd,Midnight12k,FedBN,TCGA-HNSC_D6,HNSC,20,0.8333333333333334
sgd,Midnight12k,FedBN,TCGA-STAD_D7,STAD,41,0.7142857142857143
sgd,Midnight12k,FedBN,TCGA-BRCA_D8,BRCA,59,0.9411764705882353
sgd,Midnight12k,FedBN,TCGA-SKCM_D9,SKCM,8,0.9
sgd,Midnight12k,FedBN,TCGA-SKCM_DA,SKCM,16,0.8
sgd,Midnight12k,FedBN,TCGA-LGG_DB,LGG,38,0.7857142857142858
sgd,Midnight12k,FedBN,TCGA-LGG_DH,LGG,10,1.0
sgd,Midnight12k,FedBN,TCGA-COAD_DM,COAD,17,0.9
sgd,Midnight12k,FedBN,TCGA-HNSC_DQ,HNSC,10,0.8
sgd,Midnight12k,FedBN,TCGA-CESC_DS,CESC,7,0.5333333333333333
sgd,Midnight12k,FedBN,TCGA-LGG_DU,LGG,60,0.8555555555555555
sgd,Midnight12k,FedBN,TCGA-LGG_E1,LGG,15,0.8800000000000001
sgd,Midnight12k,FedBN,TCGA-BRCA_E2,BRCA,70,0.8476190476190476
sgd,Midnight12k,FedBN,TCGA-BRCA_E9,BRCA,44,0.8923076923076924
sgd,Midnight12k,FedBN,TCGA-CESC_EA,CESC,18,0.9666666666666668
sgd,Midnight12k,FedBN,TCGA-SKCM_EB,SKCM,32,0.8181818181818181
sgd,Midnight12k,FedBN,TCGA-SKCM_EE,SKCM,60,0.9789473684210526
sgd,Midnight12k,FedBN,TCGA-SKCM_ER,SKCM,27,1.0
sgd,Midnight12k,FedBN,TCGA-BRCA_EW,BRCA,30,0.888888888888889
sgd,Midnight12k,FedBN,TCGA-COAD_F4,COAD,21,1.0
sgd,Midnight12k,FedBN,TCGA-HNSC_F7,HNSC,9,0.9333333333333332
sgd,Midnight12k,FedBN,TCGA-PAAD_FB,PAAD,11,0.8800000000000001
sgd,Midnight12k,FedBN,TCGA-LGG_FG,LGG,46,0.9
sgd,Midnight12k,FedBN,TCGA-STAD_FP,STAD,9,1.0
sgd,Midnight12k,FedBN,TCGA-SKCM_FR,SKCM,7,0.4666666666666666
sgd,Midnight12k,FedBN,TCGA-CESC_FU,CESC,10,0.85
sgd,Midnight12k,FedBN,TCGA-COAD_G4,COAD,33,1.0
sgd,Midnight12k,FedBN,TCGA-BRCA_GM,BRCA,14,0.9
sgd,Midnight12k,FedBN,TCGA-SKCM_GN,SKCM,7,0.9
sgd,Midnight12k,FedBN,TCGA-HNSC_HD,HNSC,10,0.9
sgd,Midnight12k,FedBN,TCGA-STAD_HF,STAD,7,0.8
sgd,Midnight12k,FedBN,TCGA-LGG_HT,LGG,207,0.7967213114754099
sgd,Midnight12k,FedBN,TCGA-STAD_HU,STAD,26,0.925
sgd,Midnight12k,FedBN,TCGA-LGG_HW,LGG,10,0.95
sgd,Midnight12k,FedBN,TCGA-PAAD_HZ,PAAD,21,0.8857142857142858
sgd,Midnight12k,FedBN,TCGA-PAAD_IB,PAAD,27,0.8666666666666666
sgd,Midnight12k,FedBN,TCGA-STAD_IN,STAD,13,0.9
sgd,Midnight12k,FedBN,TCGA-HNSC_IQ,HNSC,9,0.8
sgd,Midnight12k,FedBN,TCGA-BRCA_LL,BRCA,13,0.8400000000000001
sgd,Midnight12k,FedBN,TCGA-LUAD_MP,LUAD,13,0.72
sgd,Midnight12k,FedBN,TCGA-CESC_MY,CESC,7,0.8
sgd,Midnight12k,FedBN,TCGA-BRCA_OL,BRCA,16,0.76
sgd,Midnight12k,FedBN,TCGA-HNSC_P3,HNSC,10,0.6
sgd,Midnight12k,FedBN,TCGA-LGG_P5,LGG,9,0.9
sgd,Midnight12k,FedBN,TCGA-CESC_Q1,CESC,7,1.0
sgd,Midnight12k,FedBN,TCGA-LGG_QH,LGG,14,1.0
sgd,Midnight12k,FedBN,TCGA-HNSC_QK,HNSC,15,0.68
sgd,Midnight12k,FedBN,TCGA-LGG_R8,LGG,16,0.8636363636363636
sgd,Midnight12k,FedBN,TCGA-STAD_RD,STAD,9,1.0
sgd,Midnight12k,FedBN,TCGA-BRCA_S3,BRCA,7,0.9
sgd,Midnight12k,FedBN,TCGA-LGG_S9,LGG,33,0.890909090909091
sgd,Midnight12k,FedBN,TCGA-LGG_TM,LGG,17,0.925
sgd,Midnight12k,FedBN,TCGA-LGG_TQ,LGG,12,0.96
sgd,Midnight12k,FedBN,TCGA-HNSC_UF,HNSC,12,0.96
sgd,Midnight12k,FedBN,TCGA-LGG_VM,LGG,43,0.9259259259259259
sgd,Midnight12k,FedBN,TCGA-STAD_VQ,STAD,46,0.7066666666666668
sgd,Midnight12k,FedBN,TCGA-CESC_VS,CESC,37,0.7666666666666667
sgd,Midnight12k,FedBN,TCGA-PAAD_XD,PAAD,4,0.9400000000000001
sgd,Midnight12k,FedBN,TCGA-CESC_ZJ,CESC,11,0.8
sgd,Midnight12k,FedProx,TCGA-LUAD_05,LUAD,16,1.0
sgd,Midnight12k,FedProx,TCGA-PAAD_2J,PAAD,11,1.0
sgd,Midnight12k,FedProx,TCGA-LUAD_38,LUAD,7,1.0
sgd,Midnight12k,FedProx,TCGA-PAAD_3A,PAAD,11,1.0
sgd,Midnight12k,FedProx,TCGA-LUAD_44,LUAD,31,1.0
sgd,Midnight12k,FedProx,TCGA-LUAD_49,LUAD,47,1.0
sgd,Midnight12k,FedProx,TCGA-LUAD_50,LUAD,12,1.0
sgd,Midnight12k,FedProx,TCGA-LUAD_55,LUAD,63,1.0
sgd,Midnight12k,FedProx,TCGA-LUAD_64,LUAD,8,0.7333333333333332
sgd,Midnight12k,FedProx,TCGA-LUAD_69,LUAD,10,1.0
sgd,Midnight12k,FedProx,TCGA-LUAD_73,LUAD,8,1.0
sgd,Midnight12k,FedProx,TCGA-LUAD_75,LUAD,11,1.0
sgd,Midnight12k,FedProx,TCGA-LUAD_78,LUAD,21,1.0
sgd,Midnight12k,FedProx,TCGA-LUAD_86,LUAD,23,1.0
sgd,Midnight12k,FedProx,TCGA-LUAD_95,LUAD,7,1.0
sgd,Midnight12k,FedProx,TCGA-LUAD_97,LUAD,16,1.0
sgd,Midnight12k,FedProx,TCGA-BRCA_A1,BRCA,18,1.0
sgd,Midnight12k,FedProx,TCGA-BRCA_A2,BRCA,116,1.0
sgd,Midnight12k,FedProx,TCGA-COAD_A6,COAD,76,0.8833333333333332
sgd,Midnight12k,FedProx,TCGA-BRCA_A7,BRCA,47,0.8454545454545455
sgd,Midnight12k,FedProx,TCGA-BRCA_A8,BRCA,116,1.0
sgd,Midnight12k,FedProx,TCGA-COAD_AA,COAD,255,0.6641975308641974
sgd,Midnight12k,FedProx,TCGA-BRCA_AC,BRCA,35,0.6153846153846153
sgd,Midnight12k,FedProx,TCGA-COAD_AD,COAD,12,0.5
sgd,Midnight12k,FedProx,TCGA-BRCA_AN,BRCA,54,1.0
sgd,Midnight12k,FedProx,TCGA-BRCA_AO,BRCA,59,1.0
sgd,Midnight12k,FedProx,TCGA-BRCA_AQ,BRCA,9,1.0
sgd,Midnight12k,FedProx,TCGA-BRCA_AR,BRCA,58,1.0
sgd,Midnight12k,FedProx,TCGA-COAD_AY,COAD,10,1.0
sgd,Midnight12k,FedProx,TCGA-COAD_AZ,COAD,26,0.8400000000000001
sgd,Midnight12k,FedProx,TCGA-BRCA_B6,BRCA,68,0.9652173913043478
sgd,Midnight12k,FedProx,TCGA-HNSC_BA,HNSC,21,0.6
sgd,Midnight12k,FedProx,TCGA-HNSC_BB,HNSC,14,0.76
sgd,Midnight12k,FedProx,TCGA-SKCM_BF,SKCM,13,0.8800000000000001
sgd,Midnight12k,FedProx,TCGA-BRCA_BH,BRCA,160,1.0
sgd,Midnight12k,FedProx,TCGA-STAD_BR,STAD,161,0.4791666666666667
sgd,Midnight12k,FedProx,TCGA-CESC_C5,CESC,43,1.0
sgd,Midnight12k,FedProx,TCGA-BRCA_C8,BRCA,46,1.0
sgd,Midnight12k,FedProx,TCGA-COAD_CA,COAD,13,0.75
sgd,Midnight12k,FedProx,TCGA-STAD_CD,STAD,35,0.4545454545454545
sgd,Midnight12k,FedProx,TCGA-STAD_CG,STAD,56,0.3888888888888889
sgd,Midnight12k,FedProx,TCGA-COAD_CK,COAD,15,0.8285714285714285
sgd,Midnight12k,FedProx,TCGA-COAD_CM,COAD,48,0.7777777777777778
sgd,Midnight12k,FedProx,TCGA-HNSC_CN,HNSC,42,0.9384615384615385
sgd,Midnight12k,FedProx,TCGA-HNSC_CQ,HNSC,26,1.0
sgd,Midnight12k,FedProx,TCGA-LGG_CS,LGG,14,1.0
sgd,Midnight12k,FedProx,TCGA-HNSC_CV,HNSC,94,0.9285714285714286
sgd,Midnight12k,FedProx,TCGA-COAD_D5,COAD,37,0.96
sgd,Midnight12k,FedProx,TCGA-HNSC_D6,HNSC,20,0.9333333333333333
sgd,Midnight12k,FedProx,TCGA-STAD_D7,STAD,41,0.3571428571428571
sgd,Midnight12k,FedProx,TCGA-BRCA_D8,BRCA,59,0.9529411764705884
sgd,Midnight12k,FedProx,TCGA-SKCM_D9,SKCM,8,0.6
sgd,Midnight12k,FedProx,TCGA-SKCM_DA,SKCM,16,0.96
sgd,Midnight12k,FedProx,TCGA-LGG_DB,LGG,38,1.0
sgd,Midnight12k,FedProx,TCGA-LGG_DH,LGG,10,1.0
sgd,Midnight12k,FedProx,TCGA-COAD_DM,COAD,17,0.0
sgd,Midnight12k,FedProx,TCGA-HNSC_DQ,HNSC,10,0.7
sgd,Midnight12k,FedProx,TCGA-CESC_DS,CESC,7,1.0
sgd,Midnight12k,FedProx,TCGA-LGG_DU,LGG,60,1.0
sgd,Midnight12k,FedProx,TCGA-LGG_E1,LGG,15,1.0
sgd,Midnight12k,FedProx,TCGA-BRCA_E2,BRCA,70,0.9714285714285715
sgd,Midnight12k,FedProx,TCGA-BRCA_E9,BRCA,44,0.9538461538461538
sgd,Midnight12k,FedProx,TCGA-CESC_EA,CESC,18,1.0
sgd,Midnight12k,FedProx,TCGA-SKCM_EB,SKCM,32,0.909090909090909
sgd,Midnight12k,FedProx,TCGA-SKCM_EE,SKCM,60,1.0
sgd,Midnight12k,FedProx,TCGA-SKCM_ER,SKCM,27,1.0
sgd,Midnight12k,FedProx,TCGA-BRCA_EW,BRCA,30,1.0
sgd,Midnight12k,FedProx,TCGA-COAD_F4,COAD,21,0.9
sgd,Midnight12k,FedProx,TCGA-HNSC_F7,HNSC,9,1.0
sgd,Midnight12k,FedProx,TCGA-PAAD_FB,PAAD,11,1.0
sgd,Midnight12k,FedProx,TCGA-LGG_FG,LGG,46,1.0
sgd,Midnight12k,FedProx,TCGA-STAD_FP,STAD,9,0.6666666666666666
sgd,Midnight12k,FedProx,TCGA-SKCM_FR,SKCM,7,1.0
sgd,Midnight12k,FedProx,TCGA-CESC_FU,CESC,10,0.75
sgd,Midnight12k,FedProx,TCGA-COAD_G4,COAD,33,0.7538461538461538
sgd,Midnight12k,FedProx,TCGA-BRCA_GM,BRCA,14,1.0
sgd,Midnight12k,FedProx,TCGA-SKCM_GN,SKCM,7,1.0
sgd,Midnight12k,FedProx,TCGA-HNSC_HD,HNSC,10,0.75
sgd,Midnight12k,FedProx,TCGA-STAD_HF,STAD,7,0.2
sgd,Midnight12k,FedProx,TCGA-LGG_HT,LGG,207,1.0
sgd,Midnight12k,FedProx,TCGA-STAD_HU,STAD,26,0.975
sgd,Midnight12k,FedProx,TCGA-LGG_HW,LGG,10,1.0
sgd,Midnight12k,FedProx,TCGA-PAAD_HZ,PAAD,21,1.0
sgd,Midnight12k,FedProx,TCGA-PAAD_IB,PAAD,27,1.0
sgd,Midnight12k,FedProx,TCGA-STAD_IN,STAD,13,1.0
sgd,Midnight12k,FedProx,TCGA-HNSC_IQ,HNSC,9,1.0
sgd,Midnight12k,FedProx,TCGA-BRCA_LL,BRCA,13,0.8799999999999999
sgd,Midnight12k,FedProx,TCGA-LUAD_MP,LUAD,13,0.8
sgd,Midnight12k,FedProx,TCGA-CESC_MY,CESC,7,1.0
sgd,Midnight12k,FedProx,TCGA-BRCA_OL,BRCA,16,1.0
sgd,Midnight12k,FedProx,TCGA-HNSC_P3,HNSC,10,1.0
sgd,Midnight12k,FedProx,TCGA-LGG_P5,LGG,9,1.0
sgd,Midnight12k,FedProx,TCGA-CESC_Q1,CESC,7,1.0
sgd,Midnight12k,FedProx,TCGA-LGG_QH,LGG,14,1.0
sgd,Midnight12k,FedProx,TCGA-HNSC_QK,HNSC,15,0.8
sgd,Midnight12k,FedProx,TCGA-LGG_R8,LGG,16,1.0
sgd,Midnight12k,FedProx,TCGA-STAD_RD,STAD,9,0.9
sgd,Midnight12k,FedProx,TCGA-BRCA_S3,BRCA,7,1.0
sgd,Midnight12k,FedProx,TCGA-LGG_S9,LGG,33,1.0
sgd,Midnight12k,FedProx,TCGA-LGG_TM,LGG,17,1.0
sgd,Midnight12k,FedProx,TCGA-LGG_TQ,LGG,12,1.0
sgd,Midnight12k,FedProx,TCGA-HNSC_UF,HNSC,12,1.0
sgd,Midnight12k,FedProx,TCGA-LGG_VM,LGG,43,1.0
sgd,Midnight12k,FedProx,TCGA-STAD_VQ,STAD,46,0.8
sgd,Midnight12k,FedProx,TCGA-CESC_VS,CESC,37,0.85
sgd,Midnight12k,FedProx,TCGA-PAAD_XD,PAAD,4,0.9
sgd,Midnight12k,FedProx,TCGA-CESC_ZJ,CESC,11,1.0
sgd,Midnight12k,SCAFFOLD,TCGA-LUAD_05,LUAD,16,1.0
sgd,Midnight12k,SCAFFOLD,TCGA-PAAD_2J,PAAD,11,1.0
sgd,Midnight12k,SCAFFOLD,TCGA-LUAD_38,LUAD,7,1.0
sgd,Midnight12k,SCAFFOLD,TCGA-PAAD_3A,PAAD,11,1.0
sgd,Midnight12k,SCAFFOLD,TCGA-LUAD_44,LUAD,31,1.0
sgd,Midnight12k,SCAFFOLD,TCGA-LUAD_49,LUAD,47,1.0
sgd,Midnight12k,SCAFFOLD,TCGA-LUAD_50,LUAD,12,1.0
sgd,Midnight12k,SCAFFOLD,TCGA-LUAD_55,LUAD,63,1.0
sgd,Midnight12k,SCAFFOLD,TCGA-LUAD_64,LUAD,8,1.0
sgd,Midnight12k,SCAFFOLD,TCGA-LUAD_69,LUAD,10,1.0
sgd,Midnight12k,SCAFFOLD,TCGA-LUAD_73,LUAD,8,1.0
sgd,Midnight12k,SCAFFOLD,TCGA-LUAD_75,LUAD,11,1.0
sgd,Midnight12k,SCAFFOLD,TCGA-LUAD_78,LUAD,21,1.0
sgd,Midnight12k,SCAFFOLD,TCGA-LUAD_86,LUAD,23,1.0
sgd,Midnight12k,SCAFFOLD,TCGA-LUAD_95,LUAD,7,1.0
sgd,Midnight12k,SCAFFOLD,TCGA-LUAD_97,LUAD,16,1.0
sgd,Midnight12k,SCAFFOLD,TCGA-BRCA_A1,BRCA,18,1.0
sgd,Midnight12k,SCAFFOLD,TCGA-BRCA_A2,BRCA,116,1.0
sgd,Midnight12k,SCAFFOLD,TCGA-COAD_A6,COAD,76,0.925
sgd,Midnight12k,SCAFFOLD,TCGA-BRCA_A7,BRCA,47,0.8818181818181818
sgd,Midnight12k,SCAFFOLD,TCGA-BRCA_A8,BRCA,116,1.0
sgd,Midnight12k,SCAFFOLD,TCGA-COAD_AA,COAD,255,0.6814814814814814
sgd,Midnight12k,SCAFFOLD,TCGA-BRCA_AC,BRCA,35,0.6923076923076923
sgd,Midnight12k,SCAFFOLD,TCGA-COAD_AD,COAD,12,0.85
sgd,Midnight12k,SCAFFOLD,TCGA-BRCA_AN,BRCA,54,1.0
sgd,Midnight12k,SCAFFOLD,TCGA-BRCA_AO,BRCA,59,1.0
sgd,Midnight12k,SCAFFOLD,TCGA-BRCA_AQ,BRCA,9,1.0
sgd,Midnight12k,SCAFFOLD,TCGA-BRCA_AR,BRCA,58,1.0
sgd,Midnight12k,SCAFFOLD,TCGA-COAD_AY,COAD,10,1.0
sgd,Midnight12k,SCAFFOLD,TCGA-COAD_AZ,COAD,26,1.0
sgd,Midnight12k,SCAFFOLD,TCGA-BRCA_B6,BRCA,68,1.0
sgd,Midnight12k,SCAFFOLD,TCGA-HNSC_BA,HNSC,21,0.5714285714285714
sgd,Midnight12k,SCAFFOLD,TCGA-HNSC_BB,HNSC,14,0.6
sgd,Midnight12k,SCAFFOLD,TCGA-SKCM_BF,SKCM,13,0.8400000000000001
sgd,Midnight12k,SCAFFOLD,TCGA-BRCA_BH,BRCA,160,1.0
sgd,Midnight12k,SCAFFOLD,TCGA-STAD_BR,STAD,161,0.19999999999999998
sgd,Midnight12k,SCAFFOLD,TCGA-CESC_C5,CESC,43,1.0
sgd,Midnight12k,SCAFFOLD,TCGA-BRCA_C8,BRCA,46,1.0
sgd,Midnight12k,SCAFFOLD,TCGA-COAD_CA,COAD,13,0.95
sgd,Midnight12k,SCAFFOLD,TCGA-STAD_CD,STAD,35,0.32727272727272727
sgd,Midnight12k,SCAFFOLD,TCGA-STAD_CG,STAD,56,0.16666666666666669
sgd,Midnight12k,SCAFFOLD,TCGA-COAD_CK,COAD,15,0.8857142857142858
sgd,Midnight12k,SCAFFOLD,TCGA-COAD_CM,COAD,48,0.9444444444444444
sgd,Midnight12k,SCAFFOLD,TCGA-HNSC_CN,HNSC,42,0.8769230769230768
sgd,Midnight12k,SCAFFOLD,TCGA-HNSC_CQ,HNSC,26,1.0
sgd,Midnight12k,SCAFFOLD,TCGA-LGG_CS,LGG,14,1.0
sgd,Midnight12k,SCAFFOLD,TCGA-HNSC_CV,HNSC,94,0.9285714285714286
sgd,Midnight12k,SCAFFOLD,TCGA-COAD_D5,COAD,37,1.0
sgd,Midnight12k,SCAFFOLD,TCGA-HNSC_D6,HNSC,20,1.0
sgd,Midnight12k,SCAFFOLD,TCGA-STAD_D7,STAD,41,0.1571428571428571
sgd,Midnight12k,SCAFFOLD,TCGA-BRCA_D8,BRCA,59,1.0
sgd,Midnight12k,SCAFFOLD,TCGA-SKCM_D9,SKCM,8,0.8
sgd,Midnight12k,SCAFFOLD,TCGA-SKCM_DA,SKCM,16,0.8
sgd,Midnight12k,SCAFFOLD,TCGA-LGG_DB,LGG,38,1.0
sgd,Midnight12k,SCAFFOLD,TCGA-LGG_DH,LGG,10,1.0
sgd,Midnight12k,SCAFFOLD,TCGA-COAD_DM,COAD,17,0.0
sgd,Midnight12k,SCAFFOLD,TCGA-HNSC_DQ,HNSC,10,0.55
sgd,Midnight12k,SCAFFOLD,TCGA-CESC_DS,CESC,7,1.0
sgd,Midnight12k,SCAFFOLD,TCGA-LGG_DU,LGG,60,1.0
sgd,Midnight12k,SCAFFOLD,TCGA-LGG_E1,LGG,15,1.0
sgd,Midnight12k,SCAFFOLD,TCGA-BRCA_E2,BRCA,70,1.0
sgd,Midnight12k,SCAFFOLD,TCGA-BRCA_E9,BRCA,44,1.0
sgd,Midnight12k,SCAFFOLD,TCGA-CESC_EA,CESC,18,1.0
sgd,Midnight12k,SCAFFOLD,TCGA-SKCM_EB,SKCM,32,0.909090909090909
sgd,Midnight12k,SCAFFOLD,TCGA-SKCM_EE,SKCM,60,0.9473684210526315
sgd,Midnight12k,SCAFFOLD,TCGA-SKCM_ER,SKCM,27,1.0
sgd,Midnight12k,SCAFFOLD,TCGA-BRCA_EW,BRCA,30,1.0
sgd,Midnight12k,SCAFFOLD,TCGA-COAD_F4,COAD,21,1.0
sgd,Midnight12k,SCAFFOLD,TCGA-HNSC_F7,HNSC,9,1.0
sgd,Midnight12k,SCAFFOLD,TCGA-PAAD_FB,PAAD,11,0.4
sgd,Midnight12k,SCAFFOLD,TCGA-LGG_FG,LGG,46,1.0
sgd,Midnight12k,SCAFFOLD,TCGA-STAD_FP,STAD,9,0.6666666666666666
sgd,Midnight12k,SCAFFOLD,TCGA-SKCM_FR,SKCM,7,1.0
sgd,Midnight12k,SCAFFOLD,TCGA-CESC_FU,CESC,10,0.65
sgd,Midnight12k,SCAFFOLD,TCGA-COAD_G4,COAD,33,0.8923076923076924
sgd,Midnight12k,SCAFFOLD,TCGA-BRCA_GM,BRCA,14,1.0
sgd,Midnight12k,SCAFFOLD,TCGA-SKCM_GN,SKCM,7,1.0
sgd,Midnight12k,SCAFFOLD,TCGA-HNSC_HD,HNSC,10,0.75
sgd,Midnight12k,SCAFFOLD,TCGA-STAD_HF,STAD,7,0.0
sgd,Midnight12k,SCAFFOLD,TCGA-LGG_HT,LGG,207,1.0
sgd,Midnight12k,SCAFFOLD,TCGA-STAD_HU,STAD,26,0.75
sgd,Midnight12k,SCAFFOLD,TCGA-LGG_HW,LGG,10,1.0
sgd,Midnight12k,SCAFFOLD,TCGA-PAAD_HZ,PAAD,21,0.8571428571428571
sgd,Midnight12k,SCAFFOLD,TCGA-PAAD_IB,PAAD,27,1.0
sgd,Midnight12k,SCAFFOLD,TCGA-STAD_IN,STAD,13,0.6000000000000001
sgd,Midnight12k,SCAFFOLD,TCGA-HNSC_IQ,HNSC,9,1.0
sgd,Midnight12k,SCAFFOLD,TCGA-BRCA_LL,BRCA,13,1.0
sgd,Midnight12k,SCAFFOLD,TCGA-LUAD_MP,LUAD,13,0.8
sgd,Midnight12k,SCAFFOLD,TCGA-CESC_MY,CESC,7,1.0
sgd,Midnight12k,SCAFFOLD,TCGA-BRCA_OL,BRCA,16,1.0
sgd,Midnight12k,SCAFFOLD,TCGA-HNSC_P3,HNSC,10,1.0
sgd,Midnight12k,SCAFFOLD,TCGA-LGG_P5,LGG,9,1.0
sgd,Midnight12k,SCAFFOLD,TCGA-CESC_Q1,CESC,7,1.0
sgd,Midnight12k,SCAFFOLD,TCGA-LGG_QH,LGG,14,1.0
sgd,Midnight12k,SCAFFOLD,TCGA-HNSC_QK,HNSC,15,0.8
sgd,Midnight12k,SCAFFOLD,TCGA-LGG_R8,LGG,16,1.0
sgd,Midnight12k,SCAFFOLD,TCGA-STAD_RD,STAD,9,0.25
sgd,Midnight12k,SCAFFOLD,TCGA-BRCA_S3,BRCA,7,1.0
sgd,Midnight12k,SCAFFOLD,TCGA-LGG_S9,LGG,33,1.0
sgd,Midnight12k,SCAFFOLD,TCGA-LGG_TM,LGG,17,1.0
sgd,Midnight12k,SCAFFOLD,TCGA-LGG_TQ,LGG,12,1.0
sgd,Midnight12k,SCAFFOLD,TCGA-HNSC_UF,HNSC,12,1.0
sgd,Midnight12k,SCAFFOLD,TCGA-LGG_VM,LGG,43,1.0
sgd,Midnight12k,SCAFFOLD,TCGA-STAD_VQ,STAD,46,0.29333333333333333
sgd,Midnight12k,SCAFFOLD,TCGA-CESC_VS,CESC,37,0.75
sgd,Midnight12k,SCAFFOLD,TCGA-PAAD_XD,PAAD,4,0.9
sgd,Midnight12k,SCAFFOLD,TCGA-CESC_ZJ,CESC,11,1.0
sgd,Phikon_v2,FedAvg,TCGA-LUAD_05,LUAD,16,1.0
sgd,Phikon_v2,FedAvg,TCGA-PAAD_2J,PAAD,11,1.0
sgd,Phikon_v2,FedAvg,TCGA-LUAD_38,LUAD,7,1.0
sgd,Phikon_v2,FedAvg,TCGA-PAAD_3A,PAAD,11,1.0
sgd,Phikon_v2,FedAvg,TCGA-LUAD_44,LUAD,31,1.0
sgd,Phikon_v2,FedAvg,TCGA-LUAD_49,LUAD,47,1.0
sgd,Phikon_v2,FedAvg,TCGA-LUAD_50,LUAD,12,1.0
sgd,Phikon_v2,FedAvg,TCGA-LUAD_55,LUAD,63,1.0
sgd,Phikon_v2,FedAvg,TCGA-LUAD_64,LUAD,8,1.0
sgd,Phikon_v2,FedAvg,TCGA-LUAD_69,LUAD,10,1.0
sgd,Phikon_v2,FedAvg,TCGA-LUAD_73,LUAD,8,1.0
sgd,Phikon_v2,FedAvg,TCGA-LUAD_75,LUAD,11,1.0
sgd,Phikon_v2,FedAvg,TCGA-LUAD_78,LUAD,21,1.0
sgd,Phikon_v2,FedAvg,TCGA-LUAD_86,LUAD,23,1.0
sgd,Phikon_v2,FedAvg,TCGA-LUAD_95,LUAD,7,1.0
sgd,Phikon_v2,FedAvg,TCGA-LUAD_97,LUAD,16,1.0
sgd,Phikon_v2,FedAvg,TCGA-BRCA_A1,BRCA,18,1.0
sgd,Phikon_v2,FedAvg,TCGA-BRCA_A2,BRCA,116,1.0
sgd,Phikon_v2,FedAvg,TCGA-COAD_A6,COAD,76,0.85
sgd,Phikon_v2,FedAvg,TCGA-BRCA_A7,BRCA,47,0.9636363636363636
sgd,Phikon_v2,FedAvg,TCGA-BRCA_A8,BRCA,116,1.0
sgd,Phikon_v2,FedAvg,TCGA-COAD_AA,COAD,255,0.9234567901234566
sgd,Phikon_v2,FedAvg,TCGA-BRCA_AC,BRCA,35,0.7230769230769232
sgd,Phikon_v2,FedAvg,TCGA-COAD_AD,COAD,12,0.5
sgd,Phikon_v2,FedAvg,TCGA-BRCA_AN,BRCA,54,1.0
sgd,Phikon_v2,FedAvg,TCGA-BRCA_AO,BRCA,59,1.0
sgd,Phikon_v2,FedAvg,TCGA-BRCA_AQ,BRCA,9,1.0
sgd,Phikon_v2,FedAvg,TCGA-BRCA_AR,BRCA,58,1.0
sgd,Phikon_v2,FedAvg,TCGA-COAD_AY,COAD,10,1.0
sgd,Phikon_v2,FedAvg,TCGA-COAD_AZ,COAD,26,0.9199999999999999
sgd,Phikon_v2,FedAvg,TCGA-BRCA_B6,BRCA,68,1.0
sgd,Phikon_v2,FedAvg,TCGA-HNSC_BA,HNSC,21,1.0
sgd,Phikon_v2,FedAvg,TCGA-HNSC_BB,HNSC,14,1.0
sgd,Phikon_v2,FedAvg,TCGA-SKCM_BF,SKCM,13,1.0
sgd,Phikon_v2,FedAvg,TCGA-BRCA_BH,BRCA,160,1.0
sgd,Phikon_v2,FedAvg,TCGA-STAD_BR,STAD,161,0.8208333333333334
sgd,Phikon_v2,FedAvg,TCGA-CESC_C5,CESC,43,1.0
sgd,Phikon_v2,FedAvg,TCGA-BRCA_C8,BRCA,46,1.0
sgd,Phikon_v2,FedAvg,TCGA-COAD_CA,COAD,13,0.8
sgd,Phikon_v2,FedAvg,TCGA-STAD_CD,STAD,35,0.9272727272727274
sgd,Phikon_v2,FedAvg,TCGA-STAD_CG,STAD,56,0.6111111111111112
sgd,Phikon_v2,FedAvg,TCGA-COAD_CK,COAD,15,1.0
sgd,Phikon_v2,FedAvg,TCGA-COAD_CM,COAD,48,0.9222222222222222
sgd,Phikon_v2,FedAvg,TCGA-HNSC_CN,HNSC,42,1.0
sgd,Phikon_v2,FedAvg,TCGA-HNSC_CQ,HNSC,26,1.0
sgd,Phikon_v2,FedAvg,TCGA-LGG_CS,LGG,14,1.0
sgd,Phikon_v2,FedAvg,TCGA-HNSC_CV,HNSC,94,0.9357142857142857
sgd,Phikon_v2,FedAvg,TCGA-COAD_D5,COAD,37,0.9
sgd,Phikon_v2,FedAvg,TCGA-HNSC_D6,HNSC,20,0.9666666666666666
sgd,Phikon_v2,FedAvg,TCGA-STAD_D7,STAD,41,0.5
sgd,Phikon_v2,FedAvg,TCGA-BRCA_D8,BRCA,59,1.0
sgd,Phikon_v2,FedAvg,TCGA-SKCM_D9,SKCM,8,1.0
sgd,Phikon_v2,FedAvg,TCGA-SKCM_DA,SKCM,16,1.0
sgd,Phikon_v2,FedAvg,TCGA-LGG_DB,LGG,38,1.0
sgd,Phikon_v2,FedAvg,TCGA-LGG_DH,LGG,10,1.0
sgd,Phikon_v2,FedAvg,TCGA-COAD_DM,COAD,17,0.475
sgd,Phikon_v2,FedAvg,TCGA-HNSC_DQ,HNSC,10,1.0
sgd,Phikon_v2,FedAvg,TCGA-CESC_DS,CESC,7,1.0
sgd,Phikon_v2,FedAvg,TCGA-LGG_DU,LGG,60,1.0
sgd,Phikon_v2,FedAvg,TCGA-LGG_E1,LGG,15,1.0
sgd,Phikon_v2,FedAvg,TCGA-BRCA_E2,BRCA,70,1.0
sgd,Phikon_v2,FedAvg,TCGA-BRCA_E9,BRCA,44,0.9846153846153847
sgd,Phikon_v2,FedAvg,TCGA-CESC_EA,CESC,18,1.0
sgd,Phikon_v2,FedAvg,TCGA-SKCM_EB,SKCM,32,1.0
sgd,Phikon_v2,FedAvg,TCGA-SKCM_EE,SKCM,60,1.0
sgd,Phikon_v2,FedAvg,TCGA-SKCM_ER,SKCM,27,1.0
sgd,Phikon_v2,FedAvg,TCGA-BRCA_EW,BRCA,30,1.0
sgd,Phikon_v2,FedAvg,TCGA-COAD_F4,COAD,21,0.875
sgd,Phikon_v2,FedAvg,TCGA-HNSC_F7,HNSC,9,0.8666666666666666
sgd,Phikon_v2,FedAvg,TCGA-PAAD_FB,PAAD,11,1.0
sgd,Phikon_v2,FedAvg,TCGA-LGG_FG,LGG,46,1.0
sgd,Phikon_v2,FedAvg,TCGA-STAD_FP,STAD,9,0.6666666666666666
sgd,Phikon_v2,FedAvg,TCGA-SKCM_FR,SKCM,7,0.6666666666666666
sgd,Phikon_v2,FedAvg,TCGA-CESC_FU,CESC,10,0.65
sgd,Phikon_v2,FedAvg,TCGA-COAD_G4,COAD,33,0.9538461538461538
sgd,Phikon_v2,FedAvg,TCGA-BRCA_GM,BRCA,14,1.0
sgd,Phikon_v2,FedAvg,TCGA-SKCM_GN,SKCM,7,1.0
sgd,Phikon_v2,FedAvg,TCGA-HNSC_HD,HNSC,10,0.75
sgd,Phikon_v2,FedAvg,TCGA-STAD_HF,STAD,7,1.0
sgd,Phikon_v2,FedAvg,TCGA-LGG_HT,LGG,207,1.0
sgd,Phikon_v2,FedAvg,TCGA-STAD_HU,STAD,26,0.9
sgd,Phikon_v2,FedAvg,TCGA-LGG_HW,LGG,10,1.0
sgd,Phikon_v2,FedAvg,TCGA-PAAD_HZ,PAAD,21,0.8857142857142858
sgd,Phikon_v2,FedAvg,TCGA-PAAD_IB,PAAD,27,1.0
sgd,Phikon_v2,FedAvg,TCGA-STAD_IN,STAD,13,1.0
sgd,Phikon_v2,FedAvg,TCGA-HNSC_IQ,HNSC,9,1.0
sgd,Phikon_v2,FedAvg,TCGA-BRCA_LL,BRCA,13,0.8400000000000001
sgd,Phikon_v2,FedAvg,TCGA-LUAD_MP,LUAD,13,1.0
sgd,Phikon_v2,FedAvg,TCGA-CESC_MY,CESC,7,0.96
sgd,Phikon_v2,FedAvg,TCGA-BRCA_OL,BRCA,16,1.0
sgd,Phikon_v2,FedAvg,TCGA-HNSC_P3,HNSC,10,1.0
sgd,Phikon_v2,FedAvg,TCGA-LGG_P5,LGG,9,1.0
sgd,Phikon_v2,FedAvg,TCGA-CESC_Q1,CESC,7,1.0
sgd,Phikon_v2,FedAvg,TCGA-LGG_QH,LGG,14,1.0
sgd,Phikon_v2,FedAvg,TCGA-HNSC_QK,HNSC,15,1.0
sgd,Phikon_v2,FedAvg,TCGA-LGG_R8,LGG,16,1.0
sgd,Phikon_v2,FedAvg,TCGA-STAD_RD,STAD,9,1.0
sgd,Phikon_v2,FedAvg,TCGA-BRCA_S3,BRCA,7,0.8
sgd,Phikon_v2,FedAvg,TCGA-LGG_S9,LGG,33,1.0
sgd,Phikon_v2,FedAvg,TCGA-LGG_TM,LGG,17,1.0
sgd,Phikon_v2,FedAvg,TCGA-LGG_TQ,LGG,12,1.0
sgd,Phikon_v2,FedAvg,TCGA-HNSC_UF,HNSC,12,1.0
sgd,Phikon_v2,FedAvg,TCGA-LGG_VM,LGG,43,1.0
sgd,Phikon_v2,FedAvg,TCGA-STAD_VQ,STAD,46,1.0
sgd,Phikon_v2,FedAvg,TCGA-CESC_VS,CESC,37,1.0
sgd,Phikon_v2,FedAvg,TCGA-PAAD_XD,PAAD,4,1.0
sgd,Phikon_v2,FedAvg,TCGA-CESC_ZJ,CESC,11,1.0
sgd,Phikon_v2,FedBN,TCGA-LUAD_05,LUAD,16,1.0
sgd,Phikon_v2,FedBN,TCGA-PAAD_2J,PAAD,11,1.0
sgd,Phikon_v2,FedBN,TCGA-LUAD_38,LUAD,7,0.9333333333333332
sgd,Phikon_v2,FedBN,TCGA-PAAD_3A,PAAD,11,1.0
sgd,Phikon_v2,FedBN,TCGA-LUAD_44,LUAD,31,1.0
sgd,Phikon_v2,FedBN,TCGA-LUAD_49,LUAD,47,1.0
sgd,Phikon_v2,FedBN,TCGA-LUAD_50,LUAD,12,1.0
sgd,Phikon_v2,FedBN,TCGA-LUAD_55,LUAD,63,1.0
sgd,Phikon_v2,FedBN,TCGA-LUAD_64,LUAD,8,1.0
sgd,Phikon_v2,FedBN,TCGA-LUAD_69,LUAD,10,1.0
sgd,Phikon_v2,FedBN,TCGA-LUAD_73,LUAD,8,1.0
sgd,Phikon_v2,FedBN,TCGA-LUAD_75,LUAD,11,1.0
sgd,Phikon_v2,FedBN,TCGA-LUAD_78,LUAD,21,0.9714285714285715
sgd,Phikon_v2,FedBN,TCGA-LUAD_86,LUAD,23,0.975
sgd,Phikon_v2,FedBN,TCGA-LUAD_95,LUAD,7,0.8
sgd,Phikon_v2,FedBN,TCGA-LUAD_97,LUAD,16,1.0
sgd,Phikon_v2,FedBN,TCGA-BRCA_A1,BRCA,18,0.925
sgd,Phikon_v2,FedBN,TCGA-BRCA_A2,BRCA,116,1.0
sgd,Phikon_v2,FedBN,TCGA-COAD_A6,COAD,76,1.0
sgd,Phikon_v2,FedBN,TCGA-BRCA_A7,BRCA,47,0.9818181818181818
sgd,Phikon_v2,FedBN,TCGA-BRCA_A8,BRCA,116,1.0
sgd,Phikon_v2,FedBN,TCGA-COAD_AA,COAD,255,1.0
sgd,Phikon_v2,FedBN,TCGA-BRCA_AC,BRCA,35,0.9538461538461538
sgd,Phikon_v2,FedBN,TCGA-COAD_AD,COAD,12,0.85
sgd,Phikon_v2,FedBN,TCGA-BRCA_AN,BRCA,54,1.0
sgd,Phikon_v2,FedBN,TCGA-BRCA_AO,BRCA,59,0.9904761904761905
sgd,Phikon_v2,FedBN,TCGA-BRCA_AQ,BRCA,9,0.95
sgd,Phikon_v2,FedBN,TCGA-BRCA_AR,BRCA,58,1.0
sgd,Phikon_v2,FedBN,TCGA-COAD_AY,COAD,10,0.8666666666666666
sgd,Phikon_v2,FedBN,TCGA-COAD_AZ,COAD,26,0.9800000000000001
sgd,Phikon_v2,FedBN,TCGA-BRCA_B6,BRCA,68,0.9739130434782609
sgd,Phikon_v2,FedBN,TCGA-HNSC_BA,HNSC,21,0.9714285714285715
sgd,Phikon_v2,FedBN,TCGA-HNSC_BB,HNSC,14,0.8800000000000001
sgd,Phikon_v2,FedBN,TCGA-SKCM_BF,SKCM,13,1.0
sgd,Phikon_v2,FedBN,TCGA-BRCA_BH,BRCA,160,0.9960000000000001
sgd,Phikon_v2,FedBN,TCGA-STAD_BR,STAD,161,1.0
sgd,Phikon_v2,FedBN,TCGA-CESC_C5,CESC,43,1.0
sgd,Phikon_v2,FedBN,TCGA-BRCA_C8,BRCA,46,1.0
sgd,Phikon_v2,FedBN,TCGA-COAD_CA,COAD,13,0.85
sgd,Phikon_v2,FedBN,TCGA-STAD_CD,STAD,35,1.0
sgd,Phikon_v2,FedBN,TCGA-STAD_CG,STAD,56,0.9777777777777779
sgd,Phikon_v2,FedBN,TCGA-COAD_CK,COAD,15,1.0
sgd,Phikon_v2,FedBN,TCGA-COAD_CM,COAD,48,0.9888888888888889
sgd,Phikon_v2,FedBN,TCGA-HNSC_CN,HNSC,42,0.9846153846153847
sgd,Phikon_v2,FedBN,TCGA-HNSC_CQ,HNSC,26,0.9777777777777779
sgd,Phikon_v2,FedBN,TCGA-LGG_CS,LGG,14,0.85
sgd,Phikon_v2,FedBN,TCGA-HNSC_CV,HNSC,94,0.9857142857142858
sgd,Phikon_v2,FedBN,TCGA-COAD_D5,COAD,37,1.0
sgd,Phikon_v2,FedBN,TCGA-HNSC_D6,HNSC,20,0.9666666666666668
sgd,Phikon_v2,FedBN,TCGA-STAD_D7,STAD,41,0.9714285714285715
sgd,Phikon_v2,FedBN,TCGA-BRCA_D8,BRCA,59,1.0
sgd,Phikon_v2,FedBN,TCGA-SKCM_D9,SKCM,8,1.0
sgd,Phikon_v2,FedBN,TCGA-SKCM_DA,SKCM,16,1.0
sgd,Phikon_v2,FedBN,TCGA-LGG_DB,LGG,38,1.0
sgd,Phikon_v2,FedBN,TCGA-LGG_DH,LGG,10,1.0
sgd,Phikon_v2,FedBN,TCGA-COAD_DM,COAD,17,0.725
sgd,Phikon_v2,FedBN,TCGA-HNSC_DQ,HNSC,10,1.0
sgd,Phikon_v2,FedBN,TCGA-CESC_DS,CESC,7,0.9333333333333332
sgd,Phikon_v2,FedBN,TCGA-LGG_DU,LGG,60,1.0
sgd,Phikon_v2,FedBN,TCGA-LGG_E1,LGG,15,1.0
sgd,Phikon_v2,FedBN,TCGA-BRCA_E2,BRCA,70,1.0
sgd,Phikon_v2,FedBN,TCGA-BRCA_E9,BRCA,44,1.0
sgd,Phikon_v2,FedBN,TCGA-CESC_EA,CESC,18,1.0
sgd,Phikon_v2,FedBN,TCGA-SKCM_EB,SKCM,32,1.0
sgd,Phikon_v2,FedBN,TCGA-SKCM_EE,SKCM,60,1.0
sgd,Phikon_v2,FedBN,TCGA-SKCM_ER,SKCM,27,1.0
sgd,Phikon_v2,FedBN,TCGA-BRCA_EW,BRCA,30,1.0
sgd,Phikon_v2,FedBN,TCGA-COAD_F4,COAD,21,0.9
sgd,Phikon_v2,FedBN,TCGA-HNSC_F7,HNSC,9,0.8666666666666666
sgd,Phikon_v2,FedBN,TCGA-PAAD_FB,PAAD,11,1.0
sgd,Phikon_v2,FedBN,TCGA-LGG_FG,LGG,46,1.0
sgd,Phikon_v2,FedBN,TCGA-STAD_FP,STAD,9,0.9333333333333332
sgd,Phikon_v2,FedBN,TCGA-SKCM_FR,SKCM,7,1.0
sgd,Phikon_v2,FedBN,TCGA-CESC_FU,CESC,10,1.0
sgd,Phikon_v2,FedBN,TCGA-COAD_G4,COAD,33,0.9846153846153847
sgd,Phikon_v2,FedBN,TCGA-BRCA_GM,BRCA,14,0.95
sgd,Phikon_v2,FedBN,TCGA-SKCM_GN,SKCM,7,0.8
sgd,Phikon_v2,FedBN,TCGA-HNSC_HD,HNSC,10,0.85
sgd,Phikon_v2,FedBN,TCGA-STAD_HF,STAD,7,0.95
sgd,Phikon_v2,FedBN,TCGA-LGG_HT,LGG,207,1.0
sgd,Phikon_v2,FedBN,TCGA-STAD_HU,STAD,26,0.975
sgd,Phikon_v2,FedBN,TCGA-LGG_HW,LGG,10,1.0
sgd,Phikon_v2,FedBN,TCGA-PAAD_HZ,PAAD,21,0.9428571428571428
sgd,Phikon_v2,FedBN,TCGA-PAAD_IB,PAAD,27,0.9111111111111111
sgd,Phikon_v2,FedBN,TCGA-STAD_IN,STAD,13,0.9333333333333333
sgd,Phikon_v2,FedBN,TCGA-HNSC_IQ,HNSC,9,1.0
sgd,Phikon_v2,FedBN,TCGA-BRCA_LL,BRCA,13,0.8800000000000001
sgd,Phikon_v2,FedBN,TCGA-LUAD_MP,LUAD,13,0.8800000000000001
sgd,Phikon_v2,FedBN,TCGA-CESC_MY,CESC,7,0.8400000000000001
sgd,Phikon_v2,FedBN,TCGA-BRCA_OL,BRCA,16,1.0
sgd,Phikon_v2,FedBN,TCGA-HNSC_P3,HNSC,10,1.0
sgd,Phikon_v2,FedBN,TCGA-LGG_P5,LGG,9,1.0
sgd,Phikon_v2,FedBN,TCGA-CESC_Q1,CESC,7,1.0
sgd,Phikon_v2,FedBN,TCGA-LGG_QH,LGG,14,1.0
sgd,Phikon_v2,FedBN,TCGA-HNSC_QK,HNSC,15,0.8
sgd,Phikon_v2,FedBN,TCGA-LGG_R8,LGG,16,0.7909090909090909
sgd,Phikon_v2,FedBN,TCGA-STAD_RD,STAD,9,0.9
sgd,Phikon_v2,FedBN,TCGA-BRCA_S3,BRCA,7,0.9
sgd,Phikon_v2,FedBN,TCGA-LGG_S9,LGG,33,0.9818181818181818
sgd,Phikon_v2,FedBN,TCGA-LGG_TM,LGG,17,0.95
sgd,Phikon_v2,FedBN,TCGA-LGG_TQ,LGG,12,1.0
sgd,Phikon_v2,FedBN,TCGA-HNSC_UF,HNSC,12,0.8
sgd,Phikon_v2,FedBN,TCGA-LGG_VM,LGG,43,0.9555555555555555
sgd,Phikon_v2,FedBN,TCGA-STAD_VQ,STAD,46,0.9333333333333332
sgd,Phikon_v2,FedBN,TCGA-CESC_VS,CESC,37,0.9833333333333332
sgd,Phikon_v2,FedBN,TCGA-PAAD_XD,PAAD,4,1.0
sgd,Phikon_v2,FedBN,TCGA-CESC_ZJ,CESC,11,1.0
sgd,Phikon_v2,FedProx,TCGA-LUAD_05,LUAD,16,1.0
sgd,Phikon_v2,FedProx,TCGA-PAAD_2J,PAAD,11,1.0
sgd,Phikon_v2,FedProx,TCGA-LUAD_38,LUAD,7,1.0
sgd,Phikon_v2,FedProx,TCGA-PAAD_3A,PAAD,11,1.0
sgd,Phikon_v2,FedProx,TCGA-LUAD_44,LUAD,31,1.0
sgd,Phikon_v2,FedProx,TCGA-LUAD_49,LUAD,47,1.0
sgd,Phikon_v2,FedProx,TCGA-LUAD_50,LUAD,12,1.0
sgd,Phikon_v2,FedProx,TCGA-LUAD_55,LUAD,63,1.0
sgd,Phikon_v2,FedProx,TCGA-LUAD_64,LUAD,8,1.0
sgd,Phikon_v2,FedProx,TCGA-LUAD_69,LUAD,10,1.0
sgd,Phikon_v2,FedProx,TCGA-LUAD_73,LUAD,8,1.0
sgd,Phikon_v2,FedProx,TCGA-LUAD_75,LUAD,11,1.0
sgd,Phikon_v2,FedProx,TCGA-LUAD_78,LUAD,21,1.0
sgd,Phikon_v2,FedProx,TCGA-LUAD_86,LUAD,23,1.0
sgd,Phikon_v2,FedProx,TCGA-LUAD_95,LUAD,7,1.0
sgd,Phikon_v2,FedProx,TCGA-LUAD_97,LUAD,16,1.0
sgd,Phikon_v2,FedProx,TCGA-BRCA_A1,BRCA,18,1.0
sgd,Phikon_v2,FedProx,TCGA-BRCA_A2,BRCA,116,1.0
sgd,Phikon_v2,FedProx,TCGA-COAD_A6,COAD,76,0.85
sgd,Phikon_v2,FedProx,TCGA-BRCA_A7,BRCA,47,0.9727272727272727
sgd,Phikon_v2,FedProx,TCGA-BRCA_A8,BRCA,116,1.0
sgd,Phikon_v2,FedProx,TCGA-COAD_AA,COAD,255,0.9234567901234568
sgd,Phikon_v2,FedProx,TCGA-BRCA_AC,BRCA,35,0.7230769230769232
sgd,Phikon_v2,FedProx,TCGA-COAD_AD,COAD,12,0.5
sgd,Phikon_v2,FedProx,TCGA-BRCA_AN,BRCA,54,1.0
sgd,Phikon_v2,FedProx,TCGA-BRCA_AO,BRCA,59,1.0
sgd,Phikon_v2,FedProx,TCGA-BRCA_AQ,BRCA,9,1.0
sgd,Phikon_v2,FedProx,TCGA-BRCA_AR,BRCA,58,1.0
sgd,Phikon_v2,FedProx,TCGA-COAD_AY,COAD,10,1.0
sgd,Phikon_v2,FedProx,TCGA-COAD_AZ,COAD,26,0.9199999999999999
sgd,Phikon_v2,FedProx,TCGA-BRCA_B6,BRCA,68,1.0
sgd,Phikon_v2,FedProx,TCGA-HNSC_BA,HNSC,21,1.0
sgd,Phikon_v2,FedProx,TCGA-HNSC_BB,HNSC,14,1.0
sgd,Phikon_v2,FedProx,TCGA-SKCM_BF,SKCM,13,1.0
sgd,Phikon_v2,FedProx,TCGA-BRCA_BH,BRCA,160,1.0
sgd,Phikon_v2,FedProx,TCGA-STAD_BR,STAD,161,0.8166666666666667
sgd,Phikon_v2,FedProx,TCGA-CESC_C5,CESC,43,1.0
sgd,Phikon_v2,FedProx,TCGA-BRCA_C8,BRCA,46,1.0
sgd,Phikon_v2,FedProx,TCGA-COAD_CA,COAD,13,0.8
sgd,Phikon_v2,FedProx,TCGA-STAD_CD,STAD,35,0.9272727272727274
sgd,Phikon_v2,FedProx,TCGA-STAD_CG,STAD,56,0.6111111111111112
sgd,Phikon_v2,FedProx,TCGA-COAD_CK,COAD,15,0.9714285714285715
sgd,Phikon_v2,FedProx,TCGA-COAD_CM,COAD,48,0.9222222222222223
sgd,Phikon_v2,FedProx,TCGA-HNSC_CN,HNSC,42,1.0
sgd,Phikon_v2,FedProx,TCGA-HNSC_CQ,HNSC,26,1.0
sgd,Phikon_v2,FedProx,TCGA-LGG_CS,LGG,14,1.0
sgd,Phikon_v2,FedProx,TCGA-HNSC_CV,HNSC,94,0.9357142857142857
sgd,Phikon_v2,FedProx,TCGA-COAD_D5,COAD,37,0.9
sgd,Phikon_v2,FedProx,TCGA-HNSC_D6,HNSC,20,0.9666666666666668
sgd,Phikon_v2,FedProx,TCGA-STAD_D7,STAD,41,0.5
sgd,Phikon_v2,FedProx,TCGA-BRCA_D8,BRCA,59,1.0
sgd,Phikon_v2,FedProx,TCGA-SKCM_D9,SKCM,8,1.0
sgd,Phikon_v2,FedProx,TCGA-SKCM_DA,SKCM,16,1.0
sgd,Phikon_v2,FedProx,TCGA-LGG_DB,LGG,38,1.0
sgd,Phikon_v2,FedProx,TCGA-LGG_DH,LGG,10,1.0
sgd,Phikon_v2,FedProx,TCGA-COAD_DM,COAD,17,0.475
sgd,Phikon_v2,FedProx,TCGA-HNSC_DQ,HNSC,10,1.0
sgd,Phikon_v2,FedProx,TCGA-CESC_DS,CESC,7,1.0
sgd,Phikon_v2,FedProx,TCGA-LGG_DU,LGG,60,1.0
sgd,Phikon_v2,FedProx,TCGA-LGG_E1,LGG,15,1.0
sgd,Phikon_v2,FedProx,TCGA-BRCA_E2,BRCA,70,1.0
sgd,Phikon_v2,FedProx,TCGA-BRCA_E9,BRCA,44,0.9846153846153847
sgd,Phikon_v2,FedProx,TCGA-CESC_EA,CESC,18,1.0
sgd,Phikon_v2,FedProx,TCGA-SKCM_EB,SKCM,32,1.0
sgd,Phikon_v2,FedProx,TCGA-SKCM_EE,SKCM,60,1.0
sgd,Phikon_v2,FedProx,TCGA-SKCM_ER,SKCM,27,1.0
sgd,Phikon_v2,FedProx,TCGA-BRCA_EW,BRCA,30,1.0
sgd,Phikon_v2,FedProx,TCGA-COAD_F4,COAD,21,0.875
sgd,Phikon_v2,FedProx,TCGA-HNSC_F7,HNSC,9,0.8666666666666666
sgd,Phikon_v2,FedProx,TCGA-PAAD_FB,PAAD,11,1.0
sgd,Phikon_v2,FedProx,TCGA-LGG_FG,LGG,46,1.0
sgd,Phikon_v2,FedProx,TCGA-STAD_FP,STAD,9,0.6666666666666666
sgd,Phikon_v2,FedProx,TCGA-SKCM_FR,SKCM,7,0.6666666666666666
sgd,Phikon_v2,FedProx,TCGA-CESC_FU,CESC,10,0.65
sgd,Phikon_v2,FedProx,TCGA-COAD_G4,COAD,33,0.9538461538461538
sgd,Phikon_v2,FedProx,TCGA-BRCA_GM,BRCA,14,1.0
sgd,Phikon_v2,FedProx,TCGA-SKCM_GN,SKCM,7,1.0
sgd,Phikon_v2,FedProx,TCGA-HNSC_HD,HNSC,10,0.75
sgd,Phikon_v2,FedProx,TCGA-STAD_HF,STAD,7,1.0
sgd,Phikon_v2,FedProx,TCGA-LGG_HT,LGG,207,1.0
sgd,Phikon_v2,FedProx,TCGA-STAD_HU,STAD,26,0.9
sgd,Phikon_v2,FedProx,TCGA-LGG_HW,LGG,10,1.0
sgd,Phikon_v2,FedProx,TCGA-PAAD_HZ,PAAD,21,0.8857142857142858
sgd,Phikon_v2,FedProx,TCGA-PAAD_IB,PAAD,27,1.0
sgd,Phikon_v2,FedProx,TCGA-STAD_IN,STAD,13,1.0
sgd,Phikon_v2,FedProx,TCGA-HNSC_IQ,HNSC,9,1.0
sgd,Phikon_v2,FedProx,TCGA-BRCA_LL,BRCA,13,0.8400000000000001
sgd,Phikon_v2,FedProx,TCGA-LUAD_MP,LUAD,13,1.0
sgd,Phikon_v2,FedProx,TCGA-CESC_MY,CESC,7,0.96
sgd,Phikon_v2,FedProx,TCGA-BRCA_OL,BRCA,16,1.0
sgd,Phikon_v2,FedProx,TCGA-HNSC_P3,HNSC,10,1.0
sgd,Phikon_v2,FedProx,TCGA-LGG_P5,LGG,9,1.0
sgd,Phikon_v2,FedProx,TCGA-CESC_Q1,CESC,7,1.0
sgd,Phikon_v2,FedProx,TCGA-LGG_QH,LGG,14,1.0
sgd,Phikon_v2,FedProx,TCGA-HNSC_QK,HNSC,15,1.0
sgd,Phikon_v2,FedProx,TCGA-LGG_R8,LGG,16,1.0
sgd,Phikon_v2,FedProx,TCGA-STAD_RD,STAD,9,1.0
sgd,Phikon_v2,FedProx,TCGA-BRCA_S3,BRCA,7,0.8
sgd,Phikon_v2,FedProx,TCGA-LGG_S9,LGG,33,1.0
sgd,Phikon_v2,FedProx,TCGA-LGG_TM,LGG,17,1.0
sgd,Phikon_v2,FedProx,TCGA-LGG_TQ,LGG,12,1.0
sgd,Phikon_v2,FedProx,TCGA-HNSC_UF,HNSC,12,1.0
sgd,Phikon_v2,FedProx,TCGA-LGG_VM,LGG,43,1.0
sgd,Phikon_v2,FedProx,TCGA-STAD_VQ,STAD,46,1.0
sgd,Phikon_v2,FedProx,TCGA-CESC_VS,CESC,37,1.0
sgd,Phikon_v2,FedProx,TCGA-PAAD_XD,PAAD,4,1.0
sgd,Phikon_v2,FedProx,TCGA-CESC_ZJ,CESC,11,1.0
sgd,Phikon_v2,SCAFFOLD,TCGA-LUAD_05,LUAD,16,1.0
sgd,Phikon_v2,SCAFFOLD,TCGA-PAAD_2J,PAAD,11,1.0
sgd,Phikon_v2,SCAFFOLD,TCGA-LUAD_38,LUAD,7,1.0
sgd,Phikon_v2,SCAFFOLD,TCGA-PAAD_3A,PAAD,11,1.0
sgd,Phikon_v2,SCAFFOLD,TCGA-LUAD_44,LUAD,31,1.0
sgd,Phikon_v2,SCAFFOLD,TCGA-LUAD_49,LUAD,47,1.0
sgd,Phikon_v2,SCAFFOLD,TCGA-LUAD_50,LUAD,12,1.0
sgd,Phikon_v2,SCAFFOLD,TCGA-LUAD_55,LUAD,63,1.0
sgd,Phikon_v2,SCAFFOLD,TCGA-LUAD_64,LUAD,8,1.0
sgd,Phikon_v2,SCAFFOLD,TCGA-LUAD_69,LUAD,10,1.0
sgd,Phikon_v2,SCAFFOLD,TCGA-LUAD_73,LUAD,8,1.0
sgd,Phikon_v2,SCAFFOLD,TCGA-LUAD_75,LUAD,11,1.0
sgd,Phikon_v2,SCAFFOLD,TCGA-LUAD_78,LUAD,21,1.0
sgd,Phikon_v2,SCAFFOLD,TCGA-LUAD_86,LUAD,23,1.0
sgd,Phikon_v2,SCAFFOLD,TCGA-LUAD_95,LUAD,7,1.0
sgd,Phikon_v2,SCAFFOLD,TCGA-LUAD_97,LUAD,16,1.0
sgd,Phikon_v2,SCAFFOLD,TCGA-BRCA_A1,BRCA,18,1.0
sgd,Phikon_v2,SCAFFOLD,TCGA-BRCA_A2,BRCA,116,1.0
sgd,Phikon_v2,SCAFFOLD,TCGA-COAD_A6,COAD,76,0.725
sgd,Phikon_v2,SCAFFOLD,TCGA-BRCA_A7,BRCA,47,0.990909090909091
sgd,Phikon_v2,SCAFFOLD,TCGA-BRCA_A8,BRCA,116,1.0
sgd,Phikon_v2,SCAFFOLD,TCGA-COAD_AA,COAD,255,0.8543209876543209
sgd,Phikon_v2,SCAFFOLD,TCGA-BRCA_AC,BRCA,35,0.7692307692307693
sgd,Phikon_v2,SCAFFOLD,TCGA-COAD_AD,COAD,12,0.45
sgd,Phikon_v2,SCAFFOLD,TCGA-BRCA_AN,BRCA,54,1.0
sgd,Phikon_v2,SCAFFOLD,TCGA-BRCA_AO,BRCA,59,1.0
sgd,Phikon_v2,SCAFFOLD,TCGA-BRCA_AQ,BRCA,9,1.0
sgd,Phikon_v2,SCAFFOLD,TCGA-BRCA_AR,BRCA,58,1.0
sgd,Phikon_v2,SCAFFOLD,TCGA-COAD_AY,COAD,10,1.0
sgd,Phikon_v2,SCAFFOLD,TCGA-COAD_AZ,COAD,26,0.9400000000000001
sgd,Phikon_v2,SCAFFOLD,TCGA-BRCA_B6,BRCA,68,1.0
sgd,Phikon_v2,SCAFFOLD,TCGA-HNSC_BA,HNSC,21,1.0
sgd,Phikon_v2,SCAFFOLD,TCGA-HNSC_BB,HNSC,14,1.0
sgd,Phikon_v2,SCAFFOLD,TCGA-SKCM_BF,SKCM,13,1.0
sgd,Phikon_v2,SCAFFOLD,TCGA-BRCA_BH,BRCA,160,1.0
sgd,Phikon_v2,SCAFFOLD,TCGA-STAD_BR,STAD,161,0.7125
sgd,Phikon_v2,SCAFFOLD,TCGA-CESC_C5,CESC,43,1.0
sgd,Phikon_v2,SCAFFOLD,TCGA-BRCA_C8,BRCA,46,1.0
sgd,Phikon_v2,SCAFFOLD,TCGA-COAD_CA,COAD,13,1.0
sgd,Phikon_v2,SCAFFOLD,TCGA-STAD_CD,STAD,35,0.7272727272727272
sgd,Phikon_v2,SCAFFOLD,TCGA-STAD_CG,STAD,56,0.5
sgd,Phikon_v2,SCAFFOLD,TCGA-COAD_CK,COAD,15,1.0
sgd,Phikon_v2,SCAFFOLD,TCGA-COAD_CM,COAD,48,0.9333333333333333
sgd,Phikon_v2,SCAFFOLD,TCGA-HNSC_CN,HNSC,42,1.0
sgd,Phikon_v2,SCAFFOLD,TCGA-HNSC_CQ,HNSC,26,1.0
sgd,Phikon_v2,SCAFFOLD,TCGA-LGG_CS,LGG,14,1.0
sgd,Phikon_v2,SCAFFOLD,TCGA-HNSC_CV,HNSC,94,0.9285714285714286
sgd,Phikon_v2,SCAFFOLD,TCGA-COAD_D5,COAD,37,0.9800000000000001
sgd,Phikon_v2,SCAFFOLD,TCGA-HNSC_D6,HNSC,20,1.0
sgd,Phikon_v2,SCAFFOLD,TCGA-STAD_D7,STAD,41,0.4
sgd,Phikon_v2,SCAFFOLD,TCGA-BRCA_D8,BRCA,59,1.0
sgd,Phikon_v2,SCAFFOLD,TCGA-SKCM_D9,SKCM,8,1.0
sgd,Phikon_v2,SCAFFOLD,TCGA-SKCM_DA,SKCM,16,1.0
sgd,Phikon_v2,SCAFFOLD,TCGA-LGG_DB,LGG,38,1.0
sgd,Phikon_v2,SCAFFOLD,TCGA-LGG_DH,LGG,10,1.0
sgd,Phikon_v2,SCAFFOLD,TCGA-COAD_DM,COAD,17,0.125
sgd,Phikon_v2,SCAFFOLD,TCGA-HNSC_DQ,HNSC,10,1.0
sgd,Phikon_v2,SCAFFOLD,TCGA-CESC_DS,CESC,7,1.0
sgd,Phikon_v2,SCAFFOLD,TCGA-LGG_DU,LGG,60,1.0
sgd,Phikon_v2,SCAFFOLD,TCGA-LGG_E1,LGG,15,1.0
sgd,Phikon_v2,SCAFFOLD,TCGA-BRCA_E2,BRCA,70,1.0
sgd,Phikon_v2,SCAFFOLD,TCGA-BRCA_E9,BRCA,44,1.0
sgd,Phikon_v2,SCAFFOLD,TCGA-CESC_EA,CESC,18,0.9333333333333333
sgd,Phikon_v2,SCAFFOLD,TCGA-SKCM_EB,SKCM,32,1.0
sgd,Phikon_v2,SCAFFOLD,TCGA-SKCM_EE,SKCM,60,1.0
sgd,Phikon_v2,SCAFFOLD,TCGA-SKCM_ER,SKCM,27,1.0
sgd,Phikon_v2,SCAFFOLD,TCGA-BRCA_EW,BRCA,30,1.0
sgd,Phikon_v2,SCAFFOLD,TCGA-COAD_F4,COAD,21,0.875
sgd,Phikon_v2,SCAFFOLD,TCGA-HNSC_F7,HNSC,9,0.8666666666666666
sgd,Phikon_v2,SCAFFOLD,TCGA-PAAD_FB,PAAD,11,1.0
sgd,Phikon_v2,SCAFFOLD,TCGA-LGG_FG,LGG,46,1.0
sgd,Phikon_v2,SCAFFOLD,TCGA-STAD_FP,STAD,9,0.6666666666666666
sgd,Phikon_v2,SCAFFOLD,TCGA-SKCM_FR,SKCM,7,0.6666666666666666
sgd,Phikon_v2,SCAFFOLD,TCGA-CESC_FU,CESC,10,0.6
sgd,Phikon_v2,SCAFFOLD,TCGA-COAD_G4,COAD,33,0.9692307692307693
sgd,Phikon_v2,SCAFFOLD,TCGA-BRCA_GM,BRCA,14,1.0
sgd,Phikon_v2,SCAFFOLD,TCGA-SKCM_GN,SKCM,7,1.0
sgd,Phikon_v2,SCAFFOLD,TCGA-HNSC_HD,HNSC,10,0.75
sgd,Phikon_v2,SCAFFOLD,TCGA-STAD_HF,STAD,7,1.0
sgd,Phikon_v2,SCAFFOLD,TCGA-LGG_HT,LGG,207,1.0
sgd,Phikon_v2,SCAFFOLD,TCGA-STAD_HU,STAD,26,0.825
sgd,Phikon_v2,SCAFFOLD,TCGA-LGG_HW,LGG,10,1.0
sgd,Phikon_v2,SCAFFOLD,TCGA-PAAD_HZ,PAAD,21,0.8571428571428571
sgd,Phikon_v2,SCAFFOLD,TCGA-PAAD_IB,PAAD,27,1.0
sgd,Phikon_v2,SCAFFOLD,TCGA-STAD_IN,STAD,13,0.8333333333333334
sgd,Phikon_v2,SCAFFOLD,TCGA-HNSC_IQ,HNSC,9,1.0
sgd,Phikon_v2,SCAFFOLD,TCGA-BRCA_LL,BRCA,13,1.0
sgd,Phikon_v2,SCAFFOLD,TCGA-LUAD_MP,LUAD,13,1.0
sgd,Phikon_v2,SCAFFOLD,TCGA-CESC_MY,CESC,7,1.0
sgd,Phikon_v2,SCAFFOLD,TCGA-BRCA_OL,BRCA,16,1.0
sgd,Phikon_v2,SCAFFOLD,TCGA-HNSC_P3,HNSC,10,1.0
sgd,Phikon_v2,SCAFFOLD,TCGA-LGG_P5,LGG,9,1.0
sgd,Phikon_v2,SCAFFOLD,TCGA-CESC_Q1,CESC,7,1.0
sgd,Phikon_v2,SCAFFOLD,TCGA-LGG_QH,LGG,14,1.0
sgd,Phikon_v2,SCAFFOLD,TCGA-HNSC_QK,HNSC,15,1.0
sgd,Phikon_v2,SCAFFOLD,TCGA-LGG_R8,LGG,16,1.0
sgd,Phikon_v2,SCAFFOLD,TCGA-STAD_RD,STAD,9,1.0
sgd,Phikon_v2,SCAFFOLD,TCGA-BRCA_S3,BRCA,7,1.0
sgd,Phikon_v2,SCAFFOLD,TCGA-LGG_S9,LGG,33,1.0
sgd,Phikon_v2,SCAFFOLD,TCGA-LGG_TM,LGG,17,1.0
sgd,Phikon_v2,SCAFFOLD,TCGA-LGG_TQ,LGG,12,1.0
sgd,Phikon_v2,SCAFFOLD,TCGA-HNSC_UF,HNSC,12,1.0
sgd,Phikon_v2,SCAFFOLD,TCGA-LGG_VM,LGG,43,1.0
sgd,Phikon_v2,SCAFFOLD,TCGA-STAD_VQ,STAD,46,0.9466666666666667
sgd,Phikon_v2,SCAFFOLD,TCGA-CESC_VS,CESC,37,0.9666666666666666
sgd,Phikon_v2,SCAFFOLD,TCGA-PAAD_XD,PAAD,4,1.0
sgd,Phikon_v2,SCAFFOLD,TCGA-CESC_ZJ,CESC,11,1.0
sgd,ResNet50,FedAvg,TCGA-LUAD_05,LUAD,16,0.5333333333333334
sgd,ResNet50,FedAvg,TCGA-PAAD_2J,PAAD,11,0.44000000000000006
sgd,ResNet50,FedAvg,TCGA-LUAD_38,LUAD,7,0.39999999999999997
sgd,ResNet50,FedAvg,TCGA-PAAD_3A,PAAD,11,0.4
sgd,ResNet50,FedAvg,TCGA-LUAD_44,LUAD,31,0.42000000000000004
sgd,ResNet50,FedAvg,TCGA-LUAD_49,LUAD,47,0.48484848484848486
sgd,ResNet50,FedAvg,TCGA-LUAD_50,LUAD,12,0.2571428571428571
sgd,ResNet50,FedAvg,TCGA-LUAD_55,LUAD,63,0.41052631578947374
sgd,ResNet50,FedAvg,TCGA-LUAD_64,LUAD,8,0.4666666666666666
sgd,ResNet50,FedAvg,TCGA-LUAD_69,LUAD,10,0.25
sgd,ResNet50,FedAvg,TCGA-LUAD_73,LUAD,8,0.4
sgd,ResNet50,FedAvg,TCGA-LUAD_75,LUAD,11,0.05
sgd,ResNet50,FedAvg,TCGA-LUAD_78,LUAD,21,0.5428571428571429
sgd,ResNet50,FedAvg,TCGA-LUAD_86,LUAD,23,0.375
sgd,ResNet50,FedAvg,TCGA-LUAD_95,LUAD,7,0.2
sgd,ResNet50,FedAvg,TCGA-LUAD_97,LUAD,16,0.16
sgd,ResNet50,FedAvg,TCGA-BRCA_A1,BRCA,18,0.975
sgd,ResNet50,FedAvg,TCGA-BRCA_A2,BRCA,116,0.9789473684210526
sgd,ResNet50,FedAvg,TCGA-COAD_A6,COAD,76,0.4416666666666666
sgd,ResNet50,FedAvg,TCGA-BRCA_A7,BRCA,47,0.7363636363636364
sgd,ResNet50,FedAvg,TCGA-BRCA_A8,BRCA,116,0.961111111111111
sgd,ResNet50,FedAvg,TCGA-COAD_AA,COAD,255,0.5654320987654321
sgd,ResNet50,FedAvg,TCGA-BRCA_AC,BRCA,35,0.7076923076923076
sgd,ResNet50,FedAvg,TCGA-COAD_AD,COAD,12,0.55
sgd,ResNet50,FedAvg,TCGA-BRCA_AN,BRCA,54,0.9882352941176471
sgd,ResNet50,FedAvg,TCGA-BRCA_AO,BRCA,59,0.9238095238095237
sgd,ResNet50,FedAvg,TCGA-BRCA_AQ,BRCA,9,0.85
sgd,ResNet50,FedAvg,TCGA-BRCA_AR,BRCA,58,0.9099999999999999
sgd,ResNet50,FedAvg,TCGA-COAD_AY,COAD,10,1.0
sgd,ResNet50,FedAvg,TCGA-COAD_AZ,COAD,26,0.44000000000000006
sgd,ResNet50,FedAvg,TCGA-BRCA_B6,BRCA,68,0.9478260869565217
sgd,ResNet50,FedAvg,TCGA-HNSC_BA,HNSC,21,0.4
sgd,ResNet50,FedAvg,TCGA-HNSC_BB,HNSC,14,0.6
sgd,ResNet50,FedAvg,TCGA-SKCM_BF,SKCM,13,0.08
sgd,ResNet50,FedAvg,TCGA-BRCA_BH,BRCA,160,0.9559999999999998
sgd,ResNet50,FedAvg,TCGA-STAD_BR,STAD,161,0.04583333333333334
sgd,ResNet50,FedAvg,TCGA-CESC_C5,CESC,43,0.23076923076923078
sgd,ResNet50,FedAvg,TCGA-BRCA_C8,BRCA,46,0.9666666666666668
sgd,ResNet50,FedAvg,TCGA-COAD_CA,COAD,13,0.1
sgd,ResNet50,FedAvg,TCGA-STAD_CD,STAD,35,0.16363636363636364
sgd,ResNet50,FedAvg,TCGA-STAD_CG,STAD,56,0.25555555555555554
sgd,ResNet50,FedAvg,TCGA-COAD_CK,COAD,15,0.48571428571428565
sgd,ResNet50,FedAvg,TCGA-COAD_CM,COAD,48,0.5111111111111112
sgd,ResNet50,FedAvg,TCGA-HNSC_CN,HNSC,42,0.5692307692307692
sgd,ResNet50,FedAvg,TCGA-HNSC_CQ,HNSC,26,0.8666666666666666
sgd,ResNet50,FedAvg,TCGA-LGG_CS,LGG,14,1.0
sgd,ResNet50,FedAvg,TCGA-HNSC_CV,HNSC,94,0.7142857142857142
sgd,ResNet50,FedAvg,TCGA-COAD_D5,COAD,37,0.8
sgd,ResNet50,FedAvg,TCGA-HNSC_D6,HNSC,20,0.8
sgd,ResNet50,FedAvg,TCGA-STAD_D7,STAD,41,0.12857142857142856
sgd,ResNet50,FedAvg,TCGA-BRCA_D8,BRCA,59,0.9647058823529411
sgd,ResNet50,FedAvg,TCGA-SKCM_D9,SKCM,8,0.1
sgd,ResNet50,FedAvg,TCGA-SKCM_DA,SKCM,16,0.0
sgd,ResNet50,FedAvg,TCGA-LGG_DB,LGG,38,1.0
sgd,ResNet50,FedAvg,TCGA-LGG_DH,LGG,10,1.0
sgd,ResNet50,FedAvg,TCGA-COAD_DM,COAD,17,0.0
sgd,ResNet50,FedAvg,TCGA-HNSC_DQ,HNSC,10,0.3
sgd,ResNet50,FedAvg,TCGA-CESC_DS,CESC,7,0.13333333333333333
sgd,ResNet50,FedAvg,TCGA-LGG_DU,LGG,60,0.8777777777777779
sgd,ResNet50,FedAvg,TCGA-LGG_E1,LGG,15,1.0
sgd,ResNet50,FedAvg,TCGA-BRCA_E2,BRCA,70,0.9904761904761905
sgd,ResNet50,FedAvg,TCGA-BRCA_E9,BRCA,44,0.9538461538461538
sgd,ResNet50,FedAvg,TCGA-CESC_EA,CESC,18,0.23333333333333334
sgd,ResNet50,FedAvg,TCGA-SKCM_EB,SKCM,32,0.09090909090909091
sgd,ResNet50,FedAvg,TCGA-SKCM_EE,SKCM,60,0.15789473684210525
sgd,ResNet50,FedAvg,TCGA-SKCM_ER,SKCM,27,0.25
sgd,ResNet50,FedAvg,TCGA-BRCA_EW,BRCA,30,0.9777777777777779
sgd,ResNet50,FedAvg,TCGA-COAD_F4,COAD,21,0.525
sgd,ResNet50,FedAvg,TCGA-HNSC_F7,HNSC,9,0.8666666666666666
sgd,ResNet50,FedAvg,TCGA-PAAD_FB,PAAD,11,0.08
sgd,ResNet50,FedAvg,TCGA-LGG_FG,LGG,46,1.0
sgd,ResNet50,FedAvg,TCGA-STAD_FP,STAD,9,0.4
sgd,ResNet50,FedAvg,TCGA-SKCM_FR,SKCM,7,0.13333333333333333
sgd,ResNet50,FedAvg,TCGA-CESC_FU,CESC,10,0.3
sgd,ResNet50,FedAvg,TCGA-COAD_G4,COAD,33,0.5846153846153845
sgd,ResNet50,FedAvg,TCGA-BRCA_GM,BRCA,14,1.0
sgd,ResNet50,FedAvg,TCGA-SKCM_GN,SKCM,7,0.1
sgd,ResNet50,FedAvg,TCGA-HNSC_HD,HNSC,10,0.45
sgd,ResNet50,FedAvg,TCGA-STAD_HF,STAD,7,0.1
sgd,ResNet50,FedAvg,TCGA-LGG_HT,LGG,207,0.9213114754098362
sgd,ResNet50,FedAvg,TCGA-STAD_HU,STAD,26,0.3
sgd,ResNet50,FedAvg,TCGA-LGG_HW,LGG,10,1.0
sgd,ResNet50,FedAvg,TCGA-PAAD_HZ,PAAD,21,0.3142857142857143
sgd,ResNet50,FedAvg,TCGA-PAAD_IB,PAAD,27,0.31111111111111106
sgd,ResNet50,FedAvg,TCGA-STAD_IN,STAD,13,0.3333333333333333
sgd,ResNet50,FedAvg,TCGA-HNSC_IQ,HNSC,9,0.7333333333333333
sgd,ResNet50,FedAvg,TCGA-BRCA_LL,BRCA,13,1.0
sgd,ResNet50,FedAvg,TCGA-LUAD_MP,LUAD,13,0.16
sgd,ResNet50,FedAvg,TCGA-CESC_MY,CESC,7,0.04
sgd,ResNet50,FedAvg,TCGA-BRCA_OL,BRCA,16,0.96
sgd,ResNet50,FedAvg,TCGA-HNSC_P3,HNSC,10,0.85
sgd,ResNet50,FedAvg,TCGA-LGG_P5,LGG,9,1.0
sgd,ResNet50,FedAvg,TCGA-CESC_Q1,CESC,7,0.3333333333333333
sgd,ResNet50,FedAvg,TCGA-LGG_QH,LGG,14,1.0
sgd,ResNet50,FedAvg,TCGA-HNSC_QK,HNSC,15,0.76
sgd,ResNet50,FedAvg,TCGA-LGG_R8,LGG,16,1.0
sgd,ResNet50,FedAvg,TCGA-STAD_RD,STAD,9,0.35
sgd,ResNet50,FedAvg,TCGA-BRCA_S3,BRCA,7,1.0
sgd,ResNet50,FedAvg,TCGA-LGG_S9,LGG,33,0.9272727272727274
sgd,ResNet50,FedAvg,TCGA-LGG_TM,LGG,17,0.95
sgd,ResNet50,FedAvg,TCGA-LGG_TQ,LGG,12,1.0
sgd,ResNet50,FedAvg,TCGA-HNSC_UF,HNSC,12,1.0
sgd,ResNet50,FedAvg,TCGA-LGG_VM,LGG,43,1.0
sgd,ResNet50,FedAvg,TCGA-STAD_VQ,STAD,46,0.22666666666666666
sgd,ResNet50,FedAvg,TCGA-CESC_VS,CESC,37,0.4166666666666667
sgd,ResNet50,FedAvg,TCGA-PAAD_XD,PAAD,4,0.22000000000000003
sgd,ResNet50,FedAvg,TCGA-CESC_ZJ,CESC,11,0.45
sgd,ResNet50,FedBN,TCGA-LUAD_05,LUAD,16,1.0
sgd,ResNet50,FedBN,TCGA-PAAD_2J,PAAD,11,1.0
sgd,ResNet50,FedBN,TCGA-LUAD_38,LUAD,7,1.0
sgd,ResNet50,FedBN,TCGA-PAAD_3A,PAAD,11,1.0
sgd,ResNet50,FedBN,TCGA-LUAD_44,LUAD,31,1.0
sgd,ResNet50,FedBN,TCGA-LUAD_49,LUAD,47,0.9696969696969697
sgd,ResNet50,FedBN,TCGA-LUAD_50,LUAD,12,1.0
sgd,ResNet50,FedBN,TCGA-LUAD_55,LUAD,63,0.968421052631579
sgd,ResNet50,FedBN,TCGA-LUAD_64,LUAD,8,1.0
sgd,ResNet50,FedBN,TCGA-LUAD_69,LUAD,10,1.0
sgd,ResNet50,FedBN,TCGA-LUAD_73,LUAD,8,1.0
sgd,ResNet50,FedBN,TCGA-LUAD_75,LUAD,11,1.0
sgd,ResNet50,FedBN,TCGA-LUAD_78,LUAD,21,1.0
sgd,ResNet50,FedBN,TCGA-LUAD_86,LUAD,23,1.0
sgd,ResNet50,FedBN,TCGA-LUAD_95,LUAD,7,1.0
sgd,ResNet50,FedBN,TCGA-LUAD_97,LUAD,16,1.0
sgd,ResNet50,FedBN,TCGA-BRCA_A1,BRCA,18,1.0
sgd,ResNet50,FedBN,TCGA-BRCA_A2,BRCA,116,0.9894736842105264
sgd,ResNet50,FedBN,TCGA-COAD_A6,COAD,76,1.0
sgd,ResNet50,FedBN,TCGA-BRCA_A7,BRCA,47,1.0
sgd,ResNet50,FedBN,TCGA-BRCA_A8,BRCA,116,0.9833333333333334
sgd,ResNet50,FedBN,TCGA-COAD_AA,COAD,255,0.9851851851851852
sgd,ResNet50,FedBN,TCGA-BRCA_AC,BRCA,35,1.0
sgd,ResNet50,FedBN,TCGA-COAD_AD,COAD,12,1.0
sgd,ResNet50,FedBN,TCGA-BRCA_AN,BRCA,54,1.0
sgd,ResNet50,FedBN,TCGA-BRCA_AO,BRCA,59,1.0
sgd,ResNet50,FedBN,TCGA-BRCA_AQ,BRCA,9,1.0
sgd,ResNet50,FedBN,TCGA-BRCA_AR,BRCA,58,1.0
sgd,ResNet50,FedBN,TCGA-COAD_AY,COAD,10,1.0
sgd,ResNet50,FedBN,TCGA-COAD_AZ,COAD,26,1.0
sgd,ResNet50,FedBN,TCGA-BRCA_B6,BRCA,68,1.0
sgd,ResNet50,FedBN,TCGA-HNSC_BA,HNSC,21,1.0
sgd,ResNet50,FedBN,TCGA-HNSC_BB,HNSC,14,1.0
sgd,ResNet50,FedBN,TCGA-SKCM_BF,SKCM,13,1.0
sgd,ResNet50,FedBN,TCGA-BRCA_BH,BRCA,160,0.9960000000000001
sgd,ResNet50,FedBN,TCGA-STAD_BR,STAD,161,1.0
sgd,ResNet50,FedBN,TCGA-CESC_C5,CESC,43,0.9846153846153847
sgd,ResNet50,FedBN,TCGA-BRCA_C8,BRCA,46,1.0
sgd,ResNet50,FedBN,TCGA-COAD_CA,COAD,13,1.0
sgd,ResNet50,FedBN,TCGA-STAD_CD,STAD,35,0.9818181818181818
sgd,ResNet50,FedBN,TCGA-STAD_CG,STAD,56,0.9666666666666668
sgd,ResNet50,FedBN,TCGA-COAD_CK,COAD,15,1.0
sgd,ResNet50,FedBN,TCGA-COAD_CM,COAD,48,1.0
sgd,ResNet50,FedBN,TCGA-HNSC_CN,HNSC,42,0.9692307692307693
sgd,ResNet50,FedBN,TCGA-HNSC_CQ,HNSC,26,1.0
sgd,ResNet50,FedBN,TCGA-LGG_CS,LGG,14,1.0
sgd,ResNet50,FedBN,TCGA-HNSC_CV,HNSC,94,0.9785714285714286
sgd,ResNet50,FedBN,TCGA-COAD_D5,COAD,37,1.0
sgd,ResNet50,FedBN,TCGA-HNSC_D6,HNSC,20,1.0
sgd,ResNet50,FedBN,TCGA-STAD_D7,STAD,41,0.9428571428571428
sgd,ResNet50,FedBN,TCGA-BRCA_D8,BRCA,59,1.0
sgd,ResNet50,FedBN,TCGA-SKCM_D9,SKCM,8,1.0
sgd,ResNet50,FedBN,TCGA-SKCM_DA,SKCM,16,1.0
sgd,ResNet50,FedBN,TCGA-LGG_DB,LGG,38,0.9714285714285715
sgd,ResNet50,FedBN,TCGA-LGG_DH,LGG,10,1.0
sgd,ResNet50,FedBN,TCGA-COAD_DM,COAD,17,1.0
sgd,ResNet50,FedBN,TCGA-HNSC_DQ,HNSC,10,1.0
sgd,ResNet50,FedBN,TCGA-CESC_DS,CESC,7,1.0
sgd,ResNet50,FedBN,TCGA-LGG_DU,LGG,60,1.0
sgd,ResNet50,FedBN,TCGA-LGG_E1,LGG,15,1.0
sgd,ResNet50,FedBN,TCGA-BRCA_E2,BRCA,70,0.9904761904761905
sgd,ResNet50,FedBN,TCGA-BRCA_E9,BRCA,44,1.0
sgd,ResNet50,FedBN,TCGA-CESC_EA,CESC,18,1.0
sgd,ResNet50,FedBN,TCGA-SKCM_EB,SKCM,32,1.0
sgd,ResNet50,FedBN,TCGA-SKCM_EE,SKCM,60,0.9894736842105264
sgd,ResNet50,FedBN,TCGA-SKCM_ER,SKCM,27,1.0
sgd,ResNet50,FedBN,TCGA-BRCA_EW,BRCA,30,1.0
sgd,ResNet50,FedBN,TCGA-COAD_F4,COAD,21,1.0
sgd,ResNet50,FedBN,TCGA-HNSC_F7,HNSC,9,1.0
sgd,ResNet50,FedBN,TCGA-PAAD_FB,PAAD,11,1.0
sgd,ResNet50,FedBN,TCGA-LGG_FG,LGG,46,0.95
sgd,ResNet50,FedBN,TCGA-STAD_FP,STAD,9,1.0
sgd,ResNet50,FedBN,TCGA-SKCM_FR,SKCM,7,1.0
sgd,ResNet50,FedBN,TCGA-CESC_FU,CESC,10,1.0
sgd,ResNet50,FedBN,TCGA-COAD_G4,COAD,33,1.0
sgd,ResNet50,FedBN,TCGA-BRCA_GM,BRCA,14,1.0
sgd,ResNet50,FedBN,TCGA-SKCM_GN,SKCM,7,1.0
sgd,ResNet50,FedBN,TCGA-HNSC_HD,HNSC,10,1.0
sgd,ResNet50,FedBN,TCGA-STAD_HF,STAD,7,1.0
sgd,ResNet50,FedBN,TCGA-LGG_HT,LGG,207,0.9868852459016393
sgd,ResNet50,FedBN,TCGA-STAD_HU,STAD,26,1.0
sgd,ResNet50,FedBN,TCGA-LGG_HW,LGG,10,1.0
sgd,ResNet50,FedBN,TCGA-PAAD_HZ,PAAD,21,1.0
sgd,ResNet50,FedBN,TCGA-PAAD_IB,PAAD,27,1.0
sgd,ResNet50,FedBN,TCGA-STAD_IN,STAD,13,1.0
sgd,ResNet50,FedBN,TCGA-HNSC_IQ,HNSC,9,1.0
sgd,ResNet50,FedBN,TCGA-BRCA_LL,BRCA,13,1.0
sgd,ResNet50,FedBN,TCGA-LUAD_MP,LUAD,13,1.0
sgd,ResNet50,FedBN,TCGA-CESC_MY,CESC,7,1.0
sgd,ResNet50,FedBN,TCGA-BRCA_OL,BRCA,16,1.0
sgd,ResNet50,FedBN,TCGA-HNSC_P3,HNSC,10,1.0
sgd,ResNet50,FedBN,TCGA-LGG_P5,LGG,9,1.0
sgd,ResNet50,FedBN,TCGA-CESC_Q1,CESC,7,1.0
sgd,ResNet50,FedBN,TCGA-LGG_QH,LGG,14,1.0
sgd,ResNet50,FedBN,TCGA-HNSC_QK,HNSC,15,1.0
sgd,ResNet50,FedBN,TCGA-LGG_R8,LGG,16,1.0
sgd,ResNet50,FedBN,TCGA-STAD_RD,STAD,9,1.0
sgd,ResNet50,FedBN,TCGA-BRCA_S3,BRCA,7,1.0
sgd,ResNet50,FedBN,TCGA-LGG_S9,LGG,33,1.0
sgd,ResNet50,FedBN,TCGA-LGG_TM,LGG,17,1.0
sgd,ResNet50,FedBN,TCGA-LGG_TQ,LGG,12,1.0
sgd,ResNet50,FedBN,TCGA-HNSC_UF,HNSC,12,1.0
sgd,ResNet50,FedBN,TCGA-LGG_VM,LGG,43,0.8814814814814815
sgd,ResNet50,FedBN,TCGA-STAD_VQ,STAD,46,1.0
sgd,ResNet50,FedBN,TCGA-CESC_VS,CESC,37,1.0
sgd,ResNet50,FedBN,TCGA-PAAD_XD,PAAD,4,1.0
sgd,ResNet50,FedBN,TCGA-CESC_ZJ,CESC,11,1.0
sgd,ResNet50,FedProx,TCGA-LUAD_05,LUAD,16,0.3666666666666667
sgd,ResNet50,FedProx,TCGA-PAAD_2J,PAAD,11,0.24
sgd,ResNet50,FedProx,TCGA-LUAD_38,LUAD,7,0.26666666666666666
sgd,ResNet50,FedProx,TCGA-PAAD_3A,PAAD,11,0.27999999999999997
sgd,ResNet50,FedProx,TCGA-LUAD_44,LUAD,31,0.31999999999999995
sgd,ResNet50,FedProx,TCGA-LUAD_49,LUAD,47,0.3393939393939394
sgd,ResNet50,FedProx,TCGA-LUAD_50,LUAD,12,0.1714285714285714
sgd,ResNet50,FedProx,TCGA-LUAD_55,LUAD,63,0.25263157894736843
sgd,ResNet50,FedProx,TCGA-LUAD_64,LUAD,8,0.3333333333333333
sgd,ResNet50,FedProx,TCGA-LUAD_69,LUAD,10,0.2
sgd,ResNet50,FedProx,TCGA-LUAD_73,LUAD,8,0.13333333333333333
sgd,ResNet50,FedProx,TCGA-LUAD_75,LUAD,11,0.05
sgd,ResNet50,FedProx,TCGA-LUAD_78,LUAD,21,0.3142857142857143
sgd,ResNet50,FedProx,TCGA-LUAD_86,LUAD,23,0.2
sgd,ResNet50,FedProx,TCGA-LUAD_95,LUAD,7,0.13333333333333333
sgd,ResNet50,FedProx,TCGA-LUAD_97,LUAD,16,0.16
sgd,ResNet50,FedProx,TCGA-BRCA_A1,BRCA,18,1.0
sgd,ResNet50,FedProx,TCGA-BRCA_A2,BRCA,116,1.0
sgd,ResNet50,FedProx,TCGA-COAD_A6,COAD,76,0.35833333333333334
sgd,ResNet50,FedProx,TCGA-BRCA_A7,BRCA,47,0.7636363636363637
sgd,ResNet50,FedProx,TCGA-BRCA_A8,BRCA,116,0.9666666666666666
sgd,ResNet50,FedProx,TCGA-COAD_AA,COAD,255,0.49876543209876545
sgd,ResNet50,FedProx,TCGA-BRCA_AC,BRCA,35,0.7692307692307693
sgd,ResNet50,FedProx,TCGA-COAD_AD,COAD,12,0.45
sgd,ResNet50,FedProx,TCGA-BRCA_AN,BRCA,54,1.0
sgd,ResNet50,FedProx,TCGA-BRCA_AO,BRCA,59,0.9619047619047618
sgd,ResNet50,FedProx,TCGA-BRCA_AQ,BRCA,9,1.0
sgd,ResNet50,FedProx,TCGA-BRCA_AR,BRCA,58,0.9199999999999999
sgd,ResNet50,FedProx,TCGA-COAD_AY,COAD,10,1.0
sgd,ResNet50,FedProx,TCGA-COAD_AZ,COAD,26,0.4
sgd,ResNet50,FedProx,TCGA-BRCA_B6,BRCA,68,0.9913043478260869
sgd,ResNet50,FedProx,TCGA-HNSC_BA,HNSC,21,0.6
sgd,ResNet50,FedProx,TCGA-HNSC_BB,HNSC,14,0.6
sgd,ResNet50,FedProx,TCGA-SKCM_BF,SKCM,13,0.0
sgd,ResNet50,FedProx,TCGA-BRCA_BH,BRCA,160,0.9640000000000001
sgd,ResNet50,FedProx,TCGA-STAD_BR,STAD,161,0.025
sgd,ResNet50,FedProx,TCGA-CESC_C5,CESC,43,0.12307692307692308
sgd,ResNet50,FedProx,TCGA-BRCA_C8,BRCA,46,1.0
sgd,ResNet50,FedProx,TCGA-COAD_CA,COAD,13,0.1
sgd,ResNet50,FedProx,TCGA-STAD_CD,STAD,35,0.07272727272727272
sgd,ResNet50,FedProx,TCGA-STAD_CG,STAD,56,0.14444444444444446
sgd,ResNet50,FedProx,TCGA-COAD_CK,COAD,15,0.42857142857142855
sgd,ResNet50,FedProx,TCGA-COAD_CM,COAD,48,0.4444444444444445
sgd,ResNet50,FedProx,TCGA-HNSC_CN,HNSC,42,0.7076923076923076
sgd,ResNet50,FedProx,TCGA-HNSC_CQ,HNSC,26,0.9111111111111111
sgd,ResNet50,FedProx,TCGA-LGG_CS,LGG,14,1.0
sgd,ResNet50,FedProx,TCGA-HNSC_CV,HNSC,94,0.8357142857142857
sgd,ResNet50,FedProx,TCGA-COAD_D5,COAD,37,0.72
sgd,ResNet50,FedProx,TCGA-HNSC_D6,HNSC,20,0.8666666666666666
sgd,ResNet50,FedProx,TCGA-STAD_D7,STAD,41,0.04285714285714286
sgd,ResNet50,FedProx,TCGA-BRCA_D8,BRCA,59,1.0
sgd,ResNet50,FedProx,TCGA-SKCM_D9,SKCM,8,0.0
sgd,ResNet50,FedProx,TCGA-SKCM_DA,SKCM,16,0.0
sgd,ResNet50,FedProx,TCGA-LGG_DB,LGG,38,1.0
sgd,ResNet50,FedProx,TCGA-LGG_DH,LGG,10,1.0
sgd,ResNet50,FedProx,TCGA-COAD_DM,COAD,17,0.0
sgd,ResNet50,FedProx,TCGA-HNSC_DQ,HNSC,10,0.45
sgd,ResNet50,FedProx,TCGA-CESC_DS,CESC,7,0.0
sgd,ResNet50,FedProx,TCGA-LGG_DU,LGG,60,0.8666666666666668
sgd,ResNet50,FedProx,TCGA-LGG_E1,LGG,15,0.96
sgd,ResNet50,FedProx,TCGA-BRCA_E2,BRCA,70,1.0
sgd,ResNet50,FedProx,TCGA-BRCA_E9,BRCA,44,1.0
sgd,ResNet50,FedProx,TCGA-CESC_EA,CESC,18,0.16666666666666666
sgd,ResNet50,FedProx,TCGA-SKCM_EB,SKCM,32,0.01818181818181818
sgd,ResNet50,FedProx,TCGA-SKCM_EE,SKCM,60,0.06315789473684211
sgd,ResNet50,FedProx,TCGA-SKCM_ER,SKCM,27,0.075
sgd,ResNet50,FedProx,TCGA-BRCA_EW,BRCA,30,1.0
sgd,ResNet50,FedProx,TCGA-COAD_F4,COAD,21,0.25
sgd,ResNet50,FedProx,TCGA-HNSC_F7,HNSC,9,0.9333333333333332
sgd,ResNet50,FedProx,TCGA-PAAD_FB,PAAD,11,0.04
sgd,ResNet50,FedProx,TCGA-LGG_FG,LGG,46,1.0
sgd,ResNet50,FedProx,TCGA-STAD_FP,STAD,9,0.2
sgd,ResNet50,FedProx,TCGA-SKCM_FR,SKCM,7,0.0
sgd,ResNet50,FedProx,TCGA-CESC_FU,CESC,10,0.2
sgd,ResNet50,FedProx,TCGA-COAD_G4,COAD,33,0.49230769230769234
sgd,ResNet50,FedProx,TCGA-BRCA_GM,BRCA,14,1.0
sgd,ResNet50,FedProx,TCGA-SKCM_GN,SKCM,7,0.0
sgd,ResNet50,FedProx,TCGA-HNSC_HD,HNSC,10,0.55
sgd,ResNet50,FedProx,TCGA-STAD_HF,STAD,7,0.05
sgd,ResNet50,FedProx,TCGA-LGG_HT,LGG,207,0.9245901639344263
sgd,ResNet50,FedProx,TCGA-STAD_HU,STAD,26,0.15
sgd,ResNet50,FedProx,TCGA-LGG_HW,LGG,10,1.0
sgd,ResNet50,FedProx,TCGA-PAAD_HZ,PAAD,21,0.2
sgd,ResNet50,FedProx,TCGA-PAAD_IB,PAAD,27,0.24444444444444446
sgd,ResNet50,FedProx,TCGA-STAD_IN,STAD,13,0.2
sgd,ResNet50,FedProx,TCGA-HNSC_IQ,HNSC,9,0.8
sgd,ResNet50,FedProx,TCGA-BRCA_LL,BRCA,13,1.0
sgd,ResNet50,FedProx,TCGA-LUAD_MP,LUAD,13,0.12000000000000002
sgd,ResNet50,FedProx,TCGA-CESC_MY,CESC,7,0.0
sgd,ResNet50,FedProx,TCGA-BRCA_OL,BRCA,16,1.0
sgd,ResNet50,FedProx,TCGA-HNSC_P3,HNSC,10,0.85
sgd,ResNet50,FedProx,TCGA-LGG_P5,LGG,9,1.0
sgd,ResNet50,FedProx,TCGA-CESC_Q1,CESC,7,0.2
sgd,ResNet50,FedProx,TCGA-LGG_QH,LGG,14,1.0
sgd,ResNet50,FedProx,TCGA-HNSC_QK,HNSC,15,0.8400000000000001
sgd,ResNet50,FedProx,TCGA-LGG_R8,LGG,16,1.0
sgd,ResNet50,FedProx,TCGA-STAD_RD,STAD,9,0.25
sgd,ResNet50,FedProx,TCGA-BRCA_S3,BRCA,7,1.0
sgd,ResNet50,FedProx,TCGA-LGG_S9,LGG,33,0.909090909090909
sgd,ResNet50,FedProx,TCGA-LGG_TM,LGG,17,0.925
sgd,ResNet50,FedProx,TCGA-LGG_TQ,LGG,12,1.0
sgd,ResNet50,FedProx,TCGA-HNSC_UF,HNSC,12,0.96
sgd,ResNet50,FedProx,TCGA-LGG_VM,LGG,43,1.0
sgd,ResNet50,FedProx,TCGA-STAD_VQ,STAD,46,0.09333333333333334
sgd,ResNet50,FedProx,TCGA-CESC_VS,CESC,37,0.38333333333333336
sgd,ResNet50,FedProx,TCGA-PAAD_XD,PAAD,4,0.2
sgd,ResNet50,FedProx,TCGA-CESC_ZJ,CESC,11,0.45
sgd,ResNet50,SCAFFOLD,TCGA-LUAD_05,LUAD,16,0.5666666666666667
sgd,ResNet50,SCAFFOLD,TCGA-PAAD_2J,PAAD,11,0.27999999999999997
sgd,ResNet50,SCAFFOLD,TCGA-LUAD_38,LUAD,7,0.6
sgd,ResNet50,SCAFFOLD,TCGA-PAAD_3A,PAAD,11,0.16
sgd,ResNet50,SCAFFOLD,TCGA-LUAD_44,LUAD,31,0.48
sgd,ResNet50,SCAFFOLD,TCGA-LUAD_49,LUAD,47,0.5454545454545455
sgd,ResNet50,SCAFFOLD,TCGA-LUAD_50,LUAD,12,0.6
sgd,ResNet50,SCAFFOLD,TCGA-LUAD_55,LUAD,63,0.5578947368421052
sgd,ResNet50,SCAFFOLD,TCGA-LUAD_64,LUAD,8,0.6
sgd,ResNet50,SCAFFOLD,TCGA-LUAD_69,LUAD,10,0.4
sgd,ResNet50,SCAFFOLD,TCGA-LUAD_73,LUAD,8,0.6
sgd,ResNet50,SCAFFOLD,TCGA-LUAD_75,LUAD,11,0.3
sgd,ResNet50,SCAFFOLD,TCGA-LUAD_78,LUAD,21,0.6
sgd,ResNet50,SCAFFOLD,TCGA-LUAD_86,LUAD,23,0.5
sgd,ResNet50,SCAFFOLD,TCGA-LUAD_95,LUAD,7,0.5333333333333333
sgd,ResNet50,SCAFFOLD,TCGA-LUAD_97,LUAD,16,0.4800000000000001
sgd,ResNet50,SCAFFOLD,TCGA-BRCA_A1,BRCA,18,1.0
sgd,ResNet50,SCAFFOLD,TCGA-BRCA_A2,BRCA,116,1.0
sgd,ResNet50,SCAFFOLD,TCGA-COAD_A6,COAD,76,0.3
sgd,ResNet50,SCAFFOLD,TCGA-BRCA_A7,BRCA,47,0.8
sgd,ResNet50,SCAFFOLD,TCGA-BRCA_A8,BRCA,116,0.9944444444444445
sgd,ResNet50,SCAFFOLD,TCGA-COAD_AA,COAD,255,0.3432098765432099
sgd,ResNet50,SCAFFOLD,TCGA-BRCA_AC,BRCA,35,0.7692307692307693
sgd,ResNet50,SCAFFOLD,TCGA-COAD_AD,COAD,12,0.35
sgd,ResNet50,SCAFFOLD,TCGA-BRCA_AN,BRCA,54,1.0
sgd,ResNet50,SCAFFOLD,TCGA-BRCA_AO,BRCA,59,0.9619047619047618
sgd,ResNet50,SCAFFOLD,TCGA-BRCA_AQ,BRCA,9,1.0
sgd,ResNet50,SCAFFOLD,TCGA-BRCA_AR,BRCA,58,0.9800000000000001
sgd,ResNet50,SCAFFOLD,TCGA-COAD_AY,COAD,10,0.6
sgd,ResNet50,SCAFFOLD,TCGA-COAD_AZ,COAD,26,0.6
sgd,ResNet50,SCAFFOLD,TCGA-BRCA_B6,BRCA,68,0.9478260869565217
sgd,ResNet50,SCAFFOLD,TCGA-HNSC_BA,HNSC,21,0.19999999999999998
sgd,ResNet50,SCAFFOLD,TCGA-HNSC_BB,HNSC,14,0.36
sgd,ResNet50,SCAFFOLD,TCGA-SKCM_BF,SKCM,13,0.27999999999999997
sgd,ResNet50,SCAFFOLD,TCGA-BRCA_BH,BRCA,160,0.9960000000000001
sgd,ResNet50,SCAFFOLD,TCGA-STAD_BR,STAD,161,0.04166666666666667
sgd,ResNet50,SCAFFOLD,TCGA-CESC_C5,CESC,43,0.09230769230769231
sgd,ResNet50,SCAFFOLD,TCGA-BRCA_C8,BRCA,46,1.0
sgd,ResNet50,SCAFFOLD,TCGA-COAD_CA,COAD,13,0.3
sgd,ResNet50,SCAFFOLD,TCGA-STAD_CD,STAD,35,0.10909090909090909
sgd,ResNet50,SCAFFOLD,TCGA-STAD_CG,STAD,56,0.16666666666666669
sgd,ResNet50,SCAFFOLD,TCGA-COAD_CK,COAD,15,0.45714285714285713
sgd,ResNet50,SCAFFOLD,TCGA-COAD_CM,COAD,48,0.4666666666666667
sgd,ResNet50,SCAFFOLD,TCGA-HNSC_CN,HNSC,42,0.36923076923076925
sgd,ResNet50,SCAFFOLD,TCGA-HNSC_CQ,HNSC,26,0.6
sgd,ResNet50,SCAFFOLD,TCGA-LGG_CS,LGG,14,0.8
sgd,ResNet50,SCAFFOLD,TCGA-HNSC_CV,HNSC,94,0.5285714285714286
sgd,ResNet50,SCAFFOLD,TCGA-COAD_D5,COAD,37,0.5599999999999999
sgd,ResNet50,SCAFFOLD,TCGA-HNSC_D6,HNSC,20,0.5
sgd,ResNet50,SCAFFOLD,TCGA-STAD_D7,STAD,41,0.11428571428571428
sgd,ResNet50,SCAFFOLD,TCGA-BRCA_D8,BRCA,59,1.0
sgd,ResNet50,SCAFFOLD,TCGA-SKCM_D9,SKCM,8,0.1
sgd,ResNet50,SCAFFOLD,TCGA-SKCM_DA,SKCM,16,0.16
sgd,ResNet50,SCAFFOLD,TCGA-LGG_DB,LGG,38,0.8857142857142858
sgd,ResNet50,SCAFFOLD,TCGA-LGG_DH,LGG,10,0.9
sgd,ResNet50,SCAFFOLD,TCGA-COAD_DM,COAD,17,0.075
sgd,ResNet50,SCAFFOLD,TCGA-HNSC_DQ,HNSC,10,0.15
sgd,ResNet50,SCAFFOLD,TCGA-CESC_DS,CESC,7,0.0
sgd,ResNet50,SCAFFOLD,TCGA-LGG_DU,LGG,60,0.7777777777777777
sgd,ResNet50,SCAFFOLD,TCGA-LGG_E1,LGG,15,0.9199999999999999
sgd,ResNet50,SCAFFOLD,TCGA-BRCA_E2,BRCA,70,1.0
sgd,ResNet50,SCAFFOLD,TCGA-BRCA_E9,BRCA,44,0.9538461538461538
sgd,ResNet50,SCAFFOLD,TCGA-CESC_EA,CESC,18,0.1
sgd,ResNet50,SCAFFOLD,TCGA-SKCM_EB,SKCM,32,0.07272727272727272
sgd,ResNet50,SCAFFOLD,TCGA-SKCM_EE,SKCM,60,0.07368421052631578
sgd,ResNet50,SCAFFOLD,TCGA-SKCM_ER,SKCM,27,0.3
sgd,ResNet50,SCAFFOLD,TCGA-BRCA_EW,BRCA,30,1.0
sgd,ResNet50,SCAFFOLD,TCGA-COAD_F4,COAD,21,0.6
sgd,ResNet50,SCAFFOLD,TCGA-HNSC_F7,HNSC,9,0.5333333333333333
sgd,ResNet50,SCAFFOLD,TCGA-PAAD_FB,PAAD,11,0.0
sgd,ResNet50,SCAFFOLD,TCGA-LGG_FG,LGG,46,0.9
sgd,ResNet50,SCAFFOLD,TCGA-STAD_FP,STAD,9,0.2
sgd,ResNet50,SCAFFOLD,TCGA-SKCM_FR,SKCM,7,0.26666666666666666
sgd,ResNet50,SCAFFOLD,TCGA-CESC_FU,CESC,10,0.2
sgd,ResNet50,SCAFFOLD,TCGA-COAD_G4,COAD,33,0.5076923076923077
sgd,ResNet50,SCAFFOLD,TCGA-BRCA_GM,BRCA,14,1.0
sgd,ResNet50,SCAFFOLD,TCGA-SKCM_GN,SKCM,7,0.0
sgd,ResNet50,SCAFFOLD,TCGA-HNSC_HD,HNSC,10,0.35
sgd,ResNet50,SCAFFOLD,TCGA-STAD_HF,STAD,7,0.15
sgd,ResNet50,SCAFFOLD,TCGA-LGG_HT,LGG,207,0.8098360655737705
sgd,ResNet50,SCAFFOLD,TCGA-STAD_HU,STAD,26,0.225
sgd,ResNet50,SCAFFOLD,TCGA-LGG_HW,LGG,10,0.9
sgd,ResNet50,SCAFFOLD,TCGA-PAAD_HZ,PAAD,21,0.05714285714285714
sgd,ResNet50,SCAFFOLD,TCGA-PAAD_IB,PAAD,27,0.06666666666666667
sgd,ResNet50,SCAFFOLD,TCGA-STAD_IN,STAD,13,0.2333333333333333
sgd,ResNet50,SCAFFOLD,TCGA-HNSC_IQ,HNSC,9,0.6
sgd,ResNet50,SCAFFOLD,TCGA-BRCA_LL,BRCA,13,1.0
sgd,ResNet50,SCAFFOLD,TCGA-LUAD_MP,LUAD,13,0.36
sgd,ResNet50,SCAFFOLD,TCGA-CESC_MY,CESC,7,0.0
sgd,ResNet50,SCAFFOLD,TCGA-BRCA_OL,BRCA,16,1.0
sgd,ResNet50,SCAFFOLD,TCGA-HNSC_P3,HNSC,10,0.6
sgd,ResNet50,SCAFFOLD,TCGA-LGG_P5,LGG,9,0.8
sgd,ResNet50,SCAFFOLD,TCGA-CESC_Q1,CESC,7,0.13333333333333333
sgd,ResNet50,SCAFFOLD,TCGA-LGG_QH,LGG,14,0.8800000000000001
sgd,ResNet50,SCAFFOLD,TCGA-HNSC_QK,HNSC,15,0.6
sgd,ResNet50,SCAFFOLD,TCGA-LGG_R8,LGG,16,0.8636363636363636
sgd,ResNet50,SCAFFOLD,TCGA-STAD_RD,STAD,9,0.3
sgd,ResNet50,SCAFFOLD,TCGA-BRCA_S3,BRCA,7,1.0
sgd,ResNet50,SCAFFOLD,TCGA-LGG_S9,LGG,33,0.8181818181818181
sgd,ResNet50,SCAFFOLD,TCGA-LGG_TM,LGG,17,0.9
sgd,ResNet50,SCAFFOLD,TCGA-LGG_TQ,LGG,12,1.0
sgd,ResNet50,SCAFFOLD,TCGA-HNSC_UF,HNSC,12,0.6
sgd,ResNet50,SCAFFOLD,TCGA-LGG_VM,LGG,43,0.9037037037037037
sgd,ResNet50,SCAFFOLD,TCGA-STAD_VQ,STAD,46,0.22666666666666666
sgd,ResNet50,SCAFFOLD,TCGA-CESC_VS,CESC,37,0.15
sgd,ResNet50,SCAFFOLD,TCGA-PAAD_XD,PAAD,4,0.04
sgd,ResNet50,SCAFFOLD,TCGA-CESC_ZJ,CESC,11,0.45
sgd,UNI_v2,FedAvg,TCGA-LUAD_05,LUAD,16,1.0
sgd,UNI_v2,FedAvg,TCGA-PAAD_2J,PAAD,11,1.0
sgd,UNI_v2,FedAvg,TCGA-LUAD_38,LUAD,7,1.0
sgd,UNI_v2,FedAvg,TCGA-PAAD_3A,PAAD,11,1.0
sgd,UNI_v2,FedAvg,TCGA-LUAD_44,LUAD,31,1.0
sgd,UNI_v2,FedAvg,TCGA-LUAD_49,LUAD,47,1.0
sgd,UNI_v2,FedAvg,TCGA-LUAD_50,LUAD,12,1.0
sgd,UNI_v2,FedAvg,TCGA-LUAD_55,LUAD,63,1.0
sgd,UNI_v2,FedAvg,TCGA-LUAD_64,LUAD,8,1.0
sgd,UNI_v2,FedAvg,TCGA-LUAD_69,LUAD,10,1.0
sgd,UNI_v2,FedAvg,TCGA-LUAD_73,LUAD,8,1.0
sgd,UNI_v2,FedAvg,TCGA-LUAD_75,LUAD,11,1.0
sgd,UNI_v2,FedAvg,TCGA-LUAD_78,LUAD,21,1.0
sgd,UNI_v2,FedAvg,TCGA-LUAD_86,LUAD,23,1.0
sgd,UNI_v2,FedAvg,TCGA-LUAD_95,LUAD,7,1.0
sgd,UNI_v2,FedAvg,TCGA-LUAD_97,LUAD,16,1.0
sgd,UNI_v2,FedAvg,TCGA-BRCA_A1,BRCA,18,1.0
sgd,UNI_v2,FedAvg,TCGA-BRCA_A2,BRCA,116,1.0
sgd,UNI_v2,FedAvg,TCGA-COAD_A6,COAD,76,0.7833333333333333
sgd,UNI_v2,FedAvg,TCGA-BRCA_A7,BRCA,47,0.7090909090909091
sgd,UNI_v2,FedAvg,TCGA-BRCA_A8,BRCA,116,1.0
sgd,UNI_v2,FedAvg,TCGA-COAD_AA,COAD,255,0.8864197530864196
sgd,UNI_v2,FedAvg,TCGA-BRCA_AC,BRCA,35,0.6769230769230768
sgd,UNI_v2,FedAvg,TCGA-COAD_AD,COAD,12,0.75
sgd,UNI_v2,FedAvg,TCGA-BRCA_AN,BRCA,54,1.0
sgd,UNI_v2,FedAvg,TCGA-BRCA_AO,BRCA,59,1.0
sgd,UNI_v2,FedAvg,TCGA-BRCA_AQ,BRCA,9,1.0
sgd,UNI_v2,FedAvg,TCGA-BRCA_AR,BRCA,58,0.9800000000000001
sgd,UNI_v2,FedAvg,TCGA-COAD_AY,COAD,10,1.0
sgd,UNI_v2,FedAvg,TCGA-COAD_AZ,COAD,26,1.0
sgd,UNI_v2,FedAvg,TCGA-BRCA_B6,BRCA,68,1.0
sgd,UNI_v2,FedAvg,TCGA-HNSC_BA,HNSC,21,0.8
sgd,UNI_v2,FedAvg,TCGA-HNSC_BB,HNSC,14,0.68
sgd,UNI_v2,FedAvg,TCGA-SKCM_BF,SKCM,13,1.0
sgd,UNI_v2,FedAvg,TCGA-BRCA_BH,BRCA,160,0.9960000000000001
sgd,UNI_v2,FedAvg,TCGA-STAD_BR,STAD,161,0.7583333333333334
sgd,UNI_v2,FedAvg,TCGA-CESC_C5,CESC,43,0.9846153846153847
sgd,UNI_v2,FedAvg,TCGA-BRCA_C8,BRCA,46,0.9888888888888889
sgd,UNI_v2,FedAvg,TCGA-COAD_CA,COAD,13,0.5
sgd,UNI_v2,FedAvg,TCGA-STAD_CD,STAD,35,0.8181818181818181
sgd,UNI_v2,FedAvg,TCGA-STAD_CG,STAD,56,0.6777777777777778
sgd,UNI_v2,FedAvg,TCGA-COAD_CK,COAD,15,0.8857142857142858
sgd,UNI_v2,FedAvg,TCGA-COAD_CM,COAD,48,0.9
sgd,UNI_v2,FedAvg,TCGA-HNSC_CN,HNSC,42,0.9692307692307693
sgd,UNI_v2,FedAvg,TCGA-HNSC_CQ,HNSC,26,1.0
sgd,UNI_v2,FedAvg,TCGA-LGG_CS,LGG,14,1.0
sgd,UNI_v2,FedAvg,TCGA-HNSC_CV,HNSC,94,0.9642857142857142
sgd,UNI_v2,FedAvg,TCGA-COAD_D5,COAD,37,0.96
sgd,UNI_v2,FedAvg,TCGA-HNSC_D6,HNSC,20,0.8666666666666666
sgd,UNI_v2,FedAvg,TCGA-STAD_D7,STAD,41,0.5
sgd,UNI_v2,FedAvg,TCGA-BRCA_D8,BRCA,59,0.9882352941176471
sgd,UNI_v2,FedAvg,TCGA-SKCM_D9,SKCM,8,0.9
sgd,UNI_v2,FedAvg,TCGA-SKCM_DA,SKCM,16,1.0
sgd,UNI_v2,FedAvg,TCGA-LGG_DB,LGG,38,1.0
sgd,UNI_v2,FedAvg,TCGA-LGG_DH,LGG,10,1.0
sgd,UNI_v2,FedAvg,TCGA-COAD_DM,COAD,17,0.7
sgd,UNI_v2,FedAvg,TCGA-HNSC_DQ,HNSC,10,0.55
sgd,UNI_v2,FedAvg,TCGA-CESC_DS,CESC,7,1.0
sgd,UNI_v2,FedAvg,TCGA-LGG_DU,LGG,60,1.0
sgd,UNI_v2,FedAvg,TCGA-LGG_E1,LGG,15,1.0
sgd,UNI_v2,FedAvg,TCGA-BRCA_E2,BRCA,70,1.0
sgd,UNI_v2,FedAvg,TCGA-BRCA_E9,BRCA,44,0.9538461538461538
sgd,UNI_v2,FedAvg,TCGA-CESC_EA,CESC,18,1.0
sgd,UNI_v2,FedAvg,TCGA-SKCM_EB,SKCM,32,0.9818181818181818
sgd,UNI_v2,FedAvg,TCGA-SKCM_EE,SKCM,60,0.9894736842105264
sgd,UNI_v2,FedAvg,TCGA-SKCM_ER,SKCM,27,1.0
sgd,UNI_v2,FedAvg,TCGA-BRCA_EW,BRCA,30,1.0
sgd,UNI_v2,FedAvg,TCGA-COAD_F4,COAD,21,0.975
sgd,UNI_v2,FedAvg,TCGA-HNSC_F7,HNSC,9,1.0
sgd,UNI_v2,FedAvg,TCGA-PAAD_FB,PAAD,11,0.8800000000000001
sgd,UNI_v2,FedAvg,TCGA-LGG_FG,LGG,46,1.0
sgd,UNI_v2,FedAvg,TCGA-STAD_FP,STAD,9,0.9333333333333332
sgd,UNI_v2,FedAvg,TCGA-SKCM_FR,SKCM,7,1.0
sgd,UNI_v2,FedAvg,TCGA-CESC_FU,CESC,10,0.7
sgd,UNI_v2,FedAvg,TCGA-COAD_G4,COAD,33,0.9230769230769231
sgd,UNI_v2,FedAvg,TCGA-BRCA_GM,BRCA,14,1.0
sgd,UNI_v2,FedAvg,TCGA-SKCM_GN,SKCM,7,1.0
sgd,UNI_v2,FedAvg,TCGA-HNSC_HD,HNSC,10,0.9
sgd,UNI_v2,FedAvg,TCGA-STAD_HF,STAD,7,0.5
sgd,UNI_v2,FedAvg,TCGA-LGG_HT,LGG,207,1.0
sgd,UNI_v2,FedAvg,TCGA-STAD_HU,STAD,26,0.825
sgd,UNI_v2,FedAvg,TCGA-LGG_HW,LGG,10,1.0
sgd,UNI_v2,FedAvg,TCGA-PAAD_HZ,PAAD,21,0.9714285714285715
sgd,UNI_v2,FedAvg,TCGA-PAAD_IB,PAAD,27,0.8666666666666666
sgd,UNI_v2,FedAvg,TCGA-STAD_IN,STAD,13,0.9333333333333332
sgd,UNI_v2,FedAvg,TCGA-HNSC_IQ,HNSC,9,0.9333333333333332
sgd,UNI_v2,FedAvg,TCGA-BRCA_LL,BRCA,13,1.0
sgd,UNI_v2,FedAvg,TCGA-LUAD_MP,LUAD,13,0.8
sgd,UNI_v2,FedAvg,TCGA-CESC_MY,CESC,7,0.9199999999999999
sgd,UNI_v2,FedAvg,TCGA-BRCA_OL,BRCA,16,1.0
sgd,UNI_v2,FedAvg,TCGA-HNSC_P3,HNSC,10,1.0
sgd,UNI_v2,FedAvg,TCGA-LGG_P5,LGG,9,1.0
sgd,UNI_v2,FedAvg,TCGA-CESC_Q1,CESC,7,1.0
sgd,UNI_v2,FedAvg,TCGA-LGG_QH,LGG,14,1.0
sgd,UNI_v2,FedAvg,TCGA-HNSC_QK,HNSC,15,1.0
sgd,UNI_v2,FedAvg,TCGA-LGG_R8,LGG,16,1.0
sgd,UNI_v2,FedAvg,TCGA-STAD_RD,STAD,9,0.95
sgd,UNI_v2,FedAvg,TCGA-BRCA_S3,BRCA,7,1.0
sgd,UNI_v2,FedAvg,TCGA-LGG_S9,LGG,33,1.0
sgd,UNI_v2,FedAvg,TCGA-LGG_TM,LGG,17,1.0
sgd,UNI_v2,FedAvg,TCGA-LGG_TQ,LGG,12,1.0
sgd,UNI_v2,FedAvg,TCGA-HNSC_UF,HNSC,12,1.0
sgd,UNI_v2,FedAvg,TCGA-LGG_VM,LGG,43,1.0
sgd,UNI_v2,FedAvg,TCGA-STAD_VQ,STAD,46,0.9733333333333334
sgd,UNI_v2,FedAvg,TCGA-CESC_VS,CESC,37,0.9833333333333332
sgd,UNI_v2,FedAvg,TCGA-PAAD_XD,PAAD,4,0.9
sgd,UNI_v2,FedAvg,TCGA-CESC_ZJ,CESC,11,1.0
sgd,UNI_v2,FedBN,TCGA-LUAD_05,LUAD,16,0.9666666666666668
sgd,UNI_v2,FedBN,TCGA-PAAD_2J,PAAD,11,1.0
sgd,UNI_v2,FedBN,TCGA-LUAD_38,LUAD,7,1.0
sgd,UNI_v2,FedBN,TCGA-PAAD_3A,PAAD,11,1.0
sgd,UNI_v2,FedBN,TCGA-LUAD_44,LUAD,31,1.0
sgd,UNI_v2,FedBN,TCGA-LUAD_49,LUAD,47,1.0
sgd,UNI_v2,FedBN,TCGA-LUAD_50,LUAD,12,0.9714285714285715
sgd,UNI_v2,FedBN,TCGA-LUAD_55,LUAD,63,1.0
sgd,UNI_v2,FedBN,TCGA-LUAD_64,LUAD,8,1.0
sgd,UNI_v2,FedBN,TCGA-LUAD_69,LUAD,10,1.0
sgd,UNI_v2,FedBN,TCGA-LUAD_73,LUAD,8,1.0
sgd,UNI_v2,FedBN,TCGA-LUAD_75,LUAD,11,0.95
sgd,UNI_v2,FedBN,TCGA-LUAD_78,LUAD,21,1.0
sgd,UNI_v2,FedBN,TCGA-LUAD_86,LUAD,23,0.975
sgd,UNI_v2,FedBN,TCGA-LUAD_95,LUAD,7,0.9333333333333332
sgd,UNI_v2,FedBN,TCGA-LUAD_97,LUAD,16,1.0
sgd,UNI_v2,FedBN,TCGA-BRCA_A1,BRCA,18,1.0
sgd,UNI_v2,FedBN,TCGA-BRCA_A2,BRCA,116,1.0
sgd,UNI_v2,FedBN,TCGA-COAD_A6,COAD,76,1.0
sgd,UNI_v2,FedBN,TCGA-BRCA_A7,BRCA,47,1.0
sgd,UNI_v2,FedBN,TCGA-BRCA_A8,BRCA,116,1.0
sgd,UNI_v2,FedBN,TCGA-COAD_AA,COAD,255,1.0
sgd,UNI_v2,FedBN,TCGA-BRCA_AC,BRCA,35,1.0
sgd,UNI_v2,FedBN,TCGA-COAD_AD,COAD,12,1.0
sgd,UNI_v2,FedBN,TCGA-BRCA_AN,BRCA,54,1.0
sgd,UNI_v2,FedBN,TCGA-BRCA_AO,BRCA,59,1.0
sgd,UNI_v2,FedBN,TCGA-BRCA_AQ,BRCA,9,1.0
sgd,UNI_v2,FedBN,TCGA-BRCA_AR,BRCA,58,1.0
sgd,UNI_v2,FedBN,TCGA-COAD_AY,COAD,10,1.0
sgd,UNI_v2,FedBN,TCGA-COAD_AZ,COAD,26,0.96
sgd,UNI_v2,FedBN,TCGA-BRCA_B6,BRCA,68,1.0
sgd,UNI_v2,FedBN,TCGA-HNSC_BA,HNSC,21,1.0
sgd,UNI_v2,FedBN,TCGA-HNSC_BB,HNSC,14,1.0
sgd,UNI_v2,FedBN,TCGA-SKCM_BF,SKCM,13,1.0
sgd,UNI_v2,FedBN,TCGA-BRCA_BH,BRCA,160,1.0
sgd,UNI_v2,FedBN,TCGA-STAD_BR,STAD,161,1.0
sgd,UNI_v2,FedBN,TCGA-CESC_C5,CESC,43,1.0
sgd,UNI_v2,FedBN,TCGA-BRCA_C8,BRCA,46,1.0
sgd,UNI_v2,FedBN,TCGA-COAD_CA,COAD,13,1.0
sgd,UNI_v2,FedBN,TCGA-STAD_CD,STAD,35,1.0
sgd,UNI_v2,FedBN,TCGA-STAD_CG,STAD,56,1.0
sgd,UNI_v2,FedBN,TCGA-COAD_CK,COAD,15,1.0
sgd,UNI_v2,FedBN,TCGA-COAD_CM,COAD,48,1.0
sgd,UNI_v2,FedBN,TCGA-HNSC_CN,HNSC,42,1.0
sgd,UNI_v2,FedBN,TCGA-HNSC_CQ,HNSC,26,1.0
sgd,UNI_v2,FedBN,TCGA-LGG_CS,LGG,14,1.0
sgd,UNI_v2,FedBN,TCGA-HNSC_CV,HNSC,94,0.9928571428571429
sgd,UNI_v2,FedBN,TCGA-COAD_D5,COAD,37,1.0
sgd,UNI_v2,FedBN,TCGA-HNSC_D6,HNSC,20,1.0
sgd,UNI_v2,FedBN,TCGA-STAD_D7,STAD,41,1.0
sgd,UNI_v2,FedBN,TCGA-BRCA_D8,BRCA,59,1.0
sgd,UNI_v2,FedBN,TCGA-SKCM_D9,SKCM,8,1.0
sgd,UNI_v2,FedBN,TCGA-SKCM_DA,SKCM,16,1.0
sgd,UNI_v2,FedBN,TCGA-LGG_DB,LGG,38,1.0
sgd,UNI_v2,FedBN,TCGA-LGG_DH,LGG,10,1.0
sgd,UNI_v2,FedBN,TCGA-COAD_DM,COAD,17,0.925
sgd,UNI_v2,FedBN,TCGA-HNSC_DQ,HNSC,10,1.0
sgd,UNI_v2,FedBN,TCGA-CESC_DS,CESC,7,1.0
sgd,UNI_v2,FedBN,TCGA-LGG_DU,LGG,60,0.9888888888888889
sgd,UNI_v2,FedBN,TCGA-LGG_E1,LGG,15,0.96
sgd,UNI_v2,FedBN,TCGA-BRCA_E2,BRCA,70,1.0
sgd,UNI_v2,FedBN,TCGA-BRCA_E9,BRCA,44,1.0
sgd,UNI_v2,FedBN,TCGA-CESC_EA,CESC,18,1.0
sgd,UNI_v2,FedBN,TCGA-SKCM_EB,SKCM,32,0.9818181818181818
sgd,UNI_v2,FedBN,TCGA-SKCM_EE,SKCM,60,1.0
sgd,UNI_v2,FedBN,TCGA-SKCM_ER,SKCM,27,1.0
sgd,UNI_v2,FedBN,TCGA-BRCA_EW,BRCA,30,0.9333333333333332
sgd,UNI_v2,FedBN,TCGA-COAD_F4,COAD,21,0.975
sgd,UNI_v2,FedBN,TCGA-HNSC_F7,HNSC,9,1.0
sgd,UNI_v2,FedBN,TCGA-PAAD_FB,PAAD,11,1.0
sgd,UNI_v2,FedBN,TCGA-LGG_FG,LGG,46,1.0
sgd,UNI_v2,FedBN,TCGA-STAD_FP,STAD,9,1.0
sgd,UNI_v2,FedBN,TCGA-SKCM_FR,SKCM,7,1.0
sgd,UNI_v2,FedBN,TCGA-CESC_FU,CESC,10,1.0
sgd,UNI_v2,FedBN,TCGA-COAD_G4,COAD,33,1.0
sgd,UNI_v2,FedBN,TCGA-BRCA_GM,BRCA,14,1.0
sgd,UNI_v2,FedBN,TCGA-SKCM_GN,SKCM,7,1.0
sgd,UNI_v2,FedBN,TCGA-HNSC_HD,HNSC,10,1.0
sgd,UNI_v2,FedBN,TCGA-STAD_HF,STAD,7,1.0
sgd,UNI_v2,FedBN,TCGA-LGG_HT,LGG,207,1.0
sgd,UNI_v2,FedBN,TCGA-STAD_HU,STAD,26,1.0
sgd,UNI_v2,FedBN,TCGA-LGG_HW,LGG,10,1.0
sgd,UNI_v2,FedBN,TCGA-PAAD_HZ,PAAD,21,1.0
sgd,UNI_v2,FedBN,TCGA-PAAD_IB,PAAD,27,1.0
sgd,UNI_v2,FedBN,TCGA-STAD_IN,STAD,13,1.0
sgd,UNI_v2,FedBN,TCGA-HNSC_IQ,HNSC,9,1.0
sgd,UNI_v2,FedBN,TCGA-BRCA_LL,BRCA,13,0.9199999999999999
sgd,UNI_v2,FedBN,TCGA-LUAD_MP,LUAD,13,0.8800000000000001
sgd,UNI_v2,FedBN,TCGA-CESC_MY,CESC,7,1.0
sgd,UNI_v2,FedBN,TCGA-BRCA_OL,BRCA,16,0.9199999999999999
sgd,UNI_v2,FedBN,TCGA-HNSC_P3,HNSC,10,1.0
sgd,UNI_v2,FedBN,TCGA-LGG_P5,LGG,9,0.75
sgd,UNI_v2,FedBN,TCGA-CESC_Q1,CESC,7,1.0
sgd,UNI_v2,FedBN,TCGA-LGG_QH,LGG,14,1.0
sgd,UNI_v2,FedBN,TCGA-HNSC_QK,HNSC,15,1.0
sgd,UNI_v2,FedBN,TCGA-LGG_R8,LGG,16,0.9363636363636363
sgd,UNI_v2,FedBN,TCGA-STAD_RD,STAD,9,1.0
sgd,UNI_v2,FedBN,TCGA-BRCA_S3,BRCA,7,1.0
sgd,UNI_v2,FedBN,TCGA-LGG_S9,LGG,33,1.0
sgd,UNI_v2,FedBN,TCGA-LGG_TM,LGG,17,1.0
sgd,UNI_v2,FedBN,TCGA-LGG_TQ,LGG,12,1.0
sgd,UNI_v2,FedBN,TCGA-HNSC_UF,HNSC,12,1.0
sgd,UNI_v2,FedBN,TCGA-LGG_VM,LGG,43,0.9777777777777779
sgd,UNI_v2,FedBN,TCGA-STAD_VQ,STAD,46,1.0
sgd,UNI_v2,FedBN,TCGA-CESC_VS,CESC,37,1.0
sgd,UNI_v2,FedBN,TCGA-PAAD_XD,PAAD,4,1.0
sgd,UNI_v2,FedBN,TCGA-CESC_ZJ,CESC,11,1.0
sgd,UNI_v2,FedProx,TCGA-LUAD_05,LUAD,16,1.0
sgd,UNI_v2,FedProx,TCGA-PAAD_2J,PAAD,11,0.8800000000000001
sgd,UNI_v2,FedProx,TCGA-LUAD_38,LUAD,7,1.0
sgd,UNI_v2,FedProx,TCGA-PAAD_3A,PAAD,11,0.96
sgd,UNI_v2,FedProx,TCGA-LUAD_44,LUAD,31,1.0
sgd,UNI_v2,FedProx,TCGA-LUAD_49,LUAD,47,1.0
sgd,UNI_v2,FedProx,TCGA-LUAD_50,LUAD,12,1.0
sgd,UNI_v2,FedProx,TCGA-LUAD_55,LUAD,63,1.0
sgd,UNI_v2,FedProx,TCGA-LUAD_64,LUAD,8,1.0
sgd,UNI_v2,FedProx,TCGA-LUAD_69,LUAD,10,1.0
sgd,UNI_v2,FedProx,TCGA-LUAD_73,LUAD,8,1.0
sgd,UNI_v2,FedProx,TCGA-LUAD_75,LUAD,11,1.0
sgd,UNI_v2,FedProx,TCGA-LUAD_78,LUAD,21,1.0
sgd,UNI_v2,FedProx,TCGA-LUAD_86,LUAD,23,1.0
sgd,UNI_v2,FedProx,TCGA-LUAD_95,LUAD,7,1.0
sgd,UNI_v2,FedProx,TCGA-LUAD_97,LUAD,16,1.0
sgd,UNI_v2,FedProx,TCGA-BRCA_A1,BRCA,18,1.0
sgd,UNI_v2,FedProx,TCGA-BRCA_A2,BRCA,116,1.0
sgd,UNI_v2,FedProx,TCGA-COAD_A6,COAD,76,0.7
sgd,UNI_v2,FedProx,TCGA-BRCA_A7,BRCA,47,0.6818181818181818
sgd,UNI_v2,FedProx,TCGA-BRCA_A8,BRCA,116,1.0
sgd,UNI_v2,FedProx,TCGA-COAD_AA,COAD,255,0.8666666666666668
sgd,UNI_v2,FedProx,TCGA-BRCA_AC,BRCA,35,0.6461538461538462
sgd,UNI_v2,FedProx,TCGA-COAD_AD,COAD,12,0.75
sgd,UNI_v2,FedProx,TCGA-BRCA_AN,BRCA,54,1.0
sgd,UNI_v2,FedProx,TCGA-BRCA_AO,BRCA,59,1.0
sgd,UNI_v2,FedProx,TCGA-BRCA_AQ,BRCA,9,1.0
sgd,UNI_v2,FedProx,TCGA-BRCA_AR,BRCA,58,1.0
sgd,UNI_v2,FedProx,TCGA-COAD_AY,COAD,10,1.0
sgd,UNI_v2,FedProx,TCGA-COAD_AZ,COAD,26,1.0
sgd,UNI_v2,FedProx,TCGA-BRCA_B6,BRCA,68,1.0
sgd,UNI_v2,FedProx,TCGA-HNSC_BA,HNSC,21,0.8
sgd,UNI_v2,FedProx,TCGA-HNSC_BB,HNSC,14,0.7200000000000001
sgd,UNI_v2,FedProx,TCGA-SKCM_BF,SKCM,13,1.0
sgd,UNI_v2,FedProx,TCGA-BRCA_BH,BRCA,160,0.9960000000000001
sgd,UNI_v2,FedProx,TCGA-STAD_BR,STAD,161,0.7000000000000001
sgd,UNI_v2,FedProx,TCGA-CESC_C5,CESC,43,0.9692307692307693
sgd,UNI_v2,FedProx,TCGA-BRCA_C8,BRCA,46,0.9888888888888889
sgd,UNI_v2,FedProx,TCGA-COAD_CA,COAD,13,0.5
sgd,UNI_v2,FedProx,TCGA-STAD_CD,STAD,35,0.8
sgd,UNI_v2,FedProx,TCGA-STAD_CG,STAD,56,0.6666666666666667
sgd,UNI_v2,FedProx,TCGA-COAD_CK,COAD,15,0.8857142857142856
sgd,UNI_v2,FedProx,TCGA-COAD_CM,COAD,48,0.888888888888889
sgd,UNI_v2,FedProx,TCGA-HNSC_CN,HNSC,42,0.9538461538461538
sgd,UNI_v2,FedProx,TCGA-HNSC_CQ,HNSC,26,1.0
sgd,UNI_v2,FedProx,TCGA-LGG_CS,LGG,14,1.0
sgd,UNI_v2,FedProx,TCGA-HNSC_CV,HNSC,94,0.9571428571428571
sgd,UNI_v2,FedProx,TCGA-COAD_D5,COAD,37,0.9800000000000001
sgd,UNI_v2,FedProx,TCGA-HNSC_D6,HNSC,20,0.9
sgd,UNI_v2,FedProx,TCGA-STAD_D7,STAD,41,0.4714285714285714
sgd,UNI_v2,FedProx,TCGA-BRCA_D8,BRCA,59,1.0
sgd,UNI_v2,FedProx,TCGA-SKCM_D9,SKCM,8,0.9
sgd,UNI_v2,FedProx,TCGA-SKCM_DA,SKCM,16,1.0
sgd,UNI_v2,FedProx,TCGA-LGG_DB,LGG,38,1.0
sgd,UNI_v2,FedProx,TCGA-LGG_DH,LGG,10,1.0
sgd,UNI_v2,FedProx,TCGA-COAD_DM,COAD,17,0.6
sgd,UNI_v2,FedProx,TCGA-HNSC_DQ,HNSC,10,0.6
sgd,UNI_v2,FedProx,TCGA-CESC_DS,CESC,7,1.0
sgd,UNI_v2,FedProx,TCGA-LGG_DU,LGG,60,1.0
sgd,UNI_v2,FedProx,TCGA-LGG_E1,LGG,15,1.0
sgd,UNI_v2,FedProx,TCGA-BRCA_E2,BRCA,70,1.0
sgd,UNI_v2,FedProx,TCGA-BRCA_E9,BRCA,44,0.9384615384615385
sgd,UNI_v2,FedProx,TCGA-CESC_EA,CESC,18,1.0
sgd,UNI_v2,FedProx,TCGA-SKCM_EB,SKCM,32,0.9818181818181818
sgd,UNI_v2,FedProx,TCGA-SKCM_EE,SKCM,60,0.9789473684210526
sgd,UNI_v2,FedProx,TCGA-SKCM_ER,SKCM,27,1.0
sgd,UNI_v2,FedProx,TCGA-BRCA_EW,BRCA,30,1.0
sgd,UNI_v2,FedProx,TCGA-COAD_F4,COAD,21,0.9
sgd,UNI_v2,FedProx,TCGA-HNSC_F7,HNSC,9,1.0
sgd,UNI_v2,FedProx,TCGA-PAAD_FB,PAAD,11,0.8800000000000001
sgd,UNI_v2,FedProx,TCGA-LGG_FG,LGG,46,1.0
sgd,UNI_v2,FedProx,TCGA-STAD_FP,STAD,9,0.7999999999999999
sgd,UNI_v2,FedProx,TCGA-SKCM_FR,SKCM,7,1.0
sgd,UNI_v2,FedProx,TCGA-CESC_FU,CESC,10,0.75
sgd,UNI_v2,FedProx,TCGA-COAD_G4,COAD,33,0.8615384615384617
sgd,UNI_v2,FedProx,TCGA-BRCA_GM,BRCA,14,1.0
sgd,UNI_v2,FedProx,TCGA-SKCM_GN,SKCM,7,1.0
sgd,UNI_v2,FedProx,TCGA-HNSC_HD,HNSC,10,0.95
sgd,UNI_v2,FedProx,TCGA-STAD_HF,STAD,7,0.3
sgd,UNI_v2,FedProx,TCGA-LGG_HT,LGG,207,1.0
sgd,UNI_v2,FedProx,TCGA-STAD_HU,STAD,26,0.8
sgd,UNI_v2,FedProx,TCGA-LGG_HW,LGG,10,1.0
sgd,UNI_v2,FedProx,TCGA-PAAD_HZ,PAAD,21,0.9714285714285713
sgd,UNI_v2,FedProx,TCGA-PAAD_IB,PAAD,27,0.7333333333333333
sgd,UNI_v2,FedProx,TCGA-STAD_IN,STAD,13,1.0
sgd,UNI_v2,FedProx,TCGA-HNSC_IQ,HNSC,9,1.0
sgd,UNI_v2,FedProx,TCGA-BRCA_LL,BRCA,13,1.0
sgd,UNI_v2,FedProx,TCGA-LUAD_MP,LUAD,13,0.8
sgd,UNI_v2,FedProx,TCGA-CESC_MY,CESC,7,0.9199999999999999
sgd,UNI_v2,FedProx,TCGA-BRCA_OL,BRCA,16,1.0
sgd,UNI_v2,FedProx,TCGA-HNSC_P3,HNSC,10,1.0
sgd,UNI_v2,FedProx,TCGA-LGG_P5,LGG,9,1.0
sgd,UNI_v2,FedProx,TCGA-CESC_Q1,CESC,7,1.0
sgd,UNI_v2,FedProx,TCGA-LGG_QH,LGG,14,1.0
sgd,UNI_v2,FedProx,TCGA-HNSC_QK,HNSC,15,1.0
sgd,UNI_v2,FedProx,TCGA-LGG_R8,LGG,16,1.0
sgd,UNI_v2,FedProx,TCGA-STAD_RD,STAD,9,0.95
sgd,UNI_v2,FedProx,TCGA-BRCA_S3,BRCA,7,1.0
sgd,UNI_v2,FedProx,TCGA-LGG_S9,LGG,33,1.0
sgd,UNI_v2,FedProx,TCGA-LGG_TM,LGG,17,1.0
sgd,UNI_v2,FedProx,TCGA-LGG_TQ,LGG,12,1.0
sgd,UNI_v2,FedProx,TCGA-HNSC_UF,HNSC,12,1.0
sgd,UNI_v2,FedProx,TCGA-LGG_VM,LGG,43,1.0
sgd,UNI_v2,FedProx,TCGA-STAD_VQ,STAD,46,0.9600000000000002
sgd,UNI_v2,FedProx,TCGA-CESC_VS,CESC,37,0.9666666666666666
sgd,UNI_v2,FedProx,TCGA-PAAD_XD,PAAD,4,0.82
sgd,UNI_v2,FedProx,TCGA-CESC_ZJ,CESC,11,1.0
sgd,UNI_v2,SCAFFOLD,TCGA-LUAD_05,LUAD,16,1.0
sgd,UNI_v2,SCAFFOLD,TCGA-PAAD_2J,PAAD,11,1.0
sgd,UNI_v2,SCAFFOLD,TCGA-LUAD_38,LUAD,7,1.0
sgd,UNI_v2,SCAFFOLD,TCGA-PAAD_3A,PAAD,11,1.0
sgd,UNI_v2,SCAFFOLD,TCGA-LUAD_44,LUAD,31,1.0
sgd,UNI_v2,SCAFFOLD,TCGA-LUAD_49,LUAD,47,1.0
sgd,UNI_v2,SCAFFOLD,TCGA-LUAD_50,LUAD,12,1.0
sgd,UNI_v2,SCAFFOLD,TCGA-LUAD_55,LUAD,63,1.0
sgd,UNI_v2,SCAFFOLD,TCGA-LUAD_64,LUAD,8,1.0
sgd,UNI_v2,SCAFFOLD,TCGA-LUAD_69,LUAD,10,1.0
sgd,UNI_v2,SCAFFOLD,TCGA-LUAD_73,LUAD,8,1.0
sgd,UNI_v2,SCAFFOLD,TCGA-LUAD_75,LUAD,11,1.0
sgd,UNI_v2,SCAFFOLD,TCGA-LUAD_78,LUAD,21,1.0
sgd,UNI_v2,SCAFFOLD,TCGA-LUAD_86,LUAD,23,1.0
sgd,UNI_v2,SCAFFOLD,TCGA-LUAD_95,LUAD,7,1.0
sgd,UNI_v2,SCAFFOLD,TCGA-LUAD_97,LUAD,16,1.0
sgd,UNI_v2,SCAFFOLD,TCGA-BRCA_A1,BRCA,18,1.0
sgd,UNI_v2,SCAFFOLD,TCGA-BRCA_A2,BRCA,116,1.0
sgd,UNI_v2,SCAFFOLD,TCGA-COAD_A6,COAD,76,0.7999999999999999
sgd,UNI_v2,SCAFFOLD,TCGA-BRCA_A7,BRCA,47,0.6636363636363637
sgd,UNI_v2,SCAFFOLD,TCGA-BRCA_A8,BRCA,116,1.0
sgd,UNI_v2,SCAFFOLD,TCGA-COAD_AA,COAD,255,0.8
sgd,UNI_v2,SCAFFOLD,TCGA-BRCA_AC,BRCA,35,0.7076923076923076
sgd,UNI_v2,SCAFFOLD,TCGA-COAD_AD,COAD,12,0.95
sgd,UNI_v2,SCAFFOLD,TCGA-BRCA_AN,BRCA,54,1.0
sgd,UNI_v2,SCAFFOLD,TCGA-BRCA_AO,BRCA,59,1.0
sgd,UNI_v2,SCAFFOLD,TCGA-BRCA_AQ,BRCA,9,1.0
sgd,UNI_v2,SCAFFOLD,TCGA-BRCA_AR,BRCA,58,1.0
sgd,UNI_v2,SCAFFOLD,TCGA-COAD_AY,COAD,10,1.0
sgd,UNI_v2,SCAFFOLD,TCGA-COAD_AZ,COAD,26,1.0
sgd,UNI_v2,SCAFFOLD,TCGA-BRCA_B6,BRCA,68,1.0
sgd,UNI_v2,SCAFFOLD,TCGA-HNSC_BA,HNSC,21,0.8857142857142856
sgd,UNI_v2,SCAFFOLD,TCGA-HNSC_BB,HNSC,14,0.6
sgd,UNI_v2,SCAFFOLD,TCGA-SKCM_BF,SKCM,13,1.0
sgd,UNI_v2,SCAFFOLD,TCGA-BRCA_BH,BRCA,160,1.0
sgd,UNI_v2,SCAFFOLD,TCGA-STAD_BR,STAD,161,0.5416666666666666
sgd,UNI_v2,SCAFFOLD,TCGA-CESC_C5,CESC,43,0.8615384615384615
sgd,UNI_v2,SCAFFOLD,TCGA-BRCA_C8,BRCA,46,1.0
sgd,UNI_v2,SCAFFOLD,TCGA-COAD_CA,COAD,13,0.5
sgd,UNI_v2,SCAFFOLD,TCGA-STAD_CD,STAD,35,0.6363636363636364
sgd,UNI_v2,SCAFFOLD,TCGA-STAD_CG,STAD,56,0.37777777777777777
sgd,UNI_v2,SCAFFOLD,TCGA-COAD_CK,COAD,15,0.9714285714285715
sgd,UNI_v2,SCAFFOLD,TCGA-COAD_CM,COAD,48,0.9444444444444444
sgd,UNI_v2,SCAFFOLD,TCGA-HNSC_CN,HNSC,42,0.9692307692307693
sgd,UNI_v2,SCAFFOLD,TCGA-HNSC_CQ,HNSC,26,1.0
sgd,UNI_v2,SCAFFOLD,TCGA-LGG_CS,LGG,14,1.0
sgd,UNI_v2,SCAFFOLD,TCGA-HNSC_CV,HNSC,94,0.9571428571428571
sgd,UNI_v2,SCAFFOLD,TCGA-COAD_D5,COAD,37,1.0
sgd,UNI_v2,SCAFFOLD,TCGA-HNSC_D6,HNSC,20,1.0
sgd,UNI_v2,SCAFFOLD,TCGA-STAD_D7,STAD,41,0.38571428571428573
sgd,UNI_v2,SCAFFOLD,TCGA-BRCA_D8,BRCA,59,1.0
sgd,UNI_v2,SCAFFOLD,TCGA-SKCM_D9,SKCM,8,0.7
sgd,UNI_v2,SCAFFOLD,TCGA-SKCM_DA,SKCM,16,1.0
sgd,UNI_v2,SCAFFOLD,TCGA-LGG_DB,LGG,38,1.0
sgd,UNI_v2,SCAFFOLD,TCGA-LGG_DH,LGG,10,1.0
sgd,UNI_v2,SCAFFOLD,TCGA-COAD_DM,COAD,17,0.325
sgd,UNI_v2,SCAFFOLD,TCGA-HNSC_DQ,HNSC,10,0.9
sgd,UNI_v2,SCAFFOLD,TCGA-CESC_DS,CESC,7,1.0
sgd,UNI_v2,SCAFFOLD,TCGA-LGG_DU,LGG,60,1.0
sgd,UNI_v2,SCAFFOLD,TCGA-LGG_E1,LGG,15,1.0
sgd,UNI_v2,SCAFFOLD,TCGA-BRCA_E2,BRCA,70,1.0
sgd,UNI_v2,SCAFFOLD,TCGA-BRCA_E9,BRCA,44,0.9538461538461538
sgd,UNI_v2,SCAFFOLD,TCGA-CESC_EA,CESC,18,0.9
sgd,UNI_v2,SCAFFOLD,TCGA-SKCM_EB,SKCM,32,0.909090909090909
sgd,UNI_v2,SCAFFOLD,TCGA-SKCM_EE,SKCM,60,0.9473684210526315
sgd,UNI_v2,SCAFFOLD,TCGA-SKCM_ER,SKCM,27,1.0
sgd,UNI_v2,SCAFFOLD,TCGA-BRCA_EW,BRCA,30,1.0
sgd,UNI_v2,SCAFFOLD,TCGA-COAD_F4,COAD,21,1.0
sgd,UNI_v2,SCAFFOLD,TCGA-HNSC_F7,HNSC,9,1.0
sgd,UNI_v2,SCAFFOLD,TCGA-PAAD_FB,PAAD,11,0.6399999999999999
sgd,UNI_v2,SCAFFOLD,TCGA-LGG_FG,LGG,46,1.0
sgd,UNI_v2,SCAFFOLD,TCGA-STAD_FP,STAD,9,0.4666666666666666
sgd,UNI_v2,SCAFFOLD,TCGA-SKCM_FR,SKCM,7,1.0
sgd,UNI_v2,SCAFFOLD,TCGA-CESC_FU,CESC,10,0.6
sgd,UNI_v2,SCAFFOLD,TCGA-COAD_G4,COAD,33,0.9692307692307693
sgd,UNI_v2,SCAFFOLD,TCGA-BRCA_GM,BRCA,14,1.0
sgd,UNI_v2,SCAFFOLD,TCGA-SKCM_GN,SKCM,7,1.0
sgd,UNI_v2,SCAFFOLD,TCGA-HNSC_HD,HNSC,10,0.75
sgd,UNI_v2,SCAFFOLD,TCGA-STAD_HF,STAD,7,0.1
sgd,UNI_v2,SCAFFOLD,TCGA-LGG_HT,LGG,207,1.0
sgd,UNI_v2,SCAFFOLD,TCGA-STAD_HU,STAD,26,0.725
sgd,UNI_v2,SCAFFOLD,TCGA-LGG_HW,LGG,10,1.0
sgd,UNI_v2,SCAFFOLD,TCGA-PAAD_HZ,PAAD,21,0.9714285714285715
sgd,UNI_v2,SCAFFOLD,TCGA-PAAD_IB,PAAD,27,0.7777777777777778
sgd,UNI_v2,SCAFFOLD,TCGA-STAD_IN,STAD,13,0.9333333333333332
sgd,UNI_v2,SCAFFOLD,TCGA-HNSC_IQ,HNSC,9,1.0
sgd,UNI_v2,SCAFFOLD,TCGA-BRCA_LL,BRCA,13,1.0
sgd,UNI_v2,SCAFFOLD,TCGA-LUAD_MP,LUAD,13,0.8
sgd,UNI_v2,SCAFFOLD,TCGA-CESC_MY,CESC,7,1.0
sgd,UNI_v2,SCAFFOLD,TCGA-BRCA_OL,BRCA,16,1.0
sgd,UNI_v2,SCAFFOLD,TCGA-HNSC_P3,HNSC,10,1.0
sgd,UNI_v2,SCAFFOLD,TCGA-LGG_P5,LGG,9,1.0
sgd,UNI_v2,SCAFFOLD,TCGA-CESC_Q1,CESC,7,1.0
sgd,UNI_v2,SCAFFOLD,TCGA-LGG_QH,LGG,14,1.0
sgd,UNI_v2,SCAFFOLD,TCGA-HNSC_QK,HNSC,15,1.0
sgd,UNI_v2,SCAFFOLD,TCGA-LGG_R8,LGG,16,1.0
sgd,UNI_v2,SCAFFOLD,TCGA-STAD_RD,STAD,9,0.8
sgd,UNI_v2,SCAFFOLD,TCGA-BRCA_S3,BRCA,7,1.0
sgd,UNI_v2,SCAFFOLD,TCGA-LGG_S9,LGG,33,1.0
sgd,UNI_v2,SCAFFOLD,TCGA-LGG_TM,LGG,17,1.0
sgd,UNI_v2,SCAFFOLD,TCGA-LGG_TQ,LGG,12,1.0
sgd,UNI_v2,SCAFFOLD,TCGA-HNSC_UF,HNSC,12,1.0
sgd,UNI_v2,SCAFFOLD,TCGA-LGG_VM,LGG,43,1.0
sgd,UNI_v2,SCAFFOLD,TCGA-STAD_VQ,STAD,46,0.8933333333333333
sgd,UNI_v2,SCAFFOLD,TCGA-CESC_VS,CESC,37,1.0
sgd,UNI_v2,SCAFFOLD,TCGA-PAAD_XD,PAAD,4,0.9
sgd,UNI_v2,SCAFFOLD,TCGA-CESC_ZJ,CESC,11,0.8
sgd,Virchow2,FedAvg,TCGA-LUAD_05,LUAD,16,1.0
sgd,Virchow2,FedAvg,TCGA-PAAD_2J,PAAD,11,1.0
sgd,Virchow2,FedAvg,TCGA-LUAD_38,LUAD,7,1.0
sgd,Virchow2,FedAvg,TCGA-PAAD_3A,PAAD,11,0.9199999999999999
sgd,Virchow2,FedAvg,TCGA-LUAD_44,LUAD,31,0.9199999999999999
sgd,Virchow2,FedAvg,TCGA-LUAD_49,LUAD,47,0.9878787878787879
sgd,Virchow2,FedAvg,TCGA-LUAD_50,LUAD,12,1.0
sgd,Virchow2,FedAvg,TCGA-LUAD_55,LUAD,63,0.9789473684210526
sgd,Virchow2,FedAvg,TCGA-LUAD_64,LUAD,8,1.0
sgd,Virchow2,FedAvg,TCGA-LUAD_69,LUAD,10,1.0
sgd,Virchow2,FedAvg,TCGA-LUAD_73,LUAD,8,1.0
sgd,Virchow2,FedAvg,TCGA-LUAD_75,LUAD,11,1.0
sgd,Virchow2,FedAvg,TCGA-LUAD_78,LUAD,21,1.0
sgd,Virchow2,FedAvg,TCGA-LUAD_86,LUAD,23,1.0
sgd,Virchow2,FedAvg,TCGA-LUAD_95,LUAD,7,1.0
sgd,Virchow2,FedAvg,TCGA-LUAD_97,LUAD,16,1.0
sgd,Virchow2,FedAvg,TCGA-BRCA_A1,BRCA,18,1.0
sgd,Virchow2,FedAvg,TCGA-BRCA_A2,BRCA,116,1.0
sgd,Virchow2,FedAvg,TCGA-COAD_A6,COAD,76,0.675
sgd,Virchow2,FedAvg,TCGA-BRCA_A7,BRCA,47,0.8545454545454545
sgd,Virchow2,FedAvg,TCGA-BRCA_A8,BRCA,116,1.0
sgd,Virchow2,FedAvg,TCGA-COAD_AA,COAD,255,0.7851851851851851
sgd,Virchow2,FedAvg,TCGA-BRCA_AC,BRCA,35,0.7692307692307693
sgd,Virchow2,FedAvg,TCGA-COAD_AD,COAD,12,0.75
sgd,Virchow2,FedAvg,TCGA-BRCA_AN,BRCA,54,1.0
sgd,Virchow2,FedAvg,TCGA-BRCA_AO,BRCA,59,0.9619047619047618
sgd,Virchow2,FedAvg,TCGA-BRCA_AQ,BRCA,9,1.0
sgd,Virchow2,FedAvg,TCGA-BRCA_AR,BRCA,58,0.9299999999999999
sgd,Virchow2,FedAvg,TCGA-COAD_AY,COAD,10,1.0
sgd,Virchow2,FedAvg,TCGA-COAD_AZ,COAD,26,1.0
sgd,Virchow2,FedAvg,TCGA-BRCA_B6,BRCA,68,0.9652173913043478
sgd,Virchow2,FedAvg,TCGA-HNSC_BA,HNSC,21,0.6
sgd,Virchow2,FedAvg,TCGA-HNSC_BB,HNSC,14,0.72
sgd,Virchow2,FedAvg,TCGA-SKCM_BF,SKCM,13,1.0
sgd,Virchow2,FedAvg,TCGA-BRCA_BH,BRCA,160,1.0
sgd,Virchow2,FedAvg,TCGA-STAD_BR,STAD,161,0.725
sgd,Virchow2,FedAvg,TCGA-CESC_C5,CESC,43,0.9538461538461538
sgd,Virchow2,FedAvg,TCGA-BRCA_C8,BRCA,46,1.0
sgd,Virchow2,FedAvg,TCGA-COAD_CA,COAD,13,0.45
sgd,Virchow2,FedAvg,TCGA-STAD_CD,STAD,35,0.6000000000000001
sgd,Virchow2,FedAvg,TCGA-STAD_CG,STAD,56,0.6777777777777778
sgd,Virchow2,FedAvg,TCGA-COAD_CK,COAD,15,0.8857142857142858
sgd,Virchow2,FedAvg,TCGA-COAD_CM,COAD,48,0.9111111111111111
sgd,Virchow2,FedAvg,TCGA-HNSC_CN,HNSC,42,0.8461538461538461
sgd,Virchow2,FedAvg,TCGA-HNSC_CQ,HNSC,26,1.0
sgd,Virchow2,FedAvg,TCGA-LGG_CS,LGG,14,1.0
sgd,Virchow2,FedAvg,TCGA-HNSC_CV,HNSC,94,0.8714285714285716
sgd,Virchow2,FedAvg,TCGA-COAD_D5,COAD,37,0.9400000000000001
sgd,Virchow2,FedAvg,TCGA-HNSC_D6,HNSC,20,0.9666666666666668
sgd,Virchow2,FedAvg,TCGA-STAD_D7,STAD,41,0.5285714285714287
sgd,Virchow2,FedAvg,TCGA-BRCA_D8,BRCA,59,1.0
sgd,Virchow2,FedAvg,TCGA-SKCM_D9,SKCM,8,0.9
sgd,Virchow2,FedAvg,TCGA-SKCM_DA,SKCM,16,1.0
sgd,Virchow2,FedAvg,TCGA-LGG_DB,LGG,38,1.0
sgd,Virchow2,FedAvg,TCGA-LGG_DH,LGG,10,1.0
sgd,Virchow2,FedAvg,TCGA-COAD_DM,COAD,17,0.575
sgd,Virchow2,FedAvg,TCGA-HNSC_DQ,HNSC,10,0.3
sgd,Virchow2,FedAvg,TCGA-CESC_DS,CESC,7,1.0
sgd,Virchow2,FedAvg,TCGA-LGG_DU,LGG,60,1.0
sgd,Virchow2,FedAvg,TCGA-LGG_E1,LGG,15,1.0
sgd,Virchow2,FedAvg,TCGA-BRCA_E2,BRCA,70,1.0
sgd,Virchow2,FedAvg,TCGA-BRCA_E9,BRCA,44,1.0
sgd,Virchow2,FedAvg,TCGA-CESC_EA,CESC,18,1.0
sgd,Virchow2,FedAvg,TCGA-SKCM_EB,SKCM,32,0.9818181818181818
sgd,Virchow2,FedAvg,TCGA-SKCM_EE,SKCM,60,0.968421052631579
sgd,Virchow2,FedAvg,TCGA-SKCM_ER,SKCM,27,1.0
sgd,Virchow2,FedAvg,TCGA-BRCA_EW,BRCA,30,0.9555555555555555
sgd,Virchow2,FedAvg,TCGA-COAD_F4,COAD,21,0.85
sgd,Virchow2,FedAvg,TCGA-HNSC_F7,HNSC,9,0.9333333333333332
sgd,Virchow2,FedAvg,TCGA-PAAD_FB,PAAD,11,0.8400000000000001
sgd,Virchow2,FedAvg,TCGA-LGG_FG,LGG,46,1.0
sgd,Virchow2,FedAvg,TCGA-STAD_FP,STAD,9,0.6666666666666666
sgd,Virchow2,FedAvg,TCGA-SKCM_FR,SKCM,7,1.0
sgd,Virchow2,FedAvg,TCGA-CESC_FU,CESC,10,0.7
sgd,Virchow2,FedAvg,TCGA-COAD_G4,COAD,33,0.7384615384615385
sgd,Virchow2,FedAvg,TCGA-BRCA_GM,BRCA,14,1.0
sgd,Virchow2,FedAvg,TCGA-SKCM_GN,SKCM,7,1.0
sgd,Virchow2,FedAvg,TCGA-HNSC_HD,HNSC,10,0.75
sgd,Virchow2,FedAvg,TCGA-STAD_HF,STAD,7,0.7
sgd,Virchow2,FedAvg,TCGA-LGG_HT,LGG,207,1.0
sgd,Virchow2,FedAvg,TCGA-STAD_HU,STAD,26,0.75
sgd,Virchow2,FedAvg,TCGA-LGG_HW,LGG,10,1.0
sgd,Virchow2,FedAvg,TCGA-PAAD_HZ,PAAD,21,0.9428571428571428
sgd,Virchow2,FedAvg,TCGA-PAAD_IB,PAAD,27,0.9111111111111111
sgd,Virchow2,FedAvg,TCGA-STAD_IN,STAD,13,0.6666666666666666
sgd,Virchow2,FedAvg,TCGA-HNSC_IQ,HNSC,9,1.0
sgd,Virchow2,FedAvg,TCGA-BRCA_LL,BRCA,13,1.0
sgd,Virchow2,FedAvg,TCGA-LUAD_MP,LUAD,13,0.8
sgd,Virchow2,FedAvg,TCGA-CESC_MY,CESC,7,1.0
sgd,Virchow2,FedAvg,TCGA-BRCA_OL,BRCA,16,1.0
sgd,Virchow2,FedAvg,TCGA-HNSC_P3,HNSC,10,1.0
sgd,Virchow2,FedAvg,TCGA-LGG_P5,LGG,9,1.0
sgd,Virchow2,FedAvg,TCGA-CESC_Q1,CESC,7,1.0
sgd,Virchow2,FedAvg,TCGA-LGG_QH,LGG,14,1.0
sgd,Virchow2,FedAvg,TCGA-HNSC_QK,HNSC,15,1.0
sgd,Virchow2,FedAvg,TCGA-LGG_R8,LGG,16,1.0
sgd,Virchow2,FedAvg,TCGA-STAD_RD,STAD,9,0.8
sgd,Virchow2,FedAvg,TCGA-BRCA_S3,BRCA,7,1.0
sgd,Virchow2,FedAvg,TCGA-LGG_S9,LGG,33,1.0
sgd,Virchow2,FedAvg,TCGA-LGG_TM,LGG,17,1.0
sgd,Virchow2,FedAvg,TCGA-LGG_TQ,LGG,12,1.0
sgd,Virchow2,FedAvg,TCGA-HNSC_UF,HNSC,12,1.0
sgd,Virchow2,FedAvg,TCGA-LGG_VM,LGG,43,1.0
sgd,Virchow2,FedAvg,TCGA-STAD_VQ,STAD,46,0.8266666666666668
sgd,Virchow2,FedAvg,TCGA-CESC_VS,CESC,37,0.95
sgd,Virchow2,FedAvg,TCGA-PAAD_XD,PAAD,4,0.74
sgd,Virchow2,FedAvg,TCGA-CESC_ZJ,CESC,11,1.0
sgd,Virchow2,FedBN,TCGA-LUAD_05,LUAD,16,0.9666666666666668
sgd,Virchow2,FedBN,TCGA-PAAD_2J,PAAD,11,1.0
sgd,Virchow2,FedBN,TCGA-LUAD_38,LUAD,7,0.8666666666666666
sgd,Virchow2,FedBN,TCGA-PAAD_3A,PAAD,11,1.0
sgd,Virchow2,FedBN,TCGA-LUAD_44,LUAD,31,1.0
sgd,Virchow2,FedBN,TCGA-LUAD_49,LUAD,47,1.0
sgd,Virchow2,FedBN,TCGA-LUAD_50,LUAD,12,0.8571428571428571
sgd,Virchow2,FedBN,TCGA-LUAD_55,LUAD,63,1.0
sgd,Virchow2,FedBN,TCGA-LUAD_64,LUAD,8,1.0
sgd,Virchow2,FedBN,TCGA-LUAD_69,LUAD,10,0.95
sgd,Virchow2,FedBN,TCGA-LUAD_73,LUAD,8,0.8666666666666666
sgd,Virchow2,FedBN,TCGA-LUAD_75,LUAD,11,1.0
sgd,Virchow2,FedBN,TCGA-LUAD_78,LUAD,21,0.9714285714285715
sgd,Virchow2,FedBN,TCGA-LUAD_86,LUAD,23,1.0
sgd,Virchow2,FedBN,TCGA-LUAD_95,LUAD,7,0.8666666666666666
sgd,Virchow2,FedBN,TCGA-LUAD_97,LUAD,16,0.96
sgd,Virchow2,FedBN,TCGA-BRCA_A1,BRCA,18,1.0
sgd,Virchow2,FedBN,TCGA-BRCA_A2,BRCA,116,1.0
sgd,Virchow2,FedBN,TCGA-COAD_A6,COAD,76,1.0
sgd,Virchow2,FedBN,TCGA-BRCA_A7,BRCA,47,1.0
sgd,Virchow2,FedBN,TCGA-BRCA_A8,BRCA,116,1.0
sgd,Virchow2,FedBN,TCGA-COAD_AA,COAD,255,1.0
sgd,Virchow2,FedBN,TCGA-BRCA_AC,BRCA,35,0.9538461538461538
sgd,Virchow2,FedBN,TCGA-COAD_AD,COAD,12,0.95
sgd,Virchow2,FedBN,TCGA-BRCA_AN,BRCA,54,1.0
sgd,Virchow2,FedBN,TCGA-BRCA_AO,BRCA,59,1.0
sgd,Virchow2,FedBN,TCGA-BRCA_AQ,BRCA,9,1.0
sgd,Virchow2,FedBN,TCGA-BRCA_AR,BRCA,58,1.0
sgd,Virchow2,FedBN,TCGA-COAD_AY,COAD,10,1.0
sgd,Virchow2,FedBN,TCGA-COAD_AZ,COAD,26,1.0
sgd,Virchow2,FedBN,TCGA-BRCA_B6,BRCA,68,1.0
sgd,Virchow2,FedBN,TCGA-HNSC_BA,HNSC,21,1.0
sgd,Virchow2,FedBN,TCGA-HNSC_BB,HNSC,14,1.0
sgd,Virchow2,FedBN,TCGA-SKCM_BF,SKCM,13,1.0
sgd,Virchow2,FedBN,TCGA-BRCA_BH,BRCA,160,1.0
sgd,Virchow2,FedBN,TCGA-STAD_BR,STAD,161,1.0
sgd,Virchow2,FedBN,TCGA-CESC_C5,CESC,43,1.0
sgd,Virchow2,FedBN,TCGA-BRCA_C8,BRCA,46,1.0
sgd,Virchow2,FedBN,TCGA-COAD_CA,COAD,13,1.0
sgd,Virchow2,FedBN,TCGA-STAD_CD,STAD,35,1.0
sgd,Virchow2,FedBN,TCGA-STAD_CG,STAD,56,1.0
sgd,Virchow2,FedBN,TCGA-COAD_CK,COAD,15,0.9714285714285715
sgd,Virchow2,FedBN,TCGA-COAD_CM,COAD,48,1.0
sgd,Virchow2,FedBN,TCGA-HNSC_CN,HNSC,42,1.0
sgd,Virchow2,FedBN,TCGA-HNSC_CQ,HNSC,26,0.9555555555555555
sgd,Virchow2,FedBN,TCGA-LGG_CS,LGG,14,0.95
sgd,Virchow2,FedBN,TCGA-HNSC_CV,HNSC,94,1.0
sgd,Virchow2,FedBN,TCGA-COAD_D5,COAD,37,1.0
sgd,Virchow2,FedBN,TCGA-HNSC_D6,HNSC,20,1.0
sgd,Virchow2,FedBN,TCGA-STAD_D7,STAD,41,0.9857142857142858
sgd,Virchow2,FedBN,TCGA-BRCA_D8,BRCA,59,1.0
sgd,Virchow2,FedBN,TCGA-SKCM_D9,SKCM,8,1.0
sgd,Virchow2,FedBN,TCGA-SKCM_DA,SKCM,16,1.0
sgd,Virchow2,FedBN,TCGA-LGG_DB,LGG,38,1.0
sgd,Virchow2,FedBN,TCGA-LGG_DH,LGG,10,1.0
sgd,Virchow2,FedBN,TCGA-COAD_DM,COAD,17,0.975
sgd,Virchow2,FedBN,TCGA-HNSC_DQ,HNSC,10,1.0
sgd,Virchow2,FedBN,TCGA-CESC_DS,CESC,7,0.9333333333333332
sgd,Virchow2,FedBN,TCGA-LGG_DU,LGG,60,0.9888888888888889
sgd,Virchow2,FedBN,TCGA-LGG_E1,LGG,15,0.8799999999999999
sgd,Virchow2,FedBN,TCGA-BRCA_E2,BRCA,70,1.0
sgd,Virchow2,FedBN,TCGA-BRCA_E9,BRCA,44,1.0
sgd,Virchow2,FedBN,TCGA-CESC_EA,CESC,18,1.0
sgd,Virchow2,FedBN,TCGA-SKCM_EB,SKCM,32,1.0
sgd,Virchow2,FedBN,TCGA-SKCM_EE,SKCM,60,1.0
sgd,Virchow2,FedBN,TCGA-SKCM_ER,SKCM,27,1.0
sgd,Virchow2,FedBN,TCGA-BRCA_EW,BRCA,30,1.0
sgd,Virchow2,FedBN,TCGA-COAD_F4,COAD,21,0.95
sgd,Virchow2,FedBN,TCGA-HNSC_F7,HNSC,9,1.0
sgd,Virchow2,FedBN,TCGA-PAAD_FB,PAAD,11,1.0
sgd,Virchow2,FedBN,TCGA-LGG_FG,LGG,46,1.0
sgd,Virchow2,FedBN,TCGA-STAD_FP,STAD,9,0.9333333333333332
sgd,Virchow2,FedBN,TCGA-SKCM_FR,SKCM,7,1.0
sgd,Virchow2,FedBN,TCGA-CESC_FU,CESC,10,1.0
sgd,Virchow2,FedBN,TCGA-COAD_G4,COAD,33,1.0
sgd,Virchow2,FedBN,TCGA-BRCA_GM,BRCA,14,1.0
sgd,Virchow2,FedBN,TCGA-SKCM_GN,SKCM,7,1.0
sgd,Virchow2,FedBN,TCGA-HNSC_HD,HNSC,10,1.0
sgd,Virchow2,FedBN,TCGA-STAD_HF,STAD,7,0.95
sgd,Virchow2,FedBN,TCGA-LGG_HT,LGG,207,1.0
sgd,Virchow2,FedBN,TCGA-STAD_HU,STAD,26,1.0
sgd,Virchow2,FedBN,TCGA-LGG_HW,LGG,10,0.95
sgd,Virchow2,FedBN,TCGA-PAAD_HZ,PAAD,21,1.0
sgd,Virchow2,FedBN,TCGA-PAAD_IB,PAAD,27,1.0
sgd,Virchow2,FedBN,TCGA-STAD_IN,STAD,13,1.0
sgd,Virchow2,FedBN,TCGA-HNSC_IQ,HNSC,9,1.0
sgd,Virchow2,FedBN,TCGA-BRCA_LL,BRCA,13,1.0
sgd,Virchow2,FedBN,TCGA-LUAD_MP,LUAD,13,0.96
sgd,Virchow2,FedBN,TCGA-CESC_MY,CESC,7,1.0
sgd,Virchow2,FedBN,TCGA-BRCA_OL,BRCA,16,1.0
sgd,Virchow2,FedBN,TCGA-HNSC_P3,HNSC,10,1.0
sgd,Virchow2,FedBN,TCGA-LGG_P5,LGG,9,0.95
sgd,Virchow2,FedBN,TCGA-CESC_Q1,CESC,7,1.0
sgd,Virchow2,FedBN,TCGA-LGG_QH,LGG,14,0.96
sgd,Virchow2,FedBN,TCGA-HNSC_QK,HNSC,15,1.0
sgd,Virchow2,FedBN,TCGA-LGG_R8,LGG,16,0.7818181818181819
sgd,Virchow2,FedBN,TCGA-STAD_RD,STAD,9,1.0
sgd,Virchow2,FedBN,TCGA-BRCA_S3,BRCA,7,1.0
sgd,Virchow2,FedBN,TCGA-LGG_S9,LGG,33,1.0
sgd,Virchow2,FedBN,TCGA-LGG_TM,LGG,17,1.0
sgd,Virchow2,FedBN,TCGA-LGG_TQ,LGG,12,1.0
sgd,Virchow2,FedBN,TCGA-HNSC_UF,HNSC,12,1.0
sgd,Virchow2,FedBN,TCGA-LGG_VM,LGG,43,1.0
sgd,Virchow2,FedBN,TCGA-STAD_VQ,STAD,46,1.0
sgd,Virchow2,FedBN,TCGA-CESC_VS,CESC,37,1.0
sgd,Virchow2,FedBN,TCGA-PAAD_XD,PAAD,4,1.0
sgd,Virchow2,FedBN,TCGA-CESC_ZJ,CESC,11,1.0
sgd,Virchow2,FedProx,TCGA-LUAD_05,LUAD,16,1.0
sgd,Virchow2,FedProx,TCGA-PAAD_2J,PAAD,11,1.0
sgd,Virchow2,FedProx,TCGA-LUAD_38,LUAD,7,1.0
sgd,Virchow2,FedProx,TCGA-PAAD_3A,PAAD,11,0.9199999999999999
sgd,Virchow2,FedProx,TCGA-LUAD_44,LUAD,31,0.96
sgd,Virchow2,FedProx,TCGA-LUAD_49,LUAD,47,0.9818181818181818
sgd,Virchow2,FedProx,TCGA-LUAD_50,LUAD,12,1.0
sgd,Virchow2,FedProx,TCGA-LUAD_55,LUAD,63,0.9894736842105264
sgd,Virchow2,FedProx,TCGA-LUAD_64,LUAD,8,1.0
sgd,Virchow2,FedProx,TCGA-LUAD_69,LUAD,10,1.0
sgd,Virchow2,FedProx,TCGA-LUAD_73,LUAD,8,1.0
sgd,Virchow2,FedProx,TCGA-LUAD_75,LUAD,11,1.0
sgd,Virchow2,FedProx,TCGA-LUAD_78,LUAD,21,1.0
sgd,Virchow2,FedProx,TCGA-LUAD_86,LUAD,23,1.0
sgd,Virchow2,FedProx,TCGA-LUAD_95,LUAD,7,1.0
sgd,Virchow2,FedProx,TCGA-LUAD_97,LUAD,16,1.0
sgd,Virchow2,FedProx,TCGA-BRCA_A1,BRCA,18,1.0
sgd,Virchow2,FedProx,TCGA-BRCA_A2,BRCA,116,1.0
sgd,Virchow2,FedProx,TCGA-COAD_A6,COAD,76,0.6583333333333334
sgd,Virchow2,FedProx,TCGA-BRCA_A7,BRCA,47,0.809090909090909
sgd,Virchow2,FedProx,TCGA-BRCA_A8,BRCA,116,1.0
sgd,Virchow2,FedProx,TCGA-COAD_AA,COAD,255,0.7777777777777777
sgd,Virchow2,FedProx,TCGA-BRCA_AC,BRCA,35,0.7384615384615385
sgd,Virchow2,FedProx,TCGA-COAD_AD,COAD,12,0.7
sgd,Virchow2,FedProx,TCGA-BRCA_AN,BRCA,54,0.9882352941176471
sgd,Virchow2,FedProx,TCGA-BRCA_AO,BRCA,59,0.9714285714285715
sgd,Virchow2,FedProx,TCGA-BRCA_AQ,BRCA,9,0.95
sgd,Virchow2,FedProx,TCGA-BRCA_AR,BRCA,58,0.9
sgd,Virchow2,FedProx,TCGA-COAD_AY,COAD,10,1.0
sgd,Virchow2,FedProx,TCGA-COAD_AZ,COAD,26,0.9800000000000001
sgd,Virchow2,FedProx,TCGA-BRCA_B6,BRCA,68,0.9304347826086957
sgd,Virchow2,FedProx,TCGA-HNSC_BA,HNSC,21,0.5999999999999999
sgd,Virchow2,FedProx,TCGA-HNSC_BB,HNSC,14,0.64
sgd,Virchow2,FedProx,TCGA-SKCM_BF,SKCM,13,1.0
sgd,Virchow2,FedProx,TCGA-BRCA_BH,BRCA,160,1.0
sgd,Virchow2,FedProx,TCGA-STAD_BR,STAD,161,0.7458333333333333
sgd,Virchow2,FedProx,TCGA-CESC_C5,CESC,43,0.9384615384615385
sgd,Virchow2,FedProx,TCGA-BRCA_C8,BRCA,46,1.0
sgd,Virchow2,FedProx,TCGA-COAD_CA,COAD,13,0.3
sgd,Virchow2,FedProx,TCGA-STAD_CD,STAD,35,0.6545454545454545
sgd,Virchow2,FedProx,TCGA-STAD_CG,STAD,56,0.8
sgd,Virchow2,FedProx,TCGA-COAD_CK,COAD,15,0.8857142857142858
sgd,Virchow2,FedProx,TCGA-COAD_CM,COAD,48,0.888888888888889
sgd,Virchow2,FedProx,TCGA-HNSC_CN,HNSC,42,0.8153846153846154
sgd,Virchow2,FedProx,TCGA-HNSC_CQ,HNSC,26,1.0
sgd,Virchow2,FedProx,TCGA-LGG_CS,LGG,14,1.0
sgd,Virchow2,FedProx,TCGA-HNSC_CV,HNSC,94,0.8642857142857142
sgd,Virchow2,FedProx,TCGA-COAD_D5,COAD,37,0.8800000000000001
sgd,Virchow2,FedProx,TCGA-HNSC_D6,HNSC,20,0.9
sgd,Virchow2,FedProx,TCGA-STAD_D7,STAD,41,0.48571428571428577
sgd,Virchow2,FedProx,TCGA-BRCA_D8,BRCA,59,0.9882352941176471
sgd,Virchow2,FedProx,TCGA-SKCM_D9,SKCM,8,0.7
sgd,Virchow2,FedProx,TCGA-SKCM_DA,SKCM,16,1.0
sgd,Virchow2,FedProx,TCGA-LGG_DB,LGG,38,1.0
sgd,Virchow2,FedProx,TCGA-LGG_DH,LGG,10,1.0
sgd,Virchow2,FedProx,TCGA-COAD_DM,COAD,17,0.5
sgd,Virchow2,FedProx,TCGA-HNSC_DQ,HNSC,10,0.25
sgd,Virchow2,FedProx,TCGA-CESC_DS,CESC,7,0.9333333333333332
sgd,Virchow2,FedProx,TCGA-LGG_DU,LGG,60,1.0
sgd,Virchow2,FedProx,TCGA-LGG_E1,LGG,15,1.0
sgd,Virchow2,FedProx,TCGA-BRCA_E2,BRCA,70,1.0
sgd,Virchow2,FedProx,TCGA-BRCA_E9,BRCA,44,0.9846153846153847
sgd,Virchow2,FedProx,TCGA-CESC_EA,CESC,18,1.0
sgd,Virchow2,FedProx,TCGA-SKCM_EB,SKCM,32,0.9454545454545455
sgd,Virchow2,FedProx,TCGA-SKCM_EE,SKCM,60,0.9578947368421051
sgd,Virchow2,FedProx,TCGA-SKCM_ER,SKCM,27,1.0
sgd,Virchow2,FedProx,TCGA-BRCA_EW,BRCA,30,0.9111111111111111
sgd,Virchow2,FedProx,TCGA-COAD_F4,COAD,21,0.85
sgd,Virchow2,FedProx,TCGA-HNSC_F7,HNSC,9,0.8666666666666666
sgd,Virchow2,FedProx,TCGA-PAAD_FB,PAAD,11,0.6399999999999999
sgd,Virchow2,FedProx,TCGA-LGG_FG,LGG,46,1.0
sgd,Virchow2,FedProx,TCGA-STAD_FP,STAD,9,0.6
sgd,Virchow2,FedProx,TCGA-SKCM_FR,SKCM,7,1.0
sgd,Virchow2,FedProx,TCGA-CESC_FU,CESC,10,0.6
sgd,Virchow2,FedProx,TCGA-COAD_G4,COAD,33,0.7692307692307694
sgd,Virchow2,FedProx,TCGA-BRCA_GM,BRCA,14,1.0
sgd,Virchow2,FedProx,TCGA-SKCM_GN,SKCM,7,1.0
sgd,Virchow2,FedProx,TCGA-HNSC_HD,HNSC,10,0.75
sgd,Virchow2,FedProx,TCGA-STAD_HF,STAD,7,0.6
sgd,Virchow2,FedProx,TCGA-LGG_HT,LGG,207,0.9967213114754099
sgd,Virchow2,FedProx,TCGA-STAD_HU,STAD,26,0.575
sgd,Virchow2,FedProx,TCGA-LGG_HW,LGG,10,1.0
sgd,Virchow2,FedProx,TCGA-PAAD_HZ,PAAD,21,0.9428571428571428
sgd,Virchow2,FedProx,TCGA-PAAD_IB,PAAD,27,0.9333333333333332
sgd,Virchow2,FedProx,TCGA-STAD_IN,STAD,13,0.7
sgd,Virchow2,FedProx,TCGA-HNSC_IQ,HNSC,9,1.0
sgd,Virchow2,FedProx,TCGA-BRCA_LL,BRCA,13,0.96
sgd,Virchow2,FedProx,TCGA-LUAD_MP,LUAD,13,0.8400000000000001
sgd,Virchow2,FedProx,TCGA-CESC_MY,CESC,7,0.9199999999999999
sgd,Virchow2,FedProx,TCGA-BRCA_OL,BRCA,16,1.0
sgd,Virchow2,FedProx,TCGA-HNSC_P3,HNSC,10,1.0
sgd,Virchow2,FedProx,TCGA-LGG_P5,LGG,9,1.0
sgd,Virchow2,FedProx,TCGA-CESC_Q1,CESC,7,1.0
sgd,Virchow2,FedProx,TCGA-LGG_QH,LGG,14,1.0
sgd,Virchow2,FedProx,TCGA-HNSC_QK,HNSC,15,0.96
sgd,Virchow2,FedProx,TCGA-LGG_R8,LGG,16,1.0
sgd,Virchow2,FedProx,TCGA-STAD_RD,STAD,9,0.8
sgd,Virchow2,FedProx,TCGA-BRCA_S3,BRCA,7,1.0
sgd,Virchow2,FedProx,TCGA-LGG_S9,LGG,33,1.0
sgd,Virchow2,FedProx,TCGA-LGG_TM,LGG,17,1.0
sgd,Virchow2,FedProx,TCGA-LGG_TQ,LGG,12,1.0
sgd,Virchow2,FedProx,TCGA-HNSC_UF,HNSC,12,1.0
sgd,Virchow2,FedProx,TCGA-LGG_VM,LGG,43,1.0
sgd,Virchow2,FedProx,TCGA-STAD_VQ,STAD,46,0.76
sgd,Virchow2,FedProx,TCGA-CESC_VS,CESC,37,0.9333333333333332
sgd,Virchow2,FedProx,TCGA-PAAD_XD,PAAD,4,0.8400000000000001
sgd,Virchow2,FedProx,TCGA-CESC_ZJ,CESC,11,1.0
sgd,Virchow2,SCAFFOLD,TCGA-LUAD_05,LUAD,16,1.0
sgd,Virchow2,SCAFFOLD,TCGA-PAAD_2J,PAAD,11,1.0
sgd,Virchow2,SCAFFOLD,TCGA-LUAD_38,LUAD,7,1.0
sgd,Virchow2,SCAFFOLD,TCGA-PAAD_3A,PAAD,11,1.0
sgd,Virchow2,SCAFFOLD,TCGA-LUAD_44,LUAD,31,1.0
sgd,Virchow2,SCAFFOLD,TCGA-LUAD_49,LUAD,47,0.9939393939393939
sgd,Virchow2,SCAFFOLD,TCGA-LUAD_50,LUAD,12,1.0
sgd,Virchow2,SCAFFOLD,TCGA-LUAD_55,LUAD,63,1.0
sgd,Virchow2,SCAFFOLD,TCGA-LUAD_64,LUAD,8,1.0
sgd,Virchow2,SCAFFOLD,TCGA-LUAD_69,LUAD,10,1.0
sgd,Virchow2,SCAFFOLD,TCGA-LUAD_73,LUAD,8,1.0
sgd,Virchow2,SCAFFOLD,TCGA-LUAD_75,LUAD,11,1.0
sgd,Virchow2,SCAFFOLD,TCGA-LUAD_78,LUAD,21,1.0
sgd,Virchow2,SCAFFOLD,TCGA-LUAD_86,LUAD,23,1.0
sgd,Virchow2,SCAFFOLD,TCGA-LUAD_95,LUAD,7,1.0
sgd,Virchow2,SCAFFOLD,TCGA-LUAD_97,LUAD,16,1.0
sgd,Virchow2,SCAFFOLD,TCGA-BRCA_A1,BRCA,18,1.0
sgd,Virchow2,SCAFFOLD,TCGA-BRCA_A2,BRCA,116,1.0
sgd,Virchow2,SCAFFOLD,TCGA-COAD_A6,COAD,76,0.6416666666666666
sgd,Virchow2,SCAFFOLD,TCGA-BRCA_A7,BRCA,47,0.9
sgd,Virchow2,SCAFFOLD,TCGA-BRCA_A8,BRCA,116,1.0
sgd,Virchow2,SCAFFOLD,TCGA-COAD_AA,COAD,255,0.7777777777777778
sgd,Virchow2,SCAFFOLD,TCGA-BRCA_AC,BRCA,35,0.7692307692307693
sgd,Virchow2,SCAFFOLD,TCGA-COAD_AD,COAD,12,0.9
sgd,Virchow2,SCAFFOLD,TCGA-BRCA_AN,BRCA,54,1.0
sgd,Virchow2,SCAFFOLD,TCGA-BRCA_AO,BRCA,59,1.0
sgd,Virchow2,SCAFFOLD,TCGA-BRCA_AQ,BRCA,9,1.0
sgd,Virchow2,SCAFFOLD,TCGA-BRCA_AR,BRCA,58,0.99
sgd,Virchow2,SCAFFOLD,TCGA-COAD_AY,COAD,10,1.0
sgd,Virchow2,SCAFFOLD,TCGA-COAD_AZ,COAD,26,1.0
sgd,Virchow2,SCAFFOLD,TCGA-BRCA_B6,BRCA,68,1.0
sgd,Virchow2,SCAFFOLD,TCGA-HNSC_BA,HNSC,21,0.7428571428571429
sgd,Virchow2,SCAFFOLD,TCGA-HNSC_BB,HNSC,14,0.76
sgd,Virchow2,SCAFFOLD,TCGA-SKCM_BF,SKCM,13,0.96
sgd,Virchow2,SCAFFOLD,TCGA-BRCA_BH,BRCA,160,1.0
sgd,Virchow2,SCAFFOLD,TCGA-STAD_BR,STAD,161,0.525
sgd,Virchow2,SCAFFOLD,TCGA-CESC_C5,CESC,43,0.8769230769230768
sgd,Virchow2,SCAFFOLD,TCGA-BRCA_C8,BRCA,46,1.0
sgd,Virchow2,SCAFFOLD,TCGA-COAD_CA,COAD,13,0.75
sgd,Virchow2,SCAFFOLD,TCGA-STAD_CD,STAD,35,0.3090909090909091
sgd,Virchow2,SCAFFOLD,TCGA-STAD_CG,STAD,56,0.6
sgd,Virchow2,SCAFFOLD,TCGA-COAD_CK,COAD,15,0.9714285714285713
sgd,Virchow2,SCAFFOLD,TCGA-COAD_CM,COAD,48,0.9444444444444444
sgd,Virchow2,SCAFFOLD,TCGA-HNSC_CN,HNSC,42,1.0
sgd,Virchow2,SCAFFOLD,TCGA-HNSC_CQ,HNSC,26,1.0
sgd,Virchow2,SCAFFOLD,TCGA-LGG_CS,LGG,14,1.0
sgd,Virchow2,SCAFFOLD,TCGA-HNSC_CV,HNSC,94,0.9142857142857144
sgd,Virchow2,SCAFFOLD,TCGA-COAD_D5,COAD,37,0.9199999999999999
sgd,Virchow2,SCAFFOLD,TCGA-HNSC_D6,HNSC,20,0.9333333333333333
sgd,Virchow2,SCAFFOLD,TCGA-STAD_D7,STAD,41,0.4428571428571428
sgd,Virchow2,SCAFFOLD,TCGA-BRCA_D8,BRCA,59,1.0
sgd,Virchow2,SCAFFOLD,TCGA-SKCM_D9,SKCM,8,0.9
sgd,Virchow2,SCAFFOLD,TCGA-SKCM_DA,SKCM,16,1.0
sgd,Virchow2,SCAFFOLD,TCGA-LGG_DB,LGG,38,1.0
sgd,Virchow2,SCAFFOLD,TCGA-LGG_DH,LGG,10,1.0
sgd,Virchow2,SCAFFOLD,TCGA-COAD_DM,COAD,17,0.475
sgd,Virchow2,SCAFFOLD,TCGA-HNSC_DQ,HNSC,10,0.35
sgd,Virchow2,SCAFFOLD,TCGA-CESC_DS,CESC,7,1.0
sgd,Virchow2,SCAFFOLD,TCGA-LGG_DU,LGG,60,1.0
sgd,Virchow2,SCAFFOLD,TCGA-LGG_E1,LGG,15,1.0
sgd,Virchow2,SCAFFOLD,TCGA-BRCA_E2,BRCA,70,1.0
sgd,Virchow2,SCAFFOLD,TCGA-BRCA_E9,BRCA,44,1.0
sgd,Virchow2,SCAFFOLD,TCGA-CESC_EA,CESC,18,1.0
sgd,Virchow2,SCAFFOLD,TCGA-SKCM_EB,SKCM,32,0.9636363636363636
sgd,Virchow2,SCAFFOLD,TCGA-SKCM_EE,SKCM,60,0.9368421052631579
sgd,Virchow2,SCAFFOLD,TCGA-SKCM_ER,SKCM,27,1.0
sgd,Virchow2,SCAFFOLD,TCGA-BRCA_EW,BRCA,30,1.0
sgd,Virchow2,SCAFFOLD,TCGA-COAD_F4,COAD,21,1.0
sgd,Virchow2,SCAFFOLD,TCGA-HNSC_F7,HNSC,9,1.0
sgd,Virchow2,SCAFFOLD,TCGA-PAAD_FB,PAAD,11,1.0
sgd,Virchow2,SCAFFOLD,TCGA-LGG_FG,LGG,46,1.0
sgd,Virchow2,SCAFFOLD,TCGA-STAD_FP,STAD,9,0.3333333333333333
sgd,Virchow2,SCAFFOLD,TCGA-SKCM_FR,SKCM,7,1.0
sgd,Virchow2,SCAFFOLD,TCGA-CESC_FU,CESC,10,0.75
sgd,Virchow2,SCAFFOLD,TCGA-COAD_G4,COAD,33,0.8615384615384615
sgd,Virchow2,SCAFFOLD,TCGA-BRCA_GM,BRCA,14,1.0
sgd,Virchow2,SCAFFOLD,TCGA-SKCM_GN,SKCM,7,1.0
sgd,Virchow2,SCAFFOLD,TCGA-HNSC_HD,HNSC,10,0.75
sgd,Virchow2,SCAFFOLD,TCGA-STAD_HF,STAD,7,0.5
sgd,Virchow2,SCAFFOLD,TCGA-LGG_HT,LGG,207,1.0
sgd,Virchow2,SCAFFOLD,TCGA-STAD_HU,STAD,26,0.725
sgd,Virchow2,SCAFFOLD,TCGA-LGG_HW,LGG,10,1.0
sgd,Virchow2,SCAFFOLD,TCGA-PAAD_HZ,PAAD,21,1.0
sgd,Virchow2,SCAFFOLD,TCGA-PAAD_IB,PAAD,27,1.0
sgd,Virchow2,SCAFFOLD,TCGA-STAD_IN,STAD,13,0.6666666666666666
sgd,Virchow2,SCAFFOLD,TCGA-HNSC_IQ,HNSC,9,1.0
sgd,Virchow2,SCAFFOLD,TCGA-BRCA_LL,BRCA,13,1.0
sgd,Virchow2,SCAFFOLD,TCGA-LUAD_MP,LUAD,13,0.8
sgd,Virchow2,SCAFFOLD,TCGA-CESC_MY,CESC,7,0.9199999999999999
sgd,Virchow2,SCAFFOLD,TCGA-BRCA_OL,BRCA,16,1.0
sgd,Virchow2,SCAFFOLD,TCGA-HNSC_P3,HNSC,10,1.0
sgd,Virchow2,SCAFFOLD,TCGA-LGG_P5,LGG,9,1.0
sgd,Virchow2,SCAFFOLD,TCGA-CESC_Q1,CESC,7,1.0
sgd,Virchow2,SCAFFOLD,TCGA-LGG_QH,LGG,14,1.0
sgd,Virchow2,SCAFFOLD,TCGA-HNSC_QK,HNSC,15,1.0
sgd,Virchow2,SCAFFOLD,TCGA-LGG_R8,LGG,16,1.0
sgd,Virchow2,SCAFFOLD,TCGA-STAD_RD,STAD,9,0.75
sgd,Virchow2,SCAFFOLD,TCGA-BRCA_S3,BRCA,7,1.0
sgd,Virchow2,SCAFFOLD,TCGA-LGG_S9,LGG,33,1.0
sgd,Virchow2,SCAFFOLD,TCGA-LGG_TM,LGG,17,1.0
sgd,Virchow2,SCAFFOLD,TCGA-LGG_TQ,LGG,12,1.0
sgd,Virchow2,SCAFFOLD,TCGA-HNSC_UF,HNSC,12,1.0
sgd,Virchow2,SCAFFOLD,TCGA-LGG_VM,LGG,43,1.0
sgd,Virchow2,SCAFFOLD,TCGA-STAD_VQ,STAD,46,0.6133333333333333
sgd,Virchow2,SCAFFOLD,TCGA-CESC_VS,CESC,37,0.9166666666666666
sgd,Virchow2,SCAFFOLD,TCGA-PAAD_XD,PAAD,4,0.9
sgd,Virchow2,SCAFFOLD,TCGA-CESC_ZJ,CESC,11,0.95
