grid,fm,key,kind,algorithm,optimizer,lr,mu,k,sampling,partition,ft,arch,legacy_drop_last,protocol,seed,best_val,acc,bacc,f1,macro,train_macro,rounds,best_round,acc_json,bacc_json,f1_json,n_changed_predictions,acc_shift_pp,recall_LUAD,recall_PAAD
central,CTransPath,09da0ff82898,central,central-tuned,sgd,0.01,,-1,,project_tss,raw,mlp,False,tuned,0,0.9755555987358093,0.9528071602929211,0.9486490901232314,0.9454004255537628,0.9443403464630216,,228.0,178,0.9528071602929211,0.9486490901232314,0.9454004255537628,0,0.0,1.0,0.9512195121951219
central,CTransPath,1b258dfbd202,central,central-tuned,adam,0.001,,-1,,project_tss,raw,mlp,False,tuned,1,0.9733333587646484,0.9422294548413345,0.9361554903380487,0.9335602487681798,0.9338359826486891,,197.0,147,0.9422294548413345,0.9361554903380487,0.9335602487681798,0,0.0,0.9916666666666667,0.9512195121951219
central,CTransPath,259e830f5bec,central,central-tuned,sgd,0.03,,-1,,project_tss,raw,mlp,False,tuned,2,0.9733333587646484,0.9251423921887714,0.9000819826516265,0.9061374324615391,0.917957506211287,,100.0,48,0.9251423921887714,0.9000819826516265,0.9061374324615391,0,0.0,0.9916666666666667,0.7073170731707317
central,CTransPath,25fa436cf578,central,central-tuned,adam,0.0001,,-1,,project_tss,raw,mlp,False,tuned,1,0.9733333587646484,0.9552481692432873,0.9436994650434496,0.9446197180877302,0.9471519252214768,,153.0,103,0.9552481692432873,0.9436994650434496,0.9446197180877302,0,0.0,0.9833333333333333,0.8780487804878049
central,CTransPath,27f8450cac7c,central,central-tuned,sgd,0.003,,-1,,project_tss,raw,mlp,False,tuned,1,0.9644444584846497,0.9389747762408462,0.9349780495849499,0.9278823571501553,0.9241814982790875,,234.0,184,0.9389747762408462,0.9349780495849499,0.9278823571501553,0,0.0,0.9916666666666667,0.926829268292683
central,CTransPath,2d7ad4ad8c6a,central,central-tuned,sgd,0.01,,-1,,project_tss,raw,mlp,False,tuned,1,0.9755555987358093,0.951179820992677,0.9452997993718716,0.9433583664838356,0.9451070814587286,,284.0,234,0.951179820992677,0.9452997993718716,0.9433583664838356,0,0.0,1.0,0.9512195121951219
central,CTransPath,4190467852cf,central,central-legacy,adam,0.0003,,-1,,project_tss,raw,mlp,False,legacy,3,-1.0,0.9462978030919447,0.9389884876926123,0.9357705883911349,0.9378669388336869,,300.0,0,0.9462978030919447,0.9389884876926123,0.9357705883911349,0,0.0,0.9916666666666667,0.926829268292683
central,CTransPath,45b255dd6dcb,central,central-tuned,adam,0.0001,,-1,,project_tss,raw,mlp,False,tuned,4,0.9711111187934875,0.9406021155410903,0.9259436924247552,0.9274231735112018,0.928839282804473,,100.0,50,0.9406021155410903,0.9259436924247552,0.9274231735112018,0,0.0,1.0,0.8536585365853658
central,CTransPath,58515aa2ddff,central,central-tuned,sgd,0.1,,-1,,project_tss,raw,mlp,False,tuned,2,0.9511111378669739,0.9300244100895037,0.921935610430569,0.9150862422518438,0.9190927211114635,,111.0,61,0.9300244100895037,0.921935610430569,0.9150862422518438,0,0.0,0.9583333333333334,0.926829268292683
central,CTransPath,5cdba09522c7,central,central-tuned,adam,0.001,,-1,,project_tss,raw,mlp,False,tuned,3,0.9644444584846497,0.9389747762408462,0.9349556197648864,0.9297105275898289,0.9291718818475437,,113.0,63,0.9389747762408462,0.9349556197648864,0.9297105275898289,0,0.0,1.0,0.9512195121951219
central,CTransPath,7008139db248,central,central-legacy,adam,0.0003,,-1,,project_tss,raw,mlp,False,legacy,0,-1.0,0.950366151342555,0.942577769213893,0.9447197128906468,0.9417264230670029,,300.0,0,0.950366151342555,0.942577769213893,0.9447197128906468,0,0.0,1.0,0.926829268292683
central,CTransPath,71e0cd470055,central,central-tuned,adam,0.001,,-1,,project_tss,raw,mlp,False,tuned,4,0.9733333587646484,0.9365337672904801,0.924633424688114,0.9242013732740967,0.9274291408843981,,184.0,134,0.9365337672904801,0.924633424688114,0.9242013732740967,0,0.0,0.9916666666666667,0.9024390243902439
central,CTransPath,72852d7151fe,central,central-tuned,sgd,0.003,,-1,,project_tss,raw,mlp,False,tuned,4,0.9666666984558105,0.9332790886899919,0.9268235077511703,0.9242220344718606,0.9240460568091836,,214.0,164,0.9332790886899919,0.9268235077511703,0.9242220344718606,0,0.0,1.0,0.926829268292683
central,CTransPath,76b504e1d6de,central,central-tuned,sgd,0.01,,-1,,project_tss,raw,mlp,False,tuned,4,0.9755555987358093,0.9422294548413345,0.9334117965859914,0.9322098444774003,0.9315351893555199,,162.0,112,0.9422294548413345,0.9334117965859914,0.9322098444774003,0,0.0,0.9916666666666667,0.926829268292683
central,CTransPath,846eb1717222,central,central-tuned,sgd,0.1,,-1,,project_tss,raw,mlp,False,tuned,3,0.948888897895813,0.9153783563873068,0.9169916946019079,0.9054806899962331,0.9020714504291643,,161.0,111,0.9153783563873068,0.9169916946019079,0.9054806899962331,0,0.0,0.9916666666666667,0.926829268292683
central,CTransPath,8633ffb1a479,central,central-tuned,sgd,0.03,,-1,,project_tss,raw,mlp,False,tuned,4,0.9711111187934875,0.9430431244914564,0.940895587452214,0.9361000394281541,0.9336679129835707,,103.0,53,0.9430431244914564,0.940895587452214,0.9361000394281541,0,0.0,1.0,0.926829268292683
central,CTransPath,8923177ae9bf,central,central-tuned,sgd,0.01,,-1,,project_tss,raw,mlp,False,tuned,2,0.9666666984558105,0.9365337672904801,0.9310695380740128,0.9288205985894048,0.9304025102518486,,120.0,70,0.9365337672904801,0.9310695380740128,0.9288205985894048,0,0.0,1.0,0.9512195121951219
central,CTransPath,936a8147a3b8,central,central-tuned,adam,0.0003,,-1,,project_tss,raw,mlp,False,tuned,4,0.9666666984558105,0.9438567941415785,0.9299506273648692,0.9331389605842964,0.933492249256505,,100.0,23,0.9438567941415785,0.9299506273648692,0.9331389605842964,0,0.0,0.9916666666666667,0.8292682926829268
central,CTransPath,96cdb07bddc8,central,central-tuned,sgd,0.003,,-1,,project_tss,raw,mlp,False,tuned,0,0.9666666984558105,0.9373474369406021,0.9309349847058539,0.9268165547569124,0.9281454744782661,,258.0,208,0.9373474369406021,0.9309349847058539,0.9268165547569124,0,0.0,1.0,0.926829268292683
central,CTransPath,9c3e38849207,central,central-tuned,sgd,0.03,,-1,,project_tss,raw,mlp,False,tuned,0,0.9733333587646484,0.9446704637917006,0.9394800167230652,0.934901216117447,0.9326960698388304,,126.0,76,0.9446704637917006,0.9394800167230652,0.934901216117447,0,0.0,0.9916666666666667,0.926829268292683
central,CTransPath,9cf9efafc57e,central,central-tuned,adam,0.0001,,-1,,project_tss,raw,mlp,False,tuned,2,0.9711111187934875,0.9536208299430431,0.9476782605385752,0.9453250315615206,0.9410593835759757,,109.0,59,0.9536208299430431,0.9476782605385752,0.9453250315615206,0,0.0,1.0,0.975609756097561
central,CTransPath,ab96626ab33f,central,central-tuned,adam,0.0001,,-1,,project_tss,raw,mlp,False,tuned,3,0.9688889384269714,0.9454841334418226,0.937979909053435,0.9367894239555832,0.9362939200098891,,112.0,62,0.9454841334418226,0.937979909053435,0.9367894239555832,0,0.0,1.0,0.9512195121951219
central,CTransPath,ac937c1257bc,central,central-tuned,adam,0.001,,-1,,project_tss,raw,mlp,False,tuned,2,0.9688889384269714,0.9487388120423108,0.9439372171146224,0.9429485853278303,0.9422529400333138,,178.0,128,0.9487388120423108,0.9439372171146224,0.9429485853278303,0,0.0,1.0,0.926829268292683
central,CTransPath,b3cae9fc6289,central,central-tuned,adam,0.0003,,-1,,project_tss,raw,mlp,False,tuned,1,0.9711111187934875,0.9438567941415785,0.9369069715984648,0.9343144127981962,0.9371777372900781,,128.0,78,0.9438567941415785,0.9369069715984648,0.9343144127981962,0,0.0,0.9916666666666667,0.9024390243902439
central,CTransPath,b53df6c53ce7,central,central-tuned,adam,0.001,,-1,,project_tss,raw,mlp,False,tuned,0,0.9600000381469727,0.9479251423921887,0.9432571254926417,0.9412043647723327,0.9413378405522521,,110.0,60,0.9479251423921887,0.9432571254926417,0.9412043647723327,0,0.0,1.0,0.975609756097561
central,CTransPath,bb8f0621dd96,central,central-tuned,sgd,0.1,,-1,,project_tss,raw,mlp,False,tuned,4,0.9466667175292969,0.9145646867371847,0.9015241910579641,0.8911483145944824,0.8956736529719047,,100.0,48,0.9145646867371847,0.9015241910579641,0.8911483145944824,0,0.0,0.9833333333333333,0.8292682926829268
central,CTransPath,bee45bc5848a,central,central-tuned,sgd,0.03,,-1,,project_tss,raw,mlp,False,tuned,3,0.9755555987358093,0.9487388120423108,0.9375718843935198,0.9368902125046312,0.9367129324616119,,172.0,122,0.9487388120423108,0.9375718843935198,0.9368902125046312,0,0.0,0.9916666666666667,0.8780487804878049
central,CTransPath,c13bc58a7397,central,central-legacy,adam,0.0003,,-1,,project_tss,raw,mlp,False,legacy,1,-1.0,0.9536208299430431,0.9510963038117354,0.9482334218907281,0.9460256189572743,,300.0,0,0.9536208299430431,0.9510963038117354,0.9482334218907281,0,0.0,1.0,0.975609756097561
central,CTransPath,c31271e447b2,central,central-tuned,sgd,0.003,,-1,,project_tss,raw,mlp,False,tuned,2,0.9711111187934875,0.9381611065907242,0.9317641126668621,0.9277681882244493,0.9224660163455369,,246.0,196,0.9381611065907242,0.9317641126668621,0.9277681882244493,0,0.0,1.0,0.926829268292683
central,CTransPath,c43ab54f11ae,central,central-tuned,sgd,0.01,,-1,,project_tss,raw,mlp,False,tuned,3,0.9711111187934875,0.9454841334418226,0.9401071416801687,0.9376552687796494,0.9364742274721282,,175.0,125,0.9454841334418226,0.9401071416801687,0.9376552687796494,0,0.0,1.0,0.9512195121951219
central,CTransPath,c5e46ab09666,central,central-tuned,adam,0.0003,,-1,,project_tss,raw,mlp,False,tuned,3,0.9666666984558105,0.9438567941415785,0.9327263604382908,0.9326706488046285,0.9360572220706991,,101.0,51,0.9438567941415785,0.9327263604382908,0.9326706488046285,0,0.0,1.0,0.9024390243902439
central,CTransPath,c61d9364cfff,central,central-tuned,sgd,0.1,,-1,,project_tss,raw,mlp,False,tuned,0,0.9555555582046509,0.9308380797396257,0.9216170244010515,0.9159144466002169,0.9136318468805263,,129.0,79,0.9308380797396257,0.9216170244010515,0.9159144466002169,0,0.0,0.9916666666666667,0.926829268292683
central,CTransPath,c8c38f18a340,central,central-legacy,adam,0.0003,,-1,,project_tss,raw,mlp,False,legacy,4,-1.0,0.9389747762408462,0.9277511620542255,0.9206394650988403,0.9263101063730766,,300.0,0,0.9389747762408462,0.9277511620542255,0.9206394650988403,0,0.0,0.95,0.926829268292683
central,CTransPath,d026cfc876be,central,central-tuned,adam,0.0001,,-1,,project_tss,raw,mlp,False,tuned,0,0.9711111187934875,0.9446704637917006,0.9376408795319777,0.9366834074361746,0.9341720658631129,,107.0,57,0.9446704637917006,0.9376408795319777,0.9366834074361746,0,0.0,1.0,0.926829268292683
central,CTransPath,d2519380badc,central,central-tuned,sgd,0.003,,-1,,project_tss,raw,mlp,False,tuned,3,0.9644444584846497,0.9406021155410903,0.9390905372536833,0.9306297321864465,0.9298951771236073,,233.0,183,0.9406021155410903,0.9390905372536833,0.9306297321864465,0,0.0,0.9916666666666667,0.926829268292683
central,CTransPath,d5e2f28e0f6a,central,central-tuned,adam,0.0003,,-1,,project_tss,raw,mlp,False,tuned,0,0.9688889384269714,0.9487388120423108,0.9414353674588446,0.9376899593922303,0.9393155796125457,,126.0,76,0.9487388120423108,0.9414353674588446,0.9376899593922303,0,0.0,0.9833333333333333,0.926829268292683
central,CTransPath,d9098807e338,central,central-legacy,adam,0.0003,,-1,,project_tss,raw,mlp,False,legacy,2,-1.0,0.950366151342555,0.9435239299910402,0.9411285483206842,0.9329750042322048,,300.0,0,0.950366151342555,0.9435239299910402,0.9411285483206842,0,0.0,1.0,0.9512195121951219
central,CTransPath,ef306938683f,central,central-tuned,adam,0.0003,,-1,,project_tss,raw,mlp,False,tuned,2,0.9644444584846497,0.950366151342555,0.9468306210795203,0.941375393954559,0.9434891189496364,,100.0,44,0.950366151342555,0.9468306210795203,0.941375393954559,0,0.0,0.9833333333333333,0.9512195121951219
central,CTransPath,f43750ae093a,central,central-tuned,sgd,0.03,,-1,,project_tss,raw,mlp,False,tuned,1,0.9688889384269714,0.9389747762408462,0.9305091391377842,0.9269587740124331,0.9322410678674273,,137.0,87,0.9389747762408462,0.9305091391377842,0.9269587740124331,0,0.0,0.975,0.926829268292683
central,CTransPath,fd27efe12b43,central,central-tuned,sgd,0.1,,-1,,project_tss,raw,mlp,False,tuned,1,0.9555555582046509,0.9316517493897477,0.9268558689958658,0.9171410572462357,0.9141714947254702,,191.0,141,0.9316517493897477,0.9268558689958658,0.9171410572462357,0,0.0,0.9666666666666667,0.926829268292683
central,Conch_v15,00272597517c,central,central-tuned,sgd,0.01,,-1,,project_tss,raw,mlp,False,tuned,3,0.9800000190734863,0.9422294548413345,0.9357226476579412,0.9365463060422496,0.9405356887610488,,117.0,67,0.9422294548413345,0.9357226476579412,0.9365463060422496,0,0.0,0.9916666666666667,0.975609756097561
central,Conch_v15,058d2e13df33,central,central-tuned,adam,0.001,,-1,,project_tss,raw,mlp,False,tuned,4,0.9733333587646484,0.9365337672904801,0.9281533417778713,0.9287520622229051,0.9338401820022482,,100.0,29,0.9365337672904801,0.9281533417778713,0.9287520622229051,0,0.0,0.9916666666666667,0.975609756097561
central,Conch_v15,0c22f6ad2d4c,central,central-tuned,adam,0.0003,,-1,,project_tss,raw,mlp,False,tuned,4,0.9733333587646484,0.9438567941415785,0.938413407355053,0.9377525710604486,0.9372264508600746,,114.0,64,0.9438567941415785,0.938413407355053,0.9377525710604486,0,0.0,0.975,0.9512195121951219
central,Conch_v15,19448ff79b5d,central,central-tuned,adam,0.0003,,-1,,project_tss,raw,mlp,False,tuned,2,0.9711111187934875,0.9349064279902359,0.937056934447264,0.9313593510005538,0.9392745836928347,,100.0,32,0.9349064279902359,0.937056934447264,0.9313593510005538,0,0.0,0.9666666666666667,1.0
central,Conch_v15,263b35f4a45a,central,central-tuned,adam,0.0003,,-1,,project_tss,raw,mlp,False,tuned,3,0.9733333587646484,0.9381611065907242,0.9269614187576488,0.9264123030973873,0.930247477901023,,100.0,22,0.9381611065907242,0.9269614187576488,0.9264123030973873,0,0.0,0.9916666666666667,0.926829268292683
central,Conch_v15,2e25389159f0,central,central-tuned,adam,0.0001,,-1,,project_tss,raw,mlp,False,tuned,4,0.9755555987358093,0.9389747762408462,0.9271873030412152,0.9290203542566172,0.9306576544326949,,100.0,22,0.9389747762408462,0.9271873030412152,0.9290203542566172,0,0.0,0.9916666666666667,0.9512195121951219
central,Conch_v15,3f2cb1424fec,central,central-legacy,adam,0.0003,,-1,,project_tss,raw,mlp,False,legacy,2,-1.0,0.9283970707892596,0.9196522925057232,0.9153911345149963,0.9208402261528137,,300.0,0,0.9283970707892596,0.9196522925057232,0.9153911345149963,0,0.0,0.9916666666666667,0.926829268292683
central,Conch_v15,455419c720d6,central,central-tuned,adam,0.001,,-1,,project_tss,raw,mlp,False,tuned,3,0.9777777791023254,0.9373474369406021,0.9250980613225549,0.9266150333745762,0.9285457763427877,,125.0,75,0.9373474369406021,0.9250980613225549,0.9266150333745762,0,0.0,0.9916666666666667,0.9512195121951219
central,Conch_v15,4907d5f9f23e,central,central-legacy,adam,0.0003,,-1,,project_tss,raw,mlp,False,legacy,1,-1.0,0.934092758340114,0.9197045595176125,0.9251012791906386,0.9287858472214876,,300.0,0,0.934092758340114,0.9197045595176125,0.9251012791906386,0,0.0,0.9916666666666667,0.926829268292683
central,Conch_v15,49d73f1494e9,central,central-tuned,adam,0.0003,,-1,,project_tss,raw,mlp,False,tuned,1,0.9800000190734863,0.9462978030919447,0.9385831590795966,0.9382862113130543,0.9360721616339702,,192.0,142,0.9462978030919447,0.9385831590795966,0.9382862113130543,0,0.0,0.9916666666666667,0.9512195121951219
central,Conch_v15,4e8676fc2da1,central,central-tuned,adam,0.0001,,-1,,project_tss,raw,mlp,False,tuned,1,0.9777777791023254,0.9397884458909682,0.9355703138560002,0.9308017735955905,0.9386286902304101,,111.0,61,0.9397884458909682,0.9355703138560002,0.9308017735955905,0,0.0,0.9916666666666667,0.975609756097561
central,Conch_v15,5a2074ef091c,central,central-legacy,adam,0.0003,,-1,,project_tss,raw,mlp,False,legacy,3,-1.0,0.9414157851912124,0.9257507908817428,0.9320025374312694,0.9345890292707758,,300.0,0,0.9414157851912124,0.9257507908817428,0.9320025374312694,0,0.0,0.9916666666666667,0.926829268292683
central,Conch_v15,5d5845a754a5,central,central-tuned,sgd,0.03,,-1,,project_tss,raw,mlp,False,tuned,2,0.9777777791023254,0.9454841334418226,0.9411504573966698,0.9379555179321893,0.937503645761388,,145.0,95,0.9454841334418226,0.9411504573966698,0.9379555179321893,0,0.0,0.9916666666666667,0.975609756097561
central,Conch_v15,5eb2c5cf46b6,central,central-tuned,adam,0.0003,,-1,,project_tss,raw,mlp,False,tuned,0,0.9777777791023254,0.9373474369406021,0.9323599119935291,0.9282357799287398,0.9311225382538529,,100.0,36,0.9373474369406021,0.9323599119935291,0.9282357799287398,0,0.0,0.9833333333333333,0.975609756097561
central,Conch_v15,62a75e3b68fc,central,central-tuned,sgd,0.003,,-1,,project_tss,raw,mlp,False,tuned,4,0.9800000190734863,0.9438567941415785,0.9385913099424843,0.9373479088517792,0.9399628634731063,,146.0,96,0.9438567941415785,0.9385913099424843,0.9373479088517792,0,0.0,0.9916666666666667,0.975609756097561
central,Conch_v15,66e834c96b0b,central,central-tuned,sgd,0.003,,-1,,project_tss,raw,mlp,False,tuned,0,0.9800000190734863,0.9397884458909682,0.9326558606321859,0.9319638679312479,0.934345291072045,,156.0,106,0.9397884458909682,0.9326558606321859,0.9319638679312479,0,0.0,0.9916666666666667,0.975609756097561
central,Conch_v15,6851470217ac,central,central-tuned,adam,0.001,,-1,,project_tss,raw,mlp,False,tuned,2,0.9755555987358093,0.9406021155410903,0.9358630559997887,0.9318630003896435,0.934162269309042,,100.0,45,0.9406021155410903,0.9358630559997887,0.9318630003896435,0,0.0,0.9916666666666667,0.975609756097561
central,Conch_v15,6d723c161b9f,central,central-tuned,sgd,0.03,,-1,,project_tss,raw,mlp,False,tuned,1,0.9777777791023254,0.9389747762408462,0.9346447896704846,0.932079667133092,0.9385549040579277,,118.0,68,0.9389747762408462,0.9346447896704846,0.932079667133092,0,0.0,0.9916666666666667,0.975609756097561
central,Conch_v15,73ccc5010342,central,central-tuned,adam,0.0001,,-1,,project_tss,raw,mlp,False,tuned,3,0.9755555987358093,0.9397884458909682,0.9336446639412715,0.9299060787563932,0.9321872696772633,,100.0,25,0.9397884458909682,0.9336446639412715,0.9299060787563932,0,0.0,0.9916666666666667,0.9512195121951219
central,Conch_v15,7b38b8715f44,central,central-tuned,sgd,0.003,,-1,,project_tss,raw,mlp,False,tuned,2,0.9755555987358093,0.9406021155410903,0.9322487762982742,0.9316136577616392,0.9415298012082685,,124.0,74,0.9406021155410903,0.9322487762982742,0.9316136577616392,0,0.0,0.9916666666666667,0.975609756097561
central,Conch_v15,84fdb0ae5b02,central,central-tuned,sgd,0.1,,-1,,project_tss,raw,mlp,False,tuned,1,0.7088888883590698,0.6818551668022783,0.467835184832531,0.4080762880443156,0.559671137509335,,103.0,53,0.6818551668022783,0.467835184832531,0.4080762880443156,0,0.0,0.0,0.0
central,Conch_v15,852fd4bdb850,central,central-tuned,sgd,0.1,,-1,,project_tss,raw,mlp,False,tuned,2,0.5911111235618591,0.6069975589910497,0.40595612344927834,0.3224887986592358,0.5241899579986051,,100.0,10,0.6069975589910497,0.40595612344927834,0.3224887986592358,0,0.0,1.0,0.0
central,Conch_v15,8784d243f9e1,central,central-tuned,sgd,0.01,,-1,,project_tss,raw,mlp,False,tuned,4,0.9822222590446472,0.9438567941415785,0.9393090857676837,0.9380067845088271,0.9420386380443719,,115.0,65,0.9438567941415785,0.9393090857676837,0.9380067845088271,0,0.0,0.9916666666666667,0.975609756097561
central,Conch_v15,9a29f30a2c96,central,central-tuned,sgd,0.03,,-1,,project_tss,raw,mlp,False,tuned,4,0.9800000190734863,0.9389747762408462,0.9310230880824759,0.9311179949052494,0.9346459326765887,,145.0,95,0.9389747762408462,0.9310230880824759,0.9311179949052494,0,0.0,0.9916666666666667,0.926829268292683
central,Conch_v15,b4fb5f2906bd,central,central-tuned,adam,0.0001,,-1,,project_tss,raw,mlp,False,tuned,2,0.9755555987358093,0.9471114727420668,0.9403141837500802,0.9412246940580995,0.9404606142196549,,121.0,71,0.9471114727420668,0.9403141837500802,0.9412246940580995,0,0.0,0.9916666666666667,0.975609756097561
central,Conch_v15,b698239cf225,central,central-tuned,adam,0.001,,-1,,project_tss,raw,mlp,False,tuned,1,0.9733333587646484,0.9259560618388935,0.9224122356261039,0.9149185357493982,0.922705428062344,,100.0,21,0.9259560618388935,0.9224122356261039,0.9149185357493982,0,0.0,0.9666666666666667,0.8780487804878049
central,Conch_v15,bd725f3107e2,central,central-tuned,sgd,0.01,,-1,,project_tss,raw,mlp,False,tuned,0,0.9800000190734863,0.9430431244914564,0.9292586400806084,0.9340696156039048,0.9344251196831901,,177.0,127,0.9430431244914564,0.9292586400806084,0.9340696156039048,0,0.0,0.9916666666666667,0.9512195121951219
central,Conch_v15,c13b746aeede,central,central-tuned,sgd,0.03,,-1,,project_tss,raw,mlp,False,tuned,0,0.9822222590446472,0.9430431244914564,0.9338688662068826,0.9339299916858594,0.9349010168101775,,130.0,80,0.9430431244914564,0.9338688662068826,0.9339299916858594,0,0.0,0.9916666666666667,0.975609756097561
central,Conch_v15,c257659811dd,central,central-tuned,sgd,0.01,,-1,,project_tss,raw,mlp,False,tuned,1,0.9777777791023254,0.9438567941415785,0.9395947638602612,0.9379591306248523,0.9409327216347173,,100.0,33,0.9438567941415785,0.9395947638602612,0.9379591306248523,0,0.0,0.9916666666666667,0.975609756097561
central,Conch_v15,c514a497d6bd,central,central-legacy,adam,0.0003,,-1,,project_tss,raw,mlp,False,legacy,4,-1.0,0.9462978030919447,0.9389244548187895,0.9399679737301597,0.938903350290704,,300.0,0,0.9462978030919447,0.9389244548187895,0.9399679737301597,0,0.0,0.9916666666666667,0.9024390243902439
central,Conch_v15,ca6a36fe058b,central,central-tuned,adam,0.001,,-1,,project_tss,raw,mlp,False,tuned,0,0.9755555987358093,0.9422294548413345,0.9432155331619284,0.9366311651416086,0.9459589999721941,,126.0,76,0.9422294548413345,0.9432155331619284,0.9366311651416086,0,0.0,0.9833333333333333,0.975609756097561
central,Conch_v15,cd7faf0251ab,central,central-tuned,sgd,0.1,,-1,,project_tss,raw,mlp,False,tuned,0,0.6666666865348816,0.629780309194467,0.45314768410679435,0.3871383298659581,0.5345892178650568,,100.0,31,0.629780309194467,0.45314768410679435,0.3871383298659581,0,0.0,1.0,0.0
central,Conch_v15,ce3c42fee930,central,central-tuned,sgd,0.01,,-1,,project_tss,raw,mlp,False,tuned,2,0.9777777791023254,0.9430431244914564,0.9354607270634594,0.935100903012407,0.9389204786567422,,148.0,98,0.9430431244914564,0.9354607270634594,0.935100903012407,0,0.0,0.9916666666666667,0.975609756097561
central,Conch_v15,cfc1825e50cd,central,central-tuned,adam,0.0001,,-1,,project_tss,raw,mlp,False,tuned,0,0.9777777791023254,0.9414157851912124,0.9329170906186577,0.9323875355825244,0.9347647045243325,,100.0,32,0.9414157851912124,0.9329170906186577,0.9323875355825244,0,0.0,0.9916666666666667,0.975609756097561
central,Conch_v15,d304bed751e8,central,central-tuned,sgd,0.003,,-1,,project_tss,raw,mlp,False,tuned,1,0.9755555987358093,0.9446704637917006,0.9425045619212243,0.9380283608210659,0.9421748312736952,,110.0,60,0.9446704637917006,0.9425045619212243,0.9380283608210659,0,0.0,0.9916666666666667,0.975609756097561
central,Conch_v15,d41e6cdea899,central,central-tuned,sgd,0.003,,-1,,project_tss,raw,mlp,False,tuned,3,0.9777777791023254,0.9438567941415785,0.9417747478119919,0.9370369048915307,0.9397897995461484,,116.0,66,0.9438567941415785,0.9417747478119919,0.9370369048915307,0,0.0,0.9916666666666667,0.975609756097561
central,Conch_v15,de50c1eeb931,central,central-legacy,adam,0.0003,,-1,,project_tss,raw,mlp,False,legacy,0,-1.0,0.9406021155410903,0.9274386726278566,0.936031680365743,0.9396725917674387,,300.0,0,0.9406021155410903,0.9274386726278566,0.936031680365743,0,0.0,0.9916666666666667,0.9512195121951219
central,Conch_v15,ef3b132bd97c,central,central-tuned,sgd,0.1,,-1,,project_tss,raw,mlp,False,tuned,3,0.3199999928474426,0.28152969894222946,0.1111111111111111,0.048880412516776155,0.18691588785046728,,100.0,6,0.28152969894222946,0.1111111111111111,0.048880412516776155,0,0.0,0.0,0.0
central,Conch_v15,f0460fbbbb19,central,central-tuned,sgd,0.03,,-1,,project_tss,raw,mlp,False,tuned,3,0.9800000190734863,0.9422294548413345,0.9381424598145954,0.933695426039066,0.9349051486023073,,104.0,54,0.9422294548413345,0.9381424598145954,0.933695426039066,0,0.0,0.9916666666666667,0.975609756097561
central,Conch_v15,f7a8624281ad,central,central-tuned,sgd,0.1,,-1,,project_tss,raw,mlp,False,tuned,4,0.448888897895813,0.4434499593165175,0.22360016348455655,0.1702701789834186,0.3312701535770891,,100.0,11,0.4434499593165175,0.22360016348455655,0.1702701789834186,0,0.0,0.0,0.0
central,Midnight12k,0276f2f7cd76,central,central-tuned,adam,0.0003,,-1,,project_tss,raw,mlp,False,tuned,3,0.991111159324646,0.9552481692432873,0.9486161624182683,0.9479425236094752,0.938330138089721,,138.0,88,0.9552481692432873,0.9486161624182683,0.9479425236094752,0,0.0,0.9833333333333333,0.975609756097561
central,Midnight12k,11624bbc7f3e,central,central-tuned,adam,0.0001,,-1,,project_tss,raw,mlp,False,tuned,0,0.9844444394111633,0.9568755085435313,0.9405506673984187,0.9470915818213798,0.9423175447640435,,129.0,79,0.9568755085435313,0.9405506673984187,0.9470915818213798,0,0.0,0.9916666666666667,0.926829268292683
central,Midnight12k,149b9b38de62,central,central-tuned,adam,0.001,,-1,,project_tss,raw,mlp,False,tuned,2,0.9866666793823242,0.950366151342555,0.9372541035951253,0.9399671750357582,0.932690096046794,,107.0,57,0.950366151342555,0.9372541035951253,0.9399671750357582,0,0.0,0.9916666666666667,0.926829268292683
central,Midnight12k,1cc29df66f8c,central,central-tuned,sgd,0.03,,-1,,project_tss,raw,mlp,False,tuned,4,0.9844444394111633,0.951179820992677,0.9417275329967146,0.9443634273659508,0.9389322861285478,,217.0,167,0.951179820992677,0.9417275329967146,0.9443634273659508,0,0.0,0.9916666666666667,0.9512195121951219
central,Midnight12k,2493828424bd,central,central-tuned,sgd,0.1,,-1,,project_tss,raw,mlp,False,tuned,2,0.944444477558136,0.9283970707892596,0.9239712150105414,0.9244985215252655,0.9242450740825386,,100.0,46,0.9283970707892596,0.9239712150105414,0.9244985215252655,0,0.0,1.0,0.9512195121951219
central,Midnight12k,263185331447,central,central-tuned,sgd,0.03,,-1,,project_tss,raw,mlp,False,tuned,3,0.9800000190734863,0.950366151342555,0.9393538221547677,0.9411008335993123,0.9385270968214895,,125.0,75,0.950366151342555,0.9393538221547677,0.9411008335993123,0,0.0,0.9916666666666667,0.926829268292683
central,Midnight12k,373349598b90,central,central-tuned,sgd,0.01,,-1,,project_tss,raw,mlp,False,tuned,2,0.9800000190734863,0.951179820992677,0.944761693119442,0.9446660386220691,0.9415318513838765,,219.0,169,0.951179820992677,0.944761693119442,0.9446660386220691,0,0.0,0.9916666666666667,0.975609756097561
central,Midnight12k,4b3535e9e1cf,central,central-tuned,sgd,0.03,,-1,,project_tss,raw,mlp,False,tuned,1,0.9777777791023254,0.9479251423921887,0.9384533285172068,0.941114774725818,0.9385132088403118,,123.0,73,0.9479251423921887,0.9384533285172068,0.941114774725818,0,0.0,0.9916666666666667,0.9512195121951219
central,Midnight12k,536504423b5f,central,central-legacy,adam,0.0003,,-1,,project_tss,raw,mlp,False,legacy,0,-1.0,0.9560618388934092,0.9493640821401483,0.9482639060986833,0.943432310864873,,300.0,0,0.9560618388934092,0.9493640821401483,0.9482639060986833,0,0.0,0.9916666666666667,0.9512195121951219
central,Midnight12k,5b6a1059d025,central,central-tuned,sgd,0.03,,-1,,project_tss,raw,mlp,False,tuned,0,0.9888889193534851,0.9552481692432873,0.9453970912233974,0.9469992918547777,0.9483589777592895,,216.0,166,0.9552481692432873,0.9453970912233974,0.9469992918547777,0,0.0,0.9916666666666667,0.926829268292683
central,Midnight12k,65d4894de021,central,central-tuned,adam,0.0001,,-1,,project_tss,raw,mlp,False,tuned,1,0.9866666793823242,0.9576891781936534,0.9475924893316647,0.9491183826637667,0.9474629286866861,,183.0,133,0.9576891781936534,0.9475924893316647,0.9491183826637667,0,0.0,1.0,0.926829268292683
central,Midnight12k,69de0e4a794c,central,central-tuned,adam,0.001,,-1,,project_tss,raw,mlp,False,tuned,3,0.9844444394111633,0.951179820992677,0.9414921026427869,0.9432448479485256,0.9412432698258245,,176.0,126,0.951179820992677,0.9414921026427869,0.9432448479485256,0,0.0,0.9916666666666667,0.926829268292683
central,Midnight12k,6c139f7b4eff,central,central-tuned,adam,0.001,,-1,,project_tss,raw,mlp,False,tuned,0,0.9866666793823242,0.951993490642799,0.9470518972631543,0.9475482159577745,0.9406638679162864,,165.0,115,0.951993490642799,0.9470518972631543,0.9475482159577745,0,0.0,0.9833333333333333,0.975609756097561
central,Midnight12k,70b673087b9d,central,central-tuned,sgd,0.003,,-1,,project_tss,raw,mlp,False,tuned,1,0.9777777791023254,0.9487388120423108,0.9430682928918187,0.9441308034771756,0.93821352819511,,272.0,222,0.9487388120423108,0.9430682928918187,0.9441308034771756,0,0.0,1.0,0.9512195121951219
central,Midnight12k,737efa1260ec,central,central-tuned,adam,0.0003,,-1,,project_tss,raw,mlp,False,tuned,4,0.9844444394111633,0.9568755085435313,0.9498045176775851,0.949621917350076,0.9418852781002315,,100.0,41,0.9568755085435313,0.9498045176775851,0.949621917350076,0,0.0,0.9833333333333333,0.975609756097561
central,Midnight12k,7ddf61998ab9,central,central-tuned,adam,0.0001,,-1,,project_tss,raw,mlp,False,tuned,3,0.9844444394111633,0.9552481692432873,0.9472187578922201,0.9500678770261138,0.9435997889268918,,100.0,48,0.9552481692432873,0.9472187578922201,0.9500678770261138,0,0.0,1.0,0.9512195121951219
central,Midnight12k,81aa6af81deb,central,central-tuned,adam,0.001,,-1,,project_tss,raw,mlp,False,tuned,4,0.9844444394111633,0.9446704637917006,0.94217588632003,0.9425959521501799,0.9301795567587277,,147.0,97,0.9446704637917006,0.94217588632003,0.9425959521501799,0,0.0,0.9916666666666667,0.9512195121951219
central,Midnight12k,896b931dc49e,central,central-tuned,sgd,0.003,,-1,,project_tss,raw,mlp,False,tuned,2,0.9755555987358093,0.9487388120423108,0.943595055089935,0.9440877571612734,0.9368512364573468,,272.0,222,0.9487388120423108,0.943595055089935,0.9440877571612734,0,0.0,1.0,0.9512195121951219
central,Midnight12k,8b852121e025,central,central-tuned,sgd,0.1,,-1,,project_tss,raw,mlp,False,tuned,3,0.9333333373069763,0.9218877135882831,0.9184337090860871,0.915135841222261,0.9152384106755638,,100.0,37,0.9218877135882831,0.9184337090860871,0.915135841222261,0,0.0,0.9916666666666667,0.9512195121951219
central,Midnight12k,8bbc1d0704f8,central,central-tuned,adam,0.0003,,-1,,project_tss,raw,mlp,False,tuned,2,0.991111159324646,0.9495524816924329,0.9397164758192527,0.9428309725303828,0.9400699892026613,,138.0,88,0.9495524816924329,0.9397164758192527,0.9428309725303828,0,0.0,0.9916666666666667,0.926829268292683
central,Midnight12k,976f01d13d12,central,central-legacy,adam,0.0003,,-1,,project_tss,raw,mlp,False,legacy,2,-1.0,0.9446704637917006,0.9351791516055576,0.9340203855089947,0.9366919223533647,,300.0,0,0.9446704637917006,0.9351791516055576,0.9340203855089947,0,0.0,0.9916666666666667,0.926829268292683
central,Midnight12k,9d1d905c1e8e,central,central-tuned,sgd,0.003,,-1,,project_tss,raw,mlp,False,tuned,0,0.9822222590446472,0.9495524816924329,0.9423353311872292,0.9434750049199477,0.9404727301557063,,300.0,294,0.9495524816924329,0.9423353311872292,0.9434750049199477,0,0.0,1.0,0.9512195121951219
central,Midnight12k,9dd26d094ab1,central,central-tuned,adam,0.0001,,-1,,project_tss,raw,mlp,False,tuned,2,0.9844444394111633,0.9560618388934092,0.9437882361668726,0.9465481654963985,0.9457342011859148,,153.0,103,0.9560618388934092,0.9437882361668726,0.9465481654963985,0,0.0,1.0,0.926829268292683
central,Midnight12k,a3efd70c1232,central,central-legacy,adam,0.0003,,-1,,project_tss,raw,mlp,False,legacy,1,-1.0,0.9471114727420668,0.941287250401903,0.9401073203482793,0.9252444019577978,,300.0,0,0.9471114727420668,0.941287250401903,0.9401073203482793,0,0.0,0.9833333333333333,0.9512195121951219
central,Midnight12k,a3f9d8efe144,central,central-tuned,sgd,0.01,,-1,,project_tss,raw,mlp,False,tuned,3,0.9800000190734863,0.950366151342555,0.9404531964386538,0.9430431948362025,0.9387774305998605,,184.0,134,0.950366151342555,0.9404531964386538,0.9430431948362025,0,0.0,0.9916666666666667,0.926829268292683
central,Midnight12k,a7526ab45f21,central,central-tuned,sgd,0.03,,-1,,project_tss,raw,mlp,False,tuned,2,0.9822222590446472,0.9479251423921887,0.9413525075123642,0.9414245230359971,0.9383743947889983,,166.0,116,0.9479251423921887,0.9413525075123642,0.9414245230359971,0,0.0,0.9916666666666667,0.9512195121951219
central,Midnight12k,b8ffdc8e8319,central,central-tuned,sgd,0.1,,-1,,project_tss,raw,mlp,False,tuned,0,0.9600000381469727,0.9349064279902359,0.9283624786307649,0.928949621474382,0.9236241614639987,,129.0,79,0.9349064279902359,0.9283624786307649,0.928949621474382,0,0.0,0.9916666666666667,0.9512195121951219
central,Midnight12k,bc223e23b81f,central,central-tuned,sgd,0.1,,-1,,project_tss,raw,mlp,False,tuned,1,0.9711111187934875,0.9438567941415785,0.935394086937804,0.9365493941798648,0.9332929286589724,,178.0,128,0.9438567941415785,0.935394086937804,0.9365493941798648,0,0.0,0.9916666666666667,0.926829268292683
central,Midnight12k,bcf1947d2afe,central,central-tuned,sgd,0.01,,-1,,project_tss,raw,mlp,False,tuned,0,0.9844444394111633,0.9544344995931652,0.9445084469483036,0.9470725774294217,0.9444268636636239,,244.0,194,0.9544344995931652,0.9445084469483036,0.9470725774294217,0,0.0,1.0,0.926829268292683
central,Midnight12k,c31ec3a208fe,central,central-legacy,adam,0.0003,,-1,,project_tss,raw,mlp,False,legacy,4,-1.0,0.951993490642799,0.9420816983678072,0.9458825859331856,0.9402956913860342,,300.0,0,0.951993490642799,0.9420816983678072,0.9458825859331856,0,0.0,1.0,0.9512195121951219
central,Midnight12k,d52162416d09,central,central-tuned,adam,0.0003,,-1,,project_tss,raw,mlp,False,tuned,0,0.9844444394111633,0.9487388120423108,0.9389835230332907,0.9364861124605591,0.93268040319158,,100.0,48,0.9487388120423108,0.9389835230332907,0.9364861124605591,0,0.0,0.9666666666666667,0.9024390243902439
central,Midnight12k,d6ede717234e,central,central-tuned,sgd,0.003,,-1,,project_tss,raw,mlp,False,tuned,3,0.9755555987358093,0.9454841334418226,0.9367593606022925,0.9389257104693951,0.9348519962938222,,240.0,190,0.9454841334418226,0.9367593606022925,0.9389257104693951,0,0.0,1.0,0.926829268292683
central,Midnight12k,da30b26233dd,central,central-tuned,sgd,0.01,,-1,,project_tss,raw,mlp,False,tuned,1,0.9822222590446472,0.9487388120423108,0.9406505938944147,0.9422470410493662,0.9382594099105004,,198.0,148,0.9487388120423108,0.9406505938944147,0.9422470410493662,0,0.0,1.0,0.9512195121951219
central,Midnight12k,de9dc3f9f8a0,central,central-tuned,sgd,0.1,,-1,,project_tss,raw,mlp,False,tuned,4,0.9466667175292969,0.9332790886899919,0.928111119844648,0.9284615193128971,0.9267696796834682,,100.0,33,0.9332790886899919,0.928111119844648,0.9284615193128971,0,0.0,0.9916666666666667,0.9512195121951219
central,Midnight12k,e58589a2aff6,central,central-tuned,sgd,0.01,,-1,,project_tss,raw,mlp,False,tuned,4,0.9777777791023254,0.951179820992677,0.9436897018933953,0.9458064926503567,0.9379590281070034,,125.0,75,0.951179820992677,0.9436897018933953,0.9458064926503567,0,0.0,0.9916666666666667,0.9512195121951219
central,Midnight12k,ea18128444d5,central,central-tuned,adam,0.0001,,-1,,project_tss,raw,mlp,False,tuned,4,0.9888889193534851,0.9536208299430431,0.945922754358197,0.9457346790542491,0.9426727770445915,,128.0,78,0.9536208299430431,0.945922754358197,0.9457346790542491,0,0.0,0.9833333333333333,0.926829268292683
central,Midnight12k,eae304cb1784,central,central-tuned,sgd,0.003,,-1,,project_tss,raw,mlp,False,tuned,4,0.9800000190734863,0.951993490642799,0.9442747810586783,0.9444976950957908,0.9397587052960885,,300.0,263,0.951993490642799,0.9442747810586783,0.9444976950957908,0,0.0,0.9916666666666667,0.9512195121951219
central,Midnight12k,ebf65967d3bf,central,central-legacy,adam,0.0003,,-1,,project_tss,raw,mlp,False,legacy,3,-1.0,0.9414157851912124,0.9305238422972667,0.9346677034199957,0.933637103925266,,300.0,0,0.9414157851912124,0.9305238422972667,0.9346677034199957,0,0.0,0.9916666666666667,0.926829268292683
central,Midnight12k,f07d2a360162,central,central-tuned,adam,0.0003,,-1,,project_tss,raw,mlp,False,tuned,1,0.9866666793823242,0.9528071602929211,0.9444324118776206,0.9453508578222866,0.9378024580127386,,123.0,73,0.9528071602929211,0.9444324118776206,0.9453508578222866,0,0.0,0.9916666666666667,0.9512195121951219
central,Midnight12k,f57c9134d76a,central,central-tuned,adam,0.001,,-1,,project_tss,raw,mlp,False,tuned,1,0.9866666793823242,0.9495524816924329,0.942225965908068,0.9421687184754602,0.9369000576555095,,146.0,96,0.9495524816924329,0.942225965908068,0.9421687184754602,0,0.0,0.9833333333333333,0.9512195121951219
central,Phikon_v2,029f693cdc8c,central,central-tuned,sgd,0.1,,-1,,project_tss,raw,mlp,False,tuned,0,0.9866666793823242,0.9707078925956062,0.9671732411742221,0.9669631490145423,0.963410489072483,,251.0,201,0.9707078925956062,0.9671732411742221,0.9669631490145423,0,0.0,1.0,0.975609756097561
central,Phikon_v2,077a78f2305c,central,central-legacy,adam,0.0003,,-1,,project_tss,raw,mlp,False,legacy,4,-1.0,0.9731489015459723,0.9689953129164677,0.9697105653594724,0.966272836716762,,300.0,0,0.9731489015459723,0.9689953129164677,0.9697105653594724,0,0.0,1.0,1.0
central,Phikon_v2,148fc6452cca,central,central-tuned,sgd,0.1,,-1,,project_tss,raw,mlp,False,tuned,3,0.991111159324646,0.9707078925956062,0.9667188464480808,0.9672050105213721,0.9632595597548868,,132.0,82,0.9707078925956062,0.9667188464480808,0.9672050105213721,0,0.0,1.0,0.975609756097561
central,Phikon_v2,2163badf2ded,central,central-tuned,sgd,0.1,,-1,,project_tss,raw,mlp,False,tuned,4,0.991111159324646,0.9633848657445078,0.9619327707001012,0.9609967151429262,0.953392145526102,,175.0,125,0.9633848657445078,0.9619327707001012,0.9609967151429262,0,0.0,1.0,1.0
central,Phikon_v2,27890006590b,central,central-tuned,adam,0.0003,,-1,,project_tss,raw,mlp,False,tuned,1,0.9933333396911621,0.9715215622457283,0.968947677394244,0.9688114596021147,0.9669375276851914,,107.0,57,0.9715215622457283,0.968947677394244,0.9688114596021147,0,0.0,1.0,1.0
central,Phikon_v2,29c3a75f0f51,central,central-tuned,adam,0.0001,,-1,,project_tss,raw,mlp,False,tuned,1,0.9933333396911621,0.967453213995118,0.9617342799087223,0.9633158442827019,0.9620390772259931,,100.0,44,0.967453213995118,0.9617342799087223,0.9633158442827019,0,0.0,1.0,0.975609756097561
central,Phikon_v2,2ff5fb6f4e73,central,central-tuned,adam,0.0001,,-1,,project_tss,raw,mlp,False,tuned,3,0.9933333396911621,0.9690805532953621,0.9636940138491714,0.965134723481178,0.9622523245186796,,109.0,59,0.9690805532953621,0.9636940138491714,0.965134723481178,0,0.0,1.0,0.975609756097561
central,Phikon_v2,3136f4971a63,central,central-tuned,adam,0.0003,,-1,,project_tss,raw,mlp,False,tuned,2,0.995555579662323,0.9666395443449959,0.9595123415301458,0.9617867387882755,0.961802903742156,,129.0,79,0.9666395443449959,0.9595123415301458,0.9617867387882755,0,0.0,1.0,0.975609756097561
central,Phikon_v2,33bef115e352,central,central-tuned,adam,0.0001,,-1,,project_tss,raw,mlp,False,tuned,4,0.991111159324646,0.96826688364524,0.9639565021309444,0.9650200733220772,0.961460528049313,,100.0,17,0.96826688364524,0.9639565021309444,0.9650200733220772,0,0.0,1.0,0.975609756097561
central,Phikon_v2,360e680d0eaa,central,central-tuned,sgd,0.03,,-1,,project_tss,raw,mlp,False,tuned,2,0.9933333396911621,0.9715215622457283,0.9676125889127848,0.9680950353859608,0.965758439668097,,100.0,41,0.9715215622457283,0.9676125889127848,0.9680950353859608,0,0.0,1.0,0.975609756097561
central,Phikon_v2,371c196b1080,central,central-tuned,adam,0.001,,-1,,project_tss,raw,mlp,False,tuned,3,0.991111159324646,0.967453213995118,0.9624791410055337,0.9637806106246667,0.9607380807147162,,100.0,14,0.967453213995118,0.9624791410055337,0.9637806106246667,0,0.0,1.0,0.975609756097561
central,Phikon_v2,4536e31b7692,central,central-tuned,sgd,0.03,,-1,,project_tss,raw,mlp,False,tuned,0,0.9933333396911621,0.9715215622457283,0.969211058493302,0.9690907115845643,0.9665009186037224,,100.0,32,0.9715215622457283,0.969211058493302,0.9690907115845643,0,0.0,1.0,1.0
central,Phikon_v2,4ea6b0d4815d,central,central-tuned,adam,0.0003,,-1,,project_tss,raw,mlp,False,tuned,3,0.9933333396911621,0.9650122050447518,0.9565978293579488,0.957982725260618,0.9556854879284785,,127.0,77,0.9650122050447518,0.9565978293579488,0.957982725260618,0,0.0,1.0,0.975609756097561
central,Phikon_v2,509caf1774ea,central,central-tuned,adam,0.001,,-1,,project_tss,raw,mlp,False,tuned,4,0.991111159324646,0.9698942229454841,0.9659623698026931,0.9673681765888288,0.9637484270661841,,108.0,58,0.9698942229454841,0.9659623698026931,0.9673681765888288,0,0.0,1.0,0.975609756097561
central,Phikon_v2,569fd31543a3,central,central-tuned,adam,0.001,,-1,,project_tss,raw,mlp,False,tuned,1,0.991111159324646,0.9731489015459723,0.9714341735328093,0.9710231461647792,0.9710769788651408,,100.0,17,0.9731489015459723,0.9714341735328093,0.9710231461647792,0,0.0,1.0,1.0
central,Phikon_v2,5bdd59eeec0d,central,central-tuned,sgd,0.03,,-1,,project_tss,raw,mlp,False,tuned,1,0.9933333396911621,0.96826688364524,0.9652915906124038,0.9657012736438286,0.9648150006794867,,100.0,33,0.96826688364524,0.9652915906124038,0.9657012736438286,0,0.0,1.0,1.0
central,Phikon_v2,5c2cb8e24306,central,central-tuned,sgd,0.01,,-1,,project_tss,raw,mlp,False,tuned,4,0.9933333396911621,0.9698942229454841,0.9656528549723357,0.9663766025022171,0.9646465943194915,,102.0,52,0.9698942229454841,0.9656528549723357,0.9663766025022171,0,0.0,1.0,0.975609756097561
central,Phikon_v2,5d7e9716c569,central,central-tuned,adam,0.0001,,-1,,project_tss,raw,mlp,False,tuned,2,0.9933333396911621,0.96826688364524,0.9663453988522817,0.9659355329144295,0.9660815041656164,,100.0,13,0.96826688364524,0.9663453988522817,0.9659355329144295,0,0.0,1.0,1.0
central,Phikon_v2,60f46bdf8173,central,central-tuned,sgd,0.03,,-1,,project_tss,raw,mlp,False,tuned,3,0.995555579662323,0.9698942229454841,0.9670499756547382,0.9641930741256224,0.9638153690600814,,100.0,35,0.9698942229454841,0.9670499756547382,0.9641930741256224,0,0.0,0.9833333333333333,1.0
central,Phikon_v2,68a6fa05c193,central,central-tuned,sgd,0.003,,-1,,project_tss,raw,mlp,False,tuned,0,0.9933333396911621,0.9698942229454841,0.9675147056519111,0.9683306542792915,0.9651320901320901,,185.0,135,0.9698942229454841,0.9675147056519111,0.9683306542792915,0,0.0,1.0,1.0
central,Phikon_v2,6b95cc443b13,central,central-tuned,sgd,0.003,,-1,,project_tss,raw,mlp,False,tuned,2,0.9933333396911621,0.967453213995118,0.963108325710249,0.9640448848750324,0.9652844818732669,,152.0,102,0.967453213995118,0.963108325710249,0.9640448848750324,0,0.0,1.0,0.975609756097561
central,Phikon_v2,7109a6db6db6,central,central-tuned,adam,0.0003,,-1,,project_tss,raw,mlp,False,tuned,0,0.9933333396911621,0.9723352318958502,0.9700592349139975,0.9696486156664754,0.9689612697790267,,100.0,38,0.9723352318958502,0.9700592349139975,0.9696486156664754,0,0.0,1.0,1.0
central,Phikon_v2,76921b190483,central,central-tuned,sgd,0.003,,-1,,project_tss,raw,mlp,False,tuned,4,0.995555579662323,0.9690805532953621,0.9648046785516401,0.9655993916928077,0.9644518902696473,,185.0,135,0.9690805532953621,0.9648046785516401,0.9655993916928077,0,0.0,1.0,0.975609756097561
central,Phikon_v2,7905fbbe1ebf,central,central-legacy,adam,0.0003,,-1,,project_tss,raw,mlp,False,legacy,1,-1.0,0.9666395443449959,0.9614128656861429,0.9635105792879364,0.9578323833775547,,300.0,0,0.9666395443449959,0.9614128656861429,0.9635105792879364,0,0.0,1.0,0.975609756097561
central,Phikon_v2,7c6e6183653d,central,central-tuned,sgd,0.03,,-1,,project_tss,raw,mlp,False,tuned,4,0.9933333396911621,0.9715215622457283,0.9676125889127848,0.9679853838641078,0.9649451405292526,,100.0,20,0.9715215622457283,0.9676125889127848,0.9679853838641078,0,0.0,1.0,0.975609756097561
central,Phikon_v2,81eb16ad9080,central,central-tuned,sgd,0.003,,-1,,project_tss,raw,mlp,False,tuned,3,0.995555579662323,0.9707078925956062,0.9688899281143684,0.9685578189326216,0.9654575045930186,,190.0,140,0.9707078925956062,0.9688899281143684,0.9685578189326216,0,0.0,1.0,1.0
central,Phikon_v2,85ada1be80e6,central,central-tuned,sgd,0.01,,-1,,project_tss,raw,mlp,False,tuned,2,0.995555579662323,0.967453213995118,0.963108325710249,0.9641377159174456,0.96079297130699,,104.0,54,0.967453213995118,0.963108325710249,0.9641377159174456,0,0.0,1.0,0.975609756097561
central,Phikon_v2,8fc2b56d8c00,central,central-tuned,sgd,0.1,,-1,,project_tss,raw,mlp,False,tuned,2,0.9888889193534851,0.9731489015459723,0.9692520852915849,0.969107607102274,0.9656206851300309,,102.0,52,0.9731489015459723,0.9692520852915849,0.969107607102274,0,0.0,1.0,0.975609756097561
central,Phikon_v2,93ef44d48269,central,central-tuned,sgd,0.01,,-1,,project_tss,raw,mlp,False,tuned,0,0.995555579662323,0.9690805532953621,0.9666665292312155,0.9665507627596939,0.9652878533719655,,100.0,43,0.9690805532953621,0.9666665292312155,0.9665507627596939,0,0.0,1.0,1.0
central,Phikon_v2,9c4a3fa1ecbb,central,central-legacy,adam,0.0003,,-1,,project_tss,raw,mlp,False,legacy,3,-1.0,0.96826688364524,0.9642356780830323,0.964996301528115,0.9602011047104505,,300.0,0,0.96826688364524,0.9642356780830323,0.964996301528115,0,0.0,1.0,0.975609756097561
central,Phikon_v2,a33c642feb50,central,central-tuned,sgd,0.01,,-1,,project_tss,raw,mlp,False,tuned,3,0.9933333396911621,0.967453213995118,0.9657608873742897,0.9656351221095836,0.9611810956437125,,100.0,47,0.967453213995118,0.9657608873742897,0.9656351221095836,0,0.0,1.0,1.0
central,Phikon_v2,d25e4cf407c7,central,central-tuned,adam,0.0001,,-1,,project_tss,raw,mlp,False,tuned,0,0.9933333396911621,0.9666395443449959,0.9605768725013151,0.9618819332674278,0.9563277584305622,,100.0,29,0.9666395443449959,0.9605768725013151,0.9618819332674278,0,0.0,1.0,0.975609756097561
central,Phikon_v2,d34ede7a61a8,central,central-tuned,sgd,0.003,,-1,,project_tss,raw,mlp,False,tuned,1,0.991111159324646,0.967453213995118,0.9649701763898246,0.9649838713465121,0.9635043305604053,,154.0,104,0.967453213995118,0.9649701763898246,0.9649838713465121,0,0.0,1.0,1.0
central,Phikon_v2,d675c38e276f,central,central-legacy,adam,0.0003,,-1,,project_tss,raw,mlp,False,legacy,2,-1.0,0.9739625711960944,0.9701527203238752,0.971562394283646,0.9678946212435309,,300.0,0,0.9739625711960944,0.9701527203238752,0.971562394283646,0,0.0,1.0,1.0
central,Phikon_v2,ddcc5ae1c1d1,central,central-tuned,sgd,0.01,,-1,,project_tss,raw,mlp,False,tuned,1,0.9933333396911621,0.96826688364524,0.9666087799513399,0.9660637803830036,0.966745510748626,,115.0,65,0.96826688364524,0.9666087799513399,0.9660637803830036,0,0.0,1.0,1.0
central,Phikon_v2,e9ead229d1cd,central,central-tuned,adam,0.001,,-1,,project_tss,raw,mlp,False,tuned,2,0.9933333396911621,0.9715215622457283,0.9670858267146686,0.9676486576332606,0.9711712871759601,,100.0,45,0.9715215622457283,0.9670858267146686,0.9676486576332606,0,0.0,1.0,0.975609756097561
central,Phikon_v2,ea8a1927c971,central,central-tuned,adam,0.001,,-1,,project_tss,raw,mlp,False,tuned,0,0.991111159324646,0.9641985353946297,0.9558378152622579,0.9586133152182098,0.9542509152322237,,100.0,34,0.9641985353946297,0.9558378152622579,0.9586133152182098,0,0.0,1.0,0.975609756097561
central,Phikon_v2,ef8244a0d972,central,central-tuned,sgd,0.1,,-1,,project_tss,raw,mlp,False,tuned,1,0.9844444394111633,0.9552481692432873,0.9568958521814702,0.9505462478804615,0.9457233104683328,,114.0,64,0.9552481692432873,0.9568958521814702,0.9505462478804615,0,0.0,1.0,1.0
central,Phikon_v2,eff7d7b0df0b,central,central-tuned,adam,0.0003,,-1,,project_tss,raw,mlp,False,tuned,4,0.9933333396911621,0.9650122050447518,0.963199026656971,0.9633976479678866,0.9571452651145865,,139.0,89,0.9650122050447518,0.963199026656971,0.9633976479678866,0,0.0,1.0,0.975609756097561
central,Phikon_v2,f476f37a4c36,central,central-legacy,adam,0.0003,,-1,,project_tss,raw,mlp,False,legacy,0,-1.0,0.9666395443449959,0.9616309645848382,0.9626905336951097,0.9589055025970914,,300.0,0,0.9666395443449959,0.9616309645848382,0.9626905336951097,0,0.0,1.0,0.975609756097561
central,ResNet50,027d4d49fd05,central,central-tuned,adam,0.001,,-1,,project_tss,raw,mlp,False,tuned,2,0.9333333373069763,0.8779495524816925,0.8650169666780999,0.8549970671308712,0.8579057554934574,,134.0,84,0.8779495524816925,0.8650169666780999,0.8549970671308712,0,0.0,0.9166666666666666,0.8292682926829268
central,ResNet50,099bd8c81df8,central,central-tuned,sgd,0.003,,-1,,project_tss,raw,mlp,False,tuned,4,0.8911111354827881,0.8519121236777868,0.8355038481703164,0.8182696956465245,0.8295586014468219,,300.0,296,0.8519121236777868,0.8355038481703164,0.8182696956465245,0,0.0,0.9166666666666666,0.8780487804878049
central,ResNet50,0d13e3dd46f8,central,central-tuned,adam,0.0001,,-1,,project_tss,raw,mlp,False,tuned,2,0.9511111378669739,0.9129373474369405,0.9074595746379948,0.9013183110865,0.9010648371614663,,212.0,162,0.9129373474369405,0.9074595746379948,0.9013183110865,0,0.0,0.975,0.926829268292683
central,ResNet50,0eb0fe9e9c3b,central,central-tuned,sgd,0.03,,-1,,project_tss,raw,mlp,False,tuned,1,0.948888897895813,0.8991049633848658,0.8808445782123469,0.8803198871098693,0.8774785629894718,,179.0,129,0.8991049633848658,0.8808445782123469,0.8803198871098693,0,0.0,0.9916666666666667,0.9024390243902439
central,ResNet50,1038ee923b3f,central,central-tuned,adam,0.0003,,-1,,project_tss,raw,mlp,False,tuned,2,0.948888897895813,0.9056143205858421,0.8891937304275821,0.8852908522841,0.8887482717956618,,125.0,75,0.9056143205858421,0.8891937304275821,0.8852908522841,0,0.0,0.9416666666666667,0.8292682926829268
central,ResNet50,19caede37a6c,central,central-tuned,adam,0.0001,,-1,,project_tss,raw,mlp,False,tuned,1,0.9533333778381348,0.9137510170870626,0.9014228725611573,0.9005327931149935,0.9077692732162236,,188.0,138,0.9137510170870626,0.9014228725611573,0.9005327931149935,0,0.0,0.9583333333333334,0.8780487804878049
central,ResNet50,1b961153a757,central,central-legacy,adam,0.0003,,-1,,project_tss,raw,mlp,False,legacy,3,-1.0,0.8812042310821806,0.835459200109375,0.840536855471926,0.8665700194626933,,300.0,0,0.8812042310821806,0.835459200109375,0.840536855471926,0,0.0,0.9416666666666667,0.6829268292682927
central,ResNet50,20ed22e43590,central,central-tuned,adam,0.0003,,-1,,project_tss,raw,mlp,False,tuned,0,0.9511111378669739,0.9088689991863304,0.8998093169209336,0.8987733044299239,0.8964795688292901,,113.0,63,0.9088689991863304,0.8998093169209336,0.8987733044299239,0,0.0,0.9916666666666667,0.8780487804878049
central,ResNet50,3124c9c48ff5,central,central-legacy,adam,0.0003,,-1,,project_tss,raw,mlp,False,legacy,4,-1.0,0.8771358828315704,0.8456142235832722,0.8518238006382298,0.8611916738171999,,300.0,0,0.8771358828315704,0.8456142235832722,0.8518238006382298,0,0.0,0.9916666666666667,0.6341463414634146
central,ResNet50,3390d2c05841,central,central-tuned,sgd,0.1,,-1,,project_tss,raw,mlp,False,tuned,4,0.9399999976158142,0.9048006509357202,0.8983228576495248,0.8939736693434175,0.8916582860325464,,222.0,172,0.9048006509357202,0.8983228576495248,0.8939736693434175,0,0.0,0.975,0.926829268292683
central,ResNet50,3967d0a61de6,central,central-legacy,adam,0.0003,,-1,,project_tss,raw,mlp,False,legacy,1,-1.0,0.9039869812855981,0.8797556812822321,0.877992840880379,0.8801824197850509,,300.0,0,0.9039869812855981,0.8797556812822321,0.877992840880379,0,0.0,0.9833333333333333,0.8780487804878049
central,ResNet50,3d4497b4a6fb,central,central-tuned,adam,0.001,,-1,,project_tss,raw,mlp,False,tuned,1,0.9222222566604614,0.8657445077298617,0.8385252754650847,0.8365226732349503,0.8491145190049989,,100.0,34,0.8657445077298617,0.8385252754650847,0.8365226732349503,0,0.0,0.95,0.7804878048780488
central,ResNet50,4751d01ba7c7,central,central-tuned,sgd,0.1,,-1,,project_tss,raw,mlp,False,tuned,1,0.9399999976158142,0.8925956061838893,0.8791219327307691,0.8724582258341249,0.8761056178538241,,159.0,109,0.8925956061838893,0.8791219327307691,0.8724582258341249,0,0.0,0.9166666666666666,0.9024390243902439
central,ResNet50,4b5647641b88,central,central-tuned,sgd,0.03,,-1,,project_tss,raw,mlp,False,tuned,0,0.9511111378669739,0.9096826688364524,0.8937574955377031,0.8917968582871718,0.8937174638971842,,207.0,157,0.9096826688364524,0.8937574955377031,0.8917968582871718,0,0.0,0.9583333333333334,0.8780487804878049
central,ResNet50,4bbc480a08cf,central,central-tuned,sgd,0.003,,-1,,project_tss,raw,mlp,False,tuned,3,0.9066666960716248,0.8527257933279089,0.8411294710966695,0.8289388572776433,0.8361413415616983,,300.0,294,0.8527257933279089,0.8411294710966695,0.8289388572776433,0,0.0,0.95,0.8780487804878049
central,ResNet50,4f35cc7c7e05,central,central-tuned,adam,0.0001,,-1,,project_tss,raw,mlp,False,tuned,3,0.9533333778381348,0.9088689991863304,0.8953439449112683,0.8928061805611579,0.8899978058587585,,210.0,160,0.9088689991863304,0.8953439449112683,0.8928061805611579,0,0.0,0.975,0.8780487804878049
central,ResNet50,5bd8b81d97f3,central,central-tuned,sgd,0.01,,-1,,project_tss,raw,mlp,False,tuned,4,0.9466667175292969,0.9015459723352319,0.8818559986209916,0.8783448783322119,0.8808966390635204,,300.0,257,0.9015459723352319,0.8818559986209916,0.8783448783322119,0,0.0,0.9416666666666667,0.8780487804878049
central,ResNet50,5e01f148725a,central,central-tuned,adam,0.0003,,-1,,project_tss,raw,mlp,False,tuned,3,0.948888897895813,0.9104963384865744,0.8994612823093949,0.8978831045196102,0.8982162623125813,,184.0,134,0.9104963384865744,0.8994612823093949,0.8978831045196102,0,0.0,0.975,0.926829268292683
central,ResNet50,5f84e88a9af4,central,central-tuned,adam,0.0003,,-1,,project_tss,raw,mlp,False,tuned,4,0.9533333778381348,0.8966639544344996,0.886695552149325,0.8869760087225349,0.8867687618129734,,106.0,56,0.8966639544344996,0.886695552149325,0.8869760087225349,0,0.0,0.9583333333333334,0.8780487804878049
central,ResNet50,790ade5270b6,central,central-tuned,sgd,0.03,,-1,,project_tss,raw,mlp,False,tuned,2,0.9511111378669739,0.9064279902359642,0.900011271410804,0.8951885235482513,0.8941904116832161,,223.0,173,0.9064279902359642,0.900011271410804,0.8951885235482513,0,0.0,0.9583333333333334,0.8780487804878049
central,ResNet50,79fb082ff56e,central,central-tuned,adam,0.001,,-1,,project_tss,raw,mlp,False,tuned,3,0.9355555772781372,0.8844589096826688,0.855898195897456,0.8557332285276612,0.8673409055423881,,123.0,73,0.8844589096826688,0.855898195897456,0.8557332285276612,0,0.0,0.9583333333333334,0.6829268292682927
central,ResNet50,834bd86c435e,central,central-legacy,adam,0.0003,,-1,,project_tss,raw,mlp,False,legacy,2,-1.0,0.8966639544344996,0.8647223494421724,0.8659106064535208,0.8629688533885904,,300.0,0,0.8966639544344996,0.8647223494421724,0.8659106064535208,0,0.0,0.975,0.9024390243902439
central,ResNet50,8d5fcb0a4050,central,central-tuned,adam,0.001,,-1,,project_tss,raw,mlp,False,tuned,0,0.9355555772781372,0.9007323026851098,0.8793693992808591,0.8798544744806678,0.88751832476455,,156.0,106,0.9007323026851098,0.8793693992808591,0.8798544744806678,0,0.0,0.9166666666666666,0.8536585365853658
central,ResNet50,90ada6d1eb18,central,central-legacy,adam,0.0003,,-1,,project_tss,raw,mlp,False,legacy,0,-1.0,0.8299430431244914,0.8465722805323902,0.8364592741317333,0.8452093454707312,,300.0,0,0.8299430431244914,0.8465722805323902,0.8364592741317333,0,0.0,0.9833333333333333,0.6829268292682927
central,ResNet50,9ef86b24e291,central,central-tuned,sgd,0.03,,-1,,project_tss,raw,mlp,False,tuned,3,0.948888897895813,0.9088689991863304,0.8946990861682536,0.8925870283754203,0.892375477742114,,228.0,178,0.9088689991863304,0.8946990861682536,0.8925870283754203,0,0.0,0.9583333333333334,0.9024390243902439
central,ResNet50,bd2da71ce26f,central,central-tuned,sgd,0.01,,-1,,project_tss,raw,mlp,False,tuned,2,0.948888897895813,0.903173311635476,0.8912914663244368,0.8861928719709704,0.8861414132288098,,299.0,249,0.903173311635476,0.8912914663244368,0.8861928719709704,0,0.0,0.9583333333333334,0.8780487804878049
central,ResNet50,c284d9ab4d24,central,central-tuned,sgd,0.003,,-1,,project_tss,raw,mlp,False,tuned,2,0.897777795791626,0.8478437754271766,0.835038729070813,0.8218699274763536,0.8300695375918917,,300.0,299,0.8478437754271766,0.835038729070813,0.8218699274763536,0,0.0,0.95,0.8780487804878049
central,ResNet50,c4c7800f7fcd,central,central-tuned,sgd,0.01,,-1,,project_tss,raw,mlp,False,tuned,1,0.9511111378669739,0.8991049633848658,0.8872527493748135,0.8829232121160815,0.8746159875070041,,283.0,233,0.8991049633848658,0.8872527493748135,0.8829232121160815,0,0.0,0.975,0.8780487804878049
central,ResNet50,ccefa5fb2cef,central,central-tuned,adam,0.0001,,-1,,project_tss,raw,mlp,False,tuned,4,0.9555555582046509,0.9170056956875509,0.9100943317492676,0.9053052392178115,0.9053419190488301,,254.0,204,0.9170056956875509,0.9100943317492676,0.9053052392178115,0,0.0,0.9583333333333334,0.9024390243902439
central,ResNet50,cd545cdbf1aa,central,central-tuned,adam,0.0001,,-1,,project_tss,raw,mlp,False,tuned,0,0.9533333778381348,0.9080553295362083,0.8948595364857224,0.8934875407333824,0.8995909267133478,,198.0,148,0.9080553295362083,0.8948595364857224,0.8934875407333824,0,0.0,0.9333333333333333,0.8780487804878049
central,ResNet50,cdabade0dede,central,central-tuned,sgd,0.1,,-1,,project_tss,raw,mlp,False,tuned,0,0.9355555772781372,0.9015459723352319,0.8912974387309718,0.8875176551674842,0.8821666759500519,,121.0,71,0.9015459723352319,0.8912974387309718,0.8875176551674842,0,0.0,0.975,0.8780487804878049
central,ResNet50,d62ea93bb84e,central,central-tuned,sgd,0.03,,-1,,project_tss,raw,mlp,False,tuned,4,0.9511111378669739,0.9072416598860863,0.8970898973966709,0.8896351332574624,0.8909417181184871,,203.0,153,0.9072416598860863,0.8970898973966709,0.8896351332574624,0,0.0,0.9583333333333334,0.8780487804878049
central,ResNet50,d8ffd5f3b62f,central,central-tuned,adam,0.001,,-1,,project_tss,raw,mlp,False,tuned,4,0.9333333373069763,0.8966639544344996,0.876246617420229,0.873624863613139,0.8741166786724993,,144.0,94,0.8966639544344996,0.876246617420229,0.873624863613139,0,0.0,0.95,0.8536585365853658
central,ResNet50,dd22ee4b2967,central,central-tuned,sgd,0.1,,-1,,project_tss,raw,mlp,False,tuned,3,0.9333333373069763,0.8820179007323027,0.8702230757398068,0.8615704589333267,0.8662449244023648,,120.0,70,0.8820179007323027,0.8702230757398068,0.8615704589333267,0,0.0,0.9333333333333333,0.9024390243902439
central,ResNet50,e0d66ee9f2fb,central,central-tuned,sgd,0.01,,-1,,project_tss,raw,mlp,False,tuned,0,0.948888897895813,0.9080553295362083,0.8976104534232329,0.8925633014731427,0.8933791088240096,,289.0,239,0.9080553295362083,0.8976104534232329,0.8925633014731427,0,0.0,0.975,0.9024390243902439
central,ResNet50,e6aa4d7e76b1,central,central-tuned,sgd,0.003,,-1,,project_tss,raw,mlp,False,tuned,0,0.897777795791626,0.8470301057770545,0.8232272127882124,0.8097699038287262,0.8252481069969059,,300.0,284,0.8470301057770545,0.8232272127882124,0.8097699038287262,0,0.0,0.8916666666666667,0.8292682926829268
central,ResNet50,ec4484ad1551,central,central-tuned,sgd,0.003,,-1,,project_tss,raw,mlp,False,tuned,1,0.902222216129303,0.8519121236777868,0.8341949432245567,0.8159124729674709,0.8294621078824922,,300.0,297,0.8519121236777868,0.8341949432245567,0.8159124729674709,0,0.0,0.9,0.8780487804878049
central,ResNet50,efa07708880a,central,central-tuned,sgd,0.01,,-1,,project_tss,raw,mlp,False,tuned,3,0.948888897895813,0.9015459723352319,0.8890074342266269,0.8811767538301792,0.8803325107803079,,300.0,268,0.9015459723352319,0.8890074342266269,0.8811767538301792,0,0.0,0.9416666666666667,0.926829268292683
central,ResNet50,f12bcdcbbc36,central,central-tuned,adam,0.0003,,-1,,project_tss,raw,mlp,False,tuned,1,0.9533333778381348,0.9178193653376729,0.9108281500087477,0.9065313284542059,0.9075750317426742,,200.0,150,0.9178193653376729,0.9108281500087477,0.9065313284542059,0,0.0,0.9833333333333333,0.9024390243902439
central,ResNet50,faab5545dd62,central,central-tuned,sgd,0.1,,-1,,project_tss,raw,mlp,False,tuned,2,0.9355555772781372,0.8909682668836453,0.8708703955069251,0.869575406011233,0.8565548857375076,,126.0,76,0.8909682668836453,0.8708703955069251,0.869575406011233,0,0.0,0.925,0.8780487804878049
central,UNI_v2,08afa817575b,central,central-tuned,adam,0.0003,,-1,,project_tss,raw,mlp,False,tuned,3,0.9888889193534851,0.9698942229454841,0.9613236375445084,0.959952406452917,0.9633959445362955,,129.0,79,0.9698942229454841,0.9613236375445084,0.959952406452917,0,0.0,0.9916666666666667,0.9512195121951219
central,UNI_v2,0a5d97a8d36a,central,central-tuned,sgd,0.1,,-1,,project_tss,raw,mlp,False,tuned,2,0.47333335876464844,0.43612693246541906,0.29590340582582747,0.19927004431971754,0.35079865740590943,,100.0,2,0.43368592351505286,0.2944711643357825,0.19810685001492231,3,0.2441008950366197,0.0,0.0
central,UNI_v2,0a8bbde47076,central,central-tuned,sgd,0.003,,-1,,project_tss,raw,mlp,False,tuned,4,0.9866666793823242,0.96826688364524,0.9654685091927967,0.9609542379394053,0.9660196458093654,,129.0,79,0.96826688364524,0.9654685091927967,0.9609542379394053,0,0.0,0.9916666666666667,0.9512195121951219
central,UNI_v2,0e884203d932,central,central-tuned,sgd,0.003,,-1,,project_tss,raw,mlp,False,tuned,3,0.9844444394111633,0.967453213995118,0.9641397043052843,0.9614386015419668,0.9673361223984277,,157.0,107,0.967453213995118,0.9641397043052843,0.9614386015419668,0,0.0,0.9916666666666667,0.9512195121951219
central,UNI_v2,10ec06c83d59,central,central-tuned,adam,0.0001,,-1,,project_tss,raw,mlp,False,tuned,3,0.9888889193534851,0.9707078925956062,0.9677949395561881,0.9653001407731483,0.9645235432618612,,100.0,26,0.9707078925956062,0.9677949395561881,0.9653001407731483,0,0.0,0.9916666666666667,0.9512195121951219
central,UNI_v2,2eecdd3d0981,central,central-tuned,adam,0.001,,-1,,project_tss,raw,mlp,False,tuned,1,0.9844444394111633,0.9698942229454841,0.9699082719425997,0.9663517991380703,0.9661248466544418,,106.0,56,0.9698942229454841,0.9699082719425997,0.9663517991380703,0,0.0,0.9916666666666667,0.975609756097561
central,UNI_v2,36f6c45d8c7d,central,central-legacy,adam,0.0003,,-1,,project_tss,raw,mlp,False,legacy,0,-1.0,0.9715215622457283,0.9666541456522361,0.9675887713332476,0.9724334629196083,,300.0,0,0.9715215622457283,0.9666541456522361,0.9675887713332476,0,0.0,0.9916666666666667,0.9512195121951219
central,UNI_v2,3c10d1f31399,central,central-tuned,sgd,0.003,,-1,,project_tss,raw,mlp,False,tuned,0,0.9866666793823242,0.967453213995118,0.9638760393625808,0.9611809362684853,0.9646776020218388,,141.0,91,0.967453213995118,0.9638760393625808,0.9611809362684853,0,0.0,0.9916666666666667,0.9512195121951219
central,UNI_v2,3cf33349dd19,central,central-tuned,adam,0.001,,-1,,project_tss,raw,mlp,False,tuned,4,0.9866666793823242,0.9650122050447518,0.9616665381498429,0.9573845187861855,0.960793437197597,,107.0,57,0.9650122050447518,0.9616665381498429,0.9573845187861855,0,0.0,0.9916666666666667,0.975609756097561
central,UNI_v2,3e498950e9e7,central,central-legacy,adam,0.0003,,-1,,project_tss,raw,mlp,False,legacy,1,-1.0,0.9739625711960944,0.973049779762191,0.9685389705502432,0.9722325038524415,,300.0,0,0.9739625711960944,0.973049779762191,0.9685389705502432,0,0.0,0.9916666666666667,0.975609756097561
central,UNI_v2,3e9d40a55794,central,central-tuned,adam,0.001,,-1,,project_tss,raw,mlp,False,tuned,2,0.9822222590446472,0.9641985353946297,0.9641897035837173,0.9604419436002942,0.9630780232805156,,155.0,105,0.9641985353946297,0.9641897035837173,0.9604419436002942,0,0.0,0.9916666666666667,0.975609756097561
central,UNI_v2,3ec02afdaee5,central,central-tuned,sgd,0.01,,-1,,project_tss,raw,mlp,False,tuned,2,0.9888889193534851,0.9698942229454841,0.9658938064265512,0.9631429187220036,0.9683955222117218,,129.0,79,0.9698942229454841,0.9658938064265512,0.9631429187220036,0,0.0,0.9916666666666667,0.9512195121951219
central,UNI_v2,3f35ab9c617b,central,central-tuned,adam,0.0001,,-1,,project_tss,raw,mlp,False,tuned,2,0.9866666793823242,0.9666395443449959,0.9613290751442626,0.9609527489128548,0.9622288527685267,,119.0,69,0.9666395443449959,0.9613290751442626,0.9609527489128548,0,0.0,0.9916666666666667,0.9512195121951219
central,UNI_v2,44aa99da8df1,central,central-legacy,adam,0.0003,,-1,,project_tss,raw,mlp,False,legacy,4,-1.0,0.9666395443449959,0.9685790359137924,0.9633178796896671,0.9643407534341197,,300.0,0,0.9666395443449959,0.9685790359137924,0.9633178796896671,0,0.0,0.9916666666666667,0.975609756097561
central,UNI_v2,487799338813,central,central-tuned,adam,0.0003,,-1,,project_tss,raw,mlp,False,tuned,4,0.9866666793823242,0.9641985353946297,0.9616635410430643,0.9566239853770531,0.9617841108829749,,100.0,17,0.9641985353946297,0.9616635410430643,0.9566239853770531,0,0.0,0.9916666666666667,0.9512195121951219
central,UNI_v2,49090863d659,central,central-tuned,sgd,0.01,,-1,,project_tss,raw,mlp,False,tuned,0,0.9888889193534851,0.967453213995118,0.9638760393625808,0.9617434625088842,0.9673715231347629,,100.0,48,0.967453213995118,0.9638760393625808,0.9617434625088842,0,0.0,0.9916666666666667,0.9512195121951219
central,UNI_v2,4d7e754340c5,central,central-tuned,sgd,0.003,,-1,,project_tss,raw,mlp,False,tuned,2,0.9888889193534851,0.967453213995118,0.9641397043052843,0.9610048135771786,0.9676606291481682,,180.0,130,0.967453213995118,0.9641397043052843,0.9610048135771786,0,0.0,0.9916666666666667,0.9512195121951219
central,UNI_v2,4fde7b177dd2,central,central-tuned,sgd,0.03,,-1,,project_tss,raw,mlp,False,tuned,4,0.9822222590446472,0.9625711960943857,0.9597035232589697,0.9550515922867215,0.9611339033068006,,119.0,69,0.9625711960943857,0.9597035232589697,0.9550515922867215,0,0.0,0.9916666666666667,0.9512195121951219
central,UNI_v2,56f1121fa95e,central,central-tuned,sgd,0.01,,-1,,project_tss,raw,mlp,False,tuned,3,0.9866666793823242,0.9690805532953621,0.9639915379223325,0.9636790264776971,0.9669735926355864,,132.0,82,0.9690805532953621,0.9639915379223325,0.9636790264776971,0,0.0,0.9916666666666667,0.9512195121951219
central,UNI_v2,607ad3dd464e,central,central-tuned,sgd,0.1,,-1,,project_tss,raw,mlp,False,tuned,0,0.4933333396911621,0.5061025223759154,0.3422375463385503,0.2777789059020193,0.4305238623265765,,100.0,40,0.5052888527257934,0.3413116204126243,0.2770288725374372,2,0.08136696501219731,0.5666666666666667,0.0
central,UNI_v2,6506748c2e34,central,central-tuned,sgd,0.01,,-1,,project_tss,raw,mlp,False,tuned,4,0.9866666793823242,0.9731489015459723,0.9698129904638039,0.96689831709458,0.9703663505065376,,106.0,56,0.9731489015459723,0.9698129904638039,0.96689831709458,0,0.0,0.9916666666666667,0.9512195121951219
central,UNI_v2,6544c0ee755e,central,central-tuned,adam,0.0003,,-1,,project_tss,raw,mlp,False,tuned,2,0.9888889193534851,0.9617575264442636,0.9533418341077028,0.9560295454581288,0.9645962811092341,,100.0,33,0.9617575264442636,0.9533418341077028,0.9560295454581288,0,0.0,0.9916666666666667,0.9512195121951219
central,UNI_v2,7a5e541a0af3,central,central-tuned,sgd,0.03,,-1,,project_tss,raw,mlp,False,tuned,0,0.9888889193534851,0.96826688364524,0.9668494475619099,0.9630483229623583,0.9678072893415572,,129.0,79,0.96826688364524,0.9668494475619099,0.9630483229623583,0,0.0,0.9916666666666667,0.975609756097561
central,UNI_v2,98562f13b475,central,central-legacy,adam,0.0003,,-1,,project_tss,raw,mlp,False,legacy,2,-1.0,0.9731489015459723,0.9706948335362857,0.9688454808052478,0.9735245082597109,,300.0,0,0.9731489015459723,0.9706948335362857,0.9688454808052478,0,0.0,0.9916666666666667,0.9512195121951219
central,UNI_v2,9bc418b52c3e,central,central-tuned,adam,0.0003,,-1,,project_tss,raw,mlp,False,tuned,1,0.9866666793823242,0.9739625711960944,0.9700338026256325,0.9674227088934225,0.9653206505620836,,122.0,72,0.9739625711960944,0.9700338026256325,0.9674227088934225,0,0.0,0.9916666666666667,0.975609756097561
central,UNI_v2,a47bf903fe3f,central,central-tuned,adam,0.0001,,-1,,project_tss,raw,mlp,False,tuned,0,0.9866666793823242,0.9723352318958502,0.9692279112985209,0.9678449548411672,0.9661965558383006,,100.0,24,0.9723352318958502,0.9692279112985209,0.9678449548411672,0,0.0,0.9916666666666667,0.9512195121951219
central,UNI_v2,a6ac97093c83,central,central-tuned,sgd,0.03,,-1,,project_tss,raw,mlp,False,tuned,3,0.9822222590446472,0.9617575264442636,0.9611466467122907,0.9582847289013182,0.9628593475867621,,115.0,65,0.9617575264442636,0.9611466467122907,0.9582847289013182,0,0.0,0.9916666666666667,0.9512195121951219
central,UNI_v2,b1e942661064,central,central-tuned,sgd,0.03,,-1,,project_tss,raw,mlp,False,tuned,2,0.9933333396911621,0.9625711960943857,0.9598410729219311,0.9564238822260394,0.9624591558781591,,137.0,87,0.9625711960943857,0.9598410729219311,0.9564238822260394,0,0.0,0.9916666666666667,0.9512195121951219
central,UNI_v2,b4f34f78ba6c,central,central-tuned,sgd,0.03,,-1,,project_tss,raw,mlp,False,tuned,1,0.9822222590446472,0.9617575264442636,0.960046420897468,0.9573122034028538,0.9592675790806632,,164.0,114,0.9617575264442636,0.960046420897468,0.9573122034028538,0,0.0,0.9916666666666667,0.9512195121951219
central,UNI_v2,bdb32f1b3ffa,central,central-tuned,sgd,0.1,,-1,,project_tss,raw,mlp,False,tuned,3,0.46666666865348816,0.45728234336859236,0.293505490546235,0.2141655058021091,0.37155151123666524,,131.0,81,0.4548413344182262,0.28683882387956827,0.21183111907280372,5,0.24410089503661414,0.0,0.0975609756097561
central,UNI_v2,be91e69e1e65,central,central-tuned,adam,0.0001,,-1,,project_tss,raw,mlp,False,tuned,4,0.9866666793823242,0.9707078925956062,0.9667414151599557,0.9660819908555934,0.9675780274300523,,100.0,23,0.9707078925956062,0.9667414151599557,0.9660819908555934,0,0.0,0.9916666666666667,0.9512195121951219
central,UNI_v2,c1a353d57a18,central,central-legacy,adam,0.0003,,-1,,project_tss,raw,mlp,False,legacy,3,-1.0,0.9715215622457283,0.9665706266534903,0.9667549992628004,0.9753298809762985,,300.0,0,0.9715215622457283,0.9665706266534903,0.9667549992628004,0,0.0,0.9916666666666667,0.9512195121951219
central,UNI_v2,c5e352541666,central,central-tuned,adam,0.0001,,-1,,project_tss,raw,mlp,False,tuned,1,0.9844444394111633,0.967453213995118,0.9649295637588131,0.960986796430405,0.9666021370460623,,100.0,20,0.967453213995118,0.9649295637588131,0.960986796430405,0,0.0,0.9916666666666667,0.9512195121951219
central,UNI_v2,cbb4fea4424f,central,central-tuned,sgd,0.01,,-1,,project_tss,raw,mlp,False,tuned,1,0.9866666793823242,0.9641985353946297,0.961273476976973,0.958555948752504,0.9610997863334313,,100.0,37,0.9641985353946297,0.961273476976973,0.958555948752504,0,0.0,0.9916666666666667,0.9512195121951219
central,UNI_v2,cd44b9ad65cc,central,central-tuned,sgd,0.003,,-1,,project_tss,raw,mlp,False,tuned,1,0.9866666793823242,0.9690805532953621,0.9650453461622102,0.9636083067708638,0.9685895706923745,,196.0,146,0.9690805532953621,0.9650453461622102,0.9636083067708638,0,0.0,0.9916666666666667,0.9512195121951219
central,UNI_v2,dda9fd6f0e9b,central,central-tuned,sgd,0.1,,-1,,project_tss,raw,mlp,False,tuned,4,0.5111111402511597,0.5142392188771359,0.27651487622395743,0.21124741065484764,0.3777862238142612,,100.0,9,0.515052888527258,0.27709967154559484,0.2118153943199751,1,-0.08136696501220841,0.0,0.0
central,UNI_v2,df23b186b720,central,central-tuned,sgd,0.1,,-1,,project_tss,raw,mlp,False,tuned,1,0.46444445848464966,0.47192839707078926,0.2579372725326483,0.19109607003171827,0.3699428461356646,,100.0,36,0.47192839707078926,0.2579372725326483,0.19106488798340165,1,0.0,0.3416666666666667,0.0
central,UNI_v2,f2908fa10284,central,central-tuned,adam,0.001,,-1,,project_tss,raw,mlp,False,tuned,0,0.9800000190734863,0.9666395443449959,0.965080727248544,0.9612596038467525,0.9645366733762372,,106.0,56,0.9666395443449959,0.965080727248544,0.9612596038467525,0,0.0,0.9916666666666667,0.975609756097561
central,UNI_v2,f811cec30d5e,central,central-tuned,adam,0.001,,-1,,project_tss,raw,mlp,False,tuned,3,0.9866666793823242,0.9650122050447518,0.9597333243636226,0.9578624101689128,0.9629825810511169,,117.0,67,0.9650122050447518,0.9597333243636226,0.9578624101689128,0,0.0,0.9916666666666667,0.926829268292683
central,UNI_v2,faa098860594,central,central-tuned,adam,0.0003,,-1,,project_tss,raw,mlp,False,tuned,0,0.9866666793823242,0.9723352318958502,0.9684098172562163,0.9671154320718726,0.9707984930726365,,132.0,82,0.9723352318958502,0.9684098172562163,0.9671154320718726,0,0.0,0.9916666666666667,0.975609756097561
central,Virchow2,0680abf84bcf,central,central-tuned,sgd,0.003,,-1,,project_tss,raw,mlp,False,tuned,2,0.9822222590446472,0.9707078925956062,0.9680193633351786,0.967719281194146,0.9652889671191853,,119.0,69,0.9707078925956062,0.9680193633351786,0.967719281194146,0,0.0,0.9916666666666667,0.975609756097561
central,Virchow2,083bc6e75805,central,central-tuned,sgd,0.03,,-1,,project_tss,raw,mlp,False,tuned,0,0.8733333349227905,0.8738812042310822,0.8355238676816578,0.8230030288830293,0.8508406575049465,,100.0,25,0.8738812042310822,0.8355238676816578,0.8230030288830293,0,0.0,0.9666666666666667,0.975609756097561
central,Virchow2,0b6e00e550e0,central,central-tuned,adam,0.0003,,-1,,project_tss,raw,mlp,False,tuned,3,0.9844444394111633,0.9633848657445078,0.9615826553640225,0.9572243505726027,0.9557272743409816,,133.0,83,0.9633848657445078,0.9615826553640225,0.9572243505726027,0,0.0,1.0,0.975609756097561
central,Virchow2,0fb12b5afbf1,central,central-tuned,adam,0.0001,,-1,,project_tss,raw,mlp,False,tuned,0,0.9866666793823242,0.9666395443449959,0.9642251179167377,0.961675164709361,0.9597496408633481,,147.0,97,0.9666395443449959,0.9642251179167377,0.961675164709361,0,0.0,0.9916666666666667,0.975609756097561
central,Virchow2,12ebcb17dd73,central,central-tuned,sgd,0.003,,-1,,project_tss,raw,mlp,False,tuned,1,0.9800000190734863,0.9715215622457283,0.969472051459221,0.9685411160584998,0.9672374498698486,,122.0,72,0.9715215622457283,0.969472051459221,0.9685411160584998,0,0.0,1.0,0.975609756097561
central,Virchow2,169ac6d2c6d4,central,central-tuned,sgd,0.01,,-1,,project_tss,raw,mlp,False,tuned,2,0.9822222590446472,0.9601301871440195,0.9578479675460154,0.9552122148165935,0.9491838134750907,,100.0,43,0.9601301871440195,0.9578479675460154,0.9552122148165935,0,0.0,0.9916666666666667,0.975609756097561
central,Virchow2,170f92172b7b,central,central-tuned,sgd,0.03,,-1,,project_tss,raw,mlp,False,tuned,2,0.9155555963516235,0.8925956061838893,0.8850919916969968,0.8799664634275695,0.883312477593803,,129.0,79,0.8925956061838893,0.8850919916969968,0.8799664634275695,0,0.0,0.9833333333333333,0.975609756097561
central,Virchow2,17553727a864,central,central-tuned,sgd,0.1,,-1,,project_tss,raw,mlp,False,tuned,1,0.3199999928474426,0.28152969894222946,0.1111111111111111,0.04881834215167549,0.18691588785046728,,100.0,1,0.28152969894222946,0.1111111111111111,0.04881834215167549,0,0.0,0.0,0.0
central,Virchow2,19fc5493525b,central,central-tuned,adam,0.001,,-1,,project_tss,raw,mlp,False,tuned,0,0.9533333778381348,0.950366151342555,0.9471352179472987,0.9438492481953773,0.9471464144384248,,100.0,26,0.950366151342555,0.9471352179472987,0.9438492481953773,0,0.0,0.9916666666666667,0.9512195121951219
central,Virchow2,2e3c64ea9175,central,central-tuned,sgd,0.003,,-1,,project_tss,raw,mlp,False,tuned,3,0.9844444394111633,0.9707078925956062,0.9688207970509354,0.9661800644071832,0.9645413372827704,,122.0,72,0.9707078925956062,0.9688207970509354,0.9661800644071832,0,0.0,0.9916666666666667,0.975609756097561
central,Virchow2,3311bca9a2a9,central,central-tuned,adam,0.001,,-1,,project_tss,raw,mlp,False,tuned,3,0.9866666793823242,0.9568755085435313,0.9518404047607029,0.9470424125649571,0.9455844850315256,,100.0,49,0.9568755085435313,0.9518404047607029,0.9470424125649571,0,0.0,0.9916666666666667,0.9024390243902439
central,Virchow2,34b095107ce4,central,central-tuned,sgd,0.1,,-1,,project_tss,raw,mlp,False,tuned,4,0.3199999928474426,0.28152969894222946,0.1111111111111111,0.04881834215167549,0.18691588785046728,,100.0,2,0.28152969894222946,0.1111111111111111,0.04881834215167549,0,0.0,0.0,0.0
central,Virchow2,42fb494d6d9a,central,central-tuned,adam,0.0001,,-1,,project_tss,raw,mlp,False,tuned,4,0.9844444394111633,0.9609438567941416,0.9603684141800125,0.9534384734118055,0.9530994432474184,,113.0,63,0.9609438567941416,0.9603684141800125,0.9534384734118055,0,0.0,0.9916666666666667,0.975609756097561
central,Virchow2,4e6f57128171,central,central-tuned,adam,0.0003,,-1,,project_tss,raw,mlp,False,tuned,2,0.9777777791023254,0.9560618388934092,0.95475344498866,0.9492332760469753,0.9445569185055167,,100.0,45,0.9560618388934092,0.95475344498866,0.9492332760469753,0,0.0,0.9916666666666667,0.975609756097561
central,Virchow2,5447e38f320c,central,central-tuned,sgd,0.01,,-1,,project_tss,raw,mlp,False,tuned,3,0.9800000190734863,0.9625711960943857,0.9600298018572685,0.9583269917983793,0.9596069803624322,,100.0,48,0.9625711960943857,0.9600298018572685,0.9583269917983793,0,0.0,0.9916666666666667,0.975609756097561
central,Virchow2,615da92abfb1,central,central-tuned,adam,0.0003,,-1,,project_tss,raw,mlp,False,tuned,1,0.9866666793823242,0.9585028478437754,0.9549984926129712,0.9545843619678228,0.952995050697543,,128.0,78,0.9585028478437754,0.9549984926129712,0.9545843619678228,0,0.0,0.9916666666666667,0.975609756097561
central,Virchow2,6623f481bef4,central,central-tuned,adam,0.001,,-1,,project_tss,raw,mlp,False,tuned,4,0.9755555987358093,0.951179820992677,0.9492312722412453,0.9446807911908474,0.9438627971137399,,100.0,28,0.951179820992677,0.9492312722412453,0.9446807911908474,0,0.0,0.9833333333333333,0.975609756097561
central,Virchow2,6d468d134ac3,central,central-tuned,adam,0.0001,,-1,,project_tss,raw,mlp,False,tuned,3,0.9822222590446472,0.9650122050447518,0.9645782481968502,0.9585602355933693,0.9538574488217874,,115.0,65,0.9650122050447518,0.9645782481968502,0.9585602355933693,0,0.0,0.9833333333333333,0.975609756097561
central,Virchow2,6f3556fbc712,central,central-tuned,adam,0.0003,,-1,,project_tss,raw,mlp,False,tuned,4,0.9844444394111633,0.9593165174938975,0.958707188494984,0.9537528449182724,0.9548615109362774,,115.0,65,0.9593165174938975,0.958707188494984,0.9537528449182724,0,0.0,0.9916666666666667,0.975609756097561
central,Virchow2,71309a3cbbad,central,central-legacy,adam,0.0003,,-1,,project_tss,raw,mlp,False,legacy,3,-1.0,0.967453213995118,0.9609148143991193,0.9615236570331179,0.9636913449997562,,300.0,0,0.967453213995118,0.9609148143991193,0.9615236570331179,0,0.0,0.9916666666666667,0.926829268292683
central,Virchow2,833a27222a5d,central,central-tuned,sgd,0.1,,-1,,project_tss,raw,mlp,False,tuned,3,0.3199999928474426,0.2823433685923515,0.1119592875318066,0.05053285930033072,0.18758344459279036,,100.0,3,0.2823433685923515,0.1119592875318066,0.05053285930033072,0,0.0,0.0,0.0
central,Virchow2,86986a562c90,central,central-tuned,adam,0.001,,-1,,project_tss,raw,mlp,False,tuned,2,0.9800000190734863,0.9641985353946297,0.9611130747584914,0.9590805365096414,0.9582245261372988,,100.0,49,0.9641985353946297,0.9611130747584914,0.9590805365096414,0,0.0,1.0,0.975609756097561
central,Virchow2,9adb0a392af6,central,central-tuned,sgd,0.1,,-1,,project_tss,raw,mlp,False,tuned,2,0.3199999928474426,0.28152969894222946,0.1111111111111111,0.048849357616829035,0.18691588785046728,,100.0,3,0.28152969894222946,0.1111111111111111,0.048849357616829035,0,0.0,0.0,0.0
central,Virchow2,9ca80c29be6a,central,central-legacy,adam,0.0003,,-1,,project_tss,raw,mlp,False,legacy,0,-1.0,0.934092758340114,0.937916538325064,0.9286252014400598,0.9322293543912565,,300.0,0,0.934092758340114,0.937916538325064,0.9286252014400598,0,0.0,0.9916666666666667,0.926829268292683
central,Virchow2,9ee2a68fad0d,central,central-tuned,sgd,0.03,,-1,,project_tss,raw,mlp,False,tuned,1,0.8355555534362793,0.7949552481692432,0.6203335743032954,0.6159245315153695,0.7202910490006734,,100.0,14,0.7949552481692432,0.6203335743032954,0.6159245315153695,0,0.0,0.75,0.0
central,Virchow2,a5b6e0e94730,central,central-tuned,sgd,0.01,,-1,,project_tss,raw,mlp,False,tuned,1,0.9800000190734863,0.9625711960943857,0.9598660184536314,0.9586311274134643,0.9538263023465515,,100.0,44,0.9625711960943857,0.9598660184536314,0.9586311274134643,0,0.0,0.9916666666666667,0.975609756097561
central,Virchow2,ad07c4d94231,central,central-legacy,adam,0.0003,,-1,,project_tss,raw,mlp,False,legacy,2,-1.0,0.9666395443449959,0.9613264031674777,0.9589940325050207,0.9646517725956979,,300.0,0,0.9666395443449959,0.9613264031674777,0.9589940325050207,0,0.0,0.9916666666666667,0.926829268292683
central,Virchow2,bc0e9d5f0338,central,central-tuned,sgd,0.1,,-1,,project_tss,raw,mlp,False,tuned,0,0.3199999928474426,0.28152969894222946,0.1111111111111111,0.048849357616829035,0.18691588785046728,,100.0,3,0.28152969894222946,0.1111111111111111,0.048849357616829035,0,0.0,0.0,0.0
central,Virchow2,c42bc70e04d5,central,central-tuned,adam,0.001,,-1,,project_tss,raw,mlp,False,tuned,1,0.9733333587646484,0.9593165174938975,0.9585809292506051,0.9533238020534406,0.9538063903328702,,100.0,25,0.9593165174938975,0.9585809292506051,0.9533238020534406,0,0.0,0.9916666666666667,0.975609756097561
central,Virchow2,cb6053064ee0,central,central-tuned,sgd,0.003,,-1,,project_tss,raw,mlp,False,tuned,4,0.9822222590446472,0.9707078925956062,0.9690841781499936,0.966562705000364,0.9616712553628441,,149.0,99,0.9707078925956062,0.9690841781499936,0.966562705000364,0,0.0,0.9916666666666667,0.975609756097561
central,Virchow2,cb92ada1dd96,central,central-tuned,sgd,0.03,,-1,,project_tss,raw,mlp,False,tuned,4,0.9177777767181396,0.9113100081366965,0.897947210264758,0.8926717137109031,0.9005986710715308,,100.0,35,0.9113100081366965,0.897947210264758,0.8926717137109031,0,0.0,0.975,0.9024390243902439
central,Virchow2,d16de99bfacd,central,central-tuned,sgd,0.03,,-1,,project_tss,raw,mlp,False,tuned,3,0.893333375453949,0.8787632221318145,0.8794079069779926,0.8518596907219638,0.8637737166965681,,100.0,34,0.8787632221318145,0.8794079069779926,0.8518596907219638,0,0.0,1.0,0.926829268292683
central,Virchow2,d954de3e724b,central,central-tuned,sgd,0.01,,-1,,project_tss,raw,mlp,False,tuned,0,0.9800000190734863,0.9609438567941416,0.9618035370349318,0.957875487653443,0.9565674791920898,,100.0,50,0.9609438567941416,0.9618035370349318,0.957875487653443,0,0.0,0.9916666666666667,0.975609756097561
central,Virchow2,ddadcbd7b5b4,central,central-tuned,adam,0.0001,,-1,,project_tss,raw,mlp,False,tuned,2,0.9822222590446472,0.9666395443449959,0.9645167336045716,0.9611200084040978,0.961411808452307,,100.0,41,0.9666395443449959,0.9645167336045716,0.9611200084040978,0,0.0,0.9916666666666667,0.9512195121951219
central,Virchow2,dfdc82f63686,central,central-legacy,adam,0.0003,,-1,,project_tss,raw,mlp,False,legacy,1,-1.0,0.9593165174938975,0.9528016827382542,0.9514997004508979,0.9553772806544477,,300.0,0,0.9593165174938975,0.9528016827382542,0.9514997004508979,0,0.0,0.9916666666666667,0.9024390243902439
central,Virchow2,e12ab5a1362b,central,central-tuned,sgd,0.01,,-1,,project_tss,raw,mlp,False,tuned,4,0.9866666793823242,0.9698942229454841,0.9676982329562449,0.9661023996437849,0.9667118044065086,,155.0,105,0.9698942229454841,0.9676982329562449,0.9661023996437849,0,0.0,0.9916666666666667,0.975609756097561
central,Virchow2,edecb9d96def,central,central-tuned,sgd,0.003,,-1,,project_tss,raw,mlp,False,tuned,0,0.9844444394111633,0.9690805532953621,0.9673419754209487,0.965456936975537,0.9619504341856366,,134.0,84,0.9690805532953621,0.9673419754209487,0.965456936975537,0,0.0,0.9916666666666667,0.975609756097561
central,Virchow2,f19c46d57760,central,central-legacy,adam,0.0003,,-1,,project_tss,raw,mlp,False,legacy,4,-1.0,0.9617575264442636,0.9596365878500053,0.9555488127819038,0.9548508633399599,,300.0,0,0.9617575264442636,0.9596365878500053,0.9555488127819038,0,0.0,0.9916666666666667,0.975609756097561
central,Virchow2,f31ae91eb176,central,central-tuned,adam,0.0001,,-1,,project_tss,raw,mlp,False,tuned,1,0.9844444394111633,0.9715215622457283,0.9690242777575315,0.9656672908543027,0.9595567911377881,,133.0,83,0.9715215622457283,0.9690242777575315,0.9656672908543027,0,0.0,0.9916666666666667,0.975609756097561
central,Virchow2,fdafe426ae03,central,central-tuned,adam,0.0003,,-1,,project_tss,raw,mlp,False,tuned,0,0.9866666793823242,0.9707078925956062,0.9685169480974791,0.9660143430997441,0.9628316863129948,,156.0,106,0.9707078925956062,0.9685169480974791,0.9660143430997441,0,0.0,1.0,0.975609756097561
controls,CTransPath,1a6d21a3487a,central,central-tuned,adam,0.0003,,-1,,project_tss,zscore,mlp,False,tuned,3,0.9688889384269714,0.9487388120423108,0.9372415178557425,0.9395235667511046,0.9419360841800908,,,161,0.9487388120423108,0.9372415178557425,0.9395235667511046,0,0.0,1.0,0.8780487804878049
controls,CTransPath,297430262e1a,fl,FedAvg,adam,0.0003,0.01,20,stratified,project_tss,zscore,mlp,False,,0,0.9422222375869751,0.9113100081366965,0.881329505878139,0.8904984511497703,0.8735349500079285,0.8735349500079285,158.0,108,0.9113100081366965,0.881329505878139,0.8904984511497703,0,0.0,0.9916666666666667,0.8292682926829268
controls,CTransPath,3c794cf6796e,central,central-tuned,adam,0.0003,,-1,,project_tss,zscore_rp,mlp,False,tuned,2,0.9755555987358093,0.9422294548413345,0.9349469546263465,0.9334275698051407,0.9312830525141746,,,254,0.9422294548413345,0.9349469546263465,0.9334275698051407,0,0.0,0.9916666666666667,0.9512195121951219
controls,CTransPath,3cfafd7f80f6,fl,FedAvg,adam,0.0003,0.01,20,stratified,project_tss,zscore,mlp,False,,2,0.944444477558136,0.9080553295362083,0.8833193859294896,0.8881215178928742,0.8665862599472529,0.8665862599472529,158.0,108,0.9080553295362083,0.8833193859294896,0.8881215178928742,0,0.0,0.9916666666666667,0.8292682926829268
controls,CTransPath,47e68a562f98,fl,FedAvg,adam,0.0003,0.01,20,stratified,project_tss,zscore,mlp,False,,3,0.948888897895813,0.9178193653376729,0.8917620625597407,0.8975368681899852,0.8788191738546216,0.8788191738546216,198.0,148,0.9178193653376729,0.8917620625597407,0.8975368681899852,0,0.0,1.0,0.8292682926829268
controls,CTransPath,4d15fceaa04b,fl,FedAvg,adam,0.0003,0.01,20,stratified,project_tss,zscore,mlp,False,,1,0.948888897895813,0.9113100081366965,0.888897172766415,0.8963572265842666,0.8821998488931593,0.8821998488931593,194.0,144,0.9113100081366965,0.888897172766415,0.8963572265842666,0,0.0,1.0,0.8292682926829268
controls,CTransPath,6038b877f466,fl,FedAvg,adam,0.0003,0.01,20,stratified,project_tss,zscore,mlp,False,,4,0.9511111378669739,0.934092758340114,0.917276093710953,0.9235448094293274,0.9030413052541592,0.9030413052541592,264.0,214,0.934092758340114,0.917276093710953,0.9235448094293274,0,0.0,1.0,0.8536585365853658
controls,CTransPath,64743382bce9,fl,FedAvg,adam,0.0003,0.01,20,stratified,project_tss,zscore_rp,mlp,False,,0,0.9399999976158142,0.9088689991863304,0.8739034340894206,0.8846404892374106,0.8578169222182497,0.8578169222182497,153.0,103,0.9088689991863304,0.8739034340894206,0.8846404892374106,0,0.0,0.9916666666666667,0.8292682926829268
controls,CTransPath,92854a5a8250,central,central-tuned,adam,0.0003,,-1,,project_tss,zscore_rp,mlp,False,tuned,4,0.9733333587646484,0.951179820992677,0.9439912284747334,0.9449642171645934,0.9423512371530401,,,82,0.951179820992677,0.9439912284747334,0.9449642171645934,0,0.0,1.0,0.926829268292683
controls,CTransPath,959471230344,central,central-tuned,adam,0.0003,,-1,,project_tss,zscore,mlp,False,tuned,2,0.9733333587646484,0.951179820992677,0.9400265495934946,0.9394694569954919,0.9419365414258292,,,90,0.951179820992677,0.9400265495934946,0.9394694569954919,0,0.0,1.0,0.9024390243902439
controls,CTransPath,9bfa5fdcfe1f,central,central-tuned,adam,0.0003,,-1,,project_tss,zscore_rp,mlp,False,tuned,0,0.9733333587646484,0.9552481692432873,0.9500397907145621,0.9502885296152771,0.9429477772867995,,,226,0.9552481692432873,0.9500397907145621,0.9502885296152771,0,0.0,1.0,0.9512195121951219
controls,CTransPath,a2dd32a09271,central,central-tuned,adam,0.0003,,-1,,project_tss,zscore_rp,mlp,False,tuned,1,0.9733333587646484,0.951993490642799,0.9434173807796503,0.9432265051799222,0.948104588739725,,,181,0.951993490642799,0.9434173807796503,0.9432265051799222,0,0.0,0.9916666666666667,0.926829268292683
controls,CTransPath,ad6a7543f89f,central,central-tuned,adam,0.0003,,-1,,project_tss,zscore,mlp,False,tuned,1,0.9688889384269714,0.951993490642799,0.9488522149253122,0.9459900780863109,0.9461387009101576,,,51,0.951993490642799,0.9488522149253122,0.9459900780863109,0,0.0,0.9916666666666667,0.926829268292683
controls,CTransPath,b2cd4502f328,central,central-tuned,adam,0.0003,,-1,,project_tss,zscore_rp,mlp,False,tuned,3,0.9711111187934875,0.9479251423921887,0.9409801212506381,0.9400934021860928,0.9399943084065393,,,119,0.9479251423921887,0.9409801212506381,0.9400934021860928,0,0.0,1.0,0.926829268292683
controls,CTransPath,c04cb177d75c,fl,FedAvg,adam,0.0003,0.01,20,stratified,project_tss,zscore_rp,mlp,False,,4,0.9577777981758118,0.9324654190398698,0.9122890922153629,0.9187709530882794,0.9050847345950963,0.9050847345950963,263.0,213,0.9324654190398698,0.9122890922153629,0.9187709530882794,0,0.0,1.0,0.8536585365853658
controls,CTransPath,cfd0b57ce43b,fl,FedAvg,adam,0.0003,0.01,20,stratified,project_tss,zscore_rp,mlp,False,,2,0.9422222375869751,0.9096826688364524,0.885658702725967,0.8880743937486195,0.8658422374476146,0.8658422374476146,155.0,105,0.9096826688364524,0.885658702725967,0.8880743937486195,0,0.0,0.975,0.8292682926829268
controls,CTransPath,d4aed7ed3575,central,central-tuned,adam,0.0003,,-1,,project_tss,zscore,mlp,False,tuned,4,0.9733333587646484,0.9438567941415785,0.9282921422867406,0.9340618651951466,0.9355079477552335,,,94,0.9438567941415785,0.9282921422867406,0.9340618651951466,0,0.0,0.9916666666666667,0.8780487804878049
controls,CTransPath,e5b351e4e8dd,fl,FedAvg,adam,0.0003,0.01,20,stratified,project_tss,zscore_rp,mlp,False,,3,0.9555555582046509,0.919446704637917,0.8963247122385236,0.9022188008018546,0.8824281839079346,0.8824281839079346,210.0,160,0.919446704637917,0.8963247122385236,0.9022188008018546,0,0.0,0.9916666666666667,0.8048780487804879
controls,CTransPath,e65d0cd4a8cf,central,central-tuned,adam,0.0003,,-1,,project_tss,zscore,mlp,False,tuned,0,0.9711111187934875,0.951993490642799,0.9477796420693926,0.9448934196607586,0.9475533381618307,,,121,0.951993490642799,0.9477796420693926,0.9448934196607586,0,0.0,0.9916666666666667,0.926829268292683
controls,CTransPath,e82d227818b4,fl,FedAvg,adam,0.0003,0.01,20,stratified,project_tss,zscore_rp,mlp,False,,1,0.9511111378669739,0.9064279902359642,0.8785604724297145,0.8883426174366547,0.8720823184485261,0.8720823184485261,193.0,143,0.9064279902359642,0.8785604724297145,0.8883426174366547,0,0.0,0.9833333333333333,0.8292682926829268
controls,Conch_v15,0061e5217bd2,central,central-tuned,adam,0.0003,,-1,,project_tss,zscore_rp,mlp,False,tuned,1,0.9844444394111633,0.9560618388934092,0.9467841516086578,0.9497633694720398,0.9439660791852087,,,248,0.9560618388934092,0.9467841516086578,0.9497633694720398,0,0.0,1.0,0.975609756097561
controls,Conch_v15,0650109d9557,central,central-tuned,adam,0.0003,,-1,,project_tss,zscore_rp,mlp,False,tuned,2,0.9800000190734863,0.951993490642799,0.9467941820409974,0.9460496938300259,0.9471787774134832,,,293,0.951993490642799,0.9467941820409974,0.9460496938300259,0,0.0,0.9916666666666667,0.975609756097561
controls,Conch_v15,2c68ef33dd2b,fl,FedAvg,adam,0.0003,0.01,20,stratified,project_tss,zscore,mlp,False,,1,0.9644444584846497,0.9227013832384052,0.9101547523203016,0.9115339248123513,0.9010994232801811,0.9010994232801811,116.0,66,0.9227013832384052,0.9101547523203016,0.9115339248123513,0,0.0,0.9916666666666667,0.8292682926829268
controls,Conch_v15,2fe6d523160c,fl,FedAvg,adam,0.0003,0.01,20,stratified,project_tss,zscore,mlp,False,,0,0.9644444584846497,0.9316517493897477,0.9198288706887746,0.9211911385072644,0.9092410118377492,0.9092410118377492,146.0,96,0.9316517493897477,0.9198288706887746,0.9211911385072644,0,0.0,0.9916666666666667,0.8780487804878049
controls,Conch_v15,3a76dcb6a279,fl,FedAvg,adam,0.0003,0.01,20,stratified,project_tss,zscore,mlp,False,,3,0.9666666984558105,0.9292107404393816,0.9162302493431648,0.9188443746230158,0.9083188680417735,0.9083188680417735,156.0,106,0.9292107404393816,0.9162302493431648,0.9188443746230158,0,0.0,0.9916666666666667,0.8780487804878049
controls,Conch_v15,52d9d6d01492,fl,FedAvg,adam,0.0003,0.01,20,stratified,project_tss,zscore,mlp,False,,4,0.9711111187934875,0.9243287225386493,0.9086567641586417,0.9136461410283283,0.9051456754215405,0.9051456754215405,176.0,126,0.9243287225386493,0.9086567641586417,0.9136461410283283,0,0.0,0.9916666666666667,0.8780487804878049
controls,Conch_v15,65cc5d45f3a3,fl,FedAvg,adam,0.0003,0.01,20,stratified,project_tss,zscore_rp,mlp,False,,4,0.9711111187934875,0.9275834011391375,0.9160615706629369,0.919551906270689,0.9144582086826718,0.9144582086826718,175.0,125,0.9275834011391375,0.9160615706629369,0.919551906270689,0,0.0,0.9916666666666667,0.8780487804878049
controls,Conch_v15,7351305b6b3a,central,central-tuned,adam,0.0003,,-1,,project_tss,zscore,mlp,False,tuned,3,0.9800000190734863,0.951993490642799,0.9499334747267945,0.9489161421149552,0.9474574154770041,,,144,0.951993490642799,0.9499334747267945,0.9489161421149552,0,0.0,1.0,0.975609756097561
controls,Conch_v15,74a7bb05302e,fl,FedAvg,adam,0.0003,0.01,20,stratified,project_tss,zscore_rp,mlp,False,,2,0.9688889384269714,0.9267697314890154,0.9147052526955302,0.9148605595264202,0.9079859037290583,0.9079859037290583,156.0,106,0.9267697314890154,0.9147052526955302,0.9148605595264202,0,0.0,0.9916666666666667,0.8780487804878049
controls,Conch_v15,945ab6382a37,central,central-tuned,adam,0.0003,,-1,,project_tss,zscore_rp,mlp,False,tuned,4,0.9800000190734863,0.9487388120423108,0.9430214499521491,0.9461481557087912,0.9424016913838051,,,118,0.9487388120423108,0.9430214499521491,0.9461481557087912,0,0.0,0.9916666666666667,0.9512195121951219
controls,Conch_v15,a1dd4a4d3784,fl,FedAvg,adam,0.0003,0.01,20,stratified,project_tss,zscore_rp,mlp,False,,0,0.9666666984558105,0.9316517493897477,0.9165998667752587,0.9206190702411163,0.9138369351252612,0.9138369351252612,148.0,98,0.9316517493897477,0.9165998667752587,0.9206190702411163,0,0.0,0.9916666666666667,0.8780487804878049
controls,Conch_v15,b96832f62780,fl,FedAvg,adam,0.0003,0.01,20,stratified,project_tss,zscore_rp,mlp,False,,1,0.9644444584846497,0.9259560618388935,0.9154658813016044,0.9155050238090462,0.9054420081890111,0.9054420081890111,116.0,66,0.9259560618388935,0.9154658813016044,0.9155050238090462,0,0.0,0.9916666666666667,0.8536585365853658
controls,Conch_v15,bcb185b50adc,central,central-tuned,adam,0.0003,,-1,,project_tss,zscore_rp,mlp,False,tuned,3,0.9777777791023254,0.9479251423921887,0.9361162887697425,0.9392130131596367,0.9413749585255523,,,71,0.9479251423921887,0.9361162887697425,0.9392130131596367,0,0.0,0.9833333333333333,0.975609756097561
controls,Conch_v15,c5fdc79d22c1,fl,FedAvg,adam,0.0003,0.01,20,stratified,project_tss,zscore_rp,mlp,False,,3,0.9688889384269714,0.9332790886899919,0.9221088421908724,0.9237492826284055,0.9147425845122189,0.9147425845122189,156.0,106,0.9332790886899919,0.9221088421908724,0.9237492826284055,0,0.0,0.9916666666666667,0.8780487804878049
controls,Conch_v15,e2ab806ae41f,central,central-tuned,adam,0.0003,,-1,,project_tss,zscore,mlp,False,tuned,2,0.9822222590446472,0.9568755085435313,0.9554563187781149,0.9538071222436658,0.9537712470244805,,,272,0.9568755085435313,0.9554563187781149,0.9538071222436658,0,0.0,0.9916666666666667,0.975609756097561
controls,Conch_v15,e55bedee4f47,central,central-tuned,adam,0.0003,,-1,,project_tss,zscore_rp,mlp,False,tuned,0,0.9800000190734863,0.951993490642799,0.9448051733479669,0.9467875082824685,0.9507427061065313,,,117,0.951993490642799,0.9448051733479669,0.9467875082824685,0,0.0,0.9916666666666667,1.0
controls,Conch_v15,e6c79446325e,central,central-tuned,adam,0.0003,,-1,,project_tss,zscore,mlp,False,tuned,0,0.9800000190734863,0.9487388120423108,0.9402775789398974,0.9407581632664824,0.9414748490705978,,,61,0.9487388120423108,0.9402775789398974,0.9407581632664824,0,0.0,0.9916666666666667,0.9512195121951219
controls,Conch_v15,eca5d9e0b526,central,central-tuned,adam,0.0003,,-1,,project_tss,zscore,mlp,False,tuned,4,0.9822222590446472,0.9479251423921887,0.9432439854182815,0.9394809200197953,0.9378414127535247,,,172,0.9479251423921887,0.9432439854182815,0.9394809200197953,0,0.0,0.9916666666666667,0.975609756097561
controls,Conch_v15,f073ae4694d9,fl,FedAvg,adam,0.0003,0.01,20,stratified,project_tss,zscore,mlp,False,,2,0.9711111187934875,0.9235150528885273,0.9113125470127481,0.9111647347146951,0.906071670506414,0.906071670506414,156.0,106,0.9235150528885273,0.9113125470127481,0.9111647347146951,0,0.0,0.9916666666666667,0.8780487804878049
controls,Conch_v15,f4e9c005ab38,central,central-tuned,adam,0.0003,,-1,,project_tss,zscore,mlp,False,tuned,1,0.9800000190734863,0.951993490642799,0.9451394113846688,0.9456951948818776,0.9465103898538021,,,260,0.951993490642799,0.9451394113846688,0.9456951948818776,0,0.0,1.0,0.975609756097561
controls,Midnight12k,048873f949c8,fl,FedAvg,adam,0.0003,0.01,20,stratified,project_tss,zscore,mlp,False,,0,0.9222222566604614,0.8999186330349878,0.8952200864667158,0.9006867469431727,0.8835646426378515,0.8835646426378515,146.0,96,0.8999186330349878,0.8952200864667158,0.9006867469431727,0,0.0,0.9833333333333333,0.8536585365853658
controls,Midnight12k,1ccb38d3df51,fl,FedAvg,adam,0.0003,0.01,20,stratified,project_tss,zscore_rp,mlp,False,,0,0.9244444370269775,0.9072416598860863,0.8949248608526617,0.9022467443799267,0.889784973183891,0.889784973183891,146.0,96,0.9072416598860863,0.8949248608526617,0.9022467443799267,0,0.0,0.9916666666666667,0.8780487804878049
controls,Midnight12k,264cb498ba82,fl,FedAvg,adam,0.0003,0.01,20,stratified,project_tss,zscore_rp,mlp,False,,4,0.9466667175292969,0.9218877135882831,0.9091832239127524,0.9149381963384156,0.9092426524669517,0.9092426524669517,261.0,211,0.9218877135882831,0.9091832239127524,0.9149381963384156,0,0.0,0.9833333333333333,0.8780487804878049
controls,Midnight12k,330fd901ce32,central,central-tuned,adam,0.0003,,-1,,project_tss,zscore,mlp,False,tuned,2,0.9866666793823242,0.9560618388934092,0.9443289486350659,0.95043801487479,0.9427052772000627,,,153,0.9560618388934092,0.9443289486350659,0.95043801487479,0,0.0,0.9916666666666667,0.926829268292683
controls,Midnight12k,3b1992e381e4,fl,FedAvg,adam,0.0003,0.01,20,stratified,project_tss,zscore,mlp,False,,2,0.9333333373069763,0.9178193653376729,0.9046932450289152,0.9108102651710804,0.9035169754154336,0.9035169754154336,165.0,115,0.9178193653376729,0.9046932450289152,0.9108102651710804,0,0.0,0.9916666666666667,0.8536585365853658
controls,Midnight12k,3e5451f3c0e6,fl,FedAvg,adam,0.0003,0.01,20,stratified,project_tss,zscore,mlp,False,,1,0.9288889169692993,0.9121236777868186,0.9024034453037526,0.9089413147681591,0.8931472366967853,0.8931472366967853,117.0,67,0.9121236777868186,0.9024034453037526,0.9089413147681591,0,0.0,1.0,0.8536585365853658
controls,Midnight12k,41c131d3384e,central,central-tuned,adam,0.0003,,-1,,project_tss,zscore,mlp,False,tuned,0,0.991111159324646,0.9544344995931652,0.9407310672723478,0.9445244039760767,0.9405668626340049,,,97,0.9544344995931652,0.9407310672723478,0.9445244039760767,0,0.0,0.9916666666666667,0.9512195121951219
controls,Midnight12k,4b38d0dcaea9,central,central-tuned,adam,0.0003,,-1,,project_tss,zscore,mlp,False,tuned,4,0.9888889193534851,0.951179820992677,0.941201622329535,0.9448347325004516,0.9360815340726256,,,41,0.951179820992677,0.941201622329535,0.9448347325004516,0,0.0,0.9916666666666667,0.9512195121951219
controls,Midnight12k,6373b3d7592f,central,central-tuned,adam,0.0003,,-1,,project_tss,zscore,mlp,False,tuned,3,0.9866666793823242,0.9454841334418226,0.9292842294642158,0.9326420381941065,0.9309558897831566,,,50,0.9454841334418226,0.9292842294642158,0.9326420381941065,0,0.0,0.9916666666666667,0.9024390243902439
controls,Midnight12k,6b1b049320ea,fl,FedAvg,adam,0.0003,0.01,20,stratified,project_tss,zscore_rp,mlp,False,,2,0.9266666769981384,0.9064279902359642,0.8949966193509972,0.901708194771557,0.8911594395505693,0.8911594395505693,157.0,107,0.9064279902359642,0.8949966193509972,0.901708194771557,0,0.0,0.9916666666666667,0.8780487804878049
controls,Midnight12k,8f7aad5f7cd7,fl,FedAvg,adam,0.0003,0.01,20,stratified,project_tss,zscore_rp,mlp,False,,3,0.9288889169692993,0.9056143205858421,0.8950026191012986,0.9014108660003015,0.8929650082175088,0.8929650082175088,164.0,114,0.9056143205858421,0.8950026191012986,0.9014108660003015,0,0.0,0.9916666666666667,0.9024390243902439
controls,Midnight12k,a09fb8c00b8e,central,central-tuned,adam,0.0003,,-1,,project_tss,zscore_rp,mlp,False,tuned,4,0.9888889193534851,0.9536208299430431,0.9433197076106106,0.9441987424091636,0.9402504589680679,,,173,0.9536208299430431,0.9433197076106106,0.9441987424091636,0,0.0,0.9916666666666667,0.926829268292683
controls,Midnight12k,a782f12c856f,central,central-tuned,adam,0.0003,,-1,,project_tss,zscore,mlp,False,tuned,1,0.9866666793823242,0.9471114727420668,0.9412953259197793,0.9428127122537684,0.9397659251937228,,,177,0.9471114727420668,0.9412953259197793,0.9428127122537684,0,0.0,0.9916666666666667,0.9512195121951219
controls,Midnight12k,b12ccae9053a,central,central-tuned,adam,0.0003,,-1,,project_tss,zscore_rp,mlp,False,tuned,3,0.9844444394111633,0.9495524816924329,0.9384493569587724,0.9412462426613565,0.933897775752998,,,93,0.9495524816924329,0.9384493569587724,0.9412462426613565,0,0.0,0.9916666666666667,0.926829268292683
controls,Midnight12k,cdf58126e687,central,central-tuned,adam,0.0003,,-1,,project_tss,zscore_rp,mlp,False,tuned,2,0.9844444394111633,0.9495524816924329,0.9361628827440343,0.9410292139771216,0.9369893663507372,,,267,0.9495524816924329,0.9361628827440343,0.9410292139771216,0,0.0,0.9916666666666667,0.9024390243902439
controls,Midnight12k,d0076ad1a58b,fl,FedAvg,adam,0.0003,0.01,20,stratified,project_tss,zscore_rp,mlp,False,,1,0.9222222566604614,0.9039869812855981,0.8953158856519189,0.8979622401031381,0.8819445296179461,0.8819445296179461,116.0,66,0.9039869812855981,0.8953158856519189,0.8979622401031381,0,0.0,0.9916666666666667,0.8536585365853658
controls,Midnight12k,d0b558c5a8c6,central,central-tuned,adam,0.0003,,-1,,project_tss,zscore_rp,mlp,False,tuned,0,0.9866666793823242,0.9536208299430431,0.9441774453690148,0.9481591540365469,0.9395364188076107,,,57,0.9536208299430431,0.9441774453690148,0.9481591540365469,0,0.0,1.0,0.926829268292683
controls,Midnight12k,df3585f6dd29,fl,FedAvg,adam,0.0003,0.01,20,stratified,project_tss,zscore,mlp,False,,3,0.9399999976158142,0.9113100081366965,0.900704139848594,0.9061386331019476,0.8962032299649123,0.8962032299649123,164.0,114,0.9113100081366965,0.900704139848594,0.9061386331019476,0,0.0,0.9916666666666667,0.8780487804878049
controls,Midnight12k,ec8d0048f87c,fl,FedAvg,adam,0.0003,0.01,20,stratified,project_tss,zscore,mlp,False,,4,0.9088889360427856,0.8885272579332791,0.8771930566358725,0.8882215798723067,0.8856145143015942,0.8856145143015942,114.0,64,0.8885272579332791,0.8771930566358725,0.8882215798723067,0,0.0,1.0,0.8780487804878049
controls,Midnight12k,f115a61259f9,central,central-tuned,adam,0.0003,,-1,,project_tss,zscore_rp,mlp,False,tuned,1,0.9866666793823242,0.9536208299430431,0.9491057432491543,0.9507751376424913,0.9403571179142907,,,171,0.9536208299430431,0.9491057432491543,0.9507751376424913,0,0.0,0.9916666666666667,0.975609756097561
controls,Phikon_v2,206a1473b009,central,central-tuned,adam,0.0003,,-1,,project_tss,zscore_rp,mlp,False,tuned,4,0.991111159324646,0.9690805532953621,0.9638799292866445,0.9650401887732458,0.9615012194451449,,,20,0.9690805532953621,0.9638799292866445,0.9650401887732458,0,0.0,0.9916666666666667,0.975609756097561
controls,Phikon_v2,24b30bf91d9a,fl,FedAvg,adam,0.0003,0.01,20,stratified,project_tss,zscore_rp,mlp,False,,3,0.9822222590446472,0.9609438567941416,0.9582124319257453,0.9616638317911586,0.9593712477668864,0.9593712477668864,195.0,145,0.9609438567941416,0.9582124319257453,0.9616638317911586,0,0.0,1.0,0.975609756097561
controls,Phikon_v2,3519f4e118f0,central,central-tuned,adam,0.0003,,-1,,project_tss,zscore_rp,mlp,False,tuned,1,0.991111159324646,0.9723352318958502,0.9686851891124708,0.9695915312210075,0.9642120081372417,,,162,0.9723352318958502,0.9686851891124708,0.9695915312210075,0,0.0,1.0,1.0
controls,Phikon_v2,54abaaf21c15,fl,FedAvg,adam,0.0003,0.01,20,stratified,project_tss,zscore_rp,mlp,False,,1,0.9800000190734863,0.9487388120423108,0.9464974601238912,0.950661188120603,0.9470054521456391,0.9470054521456391,161.0,111,0.9487388120423108,0.9464974601238912,0.950661188120603,0,0.0,1.0,0.975609756097561
controls,Phikon_v2,55f1977cd17c,central,central-tuned,adam,0.0003,,-1,,project_tss,zscore_rp,mlp,False,tuned,0,0.991111159324646,0.9715215622457283,0.9675733477490718,0.9700125931130409,0.9639124792940993,,,72,0.9715215622457283,0.9675733477490718,0.9700125931130409,0,0.0,1.0,1.0
controls,Phikon_v2,584e29afae34,central,central-tuned,adam,0.0003,,-1,,project_tss,zscore_rp,mlp,False,tuned,3,0.9933333396911621,0.967453213995118,0.9612520793892847,0.9621417859117548,0.9559576615261974,,,124,0.967453213995118,0.9612520793892847,0.9621417859117548,0,0.0,1.0,1.0
controls,Phikon_v2,5bedc5521643,fl,FedAvg,adam,0.0003,0.01,20,stratified,project_tss,zscore,mlp,False,,4,0.9688889384269714,0.9454841334418226,0.9476531447991451,0.9515173173561008,0.9457186159288964,0.9457186159288964,118.0,68,0.9454841334418226,0.9476531447991451,0.9515173173561008,0,0.0,0.9833333333333333,1.0
controls,Phikon_v2,60d30d31482a,central,central-tuned,adam,0.0003,,-1,,project_tss,zscore,mlp,False,tuned,2,0.991111159324646,0.9715215622457283,0.9683431656908975,0.9678350041232746,0.9692464985689283,,,22,0.9715215622457283,0.9683431656908975,0.9678350041232746,0,0.0,0.9916666666666667,1.0
controls,Phikon_v2,619c734f0de4,fl,FedAvg,adam,0.0003,0.01,20,stratified,project_tss,zscore,mlp,False,,0,0.9844444394111633,0.9601301871440195,0.956393372508755,0.9600535445188191,0.956693772075392,0.956693772075392,156.0,106,0.9601301871440195,0.956393372508755,0.9600535445188191,0,0.0,0.9916666666666667,0.975609756097561
controls,Phikon_v2,65acbfc18ea4,fl,FedAvg,adam,0.0003,0.01,20,stratified,project_tss,zscore,mlp,False,,2,0.9822222590446472,0.9585028478437754,0.9564121960731793,0.9579572906711813,0.9538453613998785,0.9538453613998785,171.0,121,0.9585028478437754,0.9564121960731793,0.9579572906711813,0,0.0,1.0,0.975609756097561
controls,Phikon_v2,7848cbeb647f,fl,FedAvg,adam,0.0003,0.01,20,stratified,project_tss,zscore_rp,mlp,False,,2,0.9777777791023254,0.9568755085435313,0.9514802305943317,0.9540633530821618,0.9445512820512821,0.9445512820512821,165.0,115,0.9568755085435313,0.9514802305943317,0.9540633530821618,0,0.0,1.0,0.9512195121951219
controls,Phikon_v2,81cc753aba8b,central,central-tuned,adam,0.0003,,-1,,project_tss,zscore,mlp,False,tuned,4,0.9933333396911621,0.96826688364524,0.9662676493470514,0.9656058615879533,0.9616888433477219,,,32,0.96826688364524,0.9662676493470514,0.9656058615879533,0,0.0,0.9916666666666667,1.0
controls,Phikon_v2,9125f6a69868,central,central-tuned,adam,0.0003,,-1,,project_tss,zscore,mlp,False,tuned,1,0.991111159324646,0.9690805532953621,0.9631672516510553,0.9661501093739192,0.9638648374240275,,,298,0.9690805532953621,0.9631672516510553,0.9661501093739192,0,0.0,1.0,0.975609756097561
controls,Phikon_v2,9660530a33df,fl,FedAvg,adam,0.0003,0.01,20,stratified,project_tss,zscore_rp,mlp,False,,0,0.9733333587646484,0.9552481692432873,0.9568597336151627,0.9572064355259785,0.9442330212190024,0.9442330212190024,147.0,97,0.9552481692432873,0.9568597336151627,0.9572064355259785,0,0.0,1.0,1.0
controls,Phikon_v2,9fd56bcf602b,fl,FedAvg,adam,0.0003,0.01,20,stratified,project_tss,zscore,mlp,False,,1,0.9777777791023254,0.9487388120423108,0.9469852650019401,0.9505244689596418,0.9490563348039984,0.9490563348039984,162.0,112,0.9487388120423108,0.9469852650019401,0.9505244689596418,0,0.0,1.0,1.0
controls,Phikon_v2,a5cd64e5edd2,fl,FedAvg,adam,0.0003,0.01,20,stratified,project_tss,zscore_rp,mlp,False,,4,0.9800000190734863,0.9641985353946297,0.9596584797212309,0.9616906718727019,0.9589803974149768,0.9589803974149768,202.0,152,0.9641985353946297,0.9596584797212309,0.9616906718727019,0,0.0,1.0,0.975609756097561
controls,Phikon_v2,c04d6cc34632,central,central-tuned,adam,0.0003,,-1,,project_tss,zscore,mlp,False,tuned,0,0.9933333396911621,0.9715215622457283,0.9669286520349725,0.9699676166344431,0.9672266336985963,,,86,0.9715215622457283,0.9669286520349725,0.9699676166344431,0,0.0,1.0,1.0
controls,Phikon_v2,c142d0a8466e,central,central-tuned,adam,0.0003,,-1,,project_tss,zscore_rp,mlp,False,tuned,2,0.9933333396911621,0.9707078925956062,0.9691533092134264,0.9692172243312511,0.9648012711875641,,,121,0.9707078925956062,0.9691533092134264,0.9692172243312511,0,0.0,1.0,1.0
controls,Phikon_v2,d4e3897177e9,fl,FedAvg,adam,0.0003,0.01,20,stratified,project_tss,zscore,mlp,False,,3,0.9844444394111633,0.9585028478437754,0.9558857177187087,0.9587604998322818,0.9568165594645346,0.9568165594645346,195.0,145,0.9585028478437754,0.9558857177187087,0.9587604998322818,0,0.0,1.0,0.975609756097561
controls,Phikon_v2,e24bfdf831f0,central,central-tuned,adam,0.0003,,-1,,project_tss,zscore,mlp,False,tuned,3,0.991111159324646,0.9666395443449959,0.962102690766212,0.9607301541986999,0.962523898738852,,,125,0.9666395443449959,0.962102690766212,0.9607301541986999,0,0.0,1.0,1.0
controls,ResNet50,008544c0e433,central,central-tuned,adam,0.0003,,-1,,project_tss,zscore,mlp,False,tuned,1,0.9577777981758118,0.9178193653376729,0.8952312206690216,0.8993274504263409,0.8970005860272215,,,221,0.9178193653376729,0.8952312206690216,0.8993274504263409,0,0.0,0.9666666666666667,0.8780487804878049
controls,ResNet50,0fd0865e555b,fl,FedAvg,adam,0.0003,0.01,20,stratified,project_tss,zscore_rp,mlp,False,,2,0.9155555963516235,0.8519121236777868,0.8004559039585923,0.8123927191913025,0.7970050074599555,0.7970050074599555,155.0,105,0.8519121236777868,0.8004559039585923,0.8123927191913025,0,0.0,0.8833333333333333,0.5609756097560976
controls,ResNet50,4c6226303f78,fl,FedAvg,adam,0.0003,0.01,20,stratified,project_tss,zscore_rp,mlp,False,,4,0.9311111569404602,0.8812042310821806,0.834951536527051,0.8492799516734881,0.8303039885547174,0.8303039885547174,263.0,213,0.8812042310821806,0.834951536527051,0.8492799516734881,0,0.0,0.9333333333333333,0.6585365853658537
controls,ResNet50,55da0b0bfd42,fl,FedAvg,adam,0.0003,0.01,20,stratified,project_tss,zscore,mlp,False,,4,0.9288889169692993,0.8836452400325467,0.8496149052173947,0.8613214554601981,0.8350942996693991,0.8350942996693991,262.0,212,0.8836452400325467,0.8496149052173947,0.8613214554601981,0,0.0,0.95,0.7560975609756098
controls,ResNet50,5e08d604e0c3,central,central-tuned,adam,0.0003,,-1,,project_tss,zscore_rp,mlp,False,tuned,0,0.9666666984558105,0.9259560618388935,0.9147739446862378,0.917470933652612,0.8951631990877688,,,211,0.9259560618388935,0.9147739446862378,0.917470933652612,0,0.0,0.975,0.926829268292683
controls,ResNet50,7a31252b0aab,central,central-tuned,adam,0.0003,,-1,,project_tss,zscore_rp,mlp,False,tuned,3,0.9644444584846497,0.9251423921887714,0.9142707150909541,0.9159916574839883,0.8954942704017881,,,226,0.9251423921887714,0.9142707150909541,0.9159916574839883,0,0.0,0.9666666666666667,0.926829268292683
controls,ResNet50,84d562c144fc,central,central-tuned,adam,0.0003,,-1,,project_tss,zscore_rp,mlp,False,tuned,4,0.9577777981758118,0.9202603742880391,0.9066321765879548,0.9059566215948206,0.8906242817311762,,,117,0.9202603742880391,0.9066321765879548,0.9059566215948206,0,0.0,0.9583333333333334,0.8780487804878049
controls,ResNet50,a167edf2a096,central,central-tuned,adam,0.0003,,-1,,project_tss,zscore_rp,mlp,False,tuned,1,0.9622222185134888,0.919446704637917,0.902723890959478,0.907695802674223,0.8983419399694117,,,233,0.919446704637917,0.902723890959478,0.907695802674223,0,0.0,0.9583333333333334,0.9024390243902439
controls,ResNet50,b033cd77c3ea,fl,FedAvg,adam,0.0003,0.01,20,stratified,project_tss,zscore,mlp,False,,0,0.9044444561004639,0.8478437754271766,0.7770870481441956,0.7948635688461253,0.7897322010335991,0.7897322010335991,158.0,108,0.8478437754271766,0.7770870481441956,0.7948635688461253,0,0.0,0.85,0.4878048780487805
controls,ResNet50,b2afcac90822,fl,FedAvg,adam,0.0003,0.01,20,stratified,project_tss,zscore,mlp,False,,2,0.897777795791626,0.8413344182262001,0.7775347084986667,0.79131452725429,0.7785665939246086,0.7785665939246086,156.0,106,0.8413344182262001,0.7775347084986667,0.79131452725429,0,0.0,0.8333333333333334,0.4634146341463415
controls,ResNet50,d43c8c2f3f33,central,central-tuned,adam,0.0003,,-1,,project_tss,zscore_rp,mlp,False,tuned,2,0.9600000381469727,0.9161920260374288,0.9060641506198738,0.9037197616947612,0.8976856910954357,,,34,0.9161920260374288,0.9060641506198738,0.9037197616947612,0,0.0,0.975,0.8780487804878049
controls,ResNet50,d6b7e0dd0ead,fl,FedAvg,adam,0.0003,0.01,20,stratified,project_tss,zscore_rp,mlp,False,,0,0.9155555963516235,0.8462164361269324,0.7799379904590596,0.801750426405541,0.7884960296621731,0.7884960296621731,158.0,108,0.8462164361269324,0.7799379904590596,0.8016069298113311,1,0.0,0.8833333333333333,0.5609756097560976
controls,ResNet50,dd6c47767b7f,fl,FedAvg,adam,0.0003,0.01,20,stratified,project_tss,zscore,mlp,False,,3,0.9066666960716248,0.8429617575264443,0.7699122802788403,0.785977881409675,0.7857887076065838,0.7857887076065838,153.0,103,0.8429617575264443,0.7699122802788403,0.785977881409675,0,0.0,0.9166666666666666,0.4878048780487805
controls,ResNet50,ddafd5578a52,fl,FedAvg,adam,0.0003,0.01,20,stratified,project_tss,zscore_rp,mlp,False,,3,0.9222222566604614,0.853539462978031,0.8025807557857203,0.8239276634975508,0.7963992614174933,0.7963992614174933,197.0,147,0.853539462978031,0.8025807557857203,0.8239276634975508,0,0.0,0.875,0.7317073170731707
controls,ResNet50,e683e4fa637a,central,central-tuned,adam,0.0003,,-1,,project_tss,zscore,mlp,False,tuned,4,0.9555555582046509,0.9186330349877949,0.9082206979915247,0.9120468651483691,0.8988850916857473,,,40,0.9186330349877949,0.9082206979915247,0.9120468651483691,0,0.0,0.9833333333333333,0.926829268292683
controls,ResNet50,f0426fd70a66,central,central-tuned,adam,0.0003,,-1,,project_tss,zscore,mlp,False,tuned,2,0.9622222185134888,0.9251423921887714,0.9157692670452318,0.9173749604557369,0.9122995547296305,,,47,0.9251423921887714,0.9157692670452318,0.9173749604557369,0,0.0,0.9666666666666667,0.9024390243902439
controls,ResNet50,f60276cbd1bf,fl,FedAvg,adam,0.0003,0.01,20,stratified,project_tss,zscore_rp,mlp,False,,1,0.9155555963516235,0.8543531326281529,0.7997632703376243,0.8250592015309436,0.801991067029794,0.801991067029794,192.0,142,0.8543531326281529,0.7997632703376243,0.8250592015309436,0,0.0,0.9333333333333333,0.6097560975609756
controls,ResNet50,f850362a00d8,central,central-tuned,adam,0.0003,,-1,,project_tss,zscore,mlp,False,tuned,0,0.9622222185134888,0.9300244100895037,0.9159074597893666,0.9193896147127868,0.9158217872504693,,,195,0.9300244100895037,0.9159074597893666,0.9193896147127868,0,0.0,0.9833333333333333,0.926829268292683
controls,ResNet50,fa56c21f3e70,fl,FedAvg,adam,0.0003,0.01,20,stratified,project_tss,zscore,mlp,False,,1,0.8911111354827881,0.8340113913751017,0.7672604558525628,0.7908202540640752,0.7732211171262208,0.7732211171262208,149.0,99,0.8340113913751017,0.7672604558525628,0.7908202540640752,0,0.0,0.9083333333333333,0.5853658536585366
controls,ResNet50,fb422e8ef8cd,central,central-tuned,adam,0.0003,,-1,,project_tss,zscore,mlp,False,tuned,3,0.9644444584846497,0.9300244100895037,0.9238530230150401,0.9241719333612551,0.9105211463435815,,,73,0.9300244100895037,0.9238530230150401,0.9241719333612551,0,0.0,0.975,0.9512195121951219
controls,UNI_v2,19a7e5edc25b,fl,FedAvg,adam,0.0003,0.01,20,stratified,project_tss,zscore_rp,mlp,False,,1,0.9644444584846497,0.9454841334418226,0.9380948980623016,0.9392411794936594,0.9349395316172657,0.9349395316172657,192.0,142,0.9454841334418226,0.9380948980623016,0.9392411794936594,0,0.0,0.9916666666666667,0.9024390243902439
controls,UNI_v2,1b016590ad21,central,central-tuned,adam,0.0003,,-1,,project_tss,zscore,mlp,False,tuned,0,0.9866666793823242,0.96826688364524,0.9651251465452959,0.9666405337039925,0.9708677384689847,,,223,0.96826688364524,0.9651251465452959,0.9666405337039925,0,0.0,0.9916666666666667,0.9512195121951219
controls,UNI_v2,1d53a7ec7f4e,fl,FedAvg,adam,0.0003,0.01,20,stratified,project_tss,zscore,mlp,False,,3,0.9733333587646484,0.9528071602929211,0.9427954954738755,0.9433763652930642,0.9440620761493036,0.9440620761493036,165.0,115,0.9528071602929211,0.9427954954738755,0.9433763652930642,0,0.0,0.9916666666666667,0.8536585365853658
controls,UNI_v2,1d99766c25e0,central,central-tuned,adam,0.0003,,-1,,project_tss,zscore_rp,mlp,False,tuned,2,0.9888889193534851,0.9707078925956062,0.9664059504325682,0.9664013694519397,0.9674527003453878,,,104,0.9707078925956062,0.9664059504325682,0.9664013694519397,0,0.0,0.9916666666666667,0.9512195121951219
controls,UNI_v2,505dec0979ae,central,central-tuned,adam,0.0003,,-1,,project_tss,zscore,mlp,False,tuned,1,0.991111159324646,0.96826688364524,0.9620848838676286,0.9600283175802127,0.9633142606150475,,,153,0.96826688364524,0.9620848838676286,0.9600283175802127,0,0.0,0.9833333333333333,0.9512195121951219
controls,UNI_v2,5e02eed51a1a,central,central-tuned,adam,0.0003,,-1,,project_tss,zscore,mlp,False,tuned,3,0.9866666793823242,0.9747762408462164,0.9682028997979661,0.9689975272142531,0.9667553169110802,,,192,0.9747762408462164,0.9682028997979661,0.9689975272142531,0,0.0,0.9916666666666667,0.9512195121951219
controls,UNI_v2,705821758416,central,central-tuned,adam,0.0003,,-1,,project_tss,zscore_rp,mlp,False,tuned,3,0.9866666793823242,0.9707078925956062,0.9625424058489536,0.9620757886542766,0.9587144423593023,,,52,0.9707078925956062,0.9625424058489536,0.9620757886542766,0,0.0,0.9916666666666667,0.9512195121951219
controls,UNI_v2,78dc432ee747,central,central-tuned,adam,0.0003,,-1,,project_tss,zscore,mlp,False,tuned,4,0.9844444394111633,0.9585028478437754,0.9467071909071687,0.9479888117069193,0.9493149728885096,,,9,0.9585028478437754,0.9467071909071687,0.9479888117069193,0,0.0,0.9916666666666667,0.9024390243902439
controls,UNI_v2,8a989ae4d993,central,central-tuned,adam,0.0003,,-1,,project_tss,zscore_rp,mlp,False,tuned,1,0.9866666793823242,0.9731489015459723,0.971603325202341,0.9701246267129235,0.9750167490088694,,,10,0.9731489015459723,0.971603325202341,0.9701246267129235,0,0.0,0.9916666666666667,0.975609756097561
controls,UNI_v2,912c827f8156,fl,FedAvg,adam,0.0003,0.01,20,stratified,project_tss,zscore,mlp,False,,1,0.9688889384269714,0.9462978030919447,0.9395159704124126,0.9399933004832106,0.9361311412713281,0.9361311412713281,193.0,143,0.9462978030919447,0.9395159704124126,0.9399933004832106,0,0.0,0.9916666666666667,0.9024390243902439
controls,UNI_v2,92958b3e05ab,central,central-tuned,adam,0.0003,,-1,,project_tss,zscore_rp,mlp,False,tuned,0,0.991111159324646,0.9731489015459723,0.9697870405667738,0.9697263074038267,0.9740233971108158,,,184,0.9731489015459723,0.9697870405667738,0.9697263074038267,0,0.0,0.9916666666666667,0.9512195121951219
controls,UNI_v2,a887d3e857a2,fl,FedAvg,adam,0.0003,0.01,20,stratified,project_tss,zscore,mlp,False,,4,0.9711111187934875,0.9406021155410903,0.9345492731019035,0.9394459058577183,0.9415432299265716,0.9415432299265716,186.0,136,0.9406021155410903,0.9345492731019035,0.9394459058577183,0,0.0,0.9916666666666667,0.9512195121951219
controls,UNI_v2,b3ca421774f1,fl,FedAvg,adam,0.0003,0.01,20,stratified,project_tss,zscore,mlp,False,,2,0.9666666984558105,0.9471114727420668,0.9380555155038593,0.9395067210499293,0.9295136361212767,0.9295136361212767,159.0,109,0.9471114727420668,0.9380555155038593,0.9395067210499293,0,0.0,0.9916666666666667,0.8780487804878049
controls,UNI_v2,b87bb4790167,central,central-tuned,adam,0.0003,,-1,,project_tss,zscore_rp,mlp,False,tuned,4,0.9844444394111633,0.967453213995118,0.9632303392831518,0.9613054803918644,0.9591566260391431,,,21,0.967453213995118,0.9632303392831518,0.9613054803918644,0,0.0,0.9916666666666667,0.975609756097561
controls,UNI_v2,d13722ae7e35,fl,FedAvg,adam,0.0003,0.01,20,stratified,project_tss,zscore,mlp,False,,0,0.9733333587646484,0.9471114727420668,0.9382386312108291,0.9405038364235561,0.933857496201733,0.933857496201733,151.0,101,0.9471114727420668,0.9382386312108291,0.9405038364235561,0,0.0,0.9916666666666667,0.8780487804878049
controls,UNI_v2,ed914d5c2aed,fl,FedAvg,adam,0.0003,0.01,20,stratified,project_tss,zscore_rp,mlp,False,,2,0.9644444584846497,0.9414157851912124,0.9321185644026363,0.9316310902237332,0.9237524580470146,0.9237524580470146,159.0,109,0.9414157851912124,0.9321185644026363,0.9316310902237332,0,0.0,0.9916666666666667,0.8780487804878049
controls,UNI_v2,edfe10c9b80c,fl,FedAvg,adam,0.0003,0.01,20,stratified,project_tss,zscore_rp,mlp,False,,4,0.9755555987358093,0.9536208299430431,0.9496338197241178,0.9498494722165746,0.9472170876253514,0.9472170876253514,266.0,216,0.9536208299430431,0.9496338197241178,0.9498494722165746,0,0.0,1.0,0.9512195121951219
controls,UNI_v2,f17a2481cac1,central,central-tuned,adam,0.0003,,-1,,project_tss,zscore,mlp,False,tuned,2,0.9866666793823242,0.9715215622457283,0.9667267969678566,0.9647629808843744,0.9646649589017191,,,96,0.9715215622457283,0.9667267969678566,0.9647629808843744,0,0.0,0.9916666666666667,0.9512195121951219
controls,UNI_v2,f71bbece9e9e,fl,FedAvg,adam,0.0003,0.01,20,stratified,project_tss,zscore_rp,mlp,False,,0,0.9622222185134888,0.9462978030919447,0.9336925504936193,0.9348328565162709,0.9305974255351204,0.9305974255351204,146.0,96,0.9462978030919447,0.9336925504936193,0.9348328565162709,0,0.0,0.9916666666666667,0.8536585365853658
controls,UNI_v2,ffa6159efa67,fl,FedAvg,adam,0.0003,0.01,20,stratified,project_tss,zscore_rp,mlp,False,,3,0.9688889384269714,0.9487388120423108,0.9401340344912281,0.938560883647496,0.9349630855471978,0.9349630855471978,166.0,116,0.9487388120423108,0.9401340344912281,0.938560883647496,0,0.0,0.9916666666666667,0.8780487804878049
controls,Virchow2,03129c040a4a,central,central-tuned,adam,0.0003,,-1,,project_tss,zscore,mlp,False,tuned,3,0.9866666793823242,0.9658258746948739,0.9649932067776894,0.9617787230713214,0.9559608255480531,,,184,0.9658258746948739,0.9649932067776894,0.9617787230713214,0,0.0,0.9916666666666667,0.975609756097561
controls,Virchow2,2c3cc2b7f9ce,central,central-tuned,adam,0.0003,,-1,,project_tss,zscore,mlp,False,tuned,1,0.9822222590446472,0.9633848657445078,0.9617680031142046,0.9597653448063015,0.9543151307559408,,,113,0.9633848657445078,0.9617680031142046,0.9597653448063015,0,0.0,0.9916666666666667,0.975609756097561
controls,Virchow2,389c0073a1aa,central,central-tuned,adam,0.0003,,-1,,project_tss,zscore_rp,mlp,False,tuned,2,0.9866666793823242,0.9601301871440195,0.9527413180998947,0.953519793710468,0.95291431194858,,,202,0.9601301871440195,0.9527413180998947,0.953519793710468,0,0.0,0.9916666666666667,0.9512195121951219
controls,Virchow2,3c0002e68b8f,fl,FedAvg,adam,0.0003,0.01,20,stratified,project_tss,zscore_rp,mlp,False,,3,0.9711111187934875,0.950366151342555,0.945307755204299,0.9453346166799137,0.9371715857697165,0.9371715857697165,210.0,160,0.950366151342555,0.945307755204299,0.9453346166799137,0,0.0,0.9916666666666667,0.9512195121951219
controls,Virchow2,764d29767ded,central,central-tuned,adam,0.0003,,-1,,project_tss,zscore_rp,mlp,False,tuned,3,0.9844444394111633,0.9650122050447518,0.9629189731060749,0.9617979816172739,0.9585481784858734,,,102,0.9650122050447518,0.9629189731060749,0.9617979816172739,0,0.0,0.9916666666666667,0.975609756097561
controls,Virchow2,7a796253dc8c,central,central-tuned,adam,0.0003,,-1,,project_tss,zscore_rp,mlp,False,tuned,4,0.9822222590446472,0.9593165174938975,0.9545749431093218,0.9513290655485063,0.9508668429503678,,,29,0.9593165174938975,0.9545749431093218,0.9513290655485063,0,0.0,0.9916666666666667,0.975609756097561
controls,Virchow2,87201f88f4ae,central,central-tuned,adam,0.0003,,-1,,project_tss,zscore_rp,mlp,False,tuned,1,0.9822222590446472,0.9593165174938975,0.9545406051536298,0.9536691768411375,0.9492519268486642,,,95,0.9593165174938975,0.9545406051536298,0.9536691768411375,0,0.0,0.9833333333333333,0.975609756097561
controls,Virchow2,873a14d7cdb0,fl,FedAvg,adam,0.0003,0.01,20,stratified,project_tss,zscore,mlp,False,,2,0.9800000190734863,0.9495524816924329,0.9420164975764602,0.942089999065068,0.9375358762041005,0.9375358762041005,201.0,151,0.9495524816924329,0.9420164975764602,0.942089999065068,0,0.0,0.9916666666666667,0.9512195121951219
controls,Virchow2,88a58b0ff08f,central,central-tuned,adam,0.0003,,-1,,project_tss,zscore_rp,mlp,False,tuned,0,0.9844444394111633,0.9593165174938975,0.9501586944883411,0.9503673426224526,0.9509175231137849,,,92,0.9593165174938975,0.9501586944883411,0.9503673426224526,0,0.0,0.9916666666666667,0.9024390243902439
controls,Virchow2,8bde2e66491b,fl,FedAvg,adam,0.0003,0.01,20,stratified,project_tss,zscore,mlp,False,,1,0.9688889384269714,0.935720097640358,0.9234635856027403,0.9227242624697133,0.9169435012892957,0.9169435012892957,109.0,59,0.935720097640358,0.9234635856027403,0.9227242624697133,0,0.0,0.9916666666666667,0.8536585365853658
controls,Virchow2,9019943dc30f,fl,FedAvg,adam,0.0003,0.01,20,stratified,project_tss,zscore,mlp,False,,4,0.9733333587646484,0.9479251423921887,0.9451797895650343,0.9442118430235199,0.9350029239826749,0.9350029239826749,175.0,125,0.9479251423921887,0.9451797895650343,0.9442118430235199,0,0.0,0.9916666666666667,0.9512195121951219
controls,Virchow2,9215a6d5d4c1,central,central-tuned,adam,0.0003,,-1,,project_tss,zscore,mlp,False,tuned,2,0.9822222590446472,0.9585028478437754,0.9552124898048271,0.9542332025371666,0.9466516500204312,,,237,0.9585028478437754,0.9552124898048271,0.9542332025371666,0,0.0,0.9833333333333333,0.975609756097561
controls,Virchow2,9241d2be51ad,fl,FedAvg,adam,0.0003,0.01,20,stratified,project_tss,zscore_rp,mlp,False,,0,0.9644444584846497,0.9332790886899919,0.9212645144078923,0.92626729635235,0.9152229971421643,0.9152229971421643,140.0,90,0.9332790886899919,0.9212645144078923,0.92626729635235,0,0.0,0.9916666666666667,0.9024390243902439
controls,Virchow2,96c225a972e5,central,central-tuned,adam,0.0003,,-1,,project_tss,zscore,mlp,False,tuned,4,0.9822222590446472,0.9585028478437754,0.9507917254360854,0.9493939009186043,0.9480149032739622,,,120,0.9585028478437754,0.9507917254360854,0.9493939009186043,0,0.0,0.975,0.926829268292683
controls,Virchow2,9f24d57427c0,fl,FedAvg,adam,0.0003,0.01,20,stratified,project_tss,zscore_rp,mlp,False,,1,0.9600000381469727,0.9300244100895037,0.9168263350833846,0.9186752266607824,0.9135720203354243,0.9135720203354243,121.0,71,0.9300244100895037,0.9168263350833846,0.9186752266607824,0,0.0,0.9916666666666667,0.8780487804878049
controls,Virchow2,a4483f74e9d9,fl,FedAvg,adam,0.0003,0.01,20,stratified,project_tss,zscore_rp,mlp,False,,4,0.9777777791023254,0.9552481692432873,0.9515420379000119,0.9509389930259042,0.9414166296954459,0.9414166296954459,266.0,216,0.9552481692432873,0.9515420379000119,0.9509389930259042,0,0.0,0.9916666666666667,0.9512195121951219
controls,Virchow2,b36d322f53a8,central,central-tuned,adam,0.0003,,-1,,project_tss,zscore,mlp,False,tuned,0,0.9844444394111633,0.9658258746948739,0.9645224495112276,0.9602123060919487,0.9611399633595895,,,148,0.9658258746948739,0.9645224495112276,0.9602123060919487,0,0.0,0.9916666666666667,0.975609756097561
controls,Virchow2,b8bd9de101b7,fl,FedAvg,adam,0.0003,0.01,20,stratified,project_tss,zscore,mlp,False,,0,0.9733333587646484,0.9471114727420668,0.9411515687604979,0.940021903886755,0.9265512150247353,0.9265512150247353,148.0,98,0.9471114727420668,0.9411515687604979,0.940021903886755,0,0.0,0.9916666666666667,0.9512195121951219
controls,Virchow2,ccfd953c3764,fl,FedAvg,adam,0.0003,0.01,20,stratified,project_tss,zscore,mlp,False,,3,0.9800000190734863,0.9560618388934092,0.952244330059594,0.9505597632881463,0.9409982555231778,0.9409982555231778,210.0,160,0.9560618388934092,0.952244330059594,0.9505597632881463,0,0.0,0.9916666666666667,0.975609756097561
controls,Virchow2,ee0a468d9eff,fl,FedAvg,adam,0.0003,0.01,20,stratified,project_tss,zscore_rp,mlp,False,,2,0.9688889384269714,0.9381611065907242,0.9318576296324843,0.9317892577551476,0.9186241549436336,0.9186241549436336,159.0,109,0.9381611065907242,0.9318576296324843,0.9317892577551476,0,0.0,0.9916666666666667,0.9024390243902439
controls2,CTransPath,42d5d0d38fd4,fl,FedAvg,sgd,0.03,0.01,20,stratified,project_tss,zscore,mlp,False,,0,0.948888897895813,0.9283970707892596,0.9208686485887964,0.917664108782454,0.9162164120362007,0.9162164120362007,186.0,136,0.9283970707892596,0.9208686485887964,0.917664108782454,0,0.0,1.0,0.926829268292683
controls2,CTransPath,4342ad050e09,fl,FedProx,adam,0.0003,0.01,20,stratified,project_tss,zscore,mlp,False,,2,0.944444477558136,0.9113100081366965,0.8896133827794819,0.8916864998952568,0.8735362126137165,0.8735362126137165,155.0,105,0.9113100081366965,0.8896133827794819,0.8916864998952568,0,0.0,0.9916666666666667,0.8292682926829268
controls2,CTransPath,4a941a49f3a5,fl,FedAvg,sgd,0.01,0.01,20,stratified,project_tss,zscore,mlp,False,,1,0.9355555772781372,0.8999186330349878,0.894430331124473,0.8760076542612779,0.8823648467800798,0.8823648467800798,213.0,163,0.8999186330349878,0.894430331124473,0.8760076542612779,0,0.0,0.9666666666666667,0.926829268292683
controls2,CTransPath,510a6b6188c8,fl,FedProx,adam,0.0003,0.01,20,stratified,project_tss,zscore,mlp,False,,0,0.9466667175292969,0.9300244100895037,0.912435798093739,0.9171913691385174,0.904543430393356,0.904543430393356,226.0,176,0.9300244100895037,0.912435798093739,0.9171913691385174,0,0.0,1.0,0.8536585365853658
controls2,CTransPath,57bbdd00ed23,fl,FedProx,adam,0.0003,0.01,20,stratified,project_tss,zscore,mlp,False,,3,0.9577777981758118,0.9235150528885273,0.9033672686179174,0.9044363099911639,0.8878899745265044,0.8878899745265044,210.0,160,0.9235150528885273,0.9033672686179174,0.9044363099911639,0,0.0,1.0,0.8536585365853658
controls2,CTransPath,59c0b41e351c,fl,FedProx,adam,0.0003,0.01,20,stratified,project_tss,zscore,mlp,False,,4,0.9622222185134888,0.9381611065907242,0.9265757656550409,0.9282659516161971,0.9168223638171491,0.9168223638171491,374.0,324,0.9381611065907242,0.9265757656550409,0.9282659516161971,0,0.0,1.0,0.926829268292683
controls2,CTransPath,6a708701965e,fl,FedProx,adam,0.0003,0.01,20,stratified,project_tss,zscore,mlp,False,,1,0.9555555582046509,0.9227013832384052,0.9042545437534097,0.9063375019830838,0.8930073940075579,0.8930073940075579,191.0,141,0.9227013832384052,0.9042545437534097,0.9063375019830838,0,0.0,1.0,0.8780487804878049
controls2,CTransPath,8e2103f9d395,fl,FedAvg,sgd,0.03,0.01,20,stratified,project_tss,zscore,mlp,False,,1,0.9577777981758118,0.9349064279902359,0.928490336982834,0.9238979560319791,0.9261549519202236,0.9261549519202236,295.0,245,0.9349064279902359,0.928490336982834,0.9238979560319791,0,0.0,1.0,0.926829268292683
controls2,CTransPath,8ecfff047acb,fl,SCAFFOLD,adam,0.0003,0.01,20,stratified,project_tss,zscore,mlp,False,,2,0.6644444465637207,0.660699755899105,0.4577422708887573,0.42267051163566793,0.5559018126752099,0.5559018126752099,100.0,3,0.660699755899105,0.4577422708887573,0.42267051163566793,0,0.0,1.0,0.07317073170731707
controls2,CTransPath,9ccd75e06dc3,fl,SCAFFOLD,adam,0.0003,0.01,20,stratified,project_tss,zscore,mlp,False,,1,0.7844444513320923,0.7355573637103336,0.5683021011993686,0.5464964999251377,0.6588999318637557,0.6588999318637557,239.0,189,0.7355573637103336,0.5683021011993686,0.5464964999251377,0,0.0,0.6416666666666667,0.0975609756097561
controls2,CTransPath,ad61f7d021dd,fl,FedAvg,sgd,0.03,0.01,20,stratified,project_tss,zscore,mlp,False,,3,0.9533333778381348,0.9332790886899919,0.927393113811534,0.9226220712026802,0.9245013542775293,0.9245013542775293,207.0,157,0.9332790886899919,0.927393113811534,0.9226220712026802,0,0.0,1.0,0.926829268292683
controls2,CTransPath,b74d151ca765,fl,FedAvg,sgd,0.01,0.01,20,stratified,project_tss,zscore,mlp,False,,4,0.9377778172492981,0.9210740439381611,0.9150961860628235,0.9046841040789655,0.9059176511350646,0.9059176511350646,264.0,214,0.9210740439381611,0.9150961860628235,0.9046841040789655,0,0.0,0.9666666666666667,0.926829268292683
controls2,CTransPath,b7a08ca98036,fl,SCAFFOLD,adam,0.0003,0.01,20,stratified,project_tss,zscore,mlp,False,,3,0.7444444894790649,0.7323026851098454,0.5572008442116019,0.5141831831578908,0.673038493746735,0.673038493746735,100.0,2,0.7323026851098454,0.5572008442116019,0.5141831831578908,0,0.0,0.9333333333333333,0.0
controls2,CTransPath,b97624cf2987,fl,FedAvg,sgd,0.01,0.01,20,stratified,project_tss,zscore,mlp,False,,0,0.9377778172492981,0.9048006509357202,0.8972333681912708,0.8839239394181777,0.8814455529090726,0.8814455529090726,223.0,173,0.9048006509357202,0.8972333681912708,0.8839239394181777,0,0.0,0.975,0.926829268292683
controls2,CTransPath,b980340dcdba,fl,FedAvg,sgd,0.03,0.01,20,stratified,project_tss,zscore,mlp,False,,4,0.9555555582046509,0.9397884458909682,0.9339151440780399,0.9291357337035147,0.9347725602263054,0.9347725602263054,261.0,211,0.9397884458909682,0.9339151440780399,0.9291357337035147,0,0.0,1.0,0.926829268292683
controls2,CTransPath,b9de4ae958b0,fl,SCAFFOLD,adam,0.0003,0.01,20,stratified,project_tss,zscore,mlp,False,,0,0.6777777671813965,0.661513425549227,0.4975142554019961,0.42841063430586845,0.6033992914281306,0.6033992914281306,100.0,18,0.661513425549227,0.4975142554019961,0.42841063430586845,0,0.0,0.725,0.0
controls2,CTransPath,d0ba95ee204a,fl,FedAvg,sgd,0.01,0.01,20,stratified,project_tss,zscore,mlp,False,,2,0.9533333778381348,0.9292107404393816,0.9206356839167505,0.914095314372536,0.9233983458032171,0.9233983458032171,395.0,345,0.9292107404393816,0.9206356839167505,0.914095314372536,0,0.0,1.0,0.926829268292683
controls2,CTransPath,f00531679be7,fl,SCAFFOLD,adam,0.0003,0.01,20,stratified,project_tss,zscore,mlp,False,,4,0.742222249507904,0.7379983726606998,0.6174706658501368,0.5728778902365865,0.6947833074847619,0.6947833074847619,177.0,127,0.7379983726606998,0.6174706658501368,0.5728778902365865,0,0.0,0.875,0.07317073170731707
controls2,CTransPath,f5aa98dbef0a,fl,FedAvg,sgd,0.03,0.01,20,stratified,project_tss,zscore,mlp,False,,2,0.9466667175292969,0.9300244100895037,0.9232108827238447,0.9161952285703754,0.9251223171855251,0.9251223171855251,160.0,110,0.9300244100895037,0.9232108827238447,0.9161952285703754,0,0.0,1.0,0.9024390243902439
controls2,CTransPath,f8a6b62bb281,fl,FedAvg,sgd,0.01,0.01,20,stratified,project_tss,zscore,mlp,False,,3,0.9377778172492981,0.8991049633848658,0.8930996703406946,0.8770297232655944,0.8814937619815428,0.8814937619815428,182.0,132,0.8991049633848658,0.8930996703406946,0.8770297232655944,0,0.0,0.9666666666666667,0.9512195121951219
controls2,Conch_v15,0c94984dfee8,fl,SCAFFOLD,adam,0.0003,0.01,20,stratified,project_tss,zscore,mlp,False,,1,0.8066666722297668,0.7803091944670464,0.6493291850756021,0.640638750715321,0.7316669495510288,0.7316669495510288,159.0,109,0.7803091944670464,0.6493291850756021,0.640638750715321,0,0.0,0.9666666666666667,0.3902439024390244
controls2,Conch_v15,0edc69f7c53c,fl,FedAvg,sgd,0.03,0.01,20,stratified,project_tss,zscore,mlp,False,,0,0.9755555987358093,0.9373474369406021,0.9336608566889093,0.9310710568875616,0.9371106980430594,0.9371106980430594,253.0,203,0.9373474369406021,0.9336608566889093,0.9310710568875616,0,0.0,0.9916666666666667,0.975609756097561
controls2,Conch_v15,2069ea3a18fd,fl,FedAvg,sgd,0.01,0.01,20,stratified,project_tss,zscore,mlp,False,,1,0.9711111187934875,0.9349064279902359,0.9293987750131585,0.9256349139236028,0.9307074252457054,0.9307074252457054,308.0,258,0.9349064279902359,0.9293987750131585,0.9256349139236028,0,0.0,0.9916666666666667,0.975609756097561
controls2,Conch_v15,20aeaa73cc12,fl,FedAvg,sgd,0.01,0.01,20,stratified,project_tss,zscore,mlp,False,,4,0.9755555987358093,0.9373474369406021,0.9327331637287739,0.9288942168062795,0.9359823222651508,0.9359823222651508,273.0,223,0.9373474369406021,0.9327331637287739,0.9288942168062795,0,0.0,0.9916666666666667,0.975609756097561
controls2,Conch_v15,24b87c2bc7b5,fl,FedProx,adam,0.0003,0.01,20,stratified,project_tss,zscore,mlp,False,,3,0.9711111187934875,0.9283970707892596,0.9167883021852179,0.9179972328833728,0.9112923065681715,0.9112923065681715,184.0,134,0.9283970707892596,0.9167883021852179,0.9179972328833728,0,0.0,1.0,0.8780487804878049
controls2,Conch_v15,3627a5b81fa8,fl,FedProx,adam,0.0003,0.01,20,stratified,project_tss,zscore,mlp,False,,0,0.9666666984558105,0.9324654190398698,0.9214674742502899,0.922505816675717,0.9121319384848606,0.9121319384848606,146.0,96,0.9324654190398698,0.9214674742502899,0.922505816675717,0,0.0,0.9916666666666667,0.8780487804878049
controls2,Conch_v15,5857fce112f8,fl,SCAFFOLD,adam,0.0003,0.01,20,stratified,project_tss,zscore,mlp,False,,2,0.7244444489479065,0.7314890154597233,0.5844034867504461,0.5353329148588476,0.6458847645374124,0.6458847645374124,100.0,2,0.7314890154597233,0.5844034867504461,0.5353329148588476,0,0.0,1.0,0.3902439024390244
controls2,Conch_v15,5d0f2dac1d1c,fl,FedAvg,sgd,0.01,0.01,20,stratified,project_tss,zscore,mlp,False,,3,0.9755555987358093,0.9414157851912124,0.9367913579335637,0.9340935068919904,0.9370221962022209,0.9370221962022209,336.0,286,0.9414157851912124,0.9367913579335637,0.9340935068919904,0,0.0,0.9916666666666667,0.975609756097561
controls2,Conch_v15,5e88f1430b76,fl,FedAvg,sgd,0.03,0.01,20,stratified,project_tss,zscore,mlp,False,,2,0.9711111187934875,0.9332790886899919,0.9319278101752791,0.9254923094822988,0.9327790699964779,0.9327790699964779,166.0,116,0.9332790886899919,0.9319278101752791,0.9254923094822988,0,0.0,0.9916666666666667,0.975609756097561
controls2,Conch_v15,64520d71c721,fl,FedAvg,sgd,0.01,0.01,20,stratified,project_tss,zscore,mlp,False,,0,0.9622222185134888,0.9292107404393816,0.9246751715260445,0.9191041260352443,0.9274825752140018,0.9274825752140018,231.0,181,0.9292107404393816,0.9246751715260445,0.9191041260352443,0,0.0,0.9916666666666667,0.975609756097561
controls2,Conch_v15,749bdc078e78,fl,FedProx,adam,0.0003,0.01,20,stratified,project_tss,zscore,mlp,False,,4,0.9755555987358093,0.9397884458909682,0.9316257914163931,0.9318973274415713,0.9256840804225623,0.9256840804225623,261.0,211,0.9397884458909682,0.9316257914163931,0.9318973274415713,0,0.0,0.9916666666666667,0.926829268292683
controls2,Conch_v15,8437bed14f22,fl,FedAvg,sgd,0.03,0.01,20,stratified,project_tss,zscore,mlp,False,,3,0.9711111187934875,0.9373474369406021,0.9349777621841997,0.9302212121985316,0.9375777341798773,0.9375777341798773,152.0,102,0.9373474369406021,0.9349777621841997,0.9302212121985316,0,0.0,0.9916666666666667,0.975609756097561
controls2,Conch_v15,85e0ac071298,fl,FedAvg,sgd,0.03,0.01,20,stratified,project_tss,zscore,mlp,False,,4,0.9777777791023254,0.9406021155410903,0.9364005409291963,0.9330493127658149,0.9410464818853851,0.9410464818853851,270.0,220,0.9406021155410903,0.9364005409291963,0.9330493127658149,0,0.0,0.9916666666666667,0.975609756097561
controls2,Conch_v15,860ec9a42fc5,fl,FedProx,adam,0.0003,0.01,20,stratified,project_tss,zscore,mlp,False,,2,0.9733333587646484,0.9324654190398698,0.9196390337226218,0.9200106189854971,0.914409620199504,0.914409620199504,163.0,113,0.9324654190398698,0.9196390337226218,0.9200106189854971,0,0.0,0.9916666666666667,0.8780487804878049
controls2,Conch_v15,9d1b54976670,fl,FedAvg,sgd,0.03,0.01,20,stratified,project_tss,zscore,mlp,False,,1,0.9733333587646484,0.934092758340114,0.9307147876911637,0.924750230052466,0.9397035678477671,0.9397035678477671,170.0,120,0.934092758340114,0.9307147876911637,0.924750230052466,0,0.0,0.9916666666666667,0.975609756097561
controls2,Conch_v15,a0ca8793eb13,fl,SCAFFOLD,adam,0.0003,0.01,20,stratified,project_tss,zscore,mlp,False,,0,0.7111111283302307,0.694060211554109,0.5507790875735933,0.49507505659619283,0.6677631852058805,0.6677631852058805,132.0,82,0.694060211554109,0.5507790875735933,0.49507505659619283,0,0.0,0.9,0.07317073170731707
controls2,Conch_v15,a142749f404d,fl,FedAvg,sgd,0.01,0.01,20,stratified,project_tss,zscore,mlp,False,,2,0.9688889384269714,0.934092758340114,0.9268793004361306,0.924431857404137,0.9317504905800481,0.9317504905800481,307.0,257,0.934092758340114,0.9268793004361306,0.924431857404137,0,0.0,0.9916666666666667,0.975609756097561
controls2,Conch_v15,d0f6ed55f192,fl,SCAFFOLD,adam,0.0003,0.01,20,stratified,project_tss,zscore,mlp,False,,4,0.8044444918632507,0.7721724979658259,0.637667757317661,0.6239583041553469,0.7272655380704466,0.7272655380704466,140.0,90,0.7721724979658259,0.637667757317661,0.6239583041553469,0,0.0,0.975,0.024390243902439025
controls2,Conch_v15,d98c3a9e0895,fl,SCAFFOLD,adam,0.0003,0.01,20,stratified,project_tss,zscore,mlp,False,,3,0.7688888907432556,0.7721724979658259,0.6056897388856624,0.5707371545828626,0.7220943059305597,0.7220943059305597,202.0,152,0.7721724979658259,0.6056897388856624,0.5707371545828626,0,0.0,0.9916666666666667,0.0
controls2,Conch_v15,f4cdff9f77ee,fl,FedProx,adam,0.0003,0.01,20,stratified,project_tss,zscore,mlp,False,,1,0.9644444584846497,0.9243287225386493,0.9094295760005835,0.9117715706764771,0.9049864561836151,0.9049864561836151,117.0,67,0.9243287225386493,0.9094295760005835,0.9117715706764771,0,0.0,0.9916666666666667,0.8536585365853658
controls2,Midnight12k,1726797743a4,fl,FedProx,adam,0.0003,0.01,20,stratified,project_tss,zscore,mlp,False,,0,0.9266666769981384,0.9104963384865744,0.9002596939204213,0.9045250109680428,0.8893023340453248,0.8893023340453248,145.0,95,0.9104963384865744,0.9002596939204213,0.9045250109680428,0,0.0,0.9833333333333333,0.8780487804878049
controls2,Midnight12k,1b5a374f844f,fl,SCAFFOLD,adam,0.0003,0.01,20,stratified,project_tss,zscore,mlp,False,,0,0.7355555891990662,0.7233523189585028,0.5583284352906355,0.5477067294235215,0.6880970494678654,0.6880970494678654,100.0,20,0.7233523189585028,0.5583284352906355,0.5477067294235215,0,0.0,0.9916666666666667,0.0
controls2,Midnight12k,1cf04da36ea4,fl,SCAFFOLD,adam,0.0003,0.01,20,stratified,project_tss,zscore,mlp,False,,4,0.8244444727897644,0.8112286411716843,0.7564647481967417,0.7582026806131847,0.8202236564482335,0.8202236564482335,260.0,210,0.8104149715215623,0.7558799528751043,0.757565275466585,1,0.08136696501219731,0.9833333333333333,0.4634146341463415
controls2,Midnight12k,33381654ca83,fl,FedProx,adam,0.0003,0.01,20,stratified,project_tss,zscore,mlp,False,,3,0.9422222375869751,0.9178193653376729,0.9104231092761348,0.9138427420892818,0.9030135449527974,0.9030135449527974,164.0,114,0.9178193653376729,0.9104231092761348,0.9138427420892818,0,0.0,0.9916666666666667,0.926829268292683
controls2,Midnight12k,40f5aedd2eb0,fl,FedAvg,sgd,0.03,0.01,20,stratified,project_tss,zscore,mlp,False,,1,0.9711111187934875,0.9446704637917006,0.9380019753751214,0.936988706394161,0.9363102696329727,0.9363102696329727,289.0,239,0.9446704637917006,0.9380019753751214,0.936988706394161,0,0.0,0.9916666666666667,0.9512195121951219
controls2,Midnight12k,47ee47c4c1dd,fl,FedAvg,sgd,0.01,0.01,20,stratified,project_tss,zscore,mlp,False,,1,0.9600000381469727,0.9381611065907242,0.9322599180944415,0.9310673634705563,0.924536603352803,0.924536603352803,391.0,341,0.9381611065907242,0.9322599180944415,0.9310673634705563,0,0.0,0.9833333333333333,0.9512195121951219
controls2,Midnight12k,4f75923428fb,fl,FedAvg,sgd,0.03,0.01,20,stratified,project_tss,zscore,mlp,False,,0,0.9733333587646484,0.9446704637917006,0.933825415892032,0.9374574076688718,0.9378681015684944,0.9378681015684944,364.0,314,0.9446704637917006,0.933825415892032,0.9374574076688718,0,0.0,0.9916666666666667,0.926829268292683
controls2,Midnight12k,65492840f675,fl,FedAvg,sgd,0.03,0.01,20,stratified,project_tss,zscore,mlp,False,,3,0.9822222590446472,0.9389747762408462,0.9280941378963399,0.9302964158745421,0.9311414730417846,0.9311414730417846,302.0,252,0.9389747762408462,0.9280941378963399,0.9302964158745421,0,0.0,0.9916666666666667,0.926829268292683
controls2,Midnight12k,814a9f7817c9,fl,FedProx,adam,0.0003,0.01,20,stratified,project_tss,zscore,mlp,False,,2,0.9288889169692993,0.9088689991863304,0.9009119227803625,0.9069450186742238,0.8924247351817446,0.8924247351817446,157.0,107,0.9088689991863304,0.9009119227803625,0.9069450186742238,0,0.0,0.9916666666666667,0.8780487804878049
controls2,Midnight12k,84c64f65920f,fl,FedAvg,sgd,0.03,0.01,20,stratified,project_tss,zscore,mlp,False,,2,0.9511111378669739,0.9251423921887714,0.9202128093387165,0.9190889950855302,0.9215594100718713,0.9215594100718713,184.0,134,0.9251423921887714,0.9202128093387165,0.9190889950855302,0,0.0,0.9833333333333333,0.9512195121951219
controls2,Midnight12k,8df9790c65c1,fl,FedAvg,sgd,0.01,0.01,20,stratified,project_tss,zscore,mlp,False,,3,0.9644444584846497,0.935720097640358,0.9274946271147088,0.9237967353968729,0.9212792111546005,0.9212792111546005,378.0,328,0.935720097640358,0.9274946271147088,0.9237967353968729,0,0.0,0.9833333333333333,0.9512195121951219
controls2,Midnight12k,937ae820123d,fl,FedAvg,sgd,0.01,0.01,20,stratified,project_tss,zscore,mlp,False,,0,0.9533333778381348,0.9259560618388935,0.9200005687955934,0.9186494720650801,0.9214773227234289,0.9214773227234289,343.0,293,0.9259560618388935,0.9200005687955934,0.9186494720650801,0,0.0,0.9833333333333333,0.926829268292683
controls2,Midnight12k,994ec4a1182e,fl,SCAFFOLD,adam,0.0003,0.01,20,stratified,project_tss,zscore,mlp,False,,2,0.6844444870948792,0.6932465419039869,0.5820228532026697,0.5545300093928244,0.6562618447535972,0.6562618447535972,100.0,1,0.692432872253865,0.5808654457952623,0.5531500290685119,2,0.08136696501219731,0.8666666666666667,0.04878048780487805
controls2,Midnight12k,a7fa1f4ee33e,fl,FedAvg,sgd,0.01,0.01,20,stratified,project_tss,zscore,mlp,False,,2,0.948888897895813,0.9267697314890154,0.9211730505343461,0.9178983018433107,0.9133203103150956,0.9133203103150956,274.0,224,0.9267697314890154,0.9211730505343461,0.9178983018433107,0,0.0,0.9833333333333333,0.9512195121951219
controls2,Midnight12k,bc067bbfc4d9,fl,SCAFFOLD,adam,0.0003,0.01,20,stratified,project_tss,zscore,mlp,False,,1,0.8177778124809265,0.7982099267697315,0.7542429339890321,0.7574788052383693,0.8062812815306986,0.8062812815306986,173.0,123,0.7982099267697315,0.7542429339890321,0.7574788052383693,0,0.0,0.9583333333333334,0.7317073170731707
controls2,Midnight12k,cd0d3e476f50,fl,FedProx,adam,0.0003,0.01,20,stratified,project_tss,zscore,mlp,False,,4,0.9288889169692993,0.9170056956875509,0.9030880516193077,0.906402242950817,0.9013375455743059,0.9013375455743059,174.0,124,0.9170056956875509,0.9030880516193077,0.906402242950817,0,0.0,0.9916666666666667,0.8780487804878049
controls2,Midnight12k,d37ccc3908a8,fl,FedAvg,sgd,0.01,0.01,20,stratified,project_tss,zscore,mlp,False,,4,0.9399999976158142,0.9170056956875509,0.9108428156606946,0.9060644882741897,0.9136274147566983,0.9136274147566983,182.0,132,0.9161920260374288,0.9102580203390569,0.9053763697606817,1,0.08136696501220841,0.975,0.975609756097561
controls2,Midnight12k,d788cd2a48fc,fl,FedProx,adam,0.0003,0.01,20,stratified,project_tss,zscore,mlp,False,,1,0.9266666769981384,0.9015459723352319,0.892402725485813,0.9000245057682097,0.8851684436390945,0.8851684436390945,119.0,69,0.9015459723352319,0.892402725485813,0.9000245057682097,0,0.0,1.0,0.8780487804878049
controls2,Midnight12k,db776024545c,fl,SCAFFOLD,adam,0.0003,0.01,20,stratified,project_tss,zscore,mlp,False,,3,0.7688888907432556,0.7624084621643613,0.6381141018178194,0.6245334435836267,0.7385390184123855,0.7385390184123855,143.0,93,0.7624084621643613,0.6381141018178194,0.6245334435836267,0,0.0,0.9916666666666667,0.0975609756097561
controls2,Midnight12k,e34b25a61c88,fl,FedAvg,sgd,0.03,0.01,20,stratified,project_tss,zscore,mlp,False,,4,0.9511111378669739,0.9300244100895037,0.9273957677112377,0.9225984047125484,0.9234443978924544,0.9234443978924544,174.0,124,0.9300244100895037,0.9273957677112377,0.9225984047125484,0,0.0,0.975,0.975609756097561
controls2,Phikon_v2,06d2eaad4823,fl,FedProx,adam,0.0003,0.01,20,stratified,project_tss,zscore,mlp,False,,1,0.9844444394111633,0.9601301871440195,0.9591805401406172,0.9595719962163278,0.9553819781234111,0.9553819781234111,199.0,149,0.9601301871440195,0.9591805401406172,0.9595719962163278,0,0.0,1.0,1.0
controls2,Phikon_v2,120079dd61f9,fl,FedAvg,sgd,0.03,0.01,20,stratified,project_tss,zscore,mlp,False,,2,0.9866666793823242,0.9641985353946297,0.9642118493849144,0.9631600906059082,0.9640225486409286,0.9640225486409286,166.0,116,0.9641985353946297,0.9642118493849144,0.9631600906059082,0,0.0,1.0,1.0
controls2,Phikon_v2,255e0a35a172,fl,FedProx,adam,0.0003,0.01,20,stratified,project_tss,zscore,mlp,False,,3,0.9888889193534851,0.9601301871440195,0.958418347588573,0.9602019631672705,0.9519506065066811,0.9519506065066811,208.0,158,0.9601301871440195,0.958418347588573,0.9602019631672705,0,0.0,1.0,0.975609756097561
controls2,Phikon_v2,28cf8f1e85a8,fl,FedAvg,sgd,0.03,0.01,20,stratified,project_tss,zscore,mlp,False,,1,0.9800000190734863,0.951179820992677,0.9514317376382514,0.9498691066456233,0.9568510236734536,0.9568510236734536,138.0,88,0.951179820992677,0.9514317376382514,0.9498691066456233,0,0.0,1.0,1.0
controls2,Phikon_v2,3f3c4fb3e9a3,fl,FedAvg,sgd,0.01,0.01,20,stratified,project_tss,zscore,mlp,False,,2,0.9866666793823242,0.9658258746948739,0.9640642506892534,0.9632301473396139,0.962791595735521,0.962791595735521,333.0,283,0.9658258746948739,0.9640642506892534,0.9632301473396139,0,0.0,1.0,1.0
controls2,Phikon_v2,532837b0152d,fl,FedProx,adam,0.0003,0.01,20,stratified,project_tss,zscore,mlp,False,,4,0.9711111187934875,0.950366151342555,0.9507120525051475,0.9523361939600922,0.9511534069945285,0.9511534069945285,118.0,68,0.950366151342555,0.9507120525051475,0.9523361939600922,0,0.0,0.9916666666666667,1.0
controls2,Phikon_v2,6559e4215086,fl,SCAFFOLD,adam,0.0003,0.01,20,stratified,project_tss,zscore,mlp,False,,1,0.7444444894790649,0.7282343368592351,0.6065201407263857,0.5956824978106633,0.6723593572253461,0.6723593572253461,105.0,55,0.7282343368592351,0.6065201407263857,0.5956824978106633,0,0.0,0.3333333333333333,0.2926829268292683
controls2,Phikon_v2,6a3a033cc869,fl,SCAFFOLD,adam,0.0003,0.01,20,stratified,project_tss,zscore,mlp,False,,0,0.6066666841506958,0.5687550854353133,0.41177987642258224,0.40755777706354934,0.5408155340096255,0.5408155340096255,135.0,85,0.5687550854353133,0.41177987642258224,0.40755777706354934,0,0.0,0.55,0.21951219512195122
controls2,Phikon_v2,6a6df0ff688d,fl,FedAvg,sgd,0.01,0.01,20,stratified,project_tss,zscore,mlp,False,,0,0.9822222590446472,0.9552481692432873,0.954647046090627,0.9523922253139866,0.9577335883800058,0.9577335883800058,242.0,192,0.9552481692432873,0.954647046090627,0.9523922253139866,0,0.0,1.0,0.975609756097561
controls2,Phikon_v2,83efabb1892d,fl,FedAvg,sgd,0.01,0.01,20,stratified,project_tss,zscore,mlp,False,,1,0.9755555987358093,0.9617575264442636,0.9616676039664733,0.9597615359127877,0.9612218907779655,0.9612218907779655,301.0,251,0.9617575264442636,0.9616676039664733,0.9597615359127877,0,0.0,1.0,1.0
controls2,Phikon_v2,9d9d0c220ec9,fl,SCAFFOLD,adam,0.0003,0.01,20,stratified,project_tss,zscore,mlp,False,,3,0.7022222280502319,0.6883645240032547,0.5196576334433469,0.5089328005367186,0.6448470213468115,0.6448470213468115,202.0,152,0.6883645240032547,0.5196576334433469,0.5089328005367186,0,0.0,0.7583333333333333,0.2682926829268293
controls2,Phikon_v2,c1414517b594,fl,FedAvg,sgd,0.01,0.01,20,stratified,project_tss,zscore,mlp,False,,3,0.9755555987358093,0.9446704637917006,0.9477909872243795,0.9403854952375698,0.9494080010367427,0.9494080010367427,200.0,150,0.9446704637917006,0.9477909872243795,0.9403854952375698,0,0.0,1.0,0.975609756097561
controls2,Phikon_v2,d0880e0cf32c,fl,SCAFFOLD,adam,0.0003,0.01,20,stratified,project_tss,zscore,mlp,False,,4,0.6555555462837219,0.645240032546786,0.4980675087067588,0.46817250266959043,0.6352194531353215,0.6352194531353215,175.0,125,0.645240032546786,0.4980675087067588,0.46817250266959043,0,0.0,0.725,0.04878048780487805
controls2,Phikon_v2,d3a1328cef04,fl,FedAvg,sgd,0.03,0.01,20,stratified,project_tss,zscore,mlp,False,,0,0.9844444394111633,0.9617575264442636,0.9592963225440142,0.960799465010133,0.9614832107433353,0.9614832107433353,183.0,133,0.9617575264442636,0.9592963225440142,0.960799465010133,0,0.0,1.0,1.0
controls2,Phikon_v2,daf6da784f28,fl,SCAFFOLD,adam,0.0003,0.01,20,stratified,project_tss,zscore,mlp,False,,2,0.6800000071525574,0.6371033360455655,0.49673831335877466,0.480420507968405,0.5617399753173888,0.5617399753173888,100.0,2,0.6371033360455655,0.49673831335877466,0.480420507968405,0,0.0,0.5833333333333334,0.4146341463414634
controls2,Phikon_v2,dbbbbf48e817,fl,FedProx,adam,0.0003,0.01,20,stratified,project_tss,zscore,mlp,False,,0,0.9888889193534851,0.9633848657445078,0.9620467674689286,0.9619673886535808,0.9583851117729622,0.9583851117729622,196.0,146,0.9633848657445078,0.9620467674689286,0.9619673886535808,0,0.0,1.0,1.0
controls2,Phikon_v2,e95e590494bd,fl,FedAvg,sgd,0.03,0.01,20,stratified,project_tss,zscore,mlp,False,,4,0.9844444394111633,0.9609438567941416,0.961873519629301,0.9585087970437124,0.9630268413368102,0.9630268413368102,163.0,113,0.9609438567941416,0.961873519629301,0.9585087970437124,0,0.0,1.0,1.0
controls2,Phikon_v2,ed7a190923ec,fl,FedProx,adam,0.0003,0.01,20,stratified,project_tss,zscore,mlp,False,,2,0.9822222590446472,0.9601301871440195,0.9610242078340236,0.9594503676040915,0.9537029429552795,0.9537029429552795,165.0,115,0.9601301871440195,0.9610242078340236,0.9594503676040915,0,0.0,1.0,1.0
controls2,Phikon_v2,f284188abe33,fl,FedAvg,sgd,0.01,0.01,20,stratified,project_tss,zscore,mlp,False,,4,0.9844444394111633,0.9633848657445078,0.9628371946097481,0.9612307771566565,0.9619283883302575,0.9619283883302575,306.0,256,0.9633848657445078,0.9628371946097481,0.9612307771566565,0,0.0,1.0,1.0
controls2,Phikon_v2,f9383f8eb244,fl,FedAvg,sgd,0.03,0.01,20,stratified,project_tss,zscore,mlp,False,,3,0.9844444394111633,0.9536208299430431,0.9507969430381811,0.9501686369914376,0.9561572542491545,0.9561572542491545,154.0,104,0.9536208299430431,0.9507969430381811,0.9501686369914376,0,0.0,1.0,0.975609756097561
controls2,ResNet50,02a3f8f10bb8,fl,FedAvg,sgd,0.03,0.01,20,stratified,project_tss,zscore,mlp,False,,4,0.944444477558136,0.9121236777868186,0.9069371083163309,0.9051903298622785,0.9090689490322091,0.9090689490322091,266.0,216,0.9121236777868186,0.9069371083163309,0.9051903298622785,0,0.0,0.975,0.9024390243902439
controls2,ResNet50,143e0947a77f,fl,SCAFFOLD,adam,0.0003,0.01,20,stratified,project_tss,zscore,mlp,False,,1,0.6555555462837219,0.628152969894223,0.48189048099737186,0.45105785117457337,0.5537294927889387,0.5537294927889387,191.0,141,0.628152969894223,0.48189048099737186,0.45105785117457337,0,0.0,0.18333333333333332,0.3170731707317073
controls2,ResNet50,225aea8f3743,fl,FedProx,adam,0.0003,0.01,20,stratified,project_tss,zscore,mlp,False,,3,0.9133333563804626,0.8519121236777868,0.7958605365350857,0.803963579842049,0.7922537511006753,0.7922537511006753,167.0,117,0.8519121236777868,0.7958605365350857,0.803963579842049,0,0.0,0.9416666666666667,0.6097560975609756
controls2,ResNet50,4a8e90156ae8,fl,FedAvg,sgd,0.01,0.01,20,stratified,project_tss,zscore,mlp,False,,0,0.9155555963516235,0.8681855166802278,0.8474857779905887,0.8349441921724996,0.852264684279889,0.852264684279889,245.0,195,0.8681855166802278,0.8474857779905887,0.8349441921724996,0,0.0,0.9333333333333333,0.926829268292683
controls2,ResNet50,57998291b79c,fl,FedProx,adam,0.0003,0.01,20,stratified,project_tss,zscore,mlp,False,,4,0.9311111569404602,0.8860862489829129,0.8546638887089525,0.8634706158044473,0.8403459855949525,0.8403459855949525,263.0,213,0.8860862489829129,0.8546638887089525,0.8634706158044473,0,0.0,0.9416666666666667,0.7804878048780488
controls2,ResNet50,5a795ccd8c15,fl,SCAFFOLD,adam,0.0003,0.01,20,stratified,project_tss,zscore,mlp,False,,2,0.6088889241218567,0.6175752644426363,0.5035171381268709,0.453270564164534,0.5602460749549206,0.5602460749549206,100.0,2,0.6175752644426363,0.5035171381268709,0.453270564164534,0,0.0,0.7333333333333333,0.5609756097560976
controls2,ResNet50,68b5476b0865,fl,FedAvg,sgd,0.01,0.01,20,stratified,project_tss,zscore,mlp,False,,1,0.9466667175292969,0.9096826688364524,0.9074585895767697,0.8998828422778791,0.8942456509077461,0.8942456509077461,483.0,433,0.9096826688364524,0.9074585895767697,0.8998828422778791,0,0.0,0.9666666666666667,0.9512195121951219
controls2,ResNet50,6a7750fe69ae,fl,SCAFFOLD,adam,0.0003,0.01,20,stratified,project_tss,zscore,mlp,False,,4,0.6066666841506958,0.611879576891782,0.44898485336609906,0.4128894716683344,0.5560191964718451,0.5560191964718451,100.0,4,0.611879576891782,0.44898485336609906,0.4128894716683344,0,0.0,0.775,0.0
controls2,ResNet50,730b80630189,fl,FedAvg,sgd,0.01,0.01,20,stratified,project_tss,zscore,mlp,False,,4,0.9355555772781372,0.8860862489829129,0.8750870875687679,0.8656038672747102,0.8684659699999615,0.8684659699999615,304.0,254,0.8860862489829129,0.8750870875687679,0.8656038672747102,0,0.0,0.9333333333333333,0.9024390243902439
controls2,ResNet50,747308540ef6,fl,FedAvg,sgd,0.03,0.01,20,stratified,project_tss,zscore,mlp,False,,0,0.944444477558136,0.9039869812855981,0.9012938212108897,0.8939116022326211,0.9016511756296343,0.9016511756296343,307.0,257,0.9039869812855981,0.9012938212108897,0.8939116022326211,0,0.0,0.9666666666666667,0.926829268292683
controls2,ResNet50,7475ba6aaa6f,fl,FedAvg,sgd,0.03,0.01,20,stratified,project_tss,zscore,mlp,False,,3,0.944444477558136,0.9007323026851098,0.8904430945071051,0.8845175575586802,0.8842808109072448,0.8842808109072448,215.0,165,0.9007323026851098,0.8904430945071051,0.8845175575586802,0,0.0,0.9666666666666667,0.8780487804878049
controls2,ResNet50,a0c1560e9e18,fl,SCAFFOLD,adam,0.0003,0.01,20,stratified,project_tss,zscore,mlp,False,,0,0.6066666841506958,0.5703824247355573,0.4075455199163168,0.3982549548405803,0.5201666604224997,0.5201666604224997,100.0,18,0.5711960943856794,0.40813031523795423,0.39889152551303675,3,-0.08136696501220841,0.48333333333333334,0.12195121951219512
controls2,ResNet50,b4b0a215ca2a,fl,FedAvg,sgd,0.03,0.01,20,stratified,project_tss,zscore,mlp,False,,1,0.9511111378669739,0.9210740439381611,0.9164706420105987,0.9136638484475207,0.9131326386707835,0.9131326386707835,395.0,345,0.9210740439381611,0.9164706420105987,0.9136638484475207,0,0.0,0.975,0.926829268292683
controls2,ResNet50,bd0894c7000f,fl,FedProx,adam,0.0003,0.01,20,stratified,project_tss,zscore,mlp,False,,2,0.9044444561004639,0.8429617575264443,0.7772667106051405,0.7900853903478846,0.7809517429342043,0.7809517429342043,155.0,105,0.8429617575264443,0.7772667106051405,0.7900853903478846,0,0.0,0.8583333333333333,0.43902439024390244
controls2,ResNet50,cc116c481007,fl,FedAvg,sgd,0.01,0.01,20,stratified,project_tss,zscore,mlp,False,,2,0.9222222566604614,0.8828315703824248,0.8725811942755676,0.8604447113588974,0.8643263148697707,0.8643263148697707,268.0,218,0.8828315703824248,0.8725811942755676,0.8604447113588974,0,0.0,0.95,0.9512195121951219
controls2,ResNet50,cf788c8b5bea,fl,FedAvg,sgd,0.01,0.01,20,stratified,project_tss,zscore,mlp,False,,3,0.9266666769981384,0.8893409275834011,0.8845602693891057,0.8722983164994413,0.8734380288995175,0.8734380288995175,309.0,259,0.8893409275834011,0.8845602693891057,0.8722983164994413,0,0.0,0.9333333333333333,0.926829268292683
controls2,ResNet50,d8f436c43e58,fl,SCAFFOLD,adam,0.0003,0.01,20,stratified,project_tss,zscore,mlp,False,,3,0.6888889074325562,0.6655817737998373,0.49117790059606303,0.44243603965158407,0.5937428932628388,0.5937428932628388,235.0,185,0.6647681041497152,0.49085677021712926,0.4421067706094546,1,0.08136696501220841,0.6166666666666667,0.0
controls2,ResNet50,ddd3efe97eba,fl,FedAvg,sgd,0.03,0.01,20,stratified,project_tss,zscore,mlp,False,,2,0.9355555772781372,0.8999186330349878,0.8983182383340205,0.8880891840737084,0.8933489835075402,0.8933489835075402,238.0,188,0.8999186330349878,0.8983182383340205,0.8880891840737084,0,0.0,0.9666666666666667,0.9512195121951219
controls2,ResNet50,e754d065564b,fl,FedProx,adam,0.0003,0.01,20,stratified,project_tss,zscore,mlp,False,,0,0.9133333563804626,0.8543531326281529,0.8006162312394814,0.8131563198224092,0.7953258883818686,0.7953258883818686,158.0,108,0.8543531326281529,0.8006162312394814,0.8131563198224092,0,0.0,0.8666666666666667,0.6341463414634146
controls2,ResNet50,e80d84dda8ea,fl,FedProx,adam,0.0003,0.01,20,stratified,project_tss,zscore,mlp,False,,1,0.893333375453949,0.8299430431244914,0.7565611445294808,0.783340672319642,0.7667139631200691,0.7667139631200691,126.0,76,0.8299430431244914,0.7565611445294808,0.783340672319642,0,0.0,0.8666666666666667,0.5121951219512195
controls2,UNI_v2,063feb8de71f,fl,FedAvg,sgd,0.03,0.01,20,stratified,project_tss,zscore,mlp,False,,0,0.9822222590446472,0.9633848657445078,0.9598258870425409,0.9570840359813112,0.9656439110099546,0.9656439110099546,238.0,188,0.9633848657445078,0.9598258870425409,0.9570840359813112,0,0.0,0.9916666666666667,0.9512195121951219
controls2,UNI_v2,0ad61b5873eb,fl,FedProx,adam,0.0003,0.01,20,stratified,project_tss,zscore,mlp,False,,3,0.9777777791023254,0.950366151342555,0.9478165862897198,0.9445307536714336,0.9457709490809181,0.9457709490809181,209.0,159,0.950366151342555,0.9478165862897198,0.9445307536714336,0,0.0,0.9916666666666667,0.9512195121951219
controls2,UNI_v2,0caf6b41fa91,fl,SCAFFOLD,adam,0.0003,0.01,20,stratified,project_tss,zscore,mlp,False,,2,0.6777777671813965,0.7005695687550855,0.5747092832969902,0.5429721847543635,0.6039095953375844,0.6039095953375844,100.0,1,0.7013832384052074,0.5758666907043977,0.5442239142640538,1,-0.08136696501219731,0.675,0.024390243902439025
controls2,UNI_v2,193990ee1bc2,fl,FedAvg,sgd,0.01,0.01,20,stratified,project_tss,zscore,mlp,False,,1,0.9533333778381348,0.934092758340114,0.931460798105139,0.9180901248962358,0.9320709077984861,0.9320709077984861,167.0,117,0.934092758340114,0.931460798105139,0.9180901248962358,0,0.0,0.9916666666666667,0.9512195121951219
controls2,UNI_v2,2aed20b3cd6e,fl,FedProx,adam,0.0003,0.01,20,stratified,project_tss,zscore,mlp,False,,2,0.9822222590446472,0.9617575264442636,0.9576292895873549,0.9553620942035176,0.9536842599537304,0.9536842599537304,300.0,250,0.9617575264442636,0.9576292895873549,0.9553620942035176,0,0.0,0.9916666666666667,0.9512195121951219
controls2,UNI_v2,2b1d94e5c96a,fl,SCAFFOLD,adam,0.0003,0.01,20,stratified,project_tss,zscore,mlp,False,,1,0.7755555510520935,0.7705451586655818,0.6202206821652819,0.6169303706310869,0.7168699205892006,0.7168699205892006,238.0,188,0.7705451586655818,0.6202206821652819,0.6169303706310869,0,0.0,0.95,0.07317073170731707
controls2,UNI_v2,5f2be3e54ca8,fl,FedAvg,sgd,0.01,0.01,20,stratified,project_tss,zscore,mlp,False,,0,0.9622222185134888,0.9430431244914564,0.9408636738920555,0.9309034208456135,0.9397210046152495,0.9397210046152495,230.0,180,0.9430431244914564,0.9408636738920555,0.9309034208456135,0,0.0,0.9916666666666667,0.9512195121951219
controls2,UNI_v2,69ad17a0e6fe,fl,SCAFFOLD,adam,0.0003,0.01,20,stratified,project_tss,zscore,mlp,False,,0,0.7622222304344177,0.7314890154597233,0.6015501227076983,0.5764712545998747,0.711604583375762,0.711604583375762,236.0,186,0.7314890154597233,0.6015501227076983,0.5764712545998747,0,0.0,0.975,0.24390243902439024
controls2,UNI_v2,74599b20f820,fl,FedAvg,sgd,0.03,0.01,20,stratified,project_tss,zscore,mlp,False,,1,0.9888889193534851,0.9633848657445078,0.9600895519852446,0.9570218793568296,0.965009975601876,0.965009975601876,266.0,216,0.9633848657445078,0.9600895519852446,0.9570218793568296,0,0.0,0.9916666666666667,0.9512195121951219
controls2,UNI_v2,7b08a11016e0,fl,FedProx,adam,0.0003,0.01,20,stratified,project_tss,zscore,mlp,False,,1,0.9755555987358093,0.9495524816924329,0.9435539394965851,0.9426190876698352,0.9472099796476744,0.9472099796476744,191.0,141,0.9495524816924329,0.9435539394965851,0.9426190876698352,0,0.0,0.9916666666666667,0.9024390243902439
controls2,UNI_v2,808aff9387f4,fl,FedProx,adam,0.0003,0.01,20,stratified,project_tss,zscore,mlp,False,,0,0.9711111187934875,0.9479251423921887,0.9390868076315245,0.9403629740627637,0.9399262875119574,0.9399262875119574,151.0,101,0.9479251423921887,0.9390868076315245,0.9403629740627637,0,0.0,0.9916666666666667,0.8780487804878049
controls2,UNI_v2,910835c0968c,fl,FedAvg,sgd,0.01,0.01,20,stratified,project_tss,zscore,mlp,False,,4,0.9666666984558105,0.9487388120423108,0.9472286410269102,0.9392481609115583,0.9512312075195336,0.9512312075195336,273.0,223,0.9487388120423108,0.9472286410269102,0.9392481609115583,0,0.0,0.9916666666666667,0.9512195121951219
controls2,UNI_v2,98ab5db04399,fl,FedAvg,sgd,0.03,0.01,20,stratified,project_tss,zscore,mlp,False,,2,0.9711111187934875,0.950366151342555,0.9490164097999634,0.9412776368627068,0.9513786879441085,0.9513786879441085,160.0,110,0.950366151342555,0.9490164097999634,0.9412776368627068,0,0.0,0.9916666666666667,0.9512195121951219
controls2,UNI_v2,9e3858138834,fl,SCAFFOLD,adam,0.0003,0.01,20,stratified,project_tss,zscore,mlp,False,,3,0.7555555701255798,0.7388120423108218,0.5601682973777328,0.5183568850886496,0.6759419804008947,0.6759419804008947,237.0,187,0.7388120423108218,0.5601682973777328,0.5183454308409999,1,0.0,0.9583333333333334,0.0
controls2,UNI_v2,a211fb38a2d8,fl,FedAvg,sgd,0.01,0.01,20,stratified,project_tss,zscore,mlp,False,,2,0.9644444584846497,0.9438567941415785,0.9412309380022887,0.9316945228734296,0.9460632469465886,0.9460632469465886,235.0,185,0.9438567941415785,0.9412309380022887,0.9316945228734296,0,0.0,0.9916666666666667,0.9512195121951219
controls2,UNI_v2,ceb6e753fb3f,fl,SCAFFOLD,adam,0.0003,0.01,20,stratified,project_tss,zscore,mlp,False,,4,0.753333330154419,0.758340113913751,0.627317450157785,0.6125687443038648,0.7246305980167551,0.7246305980167551,261.0,211,0.758340113913751,0.627317450157785,0.6125687443038648,0,0.0,1.0,0.024390243902439025
controls2,UNI_v2,d22cf489754c,fl,FedAvg,sgd,0.03,0.01,20,stratified,project_tss,zscore,mlp,False,,4,0.9822222590446472,0.9536208299430431,0.9501289661483029,0.9468218318417515,0.9565383358997067,0.9565383358997067,235.0,185,0.9536208299430431,0.9501289661483029,0.9468218318417515,0,0.0,0.9916666666666667,0.9512195121951219
controls2,UNI_v2,ec629930a0dd,fl,FedProx,adam,0.0003,0.01,20,stratified,project_tss,zscore,mlp,False,,4,0.9888889193534851,0.9601301871440195,0.9572042761972459,0.9535143753325015,0.9536921267840271,0.9536921267840271,262.0,212,0.9601301871440195,0.9572042761972459,0.9535143753325015,0,0.0,0.9916666666666667,0.9512195121951219
controls2,UNI_v2,f154808606d9,fl,FedAvg,sgd,0.03,0.01,20,stratified,project_tss,zscore,mlp,False,,3,0.9755555987358093,0.951179820992677,0.9480656330403241,0.9441573354077804,0.9484451469264555,0.9484451469264555,214.0,164,0.951179820992677,0.9480656330403241,0.9441573354077804,0,0.0,0.9916666666666667,0.9512195121951219
controls2,UNI_v2,f744b9c2af49,fl,FedAvg,sgd,0.01,0.01,20,stratified,project_tss,zscore,mlp,False,,3,0.9600000381469727,0.9446704637917006,0.9415062184935687,0.9329734536832033,0.9379329066511392,0.9379329066511392,206.0,156,0.9446704637917006,0.9415062184935687,0.9329734536832033,0,0.0,0.9916666666666667,0.9512195121951219
controls2,Virchow2,0320ce3b53df,fl,FedProx,adam,0.0003,0.01,20,stratified,project_tss,zscore,mlp,False,,0,0.9777777791023254,0.9495524816924329,0.9445320912074124,0.9423472430866489,0.9334006019364275,0.9334006019364275,148.0,98,0.9495524816924329,0.9445320912074124,0.9423472430866489,0,0.0,0.9916666666666667,0.9512195121951219
controls2,Virchow2,1770ccd94d3f,fl,FedAvg,sgd,0.01,0.01,20,stratified,project_tss,zscore,mlp,False,,4,0.9711111187934875,0.9585028478437754,0.9539877094495692,0.9508959905253059,0.9533785385031492,0.9533785385031492,324.0,274,0.9585028478437754,0.9539877094495692,0.9508959905253059,0,0.0,0.9916666666666667,0.975609756097561
controls2,Virchow2,2499301486bf,fl,SCAFFOLD,adam,0.0003,0.01,20,stratified,project_tss,zscore,mlp,False,,2,0.7711111307144165,0.7542717656631408,0.6006948812743413,0.5787503378492151,0.6748253608777786,0.6748253608777786,112.0,62,0.7542717656631408,0.6006948812743413,0.5787503378492151,0,0.0,0.95,0.0
controls2,Virchow2,429bbb7520b1,fl,FedAvg,sgd,0.03,0.01,20,stratified,project_tss,zscore,mlp,False,,2,0.9777777791023254,0.9576891781936534,0.9558307681693362,0.9501326959764411,0.95090482380202,0.95090482380202,198.0,148,0.9576891781936534,0.9558307681693362,0.9501326959764411,0,0.0,0.9916666666666667,0.975609756097561
controls2,Virchow2,479b9b848ddf,fl,SCAFFOLD,adam,0.0003,0.01,20,stratified,project_tss,zscore,mlp,False,,4,0.8111111521720886,0.790073230268511,0.699147081252729,0.6920049033453537,0.7834271549276242,0.7834271549276242,243.0,193,0.790886899918633,0.7013693034749512,0.6936526659234611,1,-0.08136696501220841,0.95,0.1951219512195122
controls2,Virchow2,4b6a5df6a711,fl,FedProx,adam,0.0003,0.01,20,stratified,project_tss,zscore,mlp,False,,4,0.9733333587646484,0.951993490642799,0.948529926310587,0.9466640099988501,0.9463773217667298,0.9463773217667298,185.0,135,0.951993490642799,0.948529926310587,0.9466640099988501,0,0.0,0.9916666666666667,0.975609756097561
controls2,Virchow2,5d546c94e4a7,fl,FedAvg,sgd,0.01,0.01,20,stratified,project_tss,zscore,mlp,False,,2,0.9733333587646484,0.9544344995931652,0.9518657342444298,0.9459455934223152,0.9510126181076338,0.9510126181076338,298.0,248,0.9544344995931652,0.9518657342444298,0.9459455934223152,0,0.0,0.9916666666666667,0.975609756097561
controls2,Virchow2,61be1af0612d,fl,SCAFFOLD,adam,0.0003,0.01,20,stratified,project_tss,zscore,mlp,False,,0,0.7311111092567444,0.7323026851098454,0.5926137810906632,0.5668557286913443,0.7222589130461601,0.7222589130461601,112.0,62,0.7323026851098454,0.5926137810906632,0.5668557286913443,0,0.0,0.95,0.0
controls2,Virchow2,82a2e23673d9,fl,FedAvg,sgd,0.01,0.01,20,stratified,project_tss,zscore,mlp,False,,3,0.9688889384269714,0.9487388120423108,0.9459284992995612,0.9408906473583009,0.9444717420574118,0.9444717420574118,215.0,165,0.9487388120423108,0.9459284992995612,0.9408906473583009,0,0.0,0.9916666666666667,0.975609756097561
controls2,Virchow2,85b379f2e2da,fl,FedAvg,sgd,0.01,0.01,20,stratified,project_tss,zscore,mlp,False,,1,0.9688889384269714,0.9544344995931652,0.9502738733878533,0.9467711998822603,0.9511954930958048,0.9511954930958048,315.0,265,0.9544344995931652,0.9502738733878533,0.9467711998822603,0,0.0,0.9916666666666667,0.975609756097561
controls2,Virchow2,9512f7f5e25c,fl,FedAvg,sgd,0.03,0.01,20,stratified,project_tss,zscore,mlp,False,,1,0.9800000190734863,0.9617575264442636,0.9574256973327139,0.9549295373037671,0.9549520356763348,0.9549520356763348,290.0,240,0.9617575264442636,0.9574256973327139,0.9549295373037671,0,0.0,0.9916666666666667,0.975609756097561
controls2,Virchow2,99e5cfb50e6b,fl,FedAvg,sgd,0.03,0.01,20,stratified,project_tss,zscore,mlp,False,,4,0.9755555987358093,0.9625711960943857,0.9585375386961132,0.9558676052031072,0.9573887863607491,0.9573887863607491,212.0,162,0.9625711960943857,0.9585375386961132,0.9558676052031072,0,0.0,0.9916666666666667,0.975609756097561
controls2,Virchow2,c0e045cb377a,fl,SCAFFOLD,adam,0.0003,0.01,20,stratified,project_tss,zscore,mlp,False,,3,0.8177778124809265,0.8096013018714402,0.7137762077009343,0.7157057720336465,0.7672724893894263,0.7672724893894263,144.0,94,0.8096013018714402,0.7137762077009343,0.7157057720336465,0,0.0,0.9833333333333333,0.5853658536585366
controls2,Virchow2,d60a8236aa7b,fl,FedProx,adam,0.0003,0.01,20,stratified,project_tss,zscore,mlp,False,,2,0.9800000190734863,0.9544344995931652,0.9478501333537993,0.9459525968891644,0.9375652831649717,0.9375652831649717,178.0,128,0.9544344995931652,0.9478501333537993,0.9459525968891644,0,0.0,0.9916666666666667,0.9512195121951219
controls2,Virchow2,dbf769b3dc34,fl,FedProx,adam,0.0003,0.01,20,stratified,project_tss,zscore,mlp,False,,1,0.9733333587646484,0.9381611065907242,0.9301788807172967,0.929819067202736,0.9262287023579859,0.9262287023579859,108.0,58,0.9381611065907242,0.9301788807172967,0.929819067202736,0,0.0,0.9916666666666667,0.9024390243902439
controls2,Virchow2,e64088312122,fl,SCAFFOLD,adam,0.0003,0.01,20,stratified,project_tss,zscore,mlp,False,,1,0.8666666746139526,0.8201790073230268,0.7326072798114975,0.7424698903340724,0.7998614994751839,0.7998614994751839,289.0,239,0.8201790073230268,0.7326072798114975,0.7424698903340724,0,0.0,0.9333333333333333,0.4146341463414634
controls2,Virchow2,ea3fb3e7520d,fl,FedProx,adam,0.0003,0.01,20,stratified,project_tss,zscore,mlp,False,,3,0.9800000190734863,0.9536208299430431,0.950490227938327,0.9470462186493206,0.9389046297535395,0.9389046297535395,184.0,134,0.9536208299430431,0.950490227938327,0.9470462186493206,0,0.0,0.9916666666666667,0.975609756097561
controls2,Virchow2,f2f55f6e6415,fl,FedAvg,sgd,0.03,0.01,20,stratified,project_tss,zscore,mlp,False,,3,0.9755555987358093,0.9585028478437754,0.9567247944776854,0.9514163121874767,0.9514818558042858,0.9514818558042858,219.0,169,0.9585028478437754,0.9567247944776854,0.9514163121874767,0,0.0,0.9916666666666667,0.975609756097561
controls2,Virchow2,f3aaf0c22273,fl,FedAvg,sgd,0.03,0.01,20,stratified,project_tss,zscore,mlp,False,,0,0.9777777791023254,0.9609438567941416,0.9573679480528382,0.9539373748766917,0.9549310574622102,0.9549310574622102,248.0,198,0.9609438567941416,0.9573679480528382,0.9539373748766917,0,0.0,0.9916666666666667,0.975609756097561
controls2,Virchow2,ff6585b0ab1f,fl,FedAvg,sgd,0.01,0.01,20,stratified,project_tss,zscore,mlp,False,,0,0.9600000381469727,0.9479251423921887,0.9458597434447485,0.9380847991916306,0.9479320696610417,0.9479320696610417,216.0,166,0.9479251423921887,0.9458597434447485,0.9380847991916306,0,0.0,0.9916666666666667,0.975609756097561
legacy_droplast,CTransPath,0887056b97a8,fl,FedAvg,adam,0.0003,0.01,20,stratified,project_tss,raw,mlp,True,,2,0.6333333253860474,0.597233523189585,0.3569280944053643,0.30699819090481495,0.42702721282795936,0.42702721282795936,326.0,276,0.597233523189585,0.3569280944053643,0.30699819090481495,0,0.0,0.0,0.0
legacy_droplast,CTransPath,3a886a7dff57,fl,FedAvg,adam,0.0003,0.01,20,stratified,project_tss,raw,mlp,True,,0,0.6222222447395325,0.5752644426362896,0.3350760301008445,0.28482837369279845,0.40608558108558107,0.40608558108558107,158.0,108,0.5752644426362896,0.3350760301008445,0.28482837369279845,0,0.0,0.0,0.0
legacy_droplast,CTransPath,44151f9d7ac1,fl,SCAFFOLD,adam,0.0003,0.01,20,stratified,project_tss,raw,mlp,True,,2,0.25111111998558044,0.26688364524003255,0.22055555555555553,0.12865509199274422,0.23318523058066493,0.23318523058066493,100.0,13,0.26688364524003255,0.22055555555555553,0.1284359103868754,1,0.0,0.0,0.0
legacy_droplast,CTransPath,57c85481ba2d,fl,FedAvg,adam,0.0003,0.01,20,stratified,project_tss,raw,mlp,True,,4,0.6177777647972107,0.5834011391375101,0.3361836912214644,0.2939236161449127,0.4161590718765987,0.4161590718765987,175.0,125,0.5834011391375101,0.3361836912214644,0.2939236161449127,0,0.0,0.0,0.0
legacy_droplast,CTransPath,70d243f91b85,fl,SCAFFOLD,adam,0.0003,0.01,20,stratified,project_tss,raw,mlp,True,,0,0.25111111998558044,0.2644426362896664,0.21859626802374893,0.12851573377889167,0.23147925223917254,0.23147925223917254,100.0,11,0.2644426362896664,0.21859626802374893,0.12807129087457925,2,0.0,0.0,0.0
legacy_droplast,CTransPath,7fd7b70a8fe6,fl,SCAFFOLD,adam,0.0003,0.01,20,stratified,project_tss,raw,mlp,True,,1,0.41777777671813965,0.3645240032546786,0.17313321840246088,0.11051501477226446,0.22740229581681726,0.22740229581681726,100.0,3,0.36371033360455657,0.17281208802352702,0.11013992716120374,3,0.08136696501220286,0.0,0.0
legacy_droplast,CTransPath,984711d8327f,fl,SCAFFOLD,adam,0.0003,0.01,20,stratified,project_tss,raw,mlp,True,,4,0.2822222411632538,0.3148901545972335,0.22052631578947368,0.126996981254858,0.2515108183102668,0.2515108183102668,100.0,27,0.3148901545972335,0.22052631578947368,0.12625543693159352,5,0.0,0.0,0.0
legacy_droplast,CTransPath,b61e8d887a6c,fl,FedAvg,adam,0.0003,0.01,20,stratified,project_tss,raw,mlp,True,,1,0.6066666841506958,0.5663140764849471,0.32811651936471664,0.2725282183487183,0.4000047935795599,0.4000047935795599,148.0,98,0.5663140764849471,0.32811651936471664,0.2725282183487183,0,0.0,0.0,0.0
legacy_droplast,CTransPath,c7b097ef1002,fl,FedAvg,adam,0.0003,0.01,20,stratified,project_tss,raw,mlp,True,,3,0.6288889050483704,0.5923515052888527,0.35160404301727854,0.31355641727620814,0.4187354161382334,0.4187354161382334,112.0,62,0.5923515052888527,0.35160404301727854,0.31372877380350495,1,0.0,0.0,0.0
legacy_droplast,CTransPath,e5077cd86a18,fl,SCAFFOLD,adam,0.0003,0.01,20,stratified,project_tss,raw,mlp,True,,3,0.3911111354827881,0.3360455655004068,0.1502923976608187,0.10375500472261925,0.2185136687473136,0.2185136687473136,100.0,2,0.3360455655004068,0.1502923976608187,0.10375500472261925,0,0.0,0.0,0.0
legacy_droplast,Conch_v15,322c17c91abc,fl,SCAFFOLD,adam,0.0003,0.01,20,stratified,project_tss,raw,mlp,True,,1,0.3199999928474426,0.28152969894222946,0.1111111111111111,0.04881834215167549,0.18691588785046728,0.18691588785046728,100.0,3,0.28152969894222946,0.1111111111111111,0.04881834215167549,0,0.0,0.0,0.0
legacy_droplast,Conch_v15,3f206a47d59f,fl,SCAFFOLD,adam,0.0003,0.01,20,stratified,project_tss,raw,mlp,True,,4,0.47111111879348755,0.42148087876322216,0.21248690126085928,0.1308064918851436,0.28842445197585387,0.28842445197585387,100.0,22,0.42148087876322216,0.21248690126085928,0.1308571205172612,1,0.0,0.0,0.0
legacy_droplast,Conch_v15,4d0568ce1d15,fl,FedAvg,adam,0.0003,0.01,20,stratified,project_tss,raw,mlp,True,,1,0.6622222661972046,0.6224572823433686,0.36873077765675716,0.3113020783188416,0.4468441684128954,0.4468441684128954,127.0,77,0.6224572823433686,0.36873077765675716,0.3113630954204942,1,0.0,0.0,0.0
legacy_droplast,Conch_v15,565a3a2dd73f,fl,SCAFFOLD,adam,0.0003,0.01,20,stratified,project_tss,raw,mlp,True,,2,0.5244444608688354,0.5093572009764036,0.3040123157177386,0.23942527939729136,0.386580811169001,0.386580811169001,146.0,96,0.5093572009764036,0.3040123157177386,0.23942527939729136,0,0.0,0.0,0.0
legacy_droplast,Conch_v15,5bf96f838732,fl,FedAvg,adam,0.0003,0.01,20,stratified,project_tss,raw,mlp,True,,4,0.6533333659172058,0.6021155410903173,0.3591159870288615,0.2992935860985619,0.4305798958791525,0.4305798958791525,135.0,85,0.6021155410903173,0.3591159870288615,0.2992935860985619,0,0.0,0.0,0.0
legacy_droplast,Conch_v15,82546c8eda97,fl,SCAFFOLD,adam,0.0003,0.01,20,stratified,project_tss,raw,mlp,True,,3,0.5266667008399963,0.5126118795768918,0.3001427681928939,0.2289668398212988,0.3906908398180439,0.3906908398180439,173.0,123,0.5126118795768918,0.3001427681928939,0.2289668398212988,0,0.0,0.0,0.0
legacy_droplast,Conch_v15,9d4195f770ec,fl,FedAvg,adam,0.0003,0.01,20,stratified,project_tss,raw,mlp,True,,0,0.644444465637207,0.5882831570382425,0.35470518579759935,0.29099199929134506,0.4298770406981042,0.4298770406981042,158.0,108,0.5882831570382425,0.35470518579759935,0.29099199929134506,0,0.0,0.0,0.0
legacy_droplast,Conch_v15,b1f8a13faeac,fl,FedAvg,adam,0.0003,0.01,20,stratified,project_tss,raw,mlp,True,,3,0.6577777862548828,0.6013018714401953,0.36353486490203646,0.3094290513192302,0.4394804737828457,0.4394804737828457,208.0,158,0.6013018714401953,0.36353486490203646,0.3094290513192302,0,0.0,0.0,0.0
legacy_droplast,Conch_v15,fa7e186283a3,fl,SCAFFOLD,adam,0.0003,0.01,20,stratified,project_tss,raw,mlp,True,,0,0.4244444668292999,0.4239218877135883,0.20833333333333334,0.15768720614832007,0.3113713465942668,0.3113713465942668,133.0,83,0.4239218877135883,0.20833333333333334,0.15768720614832007,0,0.0,0.0,0.0
legacy_droplast,Conch_v15,fef3c39ad675,fl,FedAvg,adam,0.0003,0.01,20,stratified,project_tss,raw,mlp,True,,2,0.6777777671813965,0.6257119609438568,0.3726493940067188,0.3140689719637088,0.4512475025737807,0.4512475025737807,182.0,132,0.6257119609438568,0.3726493940067188,0.3140689719637088,0,0.0,0.0,0.0
legacy_droplast,Midnight12k,3ba878663351,fl,FedAvg,adam,0.0003,0.01,20,stratified,project_tss,raw,mlp,True,,3,0.5866667032241821,0.5557363710333605,0.32289766688264593,0.26400824541108203,0.4153661864948378,0.4153661864948378,150.0,100,0.5573637103336045,0.3240672575259207,0.2649132921571128,2,-0.16273393002440573,0.0,0.0
legacy_droplast,Midnight12k,4ee279153531,fl,SCAFFOLD,adam,0.0003,0.01,20,stratified,project_tss,raw,mlp,True,,3,0.3199999928474426,0.28152969894222946,0.1111111111111111,0.04881834215167549,0.18691588785046728,0.18691588785046728,100.0,2,0.28152969894222946,0.1111111111111111,0.04881834215167549,0,0.0,0.0,0.0
legacy_droplast,Midnight12k,56fe6c2b8232,fl,FedAvg,adam,0.0003,0.01,20,stratified,project_tss,raw,mlp,True,,2,0.6088889241218567,0.580146460537022,0.33332200539148105,0.2746869222731292,0.4257292716136563,0.4257292716136563,229.0,179,0.580960130187144,0.33390680071311846,0.2751428710217608,1,-0.08136696501219731,0.0,0.0
legacy_droplast,Midnight12k,8ada204e4c81,fl,SCAFFOLD,adam,0.0003,0.01,20,stratified,project_tss,raw,mlp,True,,1,0.40444445610046387,0.35231895850284783,0.16198830409356724,0.1147216183521731,0.2278719837909869,0.2278719837909869,100.0,4,0.3531326281529699,0.1625730994152047,0.11526911425509802,1,-0.08136696501220841,0.0,0.0
legacy_droplast,Midnight12k,9e9c282d85ea,fl,SCAFFOLD,adam,0.0003,0.01,20,stratified,project_tss,raw,mlp,True,,2,0.25111111998558044,0.2676973148901546,0.22111111111111112,0.13509578544061304,0.23333844032480466,0.23333844032480466,100.0,14,0.2676973148901546,0.22111111111111112,0.13509578544061304,0,0.0,0.0,0.0
legacy_droplast,Midnight12k,b111bb6a6416,fl,SCAFFOLD,adam,0.0003,0.01,20,stratified,project_tss,raw,mlp,True,,0,0.2844444513320923,0.31733116354759966,0.24678362573099413,0.15673096205242784,0.2618220305136193,0.2618220305136193,100.0,19,0.31733116354759966,0.24678362573099413,0.1566910255771588,1,0.0,0.0,0.0
legacy_droplast,Midnight12k,e22bbb1aa81c,fl,FedAvg,adam,0.0003,0.01,20,stratified,project_tss,raw,mlp,True,,0,0.5866667032241821,0.5752644426362896,0.34710414150633195,0.28471533492826717,0.43709915017897666,0.43709915017897666,132.0,82,0.5752644426362896,0.34710414150633195,0.28471533492826717,0,0.0,0.0,0.0
legacy_droplast,Midnight12k,e9370e30281d,fl,FedAvg,adam,0.0003,0.01,20,stratified,project_tss,raw,mlp,True,,4,0.5888888835906982,0.5687550854353133,0.34955910566544174,0.30835224710861153,0.4160642254989962,0.4160642254989962,162.0,112,0.5687550854353133,0.34955910566544174,0.30835224710861153,0,0.0,0.0,0.0
legacy_droplast,Midnight12k,f21cc8a4524d,fl,FedAvg,adam,0.0003,0.01,20,stratified,project_tss,raw,mlp,True,,1,0.6222222447395325,0.6053702196908055,0.4254970244154562,0.35115548070455627,0.4813812539548321,0.4813812539548321,229.0,179,0.6053702196908055,0.4254970244154562,0.35115548070455627,0,0.0,0.0,0.0
legacy_droplast,Midnight12k,fd62dd2903fd,fl,SCAFFOLD,adam,0.0003,0.01,20,stratified,project_tss,raw,mlp,True,,4,0.2866666615009308,0.31651749389747763,0.2216374269005848,0.11038575667655787,0.2518172377985462,0.2518172377985462,100.0,22,0.31651749389747763,0.2216374269005848,0.11028492584900122,2,0.0,0.0,0.0
legacy_droplast,Phikon_v2,12a66fd45bb7,fl,SCAFFOLD,adam,0.0003,0.01,20,stratified,project_tss,raw,mlp,True,,1,0.3199999928474426,0.28152969894222946,0.1111111111111111,0.04881834215167549,0.18691588785046728,0.18691588785046728,100.0,3,0.28152969894222946,0.1111111111111111,0.04881834215167549,0,0.0,0.0,0.0
legacy_droplast,Phikon_v2,1b8d02ac3eea,fl,SCAFFOLD,adam,0.0003,0.01,20,stratified,project_tss,raw,mlp,True,,2,0.2133333384990692,0.21562245728234336,0.17502120441051738,0.07422196617023484,0.18936967565740356,0.18936967565740356,107.0,57,0.21562245728234336,0.17502120441051738,0.0741997032011872,2,0.0,0.0,0.0
legacy_droplast,Phikon_v2,29249f9f8f9e,fl,FedAvg,adam,0.0003,0.01,20,stratified,project_tss,raw,mlp,True,,0,0.648888885974884,0.6175752644426363,0.3649881482376019,0.30938679856445717,0.44163911835251396,0.44163911835251396,153.0,103,0.6175752644426363,0.3649881482376019,0.30950176853528,1,0.0,0.0,0.0
legacy_droplast,Phikon_v2,33844395f56d,fl,SCAFFOLD,adam,0.0003,0.01,20,stratified,project_tss,raw,mlp,True,,4,0.4533333480358124,0.3954434499593165,0.1938324375485921,0.13429003397519546,0.2772281168678075,0.2772281168678075,100.0,4,0.3954434499593165,0.19409610249129566,0.13395622635010757,6,0.0,0.0,0.0
legacy_droplast,Phikon_v2,3ef37acf07cf,fl,FedAvg,adam,0.0003,0.01,20,stratified,project_tss,raw,mlp,True,,3,0.6577777862548828,0.629780309194467,0.3884824505924978,0.3191223034807606,0.4475199862593199,0.4475199862593199,197.0,147,0.629780309194467,0.3884824505924978,0.3191223034807606,0,0.0,0.0,0.0
legacy_droplast,Phikon_v2,996b4ff986b1,fl,FedAvg,adam,0.0003,0.01,20,stratified,project_tss,raw,mlp,True,,1,0.6555555462837219,0.6265256305939788,0.3745525140418742,0.3121595351914849,0.45038987060015095,0.45038987060015095,288.0,238,0.6265256305939788,0.3745525140418742,0.3121595351914849,0,0.0,0.0,0.0
legacy_droplast,Phikon_v2,b17226bdbffa,fl,SCAFFOLD,adam,0.0003,0.01,20,stratified,project_tss,raw,mlp,True,,3,0.46222221851348877,0.4100895036615134,0.20957306561200686,0.13079753057048235,0.27415989190241313,0.27415989190241313,100.0,2,0.4092758340113914,0.20925193523307303,0.13072044246991268,3,0.08136696501220286,0.0,0.0
legacy_droplast,Phikon_v2,bfa667182008,fl,FedAvg,adam,0.0003,0.01,20,stratified,project_tss,raw,mlp,True,,4,0.6577777862548828,0.6208299430431244,0.36861641447158766,0.3009608836486615,0.45160725394370255,0.45160725394370255,260.0,210,0.6208299430431244,0.36861641447158766,0.3009608836486615,0,0.0,0.0,0.0
legacy_droplast,Phikon_v2,c766e8fc6eef,fl,FedAvg,adam,0.0003,0.01,20,stratified,project_tss,raw,mlp,True,,2,0.6866666674613953,0.6550040683482506,0.42250124213849866,0.3931582988930962,0.459715894178511,0.459715894178511,253.0,203,0.6550040683482506,0.42250124213849866,0.3931582988930962,0,0.0,0.0,0.0
legacy_droplast,Phikon_v2,e95e8f6b2e62,fl,SCAFFOLD,adam,0.0003,0.01,20,stratified,project_tss,raw,mlp,True,,0,0.20888888835906982,0.22457282343368593,0.18932569974554708,0.09505097199070495,0.17533739305993024,0.17533739305993024,100.0,2,0.22538649308380798,0.1898812553011026,0.09526809459365344,2,-0.08136696501220564,0.0,0.0
legacy_droplast,ResNet50,04b2b38ee9e3,fl,FedAvg,adam,0.0003,0.01,20,stratified,project_tss,raw,mlp,True,,3,0.3199999928474426,0.28152969894222946,0.1111111111111111,0.04881834215167549,0.18691588785046728,0.18691588785046728,100.0,44,0.28152969894222946,0.1111111111111111,0.04881834215167549,0,0.0,0.0,0.0
legacy_droplast,ResNet50,0fbe86f4a401,fl,SCAFFOLD,adam,0.0003,0.01,20,stratified,project_tss,raw,mlp,True,,1,0.3199999928474426,0.28152969894222946,0.1111111111111111,0.04881834215167549,0.18691588785046728,0.18691588785046728,100.0,2,0.28152969894222946,0.1111111111111111,0.04881834215167549,0,0.0,0.0,0.0
legacy_droplast,ResNet50,2386addc6d4e,fl,SCAFFOLD,adam,0.0003,0.01,20,stratified,project_tss,raw,mlp,True,,3,0.3199999928474426,0.28152969894222946,0.1111111111111111,0.04881834215167549,0.18691588785046728,0.18691588785046728,100.0,3,0.28152969894222946,0.1111111111111111,0.04881834215167549,0,0.0,0.0,0.0
legacy_droplast,ResNet50,31982353ec0f,fl,SCAFFOLD,adam,0.0003,0.01,20,stratified,project_tss,raw,mlp,True,,2,0.18666666746139526,0.1887713588283157,0.16019932145886345,0.06639231824417008,0.17292324891911226,0.17292324891911226,100.0,15,0.1920260374288039,0.16125106022052588,0.06723646723646723,30,-0.3254678600488198,0.0,0.0
legacy_droplast,ResNet50,32bd4814d458,fl,SCAFFOLD,adam,0.0003,0.01,20,stratified,project_tss,raw,mlp,True,,0,0.3266666829586029,0.2855980471928397,0.11388888888888887,0.05676639029094426,0.19068449935234064,0.19068449935234064,133.0,83,0.2855980471928397,0.11412331406551059,0.057610693400167085,13,0.0,0.0,0.0
legacy_droplast,ResNet50,3e4d0b8e75a6,fl,FedAvg,adam,0.0003,0.01,20,stratified,project_tss,raw,mlp,True,,0,0.3199999928474426,0.28152969894222946,0.1111111111111111,0.04881834215167549,0.18691588785046728,0.18691588785046728,100.0,28,0.28152969894222946,0.1111111111111111,0.04881834215167549,0,0.0,0.0,0.0
legacy_droplast,ResNet50,3fbce58636cb,fl,SCAFFOLD,adam,0.0003,0.01,20,stratified,project_tss,raw,mlp,True,,4,0.3199999928474426,0.28152969894222946,0.1111111111111111,0.04881834215167549,0.18691588785046728,0.18691588785046728,100.0,1,0.28152969894222946,0.1111111111111111,0.04881834215167549,0,0.0,0.0,0.0
legacy_droplast,ResNet50,5b1706129412,fl,FedAvg,adam,0.0003,0.01,20,stratified,project_tss,raw,mlp,True,,2,0.42000001668930054,0.39625711960943855,0.18973734915322987,0.11881469125238933,0.2925612757771483,0.2925612757771483,100.0,26,0.39869812855980474,0.19140401581989655,0.11963174872265782,12,-0.2441008950366197,0.0,0.0
legacy_droplast,ResNet50,b0009dda0be9,fl,FedAvg,adam,0.0003,0.01,20,stratified,project_tss,raw,mlp,True,,1,0.3199999928474426,0.28152969894222946,0.1111111111111111,0.04881834215167549,0.18691588785046728,0.18691588785046728,100.0,2,0.28152969894222946,0.1111111111111111,0.04881834215167549,0,0.0,0.0,0.0
legacy_droplast,ResNet50,c8b5d42750c8,fl,FedAvg,adam,0.0003,0.01,20,stratified,project_tss,raw,mlp,True,,4,0.40666666626930237,0.3856794141578519,0.18456647398843928,0.11332908805710257,0.278845959544652,0.278845959544652,119.0,69,0.38323840520748575,0.18477520873474632,0.11320237384024738,27,0.24410089503661414,0.0,0.0
legacy_droplast,UNI_v2,02b338f7085d,fl,SCAFFOLD,adam,0.0003,0.01,20,stratified,project_tss,raw,mlp,True,,0,0.35333335399627686,0.31733116354759966,0.1461339282696143,0.09464587259636957,0.22247454665307084,0.22247454665307084,100.0,19,0.3148901545972335,0.14540496230943448,0.09412898144080221,6,0.24410089503661414,0.0,0.0
legacy_droplast,UNI_v2,15d532cb3338,fl,FedAvg,adam,0.0003,0.01,20,stratified,project_tss,raw,mlp,True,,4,0.6200000047683716,0.5882831570382425,0.34706968851772463,0.29266453891863864,0.4329687302428736,0.4329687302428736,162.0,112,0.5882831570382425,0.34706968851772463,0.29266453891863864,0,0.0,0.0,0.0
legacy_droplast,UNI_v2,3eb750c0e8e6,fl,SCAFFOLD,adam,0.0003,0.01,20,stratified,project_tss,raw,mlp,True,,3,0.3199999928474426,0.28152969894222946,0.1111111111111111,0.04881834215167549,0.18691588785046728,0.18691588785046728,100.0,2,0.28152969894222946,0.1111111111111111,0.04881834215167549,0,0.0,0.0,0.0
legacy_droplast,UNI_v2,55ab08855476,fl,FedAvg,adam,0.0003,0.01,20,stratified,project_tss,raw,mlp,True,,2,0.6222222447395325,0.5907241659886087,0.3511936528432231,0.298264101861453,0.42979702309920376,0.42979702309920376,129.0,79,0.5907241659886087,0.3511936528432231,0.29840652200659357,1,0.0,0.0,0.0
legacy_droplast,UNI_v2,55e0a062096a,fl,SCAFFOLD,adam,0.0003,0.01,20,stratified,project_tss,raw,mlp,True,,4,0.5822222232818604,0.5687550854353133,0.31764273400263665,0.2546269517570964,0.4169943825512723,0.4169943825512723,119.0,69,0.5687550854353133,0.31764273400263665,0.25449796509384204,2,0.0,0.0,0.0
legacy_droplast,UNI_v2,72e54c2e6913,fl,FedAvg,adam,0.0003,0.01,20,stratified,project_tss,raw,mlp,True,,1,0.6111111044883728,0.5882831570382425,0.3563462226732756,0.3152260312436488,0.4330397136356996,0.4330397136356996,126.0,76,0.5882831570382425,0.3563462226732756,0.3152260312436488,0,0.0,0.0,0.0
legacy_droplast,UNI_v2,9e3424fcc132,fl,FedAvg,adam,0.0003,0.01,20,stratified,project_tss,raw,mlp,True,,3,0.6244444847106934,0.5939788445890968,0.35221621247812795,0.30446863567554483,0.4370737561158122,0.4370737561158122,145.0,95,0.5939788445890968,0.35221621247812795,0.30446863567554483,0,0.0,0.0,0.0
legacy_droplast,UNI_v2,b8917c2ba3e2,fl,SCAFFOLD,adam,0.0003,0.01,20,stratified,project_tss,raw,mlp,True,,1,0.3199999928474426,0.28152969894222946,0.1111111111111111,0.04881834215167549,0.18691588785046728,0.18691588785046728,100.0,3,0.28152969894222946,0.1111111111111111,0.04881834215167549,0,0.0,0.0,0.0
legacy_droplast,UNI_v2,bacc1893672a,fl,SCAFFOLD,adam,0.0003,0.01,20,stratified,project_tss,raw,mlp,True,,2,0.25111111998558044,0.2693246541903987,0.2222222222222222,0.10359043601728252,0.2336448598130841,0.2336448598130841,100.0,24,0.2693246541903987,0.2222222222222222,0.10359043601728252,0,0.0,0.0,0.0
legacy_droplast,UNI_v2,d01e3081b9a8,fl,FedAvg,adam,0.0003,0.01,20,stratified,project_tss,raw,mlp,True,,0,0.6355555653572083,0.5947925142392189,0.3593866706507993,0.3075369201313283,0.4350447916569412,0.4350447916569412,230.0,180,0.5947925142392189,0.3593866706507993,0.3075369201313283,0,0.0,0.0,0.0
legacy_droplast,Virchow2,5ec4f10c3f23,fl,SCAFFOLD,adam,0.0003,0.01,20,stratified,project_tss,raw,mlp,True,,1,0.4511111080646515,0.40520748576078114,0.20158198965622148,0.12157472157472154,0.2742713647562625,0.2742713647562625,100.0,2,0.40520748576078114,0.20158198965622148,0.12152014543388516,3,0.0,0.0,0.0
legacy_droplast,Virchow2,5f48cd2b6a42,fl,SCAFFOLD,adam,0.0003,0.01,20,stratified,project_tss,raw,mlp,True,,3,0.5644444823265076,0.5581773799837266,0.3082234729405402,0.24971853872862873,0.4122958768341918,0.4122958768341918,216.0,166,0.5581773799837266,0.3082234729405402,0.24971853872862873,0,0.0,0.0,0.0
legacy_droplast,Virchow2,6a47434f8edf,fl,SCAFFOLD,adam,0.0003,0.01,20,stratified,project_tss,raw,mlp,True,,4,0.5444444417953491,0.5142392188771359,0.2757622621099956,0.23297373465885743,0.3595920601913545,0.3595920601913545,100.0,16,0.51586655817738,0.2768733732211067,0.23391482063030683,2,-0.16273393002441683,0.0,0.0
legacy_droplast,Virchow2,6eb06ae7d129,fl,FedAvg,adam,0.0003,0.01,20,stratified,project_tss,raw,mlp,True,,0,0.7177777886390686,0.6859235150528885,0.47385080244748917,0.4174671318987973,0.5542472400981815,0.5542472400981815,251.0,201,0.6859235150528885,0.47385080244748917,0.4174671318987973,0,0.0,0.0,0.0
legacy_droplast,Virchow2,75edbaf1bfce,fl,FedAvg,adam,0.0003,0.01,20,stratified,project_tss,raw,mlp,True,,4,0.742222249507904,0.708706265256306,0.5577388458165932,0.5167222219334491,0.6002136237236253,0.6002136237236253,296.0,246,0.708706265256306,0.5577388458165932,0.5167222219334491,0,0.0,0.0,0.0
legacy_droplast,Virchow2,777ed4d2a960,fl,FedAvg,adam,0.0003,0.01,20,stratified,project_tss,raw,mlp,True,,1,0.6288889050483704,0.5728234336859235,0.34148872895589666,0.3020997304941764,0.4107909718366173,0.4107909718366173,119.0,69,0.5728234336859235,0.34148872895589666,0.3020997304941764,0,0.0,0.0,0.0
legacy_droplast,Virchow2,77b5727227f7,fl,FedAvg,adam,0.0003,0.01,20,stratified,project_tss,raw,mlp,True,,3,0.6977778077125549,0.6411716842961758,0.4344148851392283,0.3679934354019429,0.5182830006038729,0.5182830006038729,298.0,248,0.6411716842961758,0.4344148851392283,0.3679934354019429,0,0.0,0.0,0.0
legacy_droplast,Virchow2,78d8cf735993,fl,FedAvg,adam,0.0003,0.01,20,stratified,project_tss,raw,mlp,True,,2,0.6755555868148804,0.6582587469487388,0.44082084023481954,0.36328252018219964,0.5447456522087432,0.5447456522087432,147.0,97,0.6582587469487388,0.44082084023481954,0.36328252018219964,0,0.0,0.0,0.0
legacy_droplast,Virchow2,89b25b39c666,fl,SCAFFOLD,adam,0.0003,0.01,20,stratified,project_tss,raw,mlp,True,,2,0.5244444608688354,0.4955248169243287,0.28684169498007034,0.2235197687080864,0.38205506551653046,0.38205506551653046,119.0,69,0.4947111472742067,0.28652056460113645,0.223254885035733,1,0.08136696501220286,0.0,0.0
legacy_droplast,Virchow2,fcccefe66ef2,fl,SCAFFOLD,adam,0.0003,0.01,20,stratified,project_tss,raw,mlp,True,,0,0.46666666865348816,0.45565500406834825,0.2307309941520468,0.1899131574555585,0.33400169631592946,0.33400169631592946,102.0,52,0.45565500406834825,0.2307309941520468,0.1899131574555585,0,0.0,0.0,0.0
linear,CTransPath,0611a323173c,central,central-tuned,adam,0.0001,,-1,,project_tss,raw,linear,False,tuned,2,0.9755555987358093,0.9462978030919447,0.9405683376089221,0.9379211110643778,0.9341893183268641,,,147,0.9462978030919447,0.9405683376089221,0.9379211110643778,0,0.0,0.9916666666666667,0.9512195121951219
linear,CTransPath,0b050ddfc458,central,central-tuned,adam,0.0003,,-1,,project_tss,raw,linear,False,tuned,0,0.9755555987358093,0.9528071602929211,0.9466088878776746,0.9434218129699872,0.9396349815674615,,,139,0.9528071602929211,0.9466088878776746,0.9434218129699872,0,0.0,0.9916666666666667,0.9512195121951219
linear,CTransPath,27563809c2f2,central,central-tuned,adam,0.0001,,-1,,project_tss,raw,linear,False,tuned,3,0.9755555987358093,0.9454841334418226,0.9378583105086512,0.9349138753115019,0.9317157246538934,,,181,0.9454841334418226,0.9378583105086512,0.9349138753115019,0,0.0,0.9916666666666667,0.926829268292683
linear,CTransPath,2b3f5a1266d0,central,central-tuned,adam,0.001,,-1,,project_tss,raw,linear,False,tuned,2,0.9733333587646484,0.951993490642799,0.9465508547541535,0.9415596960834302,0.9403151065077111,,,62,0.951993490642799,0.9465508547541535,0.9415596960834302,0,0.0,0.9916666666666667,0.9512195121951219
linear,CTransPath,4160e3c9cd0e,central,central-tuned,adam,0.0003,,-1,,project_tss,raw,linear,False,tuned,2,0.9755555987358093,0.9471114727420668,0.9359223779225532,0.9345246268021887,0.9339772955359437,,,70,0.9471114727420668,0.9359223779225532,0.9345246268021887,0,0.0,0.9916666666666667,0.8780487804878049
linear,CTransPath,4f406b2e0256,central,central-tuned,adam,0.0001,,-1,,project_tss,raw,linear,False,tuned,4,0.9755555987358093,0.9454841334418226,0.9400293921749383,0.9378534932352012,0.9338765830063406,,,154,0.9454841334418226,0.9400293921749383,0.9378534932352012,0,0.0,0.9916666666666667,0.9512195121951219
linear,CTransPath,5563a692faa5,fl,FedAvg,adam,0.0003,0.01,20,stratified,project_tss,raw,linear,False,,4,0.59333336353302,0.5752644426362896,0.3178095527836933,0.2511842587079578,0.4227043637067329,0.4227043637067329,116.0,66,0.5752644426362896,0.3178095527836933,0.2511842587079578,0,0.0,0.0,0.0
linear,CTransPath,67b08feb13e2,central,central-tuned,adam,0.0003,,-1,,project_tss,raw,linear,False,tuned,3,0.9755555987358093,0.9422294548413345,0.9310052845657761,0.9295594314080243,0.9282662694131609,,,60,0.9422294548413345,0.9310052845657761,0.9295594314080243,0,0.0,0.9916666666666667,0.8780487804878049
linear,CTransPath,7f5151216f86,central,central-tuned,adam,0.0003,,-1,,project_tss,raw,linear,False,tuned,4,0.9733333587646484,0.9462978030919447,0.9400868576111687,0.9363611757625111,0.9355291704523047,,,138,0.9462978030919447,0.9400868576111687,0.9363611757625111,0,0.0,0.9916666666666667,0.9512195121951219
linear,CTransPath,82f799fdd8d9,fl,FedAvg,adam,0.0003,0.01,20,stratified,project_tss,raw,linear,False,,2,0.5600000023841858,0.5183075671277462,0.28396004462022106,0.23240740740740742,0.36361845691091016,0.36361845691091016,100.0,26,0.5183075671277462,0.28396004462022106,0.23240740740740742,0,0.0,0.0,0.0
linear,CTransPath,8aaa544757f5,central,central-tuned,adam,0.001,,-1,,project_tss,raw,linear,False,tuned,1,0.9733333587646484,0.9446704637917006,0.9290300194509908,0.9248757984428049,0.9328366915916015,,,42,0.9446704637917006,0.9290300194509908,0.9248757984428049,0,0.0,0.9833333333333333,0.8292682926829268
linear,CTransPath,8ae43e0336c1,central,central-tuned,adam,0.001,,-1,,project_tss,raw,linear,False,tuned,3,0.9733333587646484,0.951993490642799,0.9436851336618326,0.939847118477522,0.94118585223827,,,175,0.951993490642799,0.9436851336618326,0.939847118477522,0,0.0,0.9833333333333333,0.9024390243902439
linear,CTransPath,96252b6f6add,central,central-tuned,adam,0.0001,,-1,,project_tss,raw,linear,False,tuned,0,0.9755555987358093,0.9471114727420668,0.9414165140296176,0.9386830534499606,0.9347085291264486,,,154,0.9471114727420668,0.9414165140296176,0.9386830534499606,0,0.0,0.9916666666666667,0.9512195121951219
linear,CTransPath,a77bf1c5cda2,central,central-tuned,adam,0.0003,,-1,,project_tss,raw,linear,False,tuned,1,0.9755555987358093,0.951993490642799,0.9423003911968864,0.9394040143075275,0.938327682947079,,,230,0.951993490642799,0.9423003911968864,0.9394040143075275,0,0.0,0.9916666666666667,0.9024390243902439
linear,CTransPath,b7230dce10a4,fl,FedAvg,adam,0.0003,0.01,20,stratified,project_tss,raw,linear,False,,3,0.6311111450195312,0.5988608624898292,0.35153678110468334,0.30414519178642,0.42788310893259013,0.42788310893259013,164.0,114,0.5988608624898292,0.35153678110468334,0.30424462999457424,1,0.0,0.0,0.0
linear,CTransPath,beb4c8853d43,fl,FedAvg,adam,0.0003,0.01,20,stratified,project_tss,raw,linear,False,,0,0.5777778029441833,0.5370219690805533,0.30591988564713646,0.27440011318844104,0.36585795391397763,0.36585795391397763,147.0,97,0.5378356387306753,0.306475441202692,0.2748162006145345,2,-0.08136696501219731,0.0,0.0
linear,CTransPath,d5d7cfcf7ad4,central,central-tuned,adam,0.001,,-1,,project_tss,raw,linear,False,tuned,4,0.9755555987358093,0.9479251423921887,0.939270998181984,0.9360704735026688,0.9364414980001463,,,141,0.9479251423921887,0.939270998181984,0.9360704735026688,0,0.0,0.9833333333333333,0.926829268292683
linear,CTransPath,d6fda74611a5,central,central-tuned,adam,0.001,,-1,,project_tss,raw,linear,False,tuned,0,0.9733333587646484,0.951993490642799,0.9460240925560373,0.9424487909201843,0.9395530541490856,,,195,0.951993490642799,0.9460240925560373,0.9424487909201843,0,0.0,0.9916666666666667,0.9512195121951219
linear,CTransPath,f29ff004bee4,central,central-tuned,adam,0.0001,,-1,,project_tss,raw,linear,False,tuned,1,0.9755555987358093,0.9462978030919447,0.9405683376089221,0.9379211110643778,0.9338589114544011,,,158,0.9471114727420668,0.9414165140296176,0.9386830534499606,1,-0.08136696501220841,0.9916666666666667,0.9512195121951219
linear,CTransPath,ff18ac15b5ba,fl,FedAvg,adam,0.0003,0.01,20,stratified,project_tss,raw,linear,False,,1,0.5644444823265076,0.5305126118795769,0.28789828617787244,0.22717593773012412,0.3703816538473674,0.3703816538473674,147.0,97,0.5305126118795769,0.28789828617787244,0.22717593773012412,0,0.0,0.0,0.0
linear,Conch_v15,088bb81bee6d,central,central-tuned,adam,0.0001,,-1,,project_tss,raw,linear,False,tuned,3,0.9777777791023254,0.9528071602929211,0.9477637920467933,0.9501781138197022,0.9444812787658289,,,121,0.9528071602929211,0.9477637920467933,0.9501781138197022,0,0.0,0.9916666666666667,1.0
linear,Conch_v15,093acb8fc703,central,central-tuned,adam,0.0001,,-1,,project_tss,raw,linear,False,tuned,0,0.9755555987358093,0.9495524816924329,0.9430976426232355,0.9421396959649275,0.9417755684789577,,,49,0.9495524816924329,0.9430976426232355,0.9421396959649275,0,0.0,0.9916666666666667,0.975609756097561
linear,Conch_v15,15c9af5b8d16,fl,FedAvg,adam,0.0003,0.01,20,stratified,project_tss,raw,linear,False,,2,0.5866667032241821,0.5760781122864117,0.3175438596491228,0.2494712302751004,0.4250120723934625,0.4250120723934625,100.0,50,0.5760781122864117,0.3175438596491228,0.2494712302751004,0,0.0,0.0,0.0
linear,Conch_v15,28dd3f45b116,fl,FedAvg,adam,0.0003,0.01,20,stratified,project_tss,raw,linear,False,,1,0.6311111450195312,0.6004882017900732,0.3451847112523104,0.2975175394526517,0.4432697629482778,0.4432697629482778,136.0,86,0.6004882017900732,0.3451847112523104,0.2975175394526517,0,0.0,0.0,0.0
linear,Conch_v15,3238c12e221d,central,central-tuned,adam,0.0001,,-1,,project_tss,raw,linear,False,tuned,2,0.9755555987358093,0.9487388120423108,0.9411342970656241,0.9416175627786837,0.9431823541413591,,,57,0.9487388120423108,0.9411342970656241,0.9416175627786837,0,0.0,0.9916666666666667,0.975609756097561
linear,Conch_v15,324bb6aec9a6,central,central-tuned,adam,0.0001,,-1,,project_tss,raw,linear,False,tuned,1,0.9755555987358093,0.9495524816924329,0.9442936207024264,0.942093795210535,0.9420114974798481,,,93,0.9495524816924329,0.9442936207024264,0.942093795210535,0,0.0,0.9833333333333333,1.0
linear,Conch_v15,4c9814709e03,central,central-tuned,adam,0.0003,,-1,,project_tss,raw,linear,False,tuned,1,0.9800000190734863,0.9495524816924329,0.9401595801268114,0.9416973754690159,0.936094582100316,,,83,0.9495524816924329,0.9401595801268114,0.9416973754690159,0,0.0,0.9916666666666667,0.926829268292683
linear,Conch_v15,6a78e5e12c36,central,central-tuned,adam,0.0003,,-1,,project_tss,raw,linear,False,tuned,0,0.9777777791023254,0.9536208299430431,0.944731812950326,0.9468372466652273,0.9464457473190825,,,159,0.9536208299430431,0.944731812950326,0.9468372466652273,0,0.0,0.9916666666666667,0.9512195121951219
linear,Conch_v15,6f16aae5d3d7,central,central-tuned,adam,0.0003,,-1,,project_tss,raw,linear,False,tuned,3,0.9777777791023254,0.9487388120423108,0.9372752569164565,0.939596171956337,0.9363081564571926,,,149,0.9487388120423108,0.9372752569164565,0.939596171956337,0,0.0,0.9916666666666667,0.975609756097561
linear,Conch_v15,7dc4c13b5312,central,central-tuned,adam,0.001,,-1,,project_tss,raw,linear,False,tuned,0,0.9733333587646484,0.9446704637917006,0.9327762309705635,0.9313015875281714,0.9358188482576041,,,19,0.9446704637917006,0.9327762309705635,0.9313015875281714,0,0.0,0.9833333333333333,0.926829268292683
linear,Conch_v15,8b94f3bc93ba,fl,FedAvg,adam,0.0003,0.01,20,stratified,project_tss,raw,linear,False,,4,0.5888888835906982,0.5760781122864117,0.3215875671838556,0.25213546439546286,0.42630869572781843,0.42630869572781843,100.0,36,0.5760781122864117,0.3215875671838556,0.25213546439546286,0,0.0,0.0,0.0
linear,Conch_v15,b0abbd5bfeaa,central,central-tuned,adam,0.001,,-1,,project_tss,raw,linear,False,tuned,2,0.9733333587646484,0.9462978030919447,0.9381510644890323,0.9371439886788401,0.9410779580393724,,,43,0.9462978030919447,0.9381510644890323,0.9371439886788401,0,0.0,0.9916666666666667,0.926829268292683
linear,Conch_v15,b6c79b60aa41,central,central-tuned,adam,0.001,,-1,,project_tss,raw,linear,False,tuned,3,0.9733333587646484,0.9471114727420668,0.9328015163274552,0.9364617974549088,0.9300290849399674,,,83,0.9471114727420668,0.9328015163274552,0.9364617974549088,0,0.0,0.9916666666666667,0.926829268292683
linear,Conch_v15,be21289dd2a0,central,central-tuned,adam,0.001,,-1,,project_tss,raw,linear,False,tuned,4,0.9733333587646484,0.9479251423921887,0.9369904353194093,0.9406054449765144,0.9418890107652973,,,16,0.9479251423921887,0.9369904353194093,0.9406054449765144,0,0.0,0.9916666666666667,0.926829268292683
linear,Conch_v15,c929849fdb4a,central,central-tuned,adam,0.001,,-1,,project_tss,raw,linear,False,tuned,1,0.9733333587646484,0.9438567941415785,0.928491015465554,0.9315562418124633,0.9306447129432818,,,89,0.9438567941415785,0.928491015465554,0.9315562418124633,0,0.0,0.9916666666666667,0.9024390243902439
linear,Conch_v15,d0d1409b2cce,fl,FedAvg,adam,0.0003,0.01,20,stratified,project_tss,raw,linear,False,,3,0.6466667056083679,0.6069975589910497,0.34825348682565527,0.29749348169545925,0.4453040859123286,0.4453040859123286,149.0,99,0.6069975589910497,0.34825348682565527,0.29749348169545925,0,0.0,0.0,0.0
linear,Conch_v15,d261b72df5b9,central,central-tuned,adam,0.0003,,-1,,project_tss,raw,linear,False,tuned,4,0.9777777791023254,0.951993490642799,0.9414024310593463,0.9425590580992568,0.9366168743405128,,,146,0.951993490642799,0.9414024310593463,0.9425590580992568,0,0.0,0.9916666666666667,0.926829268292683
linear,Conch_v15,df8e60e8a347,central,central-tuned,adam,0.0003,,-1,,project_tss,raw,linear,False,tuned,2,0.9800000190734863,0.9487388120423108,0.9310237737258922,0.9368991491123819,0.935103986795079,,,163,0.9487388120423108,0.9310237737258922,0.9368991491123819,0,0.0,0.9916666666666667,0.975609756097561
linear,Conch_v15,e27b6f0fafc7,fl,FedAvg,adam,0.0003,0.01,20,stratified,project_tss,raw,linear,False,,0,0.648888885974884,0.613506916192026,0.3669495878203208,0.3104085928674572,0.45131132978598604,0.45131132978598604,159.0,109,0.613506916192026,0.3669495878203208,0.3104085928674572,0,0.0,0.0,0.0
linear,Conch_v15,ea15ee32ccb9,central,central-tuned,adam,0.0001,,-1,,project_tss,raw,linear,False,tuned,4,0.9755555987358093,0.951993490642799,0.9445267189047607,0.9479514306255533,0.9418687044242826,,,87,0.951993490642799,0.9445267189047607,0.9479514306255533,0,0.0,0.9916666666666667,0.975609756097561
linear,Midnight12k,017c3546a57e,central,central-tuned,adam,0.0003,,-1,,project_tss,raw,linear,False,tuned,4,0.9866666793823242,0.9576891781936534,0.9466695605125176,0.9505501979466917,0.9473135797512745,,,124,0.9576891781936534,0.9466695605125176,0.9505501979466917,0,0.0,0.9916666666666667,0.9512195121951219
linear,Midnight12k,125dfb33e8ea,central,central-tuned,adam,0.0003,,-1,,project_tss,raw,linear,False,tuned,2,0.9888889193534851,0.9568755085435313,0.9433869213264767,0.94787903652325,0.9469371519215757,,,210,0.9568755085435313,0.9433869213264767,0.94787903652325,0,0.0,0.9916666666666667,0.926829268292683
linear,Midnight12k,17db9b004ed8,fl,FedAvg,adam,0.0003,0.01,20,stratified,project_tss,raw,linear,False,,1,0.5711111426353455,0.5606183889340928,0.3101250718317953,0.25048141513489686,0.41606208549723916,0.41606208549723916,135.0,85,0.5606183889340928,0.3101250718317953,0.25048141513489686,0,0.0,0.0,0.0
linear,Midnight12k,32e0661013a5,fl,FedAvg,adam,0.0003,0.01,20,stratified,project_tss,raw,linear,False,,3,0.5822222232818604,0.565500406834825,0.3112023797451239,0.24856471640826547,0.41684583031257827,0.41684583031257827,149.0,99,0.5663140764849471,0.3117871750667613,0.24891214507086368,1,-0.08136696501220841,0.0,0.0
linear,Midnight12k,3465422ae971,central,central-tuned,adam,0.001,,-1,,project_tss,raw,linear,False,tuned,3,0.9844444394111633,0.9536208299430431,0.943745867747976,0.9468526351405561,0.9405479848558543,,,43,0.9536208299430431,0.943745867747976,0.9468526351405561,0,0.0,0.9916666666666667,0.9512195121951219
linear,Midnight12k,37b74efd839b,fl,FedAvg,adam,0.0003,0.01,20,stratified,project_tss,raw,linear,False,,4,0.5733333230018616,0.5630593978844589,0.31504343710915056,0.25355879972209233,0.41811384516068856,0.41811384516068856,100.0,36,0.5630593978844589,0.31504343710915056,0.25355879972209233,0,0.0,0.0,0.0
linear,Midnight12k,4112b5b91b0d,central,central-tuned,adam,0.0003,,-1,,project_tss,raw,linear,False,tuned,3,0.9866666793823242,0.9560618388934092,0.9433750219342547,0.9478647117797245,0.9462239202442516,,,177,0.9560618388934092,0.9433750219342547,0.9478647117797245,0,0.0,0.9916666666666667,0.926829268292683
linear,Midnight12k,5d484a204177,central,central-tuned,adam,0.001,,-1,,project_tss,raw,linear,False,tuned,0,0.9866666793823242,0.9560618388934092,0.9452368726138302,0.9482193216456621,0.9436741117426478,,,127,0.9560618388934092,0.9452368726138302,0.9482193216456621,0,0.0,0.9916666666666667,0.9512195121951219
linear,Midnight12k,617c141cff1c,central,central-tuned,adam,0.0001,,-1,,project_tss,raw,linear,False,tuned,2,0.9866666793823242,0.9552481692432873,0.9451785556466634,0.9475079510597647,0.9440191097122563,,,165,0.9552481692432873,0.9451785556466634,0.9475079510597647,0,0.0,0.9916666666666667,0.9512195121951219
linear,Midnight12k,75c2f3499db2,central,central-tuned,adam,0.0001,,-1,,project_tss,raw,linear,False,tuned,4,0.9866666793823242,0.9528071602929211,0.9410358406477051,0.9443596303003401,0.943916954930432,,,171,0.9528071602929211,0.9410358406477051,0.9443596303003401,0,0.0,0.9916666666666667,0.926829268292683
linear,Midnight12k,904f0c3218dc,central,central-tuned,adam,0.0003,,-1,,project_tss,raw,linear,False,tuned,0,0.9888889193534851,0.9544344995931652,0.9414150041501601,0.9454410767075044,0.9424763868299696,,,113,0.9544344995931652,0.9414150041501601,0.9454410767075044,0,0.0,0.9916666666666667,0.926829268292683
linear,Midnight12k,a7b45154215c,central,central-tuned,adam,0.0001,,-1,,project_tss,raw,linear,False,tuned,3,0.9888889193534851,0.9568755085435313,0.9460850490345256,0.9490272844665562,0.9471009030199062,,,272,0.9568755085435313,0.9460850490345256,0.9490272844665562,0,0.0,0.9916666666666667,0.9512195121951219
linear,Midnight12k,aff607458f59,central,central-tuned,adam,0.001,,-1,,project_tss,raw,linear,False,tuned,2,0.9844444394111633,0.9544344995931652,0.9388075718520891,0.9435069416732811,0.9413180613602816,,,192,0.9544344995931652,0.9388075718520891,0.9435069416732811,0,0.0,0.9916666666666667,0.926829268292683
linear,Midnight12k,b60e414de845,fl,FedAvg,adam,0.0003,0.01,20,stratified,project_tss,raw,linear,False,,0,0.7688888907432556,0.7314890154597233,0.5463784410773707,0.5549943374402215,0.6280612126816422,0.6280612126816422,311.0,261,0.7314890154597233,0.5463784410773707,0.5549943374402215,0,0.0,0.7083333333333334,0.0
linear,Midnight12k,ca1bdddc5d8d,central,central-tuned,adam,0.001,,-1,,project_tss,raw,linear,False,tuned,1,0.9866666793823242,0.9552481692432873,0.9440017157011924,0.9437100534256343,0.9440805852281007,,,199,0.9552481692432873,0.9440017157011924,0.9437100534256343,0,0.0,0.9833333333333333,0.9512195121951219
linear,Midnight12k,cba6307ef031,central,central-tuned,adam,0.0001,,-1,,project_tss,raw,linear,False,tuned,0,0.9866666793823242,0.9528071602929211,0.9412992217467632,0.9446793141571361,0.9423855452993339,,,165,0.9528071602929211,0.9412992217467632,0.9446793141571361,0,0.0,0.9916666666666667,0.926829268292683
linear,Midnight12k,d5339988e26c,central,central-tuned,adam,0.001,,-1,,project_tss,raw,linear,False,tuned,4,0.9888889193534851,0.9528071602929211,0.9405846734603495,0.9458891512697044,0.9447542017957161,,,205,0.9528071602929211,0.9405846734603495,0.9458891512697044,0,0.0,0.9833333333333333,0.926829268292683
linear,Midnight12k,d941b8f291df,central,central-tuned,adam,0.0003,,-1,,project_tss,raw,linear,False,tuned,1,0.9866666793823242,0.9544344995931652,0.9451213740540787,0.9468036696419294,0.9467490227096222,,,105,0.9544344995931652,0.9451213740540787,0.9468036696419294,0,0.0,0.9916666666666667,0.9512195121951219
linear,Midnight12k,df75357ef6d2,central,central-tuned,adam,0.0001,,-1,,project_tss,raw,linear,False,tuned,1,0.9866666793823242,0.9528071602929211,0.9426343102282223,0.9454186554502848,0.9411328750435483,,,176,0.9528071602929211,0.9426343102282223,0.9454186554502848,0,0.0,0.9916666666666667,0.9512195121951219
linear,Midnight12k,f7b7b3c043a7,fl,FedAvg,adam,0.0003,0.01,20,stratified,project_tss,raw,linear,False,,2,0.6066666841506958,0.5768917819365338,0.3471084022105743,0.30210249862383054,0.4299132434015478,0.4299132434015478,165.0,115,0.5768917819365338,0.3471084022105743,0.3021875710128781,1,0.0,0.0,0.0
linear,Phikon_v2,0335dd3d99af,central,central-tuned,adam,0.001,,-1,,project_tss,raw,linear,False,tuned,4,0.991111159324646,0.96826688364524,0.9625824563294176,0.9643954939411875,0.9625582880255776,,,22,0.96826688364524,0.9625824563294176,0.9643954939411875,0,0.0,1.0,0.975609756097561
linear,Phikon_v2,07181901e095,central,central-tuned,adam,0.0003,,-1,,project_tss,raw,linear,False,tuned,1,0.9933333396911621,0.9666395443449959,0.960622722388969,0.9628550950453965,0.9591385768955862,,,54,0.9666395443449959,0.960622722388969,0.9628550950453965,0,0.0,1.0,0.975609756097561
linear,Phikon_v2,24faf8c80554,central,central-tuned,adam,0.0001,,-1,,project_tss,raw,linear,False,tuned,4,0.9933333396911621,0.9650122050447518,0.9602545654614505,0.9617015256210311,0.956205035877933,,,53,0.9650122050447518,0.9602545654614505,0.9617015256210311,0,0.0,1.0,0.975609756097561
linear,Phikon_v2,338f9515d443,fl,FedAvg,adam,0.0003,0.01,20,stratified,project_tss,raw,linear,False,,4,0.5577777624130249,0.5231895850284785,0.28327941723287026,0.22441884519444155,0.36580784910671027,0.36580784910671027,108.0,58,0.5231895850284785,0.28327941723287026,0.2243718497219903,2,0.0,0.0,0.0
linear,Phikon_v2,396fd4b64003,central,central-tuned,adam,0.001,,-1,,project_tss,raw,linear,False,tuned,2,0.991111159324646,0.9641985353946297,0.9577579555652334,0.9600456153322653,0.9544989826142475,,,7,0.9641985353946297,0.9577579555652334,0.9600456153322653,0,0.0,1.0,0.975609756097561
linear,Phikon_v2,49505d526eb8,central,central-tuned,adam,0.0003,,-1,,project_tss,raw,linear,False,tuned,4,0.9933333396911621,0.96826688364524,0.9625824563294176,0.96429555843669,0.9619033744033744,,,189,0.96826688364524,0.9625824563294176,0.96429555843669,0,0.0,1.0,0.975609756097561
linear,Phikon_v2,5ec6c4bf7ffc,central,central-tuned,adam,0.0001,,-1,,project_tss,raw,linear,False,tuned,0,0.991111159324646,0.96826688364524,0.9641635944547029,0.964594161571582,0.963828353573376,,,33,0.96826688364524,0.9641635944547029,0.964594161571582,0,0.0,1.0,0.975609756097561
linear,Phikon_v2,75f57548c49a,central,central-tuned,adam,0.0003,,-1,,project_tss,raw,linear,False,tuned,0,0.9933333396911621,0.9690805532953621,0.9634306327501135,0.9650688269183907,0.962752992075422,,,92,0.9690805532953621,0.9634306327501135,0.9650688269183907,0,0.0,1.0,0.975609756097561
linear,Phikon_v2,89538393c88a,fl,FedAvg,adam,0.0003,0.01,20,stratified,project_tss,raw,linear,False,,2,0.4866666793823242,0.4613506916192026,0.24140772772066071,0.18235742720207992,0.3127185285750987,0.3127185285750987,100.0,29,0.4613506916192026,0.24140772772066071,0.18235742720207992,0,0.0,0.0,0.0
linear,Phikon_v2,ab05546ef37f,central,central-tuned,adam,0.0003,,-1,,project_tss,raw,linear,False,tuned,3,0.9933333396911621,0.96826688364524,0.9625824563294176,0.96429555843669,0.9619033744033744,,,100,0.96826688364524,0.9625824563294176,0.96429555843669,0,0.0,1.0,0.975609756097561
linear,Phikon_v2,b008e1bfa119,fl,FedAvg,adam,0.0003,0.01,20,stratified,project_tss,raw,linear,False,,3,0.648888885974884,0.6021155410903173,0.35776724588833125,0.3119569819937021,0.42209290583160664,0.42209290583160664,216.0,166,0.6021155410903173,0.35776724588833125,0.3119569819937021,0,0.0,0.0,0.0
linear,Phikon_v2,e9cce69cf244,central,central-tuned,adam,0.0001,,-1,,project_tss,raw,linear,False,tuned,2,0.9933333396911621,0.9698942229454841,0.9656528549723357,0.9665748192996951,0.9670943023746761,,,41,0.9698942229454841,0.9656528549723357,0.9665748192996951,0,0.0,1.0,0.975609756097561
linear,Phikon_v2,eb12bab0c40a,central,central-tuned,adam,0.0001,,-1,,project_tss,raw,linear,False,tuned,3,0.9933333396911621,0.9690805532953621,0.9648046785516401,0.9659019437248665,0.9636486307047054,,,53,0.9690805532953621,0.9648046785516401,0.9659019437248665,0,0.0,1.0,0.975609756097561
linear,Phikon_v2,eb1b5abb0464,central,central-tuned,adam,0.001,,-1,,project_tss,raw,linear,False,tuned,1,0.9933333396911621,0.9690805532953621,0.9634306327501135,0.9651700666185037,0.9648947366237085,,,38,0.9690805532953621,0.9634306327501135,0.9651700666185037,0,0.0,1.0,0.975609756097561
linear,Phikon_v2,ee7d263c8ae1,fl,FedAvg,adam,0.0003,0.01,20,stratified,project_tss,raw,linear,False,,0,0.5444444417953491,0.47192839707078926,0.2705463628920365,0.20429188607305912,0.3246260543104423,0.3246260543104423,154.0,104,0.47192839707078926,0.2705463628920365,0.20429188607305912,0,0.0,0.0,0.0
linear,Phikon_v2,f189e9542021,central,central-tuned,adam,0.0001,,-1,,project_tss,raw,linear,False,tuned,1,0.9933333396911621,0.9690805532953621,0.9648046785516401,0.9659019437248665,0.9639790375771684,,,46,0.9690805532953621,0.9648046785516401,0.9659019437248665,0,0.0,1.0,0.975609756097561
linear,Phikon_v2,f22532d6e8ec,central,central-tuned,adam,0.001,,-1,,project_tss,raw,linear,False,tuned,0,0.995555579662323,0.9690805532953621,0.9629652314490352,0.9654470165862461,0.9641749216515572,,,71,0.9690805532953621,0.9629652314490352,0.9654470165862461,0,0.0,1.0,0.975609756097561
linear,Phikon_v2,f7dad702ec03,central,central-tuned,adam,0.001,,-1,,project_tss,raw,linear,False,tuned,3,0.9933333396911621,0.967453213995118,0.9614708988096644,0.963541503589894,0.9626821906027514,,,31,0.967453213995118,0.9614708988096644,0.963541503589894,0,0.0,1.0,0.975609756097561
linear,Phikon_v2,fc13b329a143,fl,FedAvg,adam,0.0003,0.01,20,stratified,project_tss,raw,linear,False,,1,0.5266667008399963,0.5085435313262815,0.2712285772234053,0.22373561081323146,0.34227580379717654,0.34227580379717654,146.0,96,0.5085435313262815,0.2712285772234053,0.22373561081323146,0,0.0,0.0,0.0
linear,Phikon_v2,fe2f9184f912,central,central-tuned,adam,0.0003,,-1,,project_tss,raw,linear,False,tuned,2,0.991111159324646,0.9707078925956062,0.9653903666905624,0.9664688904824708,0.9660239451906119,,,24,0.9707078925956062,0.9653903666905624,0.9664688904824708,0,0.0,1.0,0.975609756097561
linear,ResNet50,1f997d50d06d,central,central-tuned,adam,0.001,,-1,,project_tss,raw,linear,False,tuned,2,0.9622222185134888,0.9251423921887714,0.914084145674041,0.9116141029279954,0.9134780914480233,,,274,0.9251423921887714,0.914084145674041,0.9116141029279954,0,0.0,0.9583333333333334,0.9024390243902439
linear,ResNet50,21f895971075,fl,FedAvg,adam,0.0003,0.01,20,stratified,project_tss,raw,linear,False,,2,0.1599999964237213,0.15459723352318958,0.1111111111111111,0.02975491347584371,0.11214953271028037,0.11214953271028037,100.0,1,0.15459723352318958,0.1111111111111111,0.02975491347584371,0,0.0,0.0,0.0
linear,ResNet50,2bd50889cc2a,fl,FedAvg,adam,0.0003,0.01,20,stratified,project_tss,raw,linear,False,,1,0.3199999928474426,0.2823433685923515,0.11195957137545211,0.051334320052754207,0.18659689559451334,0.18659689559451334,100.0,8,0.2823433685923515,0.11195957137545211,0.051334320052754207,0,0.0,0.0,0.0
linear,ResNet50,4e105c244be1,fl,FedAvg,adam,0.0003,0.01,20,stratified,project_tss,raw,linear,False,,3,0.3377777934074402,0.2839707078925956,0.12288476489875944,0.074783719763785,0.19472050427266765,0.19472050427266765,108.0,58,0.2839707078925956,0.12367575972687016,0.07579028151085357,10,0.0,0.0,0.0
linear,ResNet50,5051cdb6e18d,fl,FedAvg,adam,0.0003,0.01,20,stratified,project_tss,raw,linear,False,,0,0.3311111330986023,0.2855980471928397,0.1208864024185543,0.06815842520310293,0.20038631903718584,0.20038631903718584,151.0,101,0.2855980471928397,0.12141344846031596,0.06886813218484161,4,0.0,0.0,0.0
linear,ResNet50,5dba5d3ac144,central,central-tuned,adam,0.0003,,-1,,project_tss,raw,linear,False,tuned,0,0.9466667175292969,0.9023596419853539,0.8917380436460438,0.881145323575456,0.8858438968563134,,,232,0.9023596419853539,0.8917380436460438,0.881145323575456,0,0.0,0.95,0.9024390243902439
linear,ResNet50,6598679698f5,central,central-tuned,adam,0.001,,-1,,project_tss,raw,linear,False,tuned,1,0.9600000381469727,0.9243287225386493,0.9111882031362968,0.9119172353752707,0.9105674588767906,,,267,0.9243287225386493,0.9111882031362968,0.9119172353752707,0,0.0,0.9666666666666667,0.8780487804878049
linear,ResNet50,757080aaae5d,central,central-tuned,adam,0.001,,-1,,project_tss,raw,linear,False,tuned,4,0.9555555582046509,0.9259560618388935,0.9128973982658207,0.9124296028427727,0.9147408969020896,,,246,0.9251423921887714,0.9125762678868868,0.9119040085651267,1,0.08136696501220841,0.975,0.9024390243902439
linear,ResNet50,7f11ebb338d8,central,central-tuned,adam,0.0003,,-1,,project_tss,raw,linear,False,tuned,1,0.944444477558136,0.9072416598860863,0.8999895310799589,0.8900510155673843,0.8922974989799113,,,260,0.9072416598860863,0.8999895310799589,0.8900510155673843,0,0.0,0.9666666666666667,0.926829268292683
linear,ResNet50,88b3aa276964,central,central-tuned,adam,0.001,,-1,,project_tss,raw,linear,False,tuned,3,0.9577777981758118,0.9170056956875509,0.9075173086505229,0.9033381290446035,0.9071451802208671,,,254,0.9170056956875509,0.9075173086505229,0.9033381290446035,0,0.0,0.975,0.926829268292683
linear,ResNet50,a153c74efb63,central,central-tuned,adam,0.0001,,-1,,project_tss,raw,linear,False,tuned,3,0.9288889169692993,0.8852725793327909,0.8711848169090691,0.859078596815585,0.8514852885742935,,,285,0.8852725793327909,0.8711848169090691,0.859078596815585,0,0.0,0.925,0.9512195121951219
linear,ResNet50,af06c51460e7,central,central-tuned,adam,0.0001,,-1,,project_tss,raw,linear,False,tuned,1,0.9288889169692993,0.8820179007323027,0.8713059569687915,0.8579280997580137,0.8500529433724779,,,288,0.8820179007323027,0.8713059569687915,0.8579280997580137,0,0.0,0.9333333333333333,0.9512195121951219
linear,ResNet50,b1eb8209850f,central,central-tuned,adam,0.0003,,-1,,project_tss,raw,linear,False,tuned,2,0.9466667175292969,0.9056143205858421,0.8977657843808239,0.8880858413824488,0.8881857539934149,,,233,0.9056143205858421,0.8977657843808239,0.8880858413824488,0,0.0,0.9333333333333333,0.926829268292683
linear,ResNet50,baac5a843189,central,central-tuned,adam,0.0003,,-1,,project_tss,raw,linear,False,tuned,3,0.9466667175292969,0.9064279902359642,0.8982273281255595,0.8883131740226239,0.8883708359288015,,,201,0.9064279902359642,0.8982273281255595,0.8883131740226239,0,0.0,0.9583333333333334,0.926829268292683
linear,ResNet50,bd63df06101a,central,central-tuned,adam,0.0003,,-1,,project_tss,raw,linear,False,tuned,4,0.944444477558136,0.9080553295362083,0.9038605772047994,0.8949951689591286,0.8925961404711572,,,212,0.9080553295362083,0.9038605772047994,0.8949951689591286,0,0.0,0.9666666666666667,0.9512195121951219
linear,ResNet50,dad81c640dd9,central,central-tuned,adam,0.0001,,-1,,project_tss,raw,linear,False,tuned,4,0.9311111569404602,0.8755085435313262,0.8651290976703446,0.8480144677390845,0.8426359718589332,,,284,0.8763222131814483,0.8659772740910401,0.8487908620382812,1,-0.08136696501220841,0.925,0.9512195121951219
linear,ResNet50,e2e16c22719e,fl,FedAvg,adam,0.0003,0.01,20,stratified,project_tss,raw,linear,False,,4,0.1599999964237213,0.15459723352318958,0.1111111111111111,0.02975491347584371,0.11214953271028037,0.11214953271028037,100.0,2,0.15459723352318958,0.1111111111111111,0.02975491347584371,0,0.0,0.0,0.0
linear,ResNet50,ec066a66bbf8,central,central-tuned,adam,0.0001,,-1,,project_tss,raw,linear,False,tuned,2,0.9311111569404602,0.8836452400325467,0.8669048613466903,0.857549235240108,0.8522053192131632,,,289,0.8836452400325467,0.8669048613466903,0.857549235240108,0,0.0,0.9583333333333334,0.8780487804878049
linear,ResNet50,ec2b49a888f8,central,central-tuned,adam,0.001,,-1,,project_tss,raw,linear,False,tuned,0,0.9600000381469727,0.9227013832384052,0.9149951451872921,0.9123220118930219,0.9142857680086788,,,298,0.9227013832384052,0.9149951451872921,0.9123220118930219,0,0.0,0.9916666666666667,0.9024390243902439
linear,ResNet50,f930a9d42476,central,central-tuned,adam,0.0001,,-1,,project_tss,raw,linear,False,tuned,0,0.9311111569404602,0.8820179007323027,0.8664567389011821,0.8551759551328337,0.8502002418453214,,,286,0.8820179007323027,0.8664567389011821,0.8551759551328337,0,0.0,0.925,0.926829268292683
linear,UNI_v2,008119bd2051,central,central-tuned,adam,0.0001,,-1,,project_tss,raw,linear,False,tuned,0,0.9866666793823242,0.967453213995118,0.9593782379525128,0.9607206507138406,0.9633016650417044,,,105,0.967453213995118,0.9593782379525128,0.9607206507138406,0,0.0,0.9916666666666667,0.9512195121951219
linear,UNI_v2,05fd80ec7d94,central,central-tuned,adam,0.0001,,-1,,project_tss,raw,linear,False,tuned,1,0.9866666793823242,0.9715215622457283,0.9642643834573809,0.9643112781169254,0.9701060049846738,,,124,0.9715215622457283,0.9642643834573809,0.9643112781169254,0,0.0,0.9916666666666667,0.9512195121951219
linear,UNI_v2,0a378a99bc74,central,central-tuned,adam,0.0003,,-1,,project_tss,raw,linear,False,tuned,3,0.9844444394111633,0.9690805532953621,0.9647819650631521,0.9633261724328478,0.9646017433011203,,,31,0.9690805532953621,0.9647819650631521,0.9633261724328478,0,0.0,0.9916666666666667,0.9512195121951219
linear,UNI_v2,0c30666c9d90,central,central-tuned,adam,0.001,,-1,,project_tss,raw,linear,False,tuned,4,0.9866666793823242,0.9739625711960944,0.9700796525132864,0.970707314339392,0.97147321254347,,,65,0.9739625711960944,0.9700796525132864,0.970707314339392,0,0.0,0.9916666666666667,0.975609756097561
linear,UNI_v2,10787fbd7185,central,central-tuned,adam,0.0003,,-1,,project_tss,raw,linear,False,tuned,4,0.9844444394111633,0.9633848657445078,0.9587994479179207,0.9575923858367373,0.9654882491353997,,,29,0.9633848657445078,0.9587994479179207,0.9575923858367373,0,0.0,0.9916666666666667,0.9512195121951219
linear,UNI_v2,17ced473515e,central,central-tuned,adam,0.001,,-1,,project_tss,raw,linear,False,tuned,3,0.9866666793823242,0.9739625711960944,0.9698707397436797,0.9687499022730268,0.9702938632845176,,,81,0.9739625711960944,0.9698707397436797,0.9687499022730268,0,0.0,0.9916666666666667,0.9512195121951219
linear,UNI_v2,1d4bb57fee1b,fl,FedAvg,adam,0.0003,0.01,20,stratified,project_tss,raw,linear,False,,0,0.5911111235618591,0.5793327908868999,0.3201769597403914,0.25478924086071136,0.4240110504793105,0.4240110504793105,240.0,190,0.5793327908868999,0.3201769597403914,0.25478924086071136,0,0.0,0.0,0.0
linear,UNI_v2,29cec6c7e270,central,central-tuned,adam,0.0001,,-1,,project_tss,raw,linear,False,tuned,3,0.9866666793823242,0.9698942229454841,0.9674740930208997,0.9635763916077568,0.966969471914955,,,24,0.9698942229454841,0.9674740930208997,0.9635763916077568,0,0.0,0.9916666666666667,0.9512195121951219
linear,UNI_v2,59c51a3830d8,central,central-tuned,adam,0.0001,,-1,,project_tss,raw,linear,False,tuned,4,0.9866666793823242,0.967453213995118,0.9649298476024586,0.9615571259291765,0.9654539832499335,,,27,0.967453213995118,0.9649298476024586,0.9615571259291765,0,0.0,0.9916666666666667,0.9512195121951219
linear,UNI_v2,65876bf8f2eb,central,central-tuned,adam,0.0001,,-1,,project_tss,raw,linear,False,tuned,2,0.9866666793823242,0.9666395443449959,0.9632453941532896,0.9597520401702558,0.9639873813160418,,,30,0.9666395443449959,0.9632453941532896,0.9597520401702558,0,0.0,0.9916666666666667,0.9512195121951219
linear,UNI_v2,65ad32539ff6,fl,FedAvg,adam,0.0003,0.01,20,stratified,project_tss,raw,linear,False,,2,0.5111111402511597,0.5052888527257934,0.2673101647247891,0.22323443855008873,0.35179820732524886,0.35179820732524886,100.0,29,0.5061025223759154,0.2678949600464265,0.22367280455115043,1,-0.08136696501219731,0.0,0.0
linear,UNI_v2,7808d500dca1,central,central-tuned,adam,0.001,,-1,,project_tss,raw,linear,False,tuned,2,0.9866666793823242,0.9690805532953621,0.9668442993425449,0.9626213411638006,0.9665184004770775,,,8,0.9690805532953621,0.9668442993425449,0.9626213411638006,0,0.0,0.9916666666666667,0.9512195121951219
linear,UNI_v2,a240f1362149,central,central-tuned,adam,0.001,,-1,,project_tss,raw,linear,False,tuned,1,0.9866666793823242,0.9658258746948739,0.9596272902398612,0.9586777568734681,0.9617866984589349,,,281,0.9658258746948739,0.9596272902398612,0.9586777568734681,0,0.0,0.9916666666666667,0.926829268292683
linear,UNI_v2,a76b8fb34062,central,central-tuned,adam,0.0003,,-1,,project_tss,raw,linear,False,tuned,1,0.9866666793823242,0.9707078925956062,0.9645158651642168,0.9647973100381376,0.9690625909739699,,,69,0.9707078925956062,0.9645158651642168,0.9647973100381376,0,0.0,0.9916666666666667,0.9512195121951219
linear,UNI_v2,b220a63fde48,fl,FedAvg,adam,0.0003,0.01,20,stratified,project_tss,raw,linear,False,,3,0.6022222638130188,0.5842148087876322,0.3453406097942056,0.30104994047839245,0.4316990807804607,0.4316990807804607,152.0,102,0.5842148087876322,0.3453406097942056,0.30094694277656253,1,0.0,0.0,0.0
linear,UNI_v2,d726e1b1a164,fl,FedAvg,adam,0.0003,0.01,20,stratified,project_tss,raw,linear,False,,1,0.5688889026641846,0.5500406834825061,0.3041855880711354,0.2589289093436929,0.388837894392386,0.388837894392386,136.0,86,0.5500406834825061,0.3041855880711354,0.2589289093436929,0,0.0,0.0,0.0
linear,UNI_v2,e1b864d5498a,central,central-tuned,adam,0.0003,,-1,,project_tss,raw,linear,False,tuned,0,0.9844444394111633,0.9698942229454841,0.9669476146664289,0.964768752928353,0.9665013844943293,,,16,0.9698942229454841,0.9669476146664289,0.964768752928353,0,0.0,0.9916666666666667,0.9512195121951219
linear,UNI_v2,e832d0907a61,central,central-tuned,adam,0.001,,-1,,project_tss,raw,linear,False,tuned,0,0.9888889193534851,0.9658258746948739,0.9627067325629515,0.9613600529869966,0.9644059980531484,,,9,0.9658258746948739,0.9627067325629515,0.9613600529869966,0,0.0,0.9916666666666667,0.9512195121951219
linear,UNI_v2,eadf5f8223ad,central,central-tuned,adam,0.0003,,-1,,project_tss,raw,linear,False,tuned,2,0.9866666793823242,0.9715215622457283,0.9675440255366428,0.9647298703830283,0.9673183283775185,,,21,0.9715215622457283,0.9675440255366428,0.9647298703830283,0,0.0,0.9916666666666667,0.9512195121951219
linear,UNI_v2,f373e92dd00a,fl,FedAvg,adam,0.0003,0.01,20,stratified,project_tss,raw,linear,False,,4,0.5755555629730225,0.564686737184703,0.3116712300983673,0.2491531448902916,0.40917864888423083,0.40917864888423083,100.0,33,0.564686737184703,0.3116712300983673,0.2491531448902916,0,0.0,0.0,0.0
linear,Virchow2,0f6011ec5a67,fl,FedAvg,adam,0.0003,0.01,20,stratified,project_tss,raw,linear,False,,4,0.8955555558204651,0.8600488201790073,0.7731507069219442,0.7810721296502584,0.8287013294739972,0.8287013294739972,264.0,214,0.8600488201790073,0.7731507069219442,0.7810721296502584,0,0.0,0.975,0.17073170731707318
linear,Virchow2,16dd22af3d4a,central,central-tuned,adam,0.0001,,-1,,project_tss,raw,linear,False,tuned,4,0.9844444394111633,0.9698942229454841,0.9663199665639167,0.9647208073099944,0.9632818663971312,,,96,0.9698942229454841,0.9663199665639167,0.9647208073099944,0,0.0,0.9916666666666667,0.975609756097561
linear,Virchow2,2bff92b0f1f9,fl,FedAvg,adam,0.0003,0.01,20,stratified,project_tss,raw,linear,False,,3,0.846666693687439,0.8201790073230268,0.7200336538639942,0.7330261900894351,0.7833040879708367,0.7833040879708367,213.0,163,0.8201790073230268,0.7200336538639942,0.7330261900894351,0,0.0,0.9416666666666667,0.12195121951219512
linear,Virchow2,2eafd214aeb6,central,central-tuned,adam,0.0003,,-1,,project_tss,raw,linear,False,tuned,4,0.9822222590446472,0.967453213995118,0.96667319707876,0.9623771387154885,0.960047560320146,,,108,0.967453213995118,0.96667319707876,0.9623771387154885,0,0.0,0.9916666666666667,0.975609756097561
linear,Virchow2,3068db65e2a8,central,central-tuned,adam,0.0003,,-1,,project_tss,raw,linear,False,tuned,2,0.9866666793823242,0.967453213995118,0.9653560077398241,0.9633885086395593,0.9601649048323045,,,103,0.967453213995118,0.9653560077398241,0.9633885086395593,0,0.0,0.9916666666666667,0.975609756097561
linear,Virchow2,38623a046821,central,central-tuned,adam,0.0003,,-1,,project_tss,raw,linear,False,tuned,0,0.9822222590446472,0.96826688364524,0.9652894863229101,0.9652698818644205,0.9661474904465559,,,69,0.96826688364524,0.9652894863229101,0.9652698818644205,0,0.0,1.0,0.975609756097561
linear,Virchow2,4cbb7e7f0a68,fl,FedAvg,adam,0.0003,0.01,20,stratified,project_tss,raw,linear,False,,0,0.8488889336585999,0.8177379983726607,0.7358407048885021,0.7454581660981611,0.781255381392699,0.781255381392699,229.0,179,0.8177379983726607,0.7358407048885021,0.7454581660981611,0,0.0,0.925,0.12195121951219512
linear,Virchow2,4d730811f2c5,fl,FedAvg,adam,0.0003,0.01,20,stratified,project_tss,raw,linear,False,,1,0.9222222566604614,0.8836452400325467,0.8162820017957105,0.8154907284469293,0.8533383867291066,0.8533383867291066,299.0,249,0.8836452400325467,0.8162820017957105,0.8154907284469293,0,0.0,0.9916666666666667,0.21951219512195122
linear,Virchow2,4e54361c0f4c,central,central-tuned,adam,0.0003,,-1,,project_tss,raw,linear,False,tuned,1,0.9822222590446472,0.9690805532953621,0.9659985523413374,0.9666425399343073,0.9635113156141194,,,139,0.9690805532953621,0.9659985523413374,0.9666425399343073,0,0.0,0.9916666666666667,0.975609756097561
linear,Virchow2,598f65c44d3c,central,central-tuned,adam,0.0001,,-1,,project_tss,raw,linear,False,tuned,2,0.9844444394111633,0.9698942229454841,0.9665833476629747,0.9649131498028515,0.9611401218488446,,,189,0.9698942229454841,0.9665833476629747,0.9649131498028515,0,0.0,0.9916666666666667,0.975609756097561
linear,Virchow2,888cd2965c2d,central,central-tuned,adam,0.0001,,-1,,project_tss,raw,linear,False,tuned,1,0.9888889193534851,0.96826688364524,0.9640507177931101,0.9617890011865539,0.9606993272102308,,,169,0.96826688364524,0.9640507177931101,0.9617890011865539,0,0.0,0.9916666666666667,0.975609756097561
linear,Virchow2,8b633f33d234,fl,FedAvg,adam,0.0003,0.01,20,stratified,project_tss,raw,linear,False,,2,0.8177778124809265,0.789259560618389,0.626303679231768,0.647976102906441,0.7058612231652894,0.7058612231652894,168.0,118,0.789259560618389,0.626303679231768,0.647976102906441,0,0.0,0.725,0.0
linear,Virchow2,8f72e3581cdc,central,central-tuned,adam,0.001,,-1,,project_tss,raw,linear,False,tuned,1,0.9822222590446472,0.9666395443449959,0.9585124462329393,0.9572798199816062,0.9567968823031129,,,147,0.9666395443449959,0.9585124462329393,0.9572798199816062,0,0.0,0.9916666666666667,0.926829268292683
linear,Virchow2,a2abf8d9cae1,central,central-tuned,adam,0.001,,-1,,project_tss,raw,linear,False,tuned,0,0.9866666793823242,0.9633848657445078,0.9570821932904836,0.9584321663575618,0.9567051203610477,,,53,0.9633848657445078,0.9570821932904836,0.9584321663575618,0,0.0,0.9916666666666667,0.926829268292683
linear,Virchow2,adf76cf29136,central,central-tuned,adam,0.001,,-1,,project_tss,raw,linear,False,tuned,3,0.9822222590446472,0.9690805532953621,0.963934397616096,0.963718625223116,0.9644857075542435,,,41,0.9690805532953621,0.963934397616096,0.963718625223116,0,0.0,0.9916666666666667,0.9512195121951219
linear,Virchow2,bbbb074cb52c,central,central-tuned,adam,0.0001,,-1,,project_tss,raw,linear,False,tuned,3,0.9866666793823242,0.9698942229454841,0.9649456369187442,0.9638189245729242,0.9618085502820707,,,240,0.9698942229454841,0.9649456369187442,0.9638189245729242,0,0.0,0.9916666666666667,0.975609756097561
linear,Virchow2,e41c11dbf25c,central,central-tuned,adam,0.0003,,-1,,project_tss,raw,linear,False,tuned,3,0.9822222590446472,0.9666395443449959,0.9645069797881922,0.9616812979993945,0.9574753791264696,,,29,0.9666395443449959,0.9645069797881922,0.9616812979993945,0,0.0,0.9916666666666667,0.975609756097561
linear,Virchow2,ec79b87b31b7,central,central-tuned,adam,0.001,,-1,,project_tss,raw,linear,False,tuned,4,0.9822222590446472,0.967453213995118,0.9629852940046558,0.9632506954325524,0.9639428290541541,,,191,0.967453213995118,0.9629852940046558,0.9632506954325524,0,0.0,0.9916666666666667,0.975609756097561
linear,Virchow2,ee39a9baa79e,central,central-tuned,adam,0.001,,-1,,project_tss,raw,linear,False,tuned,2,0.9822222590446472,0.9690805532953621,0.9610290247498957,0.9610683175358941,0.9581207113527986,,,184,0.9690805532953621,0.9610290247498957,0.9610683175358941,0,0.0,0.9916666666666667,0.9512195121951219
linear,Virchow2,fe43a1ca9d6b,central,central-tuned,adam,0.0001,,-1,,project_tss,raw,linear,False,tuned,0,0.9822222590446472,0.967453213995118,0.9648289616980625,0.9630281557912697,0.9611748670159886,,,23,0.967453213995118,0.9648289616980625,0.9630281557912697,0,0.0,0.9916666666666667,0.975609756097561
linear2,CTransPath,0455f9987dfe,fl,FedAvg,adam,0.0003,0.01,20,stratified,project_tss,zscore,linear,False,,1,0.9333333373069763,0.8803905614320586,0.8325643799600753,0.836434709968795,0.8476730133224961,0.8476730133224961,197.0,147,0.8803905614320586,0.8325643799600753,0.836434709968795,0,0.0,0.9416666666666667,0.5853658536585366
linear2,CTransPath,0cb727177d62,fl,FedAvg,sgd,0.03,0.01,20,stratified,project_tss,zscore,linear,False,,2,0.9688889384269714,0.935720097640358,0.9284139793031932,0.9244506132562472,0.9318027700243824,0.9318027700243824,160.0,110,0.935720097640358,0.9284139793031932,0.9244506132562472,0,0.0,1.0,0.9024390243902439
linear2,CTransPath,26c2a15167af,fl,FedAvg,sgd,0.03,0.01,20,stratified,project_tss,zscore,linear,False,,3,0.9577777981758118,0.9414157851912124,0.9355944493078439,0.9318149493274804,0.9335405857856082,0.9335405857856082,157.0,107,0.9414157851912124,0.9355944493078439,0.9318149493274804,0,0.0,1.0,0.9024390243902439
linear2,CTransPath,27c15c57d513,fl,FedAvg,sgd,0.01,0.01,20,stratified,project_tss,zscore,linear,False,,2,0.9622222185134888,0.9300244100895037,0.9255378508608528,0.9210632229715271,0.9299522972169815,0.9299522972169815,162.0,112,0.9300244100895037,0.9255378508608528,0.9210632229715271,0,0.0,1.0,0.926829268292683
linear2,CTransPath,3444d2b722b3,central,central-tuned,adam,0.0001,,-1,,project_tss,zscore,linear,False,tuned,2,0.9688889384269714,0.9454841334418226,0.9390357181414131,0.9350953208087864,0.9310649965888351,,,11,0.9454841334418226,0.9390357181414131,0.9350953208087864,0,0.0,1.0,0.926829268292683
linear2,CTransPath,493b838a3ce3,fl,FedAvg,sgd,0.03,0.01,20,stratified,project_tss,zscore,linear,False,,4,0.9622222185134888,0.9471114727420668,0.9415210649628144,0.9372133939354109,0.9303558407394924,0.9303558407394924,258.0,208,0.9471114727420668,0.9415210649628144,0.9372133939354109,0,0.0,1.0,0.9512195121951219
linear2,CTransPath,4aebdaac18cf,central,central-tuned,adam,0.0001,,-1,,project_tss,zscore,linear,False,tuned,3,0.9688889384269714,0.9430431244914564,0.9335296800722195,0.9317656630626554,0.9295127569592558,,,13,0.9430431244914564,0.9335296800722195,0.9317656630626554,0,0.0,1.0,0.9024390243902439
linear2,CTransPath,741b39930bdb,fl,FedAvg,sgd,0.03,0.01,20,stratified,project_tss,zscore,linear,False,,1,0.9711111187934875,0.950366151342555,0.9419164133484667,0.9384445374971625,0.937750041481587,0.937750041481587,251.0,201,0.950366151342555,0.9419164133484667,0.9384445374971625,0,0.0,0.9833333333333333,0.9024390243902439
linear2,CTransPath,9076aff2146b,fl,FedAvg,sgd,0.01,0.01,20,stratified,project_tss,zscore,linear,False,,4,0.9511111378669739,0.9438567941415785,0.9394452647753231,0.9352019946159371,0.9337896053560419,0.9337896053560419,212.0,162,0.9438567941415785,0.9394452647753231,0.9352019946159371,0,0.0,1.0,0.9512195121951219
linear2,CTransPath,9a6d1cfab075,central,central-tuned,adam,0.0001,,-1,,project_tss,zscore,linear,False,tuned,4,0.9688889384269714,0.9568755085435313,0.9492300198977353,0.9489132668317034,0.9428686709771636,,,271,0.9568755085435313,0.9492300198977353,0.9489132668317034,0,0.0,1.0,0.926829268292683
linear2,CTransPath,9ce8ba1d00c4,fl,FedAvg,adam,0.0003,0.01,20,stratified,project_tss,zscore,linear,False,,4,0.9244444370269775,0.8836452400325467,0.824020736561791,0.8386397402393043,0.8454360350074721,0.8454360350074721,187.0,137,0.8836452400325467,0.824020736561791,0.8386397402393043,0,0.0,0.9416666666666667,0.5121951219512195
linear2,CTransPath,b750fab6054c,fl,FedAvg,adam,0.0003,0.01,20,stratified,project_tss,zscore,linear,False,,2,0.9244444370269775,0.8893409275834011,0.8455980596748581,0.8464878247507475,0.8525417856812169,0.8525417856812169,169.0,119,0.8893409275834011,0.8455980596748581,0.8464878247507475,0,0.0,0.975,0.6341463414634146
linear2,CTransPath,c1f30aff81bc,fl,FedAvg,sgd,0.01,0.01,20,stratified,project_tss,zscore,linear,False,,3,0.9600000381469727,0.9414157851912124,0.9356078318906302,0.9306636458892458,0.9312591574527781,0.9312591574527781,208.0,158,0.9414157851912124,0.9356078318906302,0.9306636458892458,0,0.0,0.9916666666666667,0.9024390243902439
linear2,CTransPath,c44a3b1b47e0,fl,FedAvg,sgd,0.01,0.01,20,stratified,project_tss,zscore,linear,False,,1,0.9555555582046509,0.9324654190398698,0.9272259992524966,0.9213473356486753,0.9264507072782843,0.9264507072782843,166.0,116,0.9324654190398698,0.9272259992524966,0.9213473356486753,0,0.0,0.9833333333333333,0.926829268292683
linear2,CTransPath,c4b182538088,fl,FedAvg,sgd,0.01,0.01,20,stratified,project_tss,zscore,linear,False,,0,0.9577777981758118,0.9316517493897477,0.9267016219808573,0.9213929794062072,0.9233524509713051,0.9233524509713051,195.0,145,0.9316517493897477,0.9267016219808573,0.9213929794062072,0,0.0,0.9916666666666667,0.9024390243902439
linear2,CTransPath,c7e355c949d5,fl,FedAvg,adam,0.0003,0.01,20,stratified,project_tss,zscore,linear,False,,0,0.9155555963516235,0.8681855166802278,0.8159581485415223,0.8179947743837276,0.8255575939141051,0.8255575939141051,100.0,48,0.8681855166802278,0.8159581485415223,0.8179947743837276,0,0.0,0.8916666666666667,0.5853658536585366
linear2,CTransPath,cea13728899b,fl,FedAvg,adam,0.0003,0.01,20,stratified,project_tss,zscore,linear,False,,3,0.9155555963516235,0.8755085435313262,0.8135464393239897,0.8220254098019089,0.8270859580713477,0.8270859580713477,150.0,100,0.8755085435313262,0.8135464393239897,0.8220254098019089,0,0.0,0.95,0.5609756097560976
linear2,CTransPath,e6547e39b624,fl,FedAvg,sgd,0.03,0.01,20,stratified,project_tss,zscore,linear,False,,0,0.9666666984558105,0.9438567941415785,0.9348727190734546,0.9325589472363567,0.9348191507590412,0.9348191507590412,186.0,136,0.9438567941415785,0.9348727190734546,0.9325589472363567,0,0.0,0.9916666666666667,0.9024390243902439
linear2,CTransPath,f60108945834,central,central-tuned,adam,0.0001,,-1,,project_tss,zscore,linear,False,tuned,1,0.9711111187934875,0.9487388120423108,0.9433373521682891,0.9387713451609583,0.9371609830264849,,,22,0.9487388120423108,0.9433373521682891,0.9387713451609583,0,0.0,1.0,0.926829268292683
linear2,CTransPath,fa9e7f8015b2,central,central-tuned,adam,0.0001,,-1,,project_tss,zscore,linear,False,tuned,0,0.9666666984558105,0.9462978030919447,0.9391485034380312,0.9358887790042714,0.934054092412822,,,14,0.9462978030919447,0.9391485034380312,0.9358887790042714,0,0.0,1.0,0.9024390243902439
linear2,Conch_v15,06611fad9498,central,central-tuned,adam,0.0001,,-1,,project_tss,zscore,linear,False,tuned,2,0.9777777791023254,0.951993490642799,0.9468094092067358,0.9459813606982905,0.9441589457455125,,,209,0.951993490642799,0.9468094092067358,0.9459813606982905,0,0.0,0.9916666666666667,0.975609756097561
linear2,Conch_v15,178d7a4e164c,fl,FedAvg,sgd,0.03,0.01,20,stratified,project_tss,zscore,linear,False,,2,0.9733333587646484,0.9438567941415785,0.9375582297855627,0.9345950484908558,0.9370877497624408,0.9370877497624408,138.0,88,0.9438567941415785,0.9375582297855627,0.9345950484908558,0,0.0,0.9916666666666667,0.975609756097561
linear2,Conch_v15,2b564f33d77b,fl,FedAvg,sgd,0.03,0.01,20,stratified,project_tss,zscore,linear,False,,0,0.9733333587646484,0.9259560618388935,0.9153941054118143,0.9158494048162643,0.9318114200679328,0.9318114200679328,100.0,46,0.9259560618388935,0.9153941054118143,0.9158494048162643,0,0.0,0.9916666666666667,0.975609756097561
linear2,Conch_v15,2bd1a40da33b,fl,FedAvg,sgd,0.03,0.01,20,stratified,project_tss,zscore,linear,False,,1,0.9755555987358093,0.9422294548413345,0.9387609217880192,0.9331322929202452,0.9472744655666397,0.9472744655666397,159.0,109,0.9422294548413345,0.9387609217880192,0.9331322929202452,0,0.0,0.9916666666666667,0.975609756097561
linear2,Conch_v15,2ea7d48015ab,central,central-tuned,adam,0.0001,,-1,,project_tss,zscore,linear,False,tuned,1,0.9777777791023254,0.9544344995931652,0.9490905573697641,0.9477444548659599,0.9470146152289078,,,40,0.9544344995931652,0.9490905573697641,0.9477444548659599,0,0.0,0.9916666666666667,0.975609756097561
linear2,Conch_v15,365e9b7ecd2c,fl,FedAvg,sgd,0.01,0.01,20,stratified,project_tss,zscore,linear,False,,4,0.9733333587646484,0.9438567941415785,0.937911770915668,0.9348299879333918,0.94273792577637,0.94273792577637,184.0,134,0.9438567941415785,0.937911770915668,0.9348299879333918,0,0.0,0.9916666666666667,0.975609756097561
linear2,Conch_v15,59fe1cc78c6e,fl,FedAvg,sgd,0.01,0.01,20,stratified,project_tss,zscore,linear,False,,3,0.9755555987358093,0.9462978030919447,0.9456823163006681,0.9409707218661837,0.945485574800289,0.945485574800289,153.0,103,0.9462978030919447,0.9456823163006681,0.9409707218661837,0,0.0,0.9916666666666667,0.975609756097561
linear2,Conch_v15,5eff22b2f70c,fl,FedAvg,sgd,0.03,0.01,20,stratified,project_tss,zscore,linear,False,,3,0.9733333587646484,0.9397884458909682,0.9391326693376532,0.9319764433402672,0.9390248163787086,0.9390248163787086,127.0,77,0.9397884458909682,0.9391326693376532,0.9319764433402672,0,0.0,0.9916666666666667,0.975609756097561
linear2,Conch_v15,73fe61b4077d,fl,FedAvg,adam,0.0003,0.01,20,stratified,project_tss,zscore,linear,False,,0,0.9577777981758118,0.9202603742880391,0.9034919158173399,0.9021898508127959,0.8960524802714459,0.8960524802714459,159.0,109,0.9202603742880391,0.9034919158173399,0.9021898508127959,0,0.0,0.9916666666666667,0.8048780487804879
linear2,Conch_v15,75c4caae639c,fl,FedAvg,sgd,0.01,0.01,20,stratified,project_tss,zscore,linear,False,,1,0.9733333587646484,0.934092758340114,0.9302596603180481,0.9249265835225218,0.9306033554375858,0.9306033554375858,114.0,64,0.934092758340114,0.9302596603180481,0.9249265835225218,0,0.0,0.9833333333333333,0.975609756097561
linear2,Conch_v15,8ff622127912,fl,FedAvg,adam,0.0003,0.01,20,stratified,project_tss,zscore,linear,False,,2,0.9377778172492981,0.9072416598860863,0.8906418336015981,0.8888619790526956,0.8875830320434306,0.8875830320434306,100.0,41,0.9072416598860863,0.8906418336015981,0.8888619790526956,0,0.0,0.9916666666666667,0.8048780487804879
linear2,Conch_v15,a9e346aa345b,fl,FedAvg,sgd,0.01,0.01,20,stratified,project_tss,zscore,linear,False,,2,0.9711111187934875,0.9430431244914564,0.9398727631514185,0.9357088368960872,0.9392884340603592,0.9392884340603592,168.0,118,0.9430431244914564,0.9398727631514185,0.9357088368960872,0,0.0,0.9916666666666667,0.975609756097561
linear2,Conch_v15,b7e118809857,fl,FedAvg,adam,0.0003,0.01,20,stratified,project_tss,zscore,linear,False,,3,0.9533333778381348,0.9243287225386493,0.9117630704151858,0.9119346946819368,0.9032408238305059,0.9032408238305059,151.0,101,0.9243287225386493,0.9117630704151858,0.9119346946819368,0,0.0,1.0,0.8536585365853658
linear2,Conch_v15,bb6ac7ff29c8,central,central-tuned,adam,0.0001,,-1,,project_tss,zscore,linear,False,tuned,3,0.9777777791023254,0.9471114727420668,0.944285610422292,0.9386734105989285,0.9392823264607937,,,5,0.9471114727420668,0.944285610422292,0.9386734105989285,0,0.0,0.9916666666666667,0.975609756097561
linear2,Conch_v15,bbbcef32c993,central,central-tuned,adam,0.0001,,-1,,project_tss,zscore,linear,False,tuned,0,0.9800000190734863,0.9528071602929211,0.947130823429315,0.9470838285357921,0.9462172457010088,,,159,0.9528071602929211,0.947130823429315,0.9470838285357921,0,0.0,0.9916666666666667,0.975609756097561
linear2,Conch_v15,be570172ef1d,fl,FedAvg,sgd,0.03,0.01,20,stratified,project_tss,zscore,linear,False,,4,0.9733333587646484,0.9446704637917006,0.9385314095500222,0.9349212922639748,0.9453729104985821,0.9453729104985821,166.0,116,0.9446704637917006,0.9385314095500222,0.9349212922639748,0,0.0,0.9916666666666667,0.975609756097561
linear2,Conch_v15,d8a30a865787,central,central-tuned,adam,0.0001,,-1,,project_tss,zscore,linear,False,tuned,4,0.9800000190734863,0.9528071602929211,0.9481849155128386,0.946600497120747,0.9460705955932994,,,20,0.9528071602929211,0.9481849155128386,0.946600497120747,0,0.0,0.9916666666666667,0.975609756097561
linear2,Conch_v15,ea17946f606d,fl,FedAvg,adam,0.0003,0.01,20,stratified,project_tss,zscore,linear,False,,1,0.9511111378669739,0.9048006509357202,0.8775460013944204,0.8835303405779725,0.885532104211396,0.885532104211396,141.0,91,0.9048006509357202,0.8775460013944204,0.8835303405779725,0,0.0,1.0,0.7560975609756098
linear2,Conch_v15,f64eb0d96cc9,fl,FedAvg,adam,0.0003,0.01,20,stratified,project_tss,zscore,linear,False,,4,0.944444477558136,0.9072416598860863,0.8795428281776118,0.8857636951848535,0.8980872181294383,0.8980872181294383,120.0,70,0.9072416598860863,0.8795428281776118,0.8857636951848535,0,0.0,0.9916666666666667,0.8048780487804879
linear2,Conch_v15,f806ad1c8305,fl,FedAvg,sgd,0.01,0.01,20,stratified,project_tss,zscore,linear,False,,0,0.9711111187934875,0.9389747762408462,0.934155412739815,0.9312505155989262,0.9378371421885066,0.9378371421885066,148.0,98,0.9389747762408462,0.934155412739815,0.9312505155989262,0,0.0,0.9916666666666667,0.975609756097561
linear2,Midnight12k,00015d2dee7f,fl,FedAvg,sgd,0.01,0.01,20,stratified,project_tss,zscore,linear,False,,1,0.9733333587646484,0.9446704637917006,0.936810061098305,0.9369712049160221,0.9375717819208829,0.9375717819208829,187.0,137,0.9446704637917006,0.936810061098305,0.9369712049160221,0,0.0,0.9833333333333333,0.926829268292683
linear2,Midnight12k,0783e0629d3a,fl,FedAvg,sgd,0.03,0.01,20,stratified,project_tss,zscore,linear,False,,3,0.9733333587646484,0.9438567941415785,0.9364499733993037,0.9367633799077679,0.9349050750813608,0.9349050750813608,291.0,241,0.9438567941415785,0.9364499733993037,0.9367633799077679,0,0.0,0.9833333333333333,0.9512195121951219
linear2,Midnight12k,35c46d715d16,fl,FedAvg,sgd,0.03,0.01,20,stratified,project_tss,zscore,linear,False,,2,0.9600000381469727,0.9454841334418226,0.9401454929445622,0.9393034836631945,0.9366813777594506,0.9366813777594506,136.0,86,0.9454841334418226,0.9401454929445622,0.9393034836631945,0,0.0,1.0,0.9512195121951219
linear2,Midnight12k,37679503cd02,central,central-tuned,adam,0.0001,,-1,,project_tss,zscore,linear,False,tuned,2,0.9800000190734863,0.9536208299430431,0.9437005855476132,0.9454704501051192,0.9405614797230137,,,31,0.9536208299430431,0.9437005855476132,0.9454704501051192,0,0.0,0.9916666666666667,0.9512195121951219
linear2,Midnight12k,4219f9f6d30a,fl,FedAvg,adam,0.0003,0.01,20,stratified,project_tss,zscore,linear,False,,1,0.9244444370269775,0.9056143205858421,0.8903309407618829,0.8913165168925006,0.8975010023952475,0.8975010023952475,126.0,76,0.9056143205858421,0.8903309407618829,0.8913165168925006,0,0.0,1.0,0.8536585365853658
linear2,Midnight12k,69786f9d9067,fl,FedAvg,sgd,0.01,0.01,20,stratified,project_tss,zscore,linear,False,,3,0.9733333587646484,0.9471114727420668,0.9406891111545599,0.9391935103308511,0.9396560908954246,0.9396560908954246,247.0,197,0.9471114727420668,0.9406891111545599,0.9391935103308511,0,0.0,0.9833333333333333,0.9512195121951219
linear2,Midnight12k,7d2d7cefcd18,central,central-tuned,adam,0.0001,,-1,,project_tss,zscore,linear,False,tuned,4,0.9822222590446472,0.9544344995931652,0.9484012999769864,0.9486624018845945,0.9445221829071915,,,15,0.9544344995931652,0.9484012999769864,0.9486624018845945,0,0.0,0.9916666666666667,0.9512195121951219
linear2,Midnight12k,88d3a4299223,fl,FedAvg,sgd,0.01,0.01,20,stratified,project_tss,zscore,linear,False,,0,0.9733333587646484,0.9430431244914564,0.9345858106842159,0.9361199385034799,0.9374742527001095,0.9374742527001095,192.0,142,0.9430431244914564,0.9345858106842159,0.9361199385034799,0,0.0,0.9833333333333333,0.926829268292683
linear2,Midnight12k,89beac362aad,central,central-tuned,adam,0.0001,,-1,,project_tss,zscore,linear,False,tuned,0,0.9866666793823242,0.9544344995931652,0.9443309469132589,0.947244939637214,0.9437121452568569,,,26,0.9544344995931652,0.9443309469132589,0.947244939637214,0,0.0,0.9916666666666667,0.9512195121951219
linear2,Midnight12k,997e32cfd0fc,central,central-tuned,adam,0.0001,,-1,,project_tss,zscore,linear,False,tuned,3,0.9822222590446472,0.9552481692432873,0.9488854932378731,0.9486060828600249,0.9454213616101084,,,23,0.9552481692432873,0.9488854932378731,0.9486060828600249,0,0.0,0.9916666666666667,0.975609756097561
linear2,Midnight12k,a19c5d1b8091,fl,FedAvg,sgd,0.03,0.01,20,stratified,project_tss,zscore,linear,False,,0,0.9733333587646484,0.9430431244914564,0.9350286172055474,0.9339427276274256,0.9307056311684392,0.9307056311684392,180.0,130,0.9430431244914564,0.9350286172055474,0.9339427276274256,0,0.0,0.9833333333333333,0.9512195121951219
linear2,Midnight12k,b576833bec89,fl,FedAvg,sgd,0.03,0.01,20,stratified,project_tss,zscore,linear,False,,4,0.9755555987358093,0.9479251423921887,0.9383059076538903,0.9394245760408262,0.9369498066883156,0.9369498066883156,216.0,166,0.9479251423921887,0.9383059076538903,0.9394245760408262,0,0.0,0.9916666666666667,0.9512195121951219
linear2,Midnight12k,b68101b8d956,fl,FedAvg,adam,0.0003,0.01,20,stratified,project_tss,zscore,linear,False,,3,0.9288889169692993,0.9064279902359642,0.9047678122357422,0.902132751411535,0.8868653009618743,0.8868653009618743,165.0,115,0.9064279902359642,0.9047678122357422,0.902132751411535,0,0.0,0.9833333333333333,0.8780487804878049
linear2,Midnight12k,c383929d3482,central,central-tuned,adam,0.0001,,-1,,project_tss,zscore,linear,False,tuned,1,0.9822222590446472,0.9552481692432873,0.9446520772921928,0.9468398475352681,0.9425766889162529,,,29,0.9552481692432873,0.9446520772921928,0.9468398475352681,0,0.0,0.9916666666666667,0.9512195121951219
linear2,Midnight12k,c4f059f71158,fl,FedAvg,sgd,0.01,0.01,20,stratified,project_tss,zscore,linear,False,,4,0.9755555987358093,0.9438567941415785,0.9351917828921383,0.9378532822645309,0.9345716920093868,0.9345716920093868,176.0,126,0.9438567941415785,0.9351917828921383,0.9378532822645309,0,0.0,0.9916666666666667,0.926829268292683
linear2,Midnight12k,ca7d3a9e1f01,fl,FedAvg,adam,0.0003,0.01,20,stratified,project_tss,zscore,linear,False,,0,0.9377778172492981,0.9048006509357202,0.8925143561037445,0.890794749257254,0.8891544275500662,0.8891544275500662,146.0,96,0.9048006509357202,0.8925143561037445,0.890794749257254,0,0.0,0.9833333333333333,0.8536585365853658
linear2,Midnight12k,cdd033a55af3,fl,FedAvg,adam,0.0003,0.01,20,stratified,project_tss,zscore,linear,False,,2,0.9266666769981384,0.9080553295362083,0.8975772398356244,0.8939008713822653,0.8890057891226116,0.8890057891226116,165.0,115,0.9080553295362083,0.8975772398356244,0.8939008713822653,0,0.0,0.9916666666666667,0.8536585365853658
linear2,Midnight12k,e3b857e0572c,fl,FedAvg,sgd,0.03,0.01,20,stratified,project_tss,zscore,linear,False,,1,0.9666666984558105,0.9397884458909682,0.9338376661159439,0.9353235052861569,0.9335785207525062,0.9335785207525062,175.0,125,0.9397884458909682,0.9338376661159439,0.9353235052861569,0,0.0,1.0,0.9512195121951219
linear2,Midnight12k,e58759c24268,fl,FedAvg,adam,0.0003,0.01,20,stratified,project_tss,zscore,linear,False,,4,0.9066666960716248,0.8909682668836453,0.8848399113118848,0.8842061228745649,0.8902170854929505,0.8902170854929505,134.0,84,0.8909682668836453,0.8848399113118848,0.8842061228745649,0,0.0,1.0,0.8536585365853658
linear2,Midnight12k,f9d2994c509b,fl,FedAvg,sgd,0.01,0.01,20,stratified,project_tss,zscore,linear,False,,2,0.9644444584846497,0.9389747762408462,0.9335948255368938,0.9331667365081763,0.9358602773711808,0.9358602773711808,157.0,107,0.9389747762408462,0.9335948255368938,0.9331667365081763,0,0.0,0.9916666666666667,0.926829268292683
linear2,Phikon_v2,1324ed167129,fl,FedAvg,sgd,0.01,0.01,20,stratified,project_tss,zscore,linear,False,,4,0.9844444394111633,0.9658258746948739,0.9656909548585466,0.9614736896929309,0.9648852863416726,0.9648852863416726,164.0,114,0.9658258746948739,0.9656909548585466,0.9614736896929309,0,0.0,1.0,1.0
linear2,Phikon_v2,18d9d7d95a45,fl,FedAvg,adam,0.0003,0.01,20,stratified,project_tss,zscore,linear,False,,3,0.9711111187934875,0.9446704637917006,0.9497322517651069,0.9444739558498484,0.9357558084583005,0.9357558084583005,196.0,146,0.9446704637917006,0.9497322517651069,0.9444739558498484,0,0.0,1.0,1.0
linear2,Phikon_v2,3d39ecdf12d1,fl,FedAvg,sgd,0.03,0.01,20,stratified,project_tss,zscore,linear,False,,1,0.9866666793823242,0.967453213995118,0.9638990366947142,0.9644907778243805,0.9638182819257586,0.9638182819257586,147.0,97,0.967453213995118,0.9638990366947142,0.9644907778243805,0,0.0,1.0,0.975609756097561
linear2,Phikon_v2,3e8a7785eae3,fl,FedAvg,sgd,0.01,0.01,20,stratified,project_tss,zscore,linear,False,,2,0.9844444394111633,0.9650122050447518,0.9658498852591385,0.9643702326503563,0.963616366614809,0.963616366614809,161.0,111,0.9650122050447518,0.9658498852591385,0.9643702326503563,0,0.0,1.0,1.0
linear2,Phikon_v2,3f2356449dca,fl,FedAvg,sgd,0.03,0.01,20,stratified,project_tss,zscore,linear,False,,2,0.9888889193534851,0.96826688364524,0.9644057986674758,0.9649260298575066,0.9627353565437677,0.9627353565437677,163.0,113,0.96826688364524,0.9644057986674758,0.9649260298575066,0,0.0,0.9916666666666667,0.975609756097561
linear2,Phikon_v2,3f7ee474248b,fl,FedAvg,adam,0.0003,0.01,20,stratified,project_tss,zscore,linear,False,,2,0.9666666984558105,0.9397884458909682,0.9406111263685892,0.9377625792091173,0.9199898837749304,0.9199898837749304,162.0,112,0.9397884458909682,0.9406111263685892,0.9377625792091173,0,0.0,1.0,0.926829268292683
linear2,Phikon_v2,485a4a9b7819,fl,FedAvg,sgd,0.01,0.01,20,stratified,project_tss,zscore,linear,False,,1,0.9888889193534851,0.9625711960943857,0.9593367403686575,0.9591976005189748,0.9630905439316654,0.9630905439316654,196.0,146,0.9625711960943857,0.9593367403686575,0.9591976005189748,0,0.0,1.0,0.975609756097561
linear2,Phikon_v2,4b8d46a911e3,fl,FedAvg,adam,0.0003,0.01,20,stratified,project_tss,zscore,linear,False,,1,0.9644444584846497,0.9422294548413345,0.9442789561511533,0.9410015254980792,0.9348696950332465,0.9348696950332465,181.0,131,0.9422294548413345,0.9442789561511533,0.9410015254980792,0,0.0,1.0,1.0
linear2,Phikon_v2,4fb6b941ca8f,fl,FedAvg,sgd,0.03,0.01,20,stratified,project_tss,zscore,linear,False,,4,0.9866666793823242,0.9658258746948739,0.9608283542081509,0.9622685329229034,0.9622947953166021,0.9622947953166021,151.0,101,0.9658258746948739,0.9608283542081509,0.9622685329229034,0,0.0,1.0,0.975609756097561
linear2,Phikon_v2,64b26c9bee10,central,central-tuned,adam,0.0001,,-1,,project_tss,zscore,linear,False,tuned,0,0.9933333396911621,0.9698942229454841,0.9674688557642573,0.9671034821226022,0.9679361655997168,,,4,0.9698942229454841,0.9674688557642573,0.9671034821226022,0,0.0,1.0,1.0
linear2,Phikon_v2,65337256c0b4,fl,FedAvg,sgd,0.03,0.01,20,stratified,project_tss,zscore,linear,False,,0,0.9888889193534851,0.9658258746948739,0.9637231200849649,0.9637385638434801,0.9669408242616967,0.9669408242616967,115.0,65,0.9658258746948739,0.9637231200849649,0.9637385638434801,0,0.0,0.9916666666666667,1.0
linear2,Phikon_v2,893c8c4ba366,central,central-tuned,adam,0.0001,,-1,,project_tss,zscore,linear,False,tuned,3,0.9888889193534851,0.96826688364524,0.9655370725689385,0.9638263073405962,0.9637930144160674,,,5,0.96826688364524,0.9655370725689385,0.9638263073405962,0,0.0,1.0,0.975609756097561
linear2,Phikon_v2,8a2ad4526815,fl,FedAvg,sgd,0.01,0.01,20,stratified,project_tss,zscore,linear,False,,0,0.991111159324646,0.9658258746948739,0.962419931221082,0.9627418632554193,0.9654976729743084,0.9654976729743084,117.0,67,0.9658258746948739,0.962419931221082,0.9627418632554193,0,0.0,1.0,0.975609756097561
linear2,Phikon_v2,91ed04ad79fd,fl,FedAvg,sgd,0.01,0.01,20,stratified,project_tss,zscore,linear,False,,3,0.9866666793823242,0.9609438567941416,0.9618273858980019,0.9579359025741092,0.9578983712872376,0.9578983712872376,112.0,62,0.9609438567941416,0.9618273858980019,0.9579359025741092,0,0.0,1.0,1.0
linear2,Phikon_v2,ba9d0b4e9231,fl,FedAvg,adam,0.0003,0.01,20,stratified,project_tss,zscore,linear,False,,0,0.9755555987358093,0.9528071602929211,0.9527069532462364,0.9486744704261939,0.9444361540155932,0.9444361540155932,226.0,176,0.9528071602929211,0.9527069532462364,0.9486744704261939,0,0.0,0.9833333333333333,1.0
linear2,Phikon_v2,bce06978c45a,central,central-tuned,adam,0.0001,,-1,,project_tss,zscore,linear,False,tuned,4,0.9888889193534851,0.9698942229454841,0.9683051327927308,0.9670245441602998,0.964280008672532,,,5,0.9698942229454841,0.9683051327927308,0.9670245441602998,0,0.0,1.0,1.0
linear2,Phikon_v2,cfd2813737ce,central,central-tuned,adam,0.0001,,-1,,project_tss,zscore,linear,False,tuned,1,0.9888889193534851,0.9707078925956062,0.9672911746902054,0.9673675767423803,0.9626176264026732,,,7,0.9707078925956062,0.9672911746902054,0.9673675767423803,0,0.0,1.0,0.975609756097561
linear2,Phikon_v2,e13196c6cbad,fl,FedAvg,sgd,0.03,0.01,20,stratified,project_tss,zscore,linear,False,,3,0.9866666793823242,0.9625711960943857,0.9586911931236215,0.9581139927408349,0.9621037249931331,0.9621037249931331,136.0,86,0.9625711960943857,0.9586911931236215,0.9581139927408349,0,0.0,1.0,0.975609756097561
linear2,Phikon_v2,f3513a5418fb,fl,FedAvg,adam,0.0003,0.01,20,stratified,project_tss,zscore,linear,False,,4,0.9688889384269714,0.9462978030919447,0.9438698268911776,0.9425763102217277,0.9359500917912134,0.9359500917912134,202.0,152,0.9454841334418226,0.9432850315695401,0.9418798985370138,1,0.08136696501220841,0.9833333333333333,0.9512195121951219
linear2,Phikon_v2,f4f502926bed,central,central-tuned,adam,0.0001,,-1,,project_tss,zscore,linear,False,tuned,2,0.9888889193534851,0.9723352318958502,0.968197384234422,0.968778713634287,0.9679970211512267,,,16,0.9723352318958502,0.968197384234422,0.968778713634287,0,0.0,1.0,0.975609756097561
linear2,ResNet50,089f8bf3c473,fl,FedAvg,sgd,0.03,0.01,20,stratified,project_tss,zscore,linear,False,,1,0.9466667175292969,0.9178193653376729,0.913235179686499,0.9057594883756024,0.9148408587644081,0.9148408587644081,311.0,261,0.9178193653376729,0.913235179686499,0.9057594883756024,0,0.0,0.9666666666666667,0.926829268292683
linear2,ResNet50,15f9d62f644e,fl,FedAvg,sgd,0.01,0.01,20,stratified,project_tss,zscore,linear,False,,1,0.9333333373069763,0.9072416598860863,0.9027899639106318,0.8917285756934749,0.8992404639049046,0.8992404639049046,228.0,178,0.9072416598860863,0.9027899639106318,0.8917285756934749,0,0.0,0.9666666666666667,0.926829268292683
linear2,ResNet50,16da95a851a8,fl,FedAvg,adam,0.0003,0.01,20,stratified,project_tss,zscore,linear,False,,1,0.8733333349227905,0.8136696501220505,0.7161127949537484,0.7154310360721721,0.7558066537599578,0.7558066537599578,121.0,71,0.8136696501220505,0.7161127949537484,0.7154310360721721,0,0.0,0.8416666666666667,0.12195121951219512
linear2,ResNet50,3a82e3ad1688,fl,FedAvg,sgd,0.03,0.01,20,stratified,project_tss,zscore,linear,False,,2,0.9377778172492981,0.8934092758340114,0.8858414510060343,0.8729021693056728,0.8790779963664417,0.8790779963664417,111.0,61,0.8934092758340114,0.8858414510060343,0.8729021693056728,0,0.0,0.925,0.9024390243902439
linear2,ResNet50,3d20784449a1,fl,FedAvg,sgd,0.03,0.01,20,stratified,project_tss,zscore,linear,False,,0,0.944444477558136,0.9088689991863304,0.9031870267308313,0.8929890481865763,0.8980270745571809,0.8980270745571809,182.0,132,0.9088689991863304,0.9031870267308313,0.8929890481865763,0,0.0,0.95,0.9024390243902439
linear2,ResNet50,3f5b20ccf0f8,fl,FedAvg,sgd,0.03,0.01,20,stratified,project_tss,zscore,linear,False,,3,0.9466667175292969,0.9048006509357202,0.8907467342476932,0.889789065768167,0.8968903977722376,0.8968903977722376,208.0,158,0.9048006509357202,0.8907467342476932,0.889789065768167,0,0.0,0.975,0.8536585365853658
linear2,ResNet50,43d23d5d8afb,fl,FedAvg,adam,0.0003,0.01,20,stratified,project_tss,zscore,linear,False,,4,0.893333375453949,0.8364524003254679,0.7477203106684854,0.7534715989242997,0.7745307819438825,0.7745307819438825,189.0,139,0.8372660699755899,0.7485684870891809,0.7543344523255139,1,-0.08136696501220841,0.8916666666666667,0.21951219512195122
linear2,ResNet50,4619bcfe6ea2,fl,FedAvg,sgd,0.01,0.01,20,stratified,project_tss,zscore,linear,False,,3,0.9333333373069763,0.8950366151342555,0.8850715441427917,0.8799875135558209,0.8831321248542799,0.8831321248542799,163.0,113,0.8950366151342555,0.8850715441427917,0.8799875135558209,0,0.0,0.9583333333333334,0.8780487804878049
linear2,ResNet50,4da8ee74d460,fl,FedAvg,adam,0.0003,0.01,20,stratified,project_tss,zscore,linear,False,,3,0.8888888955116272,0.8340113913751017,0.7701219284405495,0.7748773506279945,0.7751977669142102,0.7751977669142102,156.0,106,0.8340113913751017,0.7701219284405495,0.7748773506279945,0,0.0,0.9416666666666667,0.4146341463414634
linear2,ResNet50,9b190ef69d71,central,central-tuned,adam,0.0001,,-1,,project_tss,zscore,linear,False,tuned,0,0.9644444584846497,0.935720097640358,0.9263822926947959,0.927088905707022,0.9213317073037571,,,187,0.935720097640358,0.9263822926947959,0.927088905707022,0,0.0,0.9916666666666667,0.926829268292683
linear2,ResNet50,a2c4093f9e2b,fl,FedAvg,adam,0.0003,0.01,20,stratified,project_tss,zscore,linear,False,,2,0.8733333349227905,0.8039056143205858,0.7297262267691607,0.7349432135539546,0.7404389676839632,0.7404389676839632,100.0,41,0.8047192839707079,0.7306521526950865,0.7357673706437767,1,-0.08136696501220841,0.7916666666666666,0.3902439024390244
linear2,ResNet50,b4bb9fb7f8c5,fl,FedAvg,sgd,0.01,0.01,20,stratified,project_tss,zscore,linear,False,,4,0.944444477558136,0.9023596419853539,0.9018590093530475,0.8913616906472114,0.8995182107490878,0.8995182107490878,235.0,185,0.9023596419853539,0.9018590093530475,0.8913616906472114,0,0.0,0.9583333333333334,0.9024390243902439
linear2,ResNet50,b8ee01f62635,fl,FedAvg,sgd,0.03,0.01,20,stratified,project_tss,zscore,linear,False,,4,0.9377778172492981,0.9080553295362083,0.9067002511991851,0.8961209155140141,0.9009479858104097,0.9009479858104097,173.0,123,0.9080553295362083,0.9067002511991851,0.8961209155140141,0,0.0,0.9666666666666667,0.926829268292683
linear2,ResNet50,c2a0820da485,central,central-tuned,adam,0.0001,,-1,,project_tss,zscore,linear,False,tuned,1,0.9600000381469727,0.9381611065907242,0.9273194500909221,0.9286500716756652,0.9274164284524232,,,152,0.9381611065907242,0.9273194500909221,0.9286500716756652,0,0.0,0.9916666666666667,0.926829268292683
linear2,ResNet50,c53854630cbd,central,central-tuned,adam,0.0001,,-1,,project_tss,zscore,linear,False,tuned,2,0.9622222185134888,0.9349064279902359,0.9266501006795586,0.9272142922057568,0.9225072202898263,,,72,0.9349064279902359,0.9266501006795586,0.9272142922057568,0,0.0,0.9916666666666667,0.926829268292683
linear2,ResNet50,cf42e4d4a46d,fl,FedAvg,sgd,0.01,0.01,20,stratified,project_tss,zscore,linear,False,,0,0.9288889169692993,0.8885272579332791,0.8822964287194268,0.8679472674636888,0.8839043550276279,0.8839043550276279,124.0,74,0.8885272579332791,0.8822964287194268,0.8679472674636888,0,0.0,0.975,0.926829268292683
linear2,ResNet50,ea5005990164,central,central-tuned,adam,0.0001,,-1,,project_tss,zscore,linear,False,tuned,4,0.9622222185134888,0.9349064279902359,0.9282709174585714,0.9255278582103704,0.9257803897508818,,,55,0.9349064279902359,0.9282709174585714,0.9255278582103704,0,0.0,0.9916666666666667,0.926829268292683
linear2,ResNet50,ebda5a1f47a2,fl,FedAvg,adam,0.0003,0.01,20,stratified,project_tss,zscore,linear,False,,0,0.8644444942474365,0.8079739625711961,0.7104202662252894,0.7097258355648693,0.7350193057447899,0.7350193057447899,102.0,52,0.8079739625711961,0.7104202662252894,0.7097258355648693,0,0.0,0.9,0.1951219512195122
linear2,ResNet50,f98844d43cd4,fl,FedAvg,sgd,0.01,0.01,20,stratified,project_tss,zscore,linear,False,,2,0.9311111569404602,0.903173311635476,0.8984818900735321,0.8866212929598698,0.8918081736448877,0.8918081736448877,182.0,132,0.903173311635476,0.8984818900735321,0.8866212929598698,0,0.0,0.95,0.926829268292683
linear2,ResNet50,fa0a462531e7,central,central-tuned,adam,0.0001,,-1,,project_tss,zscore,linear,False,tuned,3,0.9600000381469727,0.9332790886899919,0.9248757768195577,0.9233478120678679,0.9247344749465642,,,87,0.9332790886899919,0.9248757768195577,0.9233478120678679,0,0.0,0.9916666666666667,0.926829268292683
linear2,UNI_v2,0a82683a29a0,fl,FedAvg,sgd,0.01,0.01,20,stratified,project_tss,zscore,linear,False,,1,0.9822222590446472,0.9650122050447518,0.9625757642801643,0.9599560505744807,0.9663869321456631,0.9663869321456631,135.0,85,0.9650122050447518,0.9625757642801643,0.9599560505744807,0,0.0,0.9916666666666667,0.9512195121951219
linear2,UNI_v2,0b187d8104d5,fl,FedAvg,sgd,0.01,0.01,20,stratified,project_tss,zscore,linear,False,,0,0.9844444394111633,0.9593165174938975,0.9547222103262689,0.9537111240282157,0.9620813410020658,0.9620813410020658,202.0,152,0.9593165174938975,0.9547222103262689,0.9537111240282157,0,0.0,0.9916666666666667,0.9512195121951219
linear2,UNI_v2,2292fc4a1397,fl,FedAvg,adam,0.0003,0.01,20,stratified,project_tss,zscore,linear,False,,1,0.9511111378669739,0.9259560618388935,0.9076491660387715,0.9045087900899021,0.9182884847870911,0.9182884847870911,148.0,98,0.9259560618388935,0.9076491660387715,0.9045087900899021,0,0.0,0.9916666666666667,0.7560975609756098
linear2,UNI_v2,271a92bb5b10,fl,FedAvg,sgd,0.03,0.01,20,stratified,project_tss,zscore,linear,False,,2,0.9800000190734863,0.9650122050447518,0.9636754224076959,0.9596946056513668,0.9613809030475698,0.9613809030475698,131.0,81,0.9650122050447518,0.9636754224076959,0.9596946056513668,0,0.0,0.9916666666666667,0.9512195121951219
linear2,UNI_v2,279405802f70,central,central-tuned,adam,0.0001,,-1,,project_tss,zscore,linear,False,tuned,0,0.9866666793823242,0.9755899104963385,0.9709855782138577,0.9706763789247326,0.9742040616528238,,,276,0.9755899104963385,0.9709855782138577,0.9706763789247326,0,0.0,0.9916666666666667,0.975609756097561
linear2,UNI_v2,33a26bb8fecc,fl,FedAvg,sgd,0.03,0.01,20,stratified,project_tss,zscore,linear,False,,0,0.9844444394111633,0.9609438567941416,0.9551564098454666,0.9538993406926123,0.9619385114712219,0.9619385114712219,153.0,103,0.9609438567941416,0.9551564098454666,0.9538993406926123,0,0.0,0.9916666666666667,0.926829268292683
linear2,UNI_v2,47e343632a42,fl,FedAvg,sgd,0.01,0.01,20,stratified,project_tss,zscore,linear,False,,4,0.9800000190734863,0.9617575264442636,0.9600461370538222,0.9560197232019328,0.9617319313214495,0.9617319313214495,175.0,125,0.9617575264442636,0.9600461370538222,0.9560197232019328,0,0.0,0.9916666666666667,0.9512195121951219
linear2,UNI_v2,4e87d7cb0c84,fl,FedAvg,adam,0.0003,0.01,20,stratified,project_tss,zscore,linear,False,,3,0.948888897895813,0.9283970707892596,0.9206654097538708,0.9104689606126125,0.9229592462458507,0.9229592462458507,163.0,113,0.9283970707892596,0.9206654097538708,0.9104689606126125,0,0.0,0.9916666666666667,0.8292682926829268
linear2,UNI_v2,50f09acfdac3,central,central-tuned,adam,0.0001,,-1,,project_tss,zscore,linear,False,tuned,4,0.9866666793823242,0.9755899104963385,0.9712489593129155,0.9707217519596014,0.9723868238542777,,,247,0.9755899104963385,0.9712489593129155,0.9707217519596014,0,0.0,0.9916666666666667,0.975609756097561
linear2,UNI_v2,8e2af84ffadc,central,central-tuned,adam,0.0001,,-1,,project_tss,zscore,linear,False,tuned,2,0.9866666793823242,0.9747762408462164,0.9704007828922201,0.9699659586924577,0.9718676130546929,,,262,0.9747762408462164,0.9704007828922201,0.9699659586924577,0,0.0,0.9916666666666667,0.975609756097561
linear2,UNI_v2,9089be399f90,fl,FedAvg,sgd,0.01,0.01,20,stratified,project_tss,zscore,linear,False,,2,0.9777777791023254,0.9576891781936534,0.9562596496764861,0.9500981420764649,0.9643183501049546,0.9643183501049546,144.0,94,0.9576891781936534,0.9562596496764861,0.9500981420764649,0,0.0,0.9916666666666667,0.9512195121951219
linear2,UNI_v2,9c75f4cec628,central,central-tuned,adam,0.0001,,-1,,project_tss,zscore,linear,False,tuned,1,0.9844444394111633,0.9747762408462164,0.9707100138789322,0.9708585346412567,0.9718676130546929,,,264,0.9747762408462164,0.9707100138789322,0.9708585346412567,0,0.0,0.9916666666666667,0.975609756097561
linear2,UNI_v2,a1845ac03e79,fl,FedAvg,adam,0.0003,0.01,20,stratified,project_tss,zscore,linear,False,,2,0.9511111378669739,0.9292107404393816,0.916428278749635,0.9094072498970353,0.9189937182927836,0.9189937182927836,164.0,114,0.9292107404393816,0.916428278749635,0.9094072498970353,0,0.0,0.9916666666666667,0.7560975609756098
linear2,UNI_v2,a32cec46ad2e,fl,FedAvg,sgd,0.03,0.01,20,stratified,project_tss,zscore,linear,False,,1,0.9844444394111633,0.9625711960943857,0.9608219460025431,0.9581817647933735,0.9654982502623871,0.9654982502623871,126.0,76,0.9625711960943857,0.9608219460025431,0.9581817647933735,0,0.0,0.9916666666666667,0.9512195121951219
linear2,UNI_v2,bd40cbcafc3d,fl,FedAvg,adam,0.0003,0.01,20,stratified,project_tss,zscore,linear,False,,4,0.9511111378669739,0.9210740439381611,0.8955186348484505,0.8951171440284337,0.8999803838076506,0.8999803838076506,113.0,63,0.9210740439381611,0.8955186348484505,0.8951171440284337,0,0.0,0.9916666666666667,0.7317073170731707
linear2,UNI_v2,be92961ff7bc,fl,FedAvg,adam,0.0003,0.01,20,stratified,project_tss,zscore,linear,False,,0,0.948888897895813,0.9300244100895037,0.9125718807305674,0.9055591173776543,0.9238042475581416,0.9238042475581416,158.0,108,0.9300244100895037,0.9125718807305674,0.9055591173776543,0,0.0,0.9916666666666667,0.7073170731707317
linear2,UNI_v2,ec9efd64e122,fl,FedAvg,sgd,0.01,0.01,20,stratified,project_tss,zscore,linear,False,,3,0.9822222590446472,0.9601301871440195,0.9580405532257195,0.9537720837859828,0.9624705815126375,0.9624705815126375,171.0,121,0.9601301871440195,0.9580405532257195,0.9537720837859828,0,0.0,0.9916666666666667,0.9512195121951219
linear2,UNI_v2,ef5b5d2692c5,central,central-tuned,adam,0.0001,,-1,,project_tss,zscore,linear,False,tuned,3,0.9866666793823242,0.9739625711960944,0.9676907557919492,0.9679912729116962,0.9708291914555237,,,243,0.9739625711960944,0.9676907557919492,0.9679912729116962,0,0.0,0.9916666666666667,0.9512195121951219
linear2,UNI_v2,f26ef9abf9c8,fl,FedAvg,sgd,0.03,0.01,20,stratified,project_tss,zscore,linear,False,,3,0.9800000190734863,0.9593165174938975,0.9555549499044393,0.9518247304439709,0.9623067727818507,0.9623067727818507,135.0,85,0.9593165174938975,0.9555549499044393,0.9518247304439709,0,0.0,0.9916666666666667,0.9512195121951219
linear2,UNI_v2,fd7d7b90f792,fl,FedAvg,sgd,0.03,0.01,20,stratified,project_tss,zscore,linear,False,,4,0.9755555987358093,0.9585028478437754,0.9564359001596361,0.9535198397428637,0.9590042952215393,0.9590042952215393,115.0,65,0.9585028478437754,0.9564359001596361,0.9535198397428637,0,0.0,0.9916666666666667,0.9512195121951219
linear2,Virchow2,042c8d1633a7,fl,FedAvg,sgd,0.03,0.01,20,stratified,project_tss,zscore,linear,False,,3,0.9644444584846497,0.951179820992677,0.9470772534538925,0.9427293933873485,0.9415942275677479,0.9415942275677479,125.0,75,0.951179820992677,0.9470772534538925,0.9427293933873485,0,0.0,0.9916666666666667,0.975609756097561
linear2,Virchow2,0b8550509c69,fl,FedAvg,adam,0.0003,0.01,20,stratified,project_tss,zscore,linear,False,,3,0.9666666984558105,0.9430431244914564,0.9266817771109319,0.9255066315856862,0.9302108054055095,0.9302108054055095,195.0,145,0.9430431244914564,0.9266817771109319,0.9255066315856862,0,0.0,0.9916666666666667,0.8292682926829268
linear2,Virchow2,0edc943a9db9,fl,FedAvg,sgd,0.01,0.01,20,stratified,project_tss,zscore,linear,False,,0,0.9777777791023254,0.9568755085435313,0.952337206495832,0.9517004870195365,0.9467938617860736,0.9467938617860736,148.0,98,0.9568755085435313,0.952337206495832,0.9517004870195365,0,0.0,0.9916666666666667,0.975609756097561
linear2,Virchow2,15005bf90483,fl,FedAvg,sgd,0.01,0.01,20,stratified,project_tss,zscore,linear,False,,1,0.9800000190734863,0.9593165174938975,0.9569893522376742,0.9536251608058068,0.945873834542059,0.945873834542059,125.0,75,0.9593165174938975,0.9569893522376742,0.9536251608058068,0,0.0,0.9916666666666667,0.975609756097561
linear2,Virchow2,1cbf3b69ac64,fl,FedAvg,adam,0.0003,0.01,20,stratified,project_tss,zscore,linear,False,,0,0.9711111187934875,0.9446704637917006,0.9288898089493374,0.9316097071474498,0.9305801549837458,0.9305801549837458,227.0,177,0.9446704637917006,0.9288898089493374,0.9316097071474498,0,0.0,0.9916666666666667,0.8292682926829268
linear2,Virchow2,2cdc4527fae9,central,central-tuned,adam,0.0001,,-1,,project_tss,zscore,linear,False,tuned,0,0.9822222590446472,0.9641985353946297,0.9608636439295104,0.9580022606510339,0.9555552630708395,,,12,0.9641985353946297,0.9608636439295104,0.9580022606510339,0,0.0,0.9916666666666667,0.975609756097561
linear2,Virchow2,36e10e6f2a69,fl,FedAvg,sgd,0.03,0.01,20,stratified,project_tss,zscore,linear,False,,1,0.9755555987358093,0.9544344995931652,0.9542418300128533,0.95057208831965,0.9449463059565487,0.9449463059565487,141.0,91,0.9544344995931652,0.9542418300128533,0.95057208831965,0,0.0,1.0,0.975609756097561
linear2,Virchow2,45364efff87a,fl,FedAvg,sgd,0.03,0.01,20,stratified,project_tss,zscore,linear,False,,0,0.9755555987358093,0.9568755085435313,0.9539067703588889,0.9530743424932003,0.95163688009584,0.95163688009584,146.0,96,0.9568755085435313,0.9539067703588889,0.9530743424932003,0,0.0,0.9916666666666667,0.975609756097561
linear2,Virchow2,5d4aaa5fa02e,central,central-tuned,adam,0.0001,,-1,,project_tss,zscore,linear,False,tuned,3,0.9822222590446472,0.9641985353946297,0.9600622102137536,0.9573605736904288,0.9575731050419525,,,24,0.9641985353946297,0.9600622102137536,0.9573605736904288,0,0.0,0.9916666666666667,0.975609756097561
linear2,Virchow2,64689dba1bb5,central,central-tuned,adam,0.0001,,-1,,project_tss,zscore,linear,False,tuned,1,0.9822222590446472,0.9707078925956062,0.9657023974077776,0.9628450544205625,0.9584479801380115,,,11,0.9707078925956062,0.9657023974077776,0.9628450544205625,0,0.0,0.9916666666666667,0.975609756097561
linear2,Virchow2,69b18199be76,central,central-tuned,adam,0.0001,,-1,,project_tss,zscore,linear,False,tuned,2,0.9822222590446472,0.9658258746948739,0.9617237197424279,0.9597118198159748,0.953996619222476,,,8,0.9658258746948739,0.9617237197424279,0.9597118198159748,0,0.0,0.9916666666666667,0.975609756097561
linear2,Virchow2,741cc4b7df76,fl,FedAvg,adam,0.0003,0.01,20,stratified,project_tss,zscore,linear,False,,4,0.9733333587646484,0.9495524816924329,0.9359866024141995,0.9388624163530989,0.9372599377661682,0.9372599377661682,190.0,140,0.9495524816924329,0.9359866024141995,0.9388624163530989,0,0.0,0.9916666666666667,0.8292682926829268
linear2,Virchow2,895d75628581,fl,FedAvg,adam,0.0003,0.01,20,stratified,project_tss,zscore,linear,False,,1,0.9711111187934875,0.9406021155410903,0.9258196642363912,0.9290720948222688,0.9318888209341563,0.9318888209341563,159.0,109,0.9406021155410903,0.9258196642363912,0.9290720948222688,0,0.0,0.9916666666666667,0.8536585365853658
linear2,Virchow2,96c60cfe1006,fl,FedAvg,sgd,0.01,0.01,20,stratified,project_tss,zscore,linear,False,,4,0.9755555987358093,0.9560618388934092,0.9525428383150142,0.951957246179506,0.9446591584831461,0.9446591584831461,158.0,108,0.9560618388934092,0.9525428383150142,0.951957246179506,0,0.0,0.9916666666666667,0.975609756097561
linear2,Virchow2,a583754178c4,central,central-tuned,adam,0.0001,,-1,,project_tss,zscore,linear,False,tuned,4,0.9822222590446472,0.96826688364524,0.963604364951719,0.9618485098401212,0.9614400267437652,,,263,0.96826688364524,0.963604364951719,0.9618485098401212,0,0.0,0.9916666666666667,0.975609756097561
linear2,Virchow2,b4b41c768807,fl,FedAvg,sgd,0.03,0.01,20,stratified,project_tss,zscore,linear,False,,4,0.9755555987358093,0.9601301871440195,0.9554491996243234,0.954735211320449,0.9507022880098748,0.9507022880098748,162.0,112,0.9601301871440195,0.9554491996243234,0.954735211320449,0,0.0,0.9916666666666667,0.9512195121951219
linear2,Virchow2,bf18cda98cd6,fl,FedAvg,sgd,0.01,0.01,20,stratified,project_tss,zscore,linear,False,,3,0.9800000190734863,0.9609438567941416,0.9576777467268411,0.955531006388255,0.9519894810393253,0.9519894810393253,210.0,160,0.9609438567941416,0.9576777467268411,0.955531006388255,0,0.0,0.9916666666666667,0.975609756097561
linear2,Virchow2,d50a063ec1b1,fl,FedAvg,sgd,0.03,0.01,20,stratified,project_tss,zscore,linear,False,,2,0.9711111187934875,0.9601301871440195,0.9583648585437766,0.9536064454754867,0.950959750414579,0.950959750414579,149.0,99,0.9601301871440195,0.9583648585437766,0.9536064454754867,0,0.0,0.9916666666666667,0.975609756097561
linear2,Virchow2,e93ccd36f7c1,fl,FedAvg,adam,0.0003,0.01,20,stratified,project_tss,zscore,linear,False,,2,0.9511111378669739,0.9145646867371847,0.901739030705026,0.8944404516513763,0.907638275823634,0.907638275823634,100.0,31,0.9145646867371847,0.901739030705026,0.8944404516513763,0,0.0,0.9916666666666667,0.8048780487804879
linear2,Virchow2,fe284f9ec66c,fl,FedAvg,sgd,0.01,0.01,20,stratified,project_tss,zscore,linear,False,,2,0.9755555987358093,0.9552481692432873,0.9511223336521945,0.9480043643708456,0.9444245223450831,0.9444245223450831,172.0,122,0.9552481692432873,0.9511223336521945,0.9480043643708456,0,0.0,0.9916666666666667,0.975609756097561
lr,CTransPath,2a4d4dd08651,fl,FedAvg,adam,0.001,0.01,20,stratified,project_tss,raw,mlp,False,,2,0.7066667079925537,0.6965012205044752,0.47603903772617495,0.4093758906858913,0.5819371492465403,0.5819371492465403,120.0,70,0.6965012205044752,0.47603903772617495,0.4094364985152569,1,0.0,0.4166666666666667,0.0
lr,CTransPath,4166af77d9b1,fl,FedAvg,adam,0.0001,0.01,20,stratified,project_tss,raw,mlp,False,,4,0.6066666841506958,0.5785191212367778,0.32925238422211234,0.27505761554880276,0.41801515971399494,0.41801515971399494,135.0,85,0.5785191212367778,0.32925238422211234,0.27505761554880276,0,0.0,0.0,0.0
lr,CTransPath,5d65d0ff9423,fl,FedAvg,adam,0.001,0.01,20,stratified,project_tss,raw,mlp,False,,1,0.7111111283302307,0.6558177379983726,0.4415889235049117,0.3828421694080508,0.5360504832766098,0.5360504832766098,100.0,27,0.6566314076484947,0.44243709992560715,0.3836199622923708,1,-0.08136696501220841,0.0,0.0
lr,CTransPath,7e7d49b9fe39,fl,FedAvg,adam,0.001,0.01,20,stratified,project_tss,raw,mlp,False,,3,0.6222222447395325,0.5947925142392189,0.34279082297368535,0.27949801824997694,0.4290001407534931,0.4290001407534931,100.0,30,0.5947925142392189,0.34279082297368535,0.27949801824997694,0,0.0,0.0,0.0
lr,CTransPath,91decd71d136,fl,FedAvg,adam,0.001,0.01,20,stratified,project_tss,raw,mlp,False,,0,0.7288889288902283,0.7209113100081367,0.4965958298293695,0.45149012871719396,0.6228067404497789,0.6228067404497789,100.0,46,0.7209113100081367,0.4965958298293695,0.45149012871719396,0,0.0,0.8583333333333333,0.0
lr,CTransPath,94c510862a46,fl,FedAvg,adam,0.0001,0.01,20,stratified,project_tss,raw,mlp,False,,3,0.6222222447395325,0.5939788445890968,0.3469517127770669,0.28738256840413345,0.42473941899032136,0.42473941899032136,151.0,101,0.5939788445890968,0.3469517127770669,0.28738256840413345,0,0.0,0.0,0.0
lr,CTransPath,aa60543f652b,fl,FedAvg,adam,0.0001,0.01,20,stratified,project_tss,raw,mlp,False,,0,0.6333333253860474,0.5988608624898292,0.3446609913419947,0.2819916944872571,0.43183630327914496,0.43183630327914496,105.0,55,0.5988608624898292,0.3446609913419947,0.2819916944872571,0,0.0,0.0,0.0
lr,CTransPath,aae0d8bad9e3,fl,FedAvg,adam,0.0001,0.01,20,stratified,project_tss,raw,mlp,False,,2,0.6377778053283691,0.6037428803905615,0.3530281498064831,0.31453256753193387,0.43534510379397173,0.43534510379397173,183.0,133,0.6037428803905615,0.3530281498064831,0.31453256753193387,0,0.0,0.0,0.0
lr,CTransPath,b2d74d7c2571,fl,FedAvg,adam,0.001,0.01,20,stratified,project_tss,raw,mlp,False,,4,0.8755555748939514,0.8372660699755899,0.7144547896754165,0.7031512861613721,0.7774851182288788,0.7774851182288788,516.0,466,0.8372660699755899,0.7144547896754165,0.7031512861613721,0,0.0,0.9666666666666667,0.0
lr,CTransPath,f4154806036a,fl,FedAvg,adam,0.0001,0.01,20,stratified,project_tss,raw,mlp,False,,1,0.6133333444595337,0.5996745321399511,0.34472129521468,0.2825614470292066,0.4331993502831118,0.4331993502831118,120.0,70,0.5996745321399511,0.3449846763137381,0.2830241987647254,3,0.0,0.0,0.0
lr,Conch_v15,0b21fd98af8b,fl,FedAvg,adam,0.001,0.01,20,stratified,project_tss,raw,mlp,False,,0,0.9088889360427856,0.8738812042310822,0.8457778082939734,0.8496132314943963,0.842310823356514,0.842310823356514,105.0,55,0.8738812042310822,0.8457778082939734,0.8496132314943963,0,0.0,0.9916666666666667,0.8048780487804879
lr,Conch_v15,186a3605e0a6,fl,FedAvg,adam,0.001,0.01,20,stratified,project_tss,raw,mlp,False,,2,0.9311111569404602,0.8950366151342555,0.8669069259611534,0.8783154367914973,0.8695870882096446,0.8695870882096446,207.0,157,0.8950366151342555,0.8669069259611534,0.8783154367914973,0,0.0,0.9916666666666667,0.8048780487804879
lr,Conch_v15,36677079b903,fl,FedAvg,adam,0.001,0.01,20,stratified,project_tss,raw,mlp,False,,3,0.9177777767181396,0.8828315703824248,0.8387138322080467,0.8474056801113705,0.8580543859503524,0.8580543859503524,209.0,159,0.8828315703824248,0.8387138322080467,0.8474056801113705,0,0.0,0.975,0.4878048780487805
lr,Conch_v15,65dc0ca5e47d,fl,FedAvg,adam,0.0001,0.01,20,stratified,project_tss,raw,mlp,False,,4,0.8377777934074402,0.8136696501220505,0.6811058651058174,0.6917691622575202,0.7559224338388956,0.7559224338388956,162.0,112,0.8136696501220505,0.6811058651058174,0.6917691622575202,0,0.0,0.8333333333333334,0.0
lr,Conch_v15,6ed565f6ddba,fl,FedAvg,adam,0.0001,0.01,20,stratified,project_tss,raw,mlp,False,,2,0.8711111545562744,0.8494711147274207,0.7188618176628456,0.7073353500256855,0.7903417700655225,0.7903417700655225,182.0,132,0.8486574450772986,0.7185406872839118,0.7069386875780483,1,0.08136696501220841,0.975,0.0
lr,Conch_v15,7256a159b523,fl,FedAvg,adam,0.0001,0.01,20,stratified,project_tss,raw,mlp,False,,1,0.8822222352027893,0.855166802278275,0.7500459489494771,0.7482260121868028,0.8078876984560655,0.8078876984560655,293.0,243,0.855166802278275,0.7500459489494771,0.7482260121868028,0,0.0,0.975,0.0
lr,Conch_v15,80820414d11a,fl,FedAvg,adam,0.0001,0.01,20,stratified,project_tss,raw,mlp,False,,3,0.8222222328186035,0.7778681855166802,0.6579525608068741,0.6730533637013111,0.7188421657467724,0.7188421657467724,153.0,103,0.7778681855166802,0.6579525608068741,0.6730533637013111,0,0.0,0.7083333333333334,0.0
lr,Conch_v15,83281392905c,fl,FedAvg,adam,0.0001,0.01,20,stratified,project_tss,raw,mlp,False,,0,0.800000011920929,0.7469487388120423,0.55100916573356,0.5619872137722063,0.6505865744739282,0.6505865744739282,102.0,52,0.7477624084621644,0.5521665731409674,0.5628931221773652,1,-0.08136696501220841,0.6916666666666667,0.0
lr,Conch_v15,b982f67a3338,fl,FedAvg,adam,0.001,0.01,20,stratified,project_tss,raw,mlp,False,,4,0.9288889169692993,0.9039869812855981,0.8625156193636394,0.8740038260350551,0.8820309814735131,0.8820309814735131,263.0,213,0.9039869812855981,0.8625156193636394,0.8740038260350551,0,0.0,0.9916666666666667,0.8048780487804879
lr,Conch_v15,d188ba86f420,fl,FedAvg,adam,0.001,0.01,20,stratified,project_tss,raw,mlp,False,,1,0.9399999976158142,0.8966639544344996,0.8749672253017903,0.8803556775452207,0.8784697412200506,0.8784697412200506,298.0,248,0.8966639544344996,0.8749672253017903,0.8803556775452207,0,0.0,0.9916666666666667,0.7560975609756098
lr,Midnight12k,030793e6a252,fl,FedAvg,adam,0.001,0.01,20,stratified,project_tss,raw,mlp,False,,3,0.8533333539962769,0.8421480878763222,0.8242519872682139,0.8320861330763256,0.8371875389692018,0.8371875389692018,152.0,102,0.8421480878763222,0.8242519872682139,0.8320861330763256,0,0.0,0.9666666666666667,0.8048780487804879
lr,Midnight12k,07bdbb0c4dfd,fl,FedAvg,adam,0.001,0.01,20,stratified,project_tss,raw,mlp,False,,0,0.8955555558204651,0.8771358828315704,0.8673978176200137,0.8765034616036628,0.8747201026673072,0.8747201026673072,326.0,276,0.8771358828315704,0.8673978176200137,0.8765034616036628,0,0.0,0.9916666666666667,0.8780487804878049
lr,Midnight12k,2716dff5dc01,fl,FedAvg,adam,0.001,0.01,20,stratified,project_tss,raw,mlp,False,,1,0.8577777743339539,0.8429617575264443,0.8206349208096989,0.828718903599381,0.8404753899521397,0.8404753899521397,173.0,123,0.8429617575264443,0.8206349208096989,0.828718903599381,0,0.0,0.9833333333333333,0.6829268292682927
lr,Midnight12k,3a98fc04e0ce,fl,FedAvg,adam,0.0001,0.01,20,stratified,project_tss,raw,mlp,False,,4,0.7888889312744141,0.7973962571196095,0.7083938618252192,0.6858334196224127,0.7735569121341475,0.7735569121341475,168.0,118,0.7973962571196095,0.7083938618252192,0.6858334196224127,0,0.0,0.9166666666666666,0.17073170731707318
lr,Midnight12k,46392c1f6112,fl,FedAvg,adam,0.0001,0.01,20,stratified,project_tss,raw,mlp,False,,3,0.8377777934074402,0.8144833197721725,0.7296005454788286,0.7417290215769912,0.792382945382627,0.792382945382627,319.0,269,0.8144833197721725,0.7296005454788286,0.7417290215769912,0,0.0,0.9416666666666667,0.3170731707317073
lr,Midnight12k,68673db45916,fl,FedAvg,adam,0.0001,0.01,20,stratified,project_tss,raw,mlp,False,,0,0.8311111330986023,0.8030919446704637,0.7252168011135969,0.7521853206452129,0.7787192667781608,0.7787192667781608,231.0,181,0.8030919446704637,0.7252168011135969,0.7521853206452129,0,0.0,0.9083333333333333,0.5365853658536586
lr,Midnight12k,81e4ba07bfc1,fl,FedAvg,adam,0.0001,0.01,20,stratified,project_tss,raw,mlp,False,,2,0.8244444727897644,0.8039056143205858,0.7182654905508712,0.7143293775038594,0.7862716722669446,0.7862716722669446,277.0,227,0.8039056143205858,0.7182654905508712,0.7143293775038594,0,0.0,0.9416666666666667,0.1951219512195122
lr,Midnight12k,9c1d06d9eaa3,fl,FedAvg,adam,0.001,0.01,20,stratified,project_tss,raw,mlp,False,,2,0.8600000143051147,0.8462164361269324,0.8406887853284499,0.8384411981965446,0.8411064353794905,0.8411064353794905,156.0,106,0.8462164361269324,0.8406887853284499,0.8384411981965446,0,0.0,0.95,0.8048780487804879
lr,Midnight12k,af83ed61595c,fl,FedAvg,adam,0.0001,0.01,20,stratified,project_tss,raw,mlp,False,,1,0.8044444918632507,0.7917005695687551,0.6834261446731982,0.681231585523308,0.7567072338936851,0.7567072338936851,123.0,73,0.7917005695687551,0.6834261446731982,0.681231585523308,0,0.0,0.9333333333333333,0.0
lr,Midnight12k,edaf08d32ad7,fl,FedAvg,adam,0.001,0.01,20,stratified,project_tss,raw,mlp,False,,4,0.897777795791626,0.8991049633848658,0.8858003878371258,0.8886404389365422,0.8969412289405685,0.8969412289405685,387.0,337,0.8991049633848658,0.8858003878371258,0.8886404389365422,0,0.0,0.9916666666666667,0.8780487804878049
lr,Phikon_v2,008c7441f8cd,fl,FedAvg,adam,0.0001,0.01,20,stratified,project_tss,raw,mlp,False,,3,0.6733333468437195,0.6395443449959316,0.397365414890386,0.3558777372688638,0.4693777264192407,0.4693777264192407,186.0,136,0.6395443449959316,0.397365414890386,0.3558777372688638,0,0.0,0.0,0.0
lr,Phikon_v2,03db9ffd37d3,fl,FedAvg,adam,0.001,0.01,20,stratified,project_tss,raw,mlp,False,,1,0.9800000190734863,0.9462978030919447,0.9460241198509327,0.9458133264930686,0.928842841420723,0.928842841420723,322.0,272,0.9462978030919447,0.9460241198509327,0.9458133264930686,0,0.0,0.9916666666666667,0.975609756097561
lr,Phikon_v2,1f9a66b0f97f,fl,FedAvg,adam,0.001,0.01,20,stratified,project_tss,raw,mlp,False,,2,0.9711111187934875,0.9454841334418226,0.9487897733412254,0.949054318826993,0.9371192612625635,0.9371192612625635,299.0,249,0.9454841334418226,0.9487897733412254,0.949054318826993,0,0.0,0.9833333333333333,0.975609756097561
lr,Phikon_v2,779ecd016a02,fl,FedAvg,adam,0.001,0.01,20,stratified,project_tss,raw,mlp,False,,0,0.9088889360427856,0.8641171684296176,0.8179756055962328,0.8378533617553097,0.8197569866204069,0.8197569866204069,169.0,119,0.8641171684296176,0.8179756055962328,0.8378533617553097,0,0.0,0.425,0.5853658536585366
lr,Phikon_v2,ae697482de6f,fl,FedAvg,adam,0.0001,0.01,20,stratified,project_tss,raw,mlp,False,,2,0.7644444704055786,0.7225386493083807,0.5315324317677214,0.49709309152838876,0.5950026191069805,0.5950026191069805,277.0,227,0.7225386493083807,0.5315324317677214,0.49709309152838876,0,0.0,0.0,0.0
lr,Phikon_v2,bd8bccc3762c,fl,FedAvg,adam,0.0001,0.01,20,stratified,project_tss,raw,mlp,False,,4,0.6466667056083679,0.6240846216436127,0.37306008995779244,0.3110592316062208,0.4554736598350305,0.4554736598350305,115.0,65,0.6240846216436127,0.37306008995779244,0.3110592316062208,0,0.0,0.0,0.0
lr,Phikon_v2,be46480c2ca6,fl,FedAvg,adam,0.0001,0.01,20,stratified,project_tss,raw,mlp,False,,0,0.7222222685813904,0.6891781936533767,0.4966525635080804,0.4829432242495846,0.5325108130014673,0.5325108130014673,210.0,160,0.6891781936533767,0.4966525635080804,0.4828694167783129,1,0.0,0.0,0.0
lr,Phikon_v2,c79f385f4bdd,fl,FedAvg,adam,0.001,0.01,20,stratified,project_tss,raw,mlp,False,,3,0.9822222590446472,0.9544344995931652,0.9504424711374548,0.9516032021371631,0.9487864636229122,0.9487864636229122,383.0,333,0.9544344995931652,0.9504424711374548,0.9516032021371631,0,0.0,1.0,0.975609756097561
lr,Phikon_v2,d0b14c38a3a8,fl,FedAvg,adam,0.001,0.01,20,stratified,project_tss,raw,mlp,False,,4,0.9733333587646484,0.9487388120423108,0.9460852389432893,0.9478427737311527,0.9452814262004293,0.9452814262004293,303.0,253,0.9487388120423108,0.9460852389432893,0.9478427737311527,0,0.0,1.0,0.975609756097561
lr,Phikon_v2,e668cbd0ba8f,fl,FedAvg,adam,0.0001,0.01,20,stratified,project_tss,raw,mlp,False,,1,0.8088889122009277,0.7558991049633849,0.5842305652523405,0.5877540719748393,0.6415844413794898,0.6415844413794898,419.0,369,0.7558991049633849,0.5842305652523405,0.5877540719748393,0,0.0,0.35,0.024390243902439025
lr,ResNet50,02cc9174f4cb,fl,FedAvg,adam,0.0001,0.01,20,stratified,project_tss,raw,mlp,False,,0,0.3199999928474426,0.28152969894222946,0.1111111111111111,0.04881834215167549,0.18691588785046728,0.18691588785046728,100.0,1,0.28152969894222946,0.1111111111111111,0.04881834215167549,0,0.0,0.0,0.0
lr,ResNet50,1e7381390e6c,fl,FedAvg,adam,0.0001,0.01,20,stratified,project_tss,raw,mlp,False,,2,0.4266666769981384,0.4174125305126119,0.20763969171483623,0.12650757647274943,0.31348164593030053,0.31348164593030053,100.0,35,0.41253051261187956,0.20594733461785486,0.1256750343364757,23,0.48820179007323383,0.0,0.0
lr,ResNet50,622f152427d4,fl,FedAvg,adam,0.0001,0.01,20,stratified,project_tss,raw,mlp,False,,4,0.324444442987442,0.2839707078925956,0.11286549707602339,0.056409061143852864,0.18834371754932502,0.18834371754932502,100.0,5,0.2839707078925956,0.11286549707602339,0.0566788360848794,8,0.0,0.0,0.0
lr,ResNet50,709ad51e2c08,fl,FedAvg,adam,0.0001,0.01,20,stratified,project_tss,raw,mlp,False,,3,0.1599999964237213,0.15459723352318958,0.1111111111111111,0.02975491347584371,0.11214953271028037,0.11214953271028037,100.0,1,0.15459723352318958,0.1111111111111111,0.02975491347584371,0,0.0,0.0,0.0
lr,ResNet50,a47cc8836bbf,fl,FedAvg,adam,0.001,0.01,20,stratified,project_tss,raw,mlp,False,,1,0.3199999928474426,0.28152969894222946,0.1111111111111111,0.04881834215167549,0.18691588785046728,0.18691588785046728,100.0,3,0.28152969894222946,0.1111111111111111,0.04881834215167549,0,0.0,0.0,0.0
lr,ResNet50,a51df97a7ca7,fl,FedAvg,adam,0.001,0.01,20,stratified,project_tss,raw,mlp,False,,4,0.3199999928474426,0.28152969894222946,0.1111111111111111,0.04881834215167549,0.18691588785046728,0.18691588785046728,100.0,1,0.28152969894222946,0.1111111111111111,0.04881834215167549,0,0.0,0.0,0.0
lr,ResNet50,a7c2aeab95d2,fl,FedAvg,adam,0.0001,0.01,20,stratified,project_tss,raw,mlp,False,,1,0.3377777934074402,0.29454841334418225,0.12284082074164217,0.07566491719945338,0.19850086223918,0.19850086223918,100.0,40,0.29617575264442636,0.1242740763276206,0.07752412487629917,22,-0.16273393002441128,0.0,0.0
lr,ResNet50,b0afaa4bb87d,fl,FedAvg,adam,0.001,0.01,20,stratified,project_tss,raw,mlp,False,,0,0.3199999928474426,0.28152969894222946,0.1111111111111111,0.04881834215167549,0.18691588785046728,0.18691588785046728,100.0,21,0.28152969894222946,0.1111111111111111,0.04881834215167549,0,0.0,0.0,0.0
lr,ResNet50,c23467f16db6,fl,FedAvg,adam,0.001,0.01,20,stratified,project_tss,raw,mlp,False,,2,0.3400000035762787,0.31163547599674535,0.13166666666666668,0.07638290066969693,0.22201081819972582,0.22201081819972582,100.0,20,0.31814483319772174,0.13611111111111113,0.08020467308722162,13,-0.6509357200976396,0.0,0.0
lr,ResNet50,ce9dede22788,fl,FedAvg,adam,0.001,0.01,20,stratified,project_tss,raw,mlp,False,,3,0.3199999928474426,0.28152969894222946,0.1111111111111111,0.04881834215167549,0.18691588785046728,0.18691588785046728,100.0,14,0.28152969894222946,0.1111111111111111,0.04881834215167549,0,0.0,0.0,0.0
lr,UNI_v2,4971ae46bb22,fl,FedAvg,adam,0.0001,0.01,20,stratified,project_tss,raw,mlp,False,,0,0.7733333706855774,0.7697314890154597,0.6336775697774671,0.6322209025363155,0.6940585893098601,0.6940585893098601,156.0,106,0.7697314890154597,0.6336775697774671,0.6322209025363155,0,0.0,0.775,0.0
lr,UNI_v2,574e0130f168,fl,FedAvg,adam,0.0001,0.01,20,stratified,project_tss,raw,mlp,False,,4,0.7711111307144165,0.7542717656631408,0.6224828858409243,0.6033789467851395,0.6590104262755518,0.6590104262755518,162.0,112,0.7542717656631408,0.6224828858409243,0.6033789467851395,0,0.0,0.6083333333333333,0.0
lr,UNI_v2,6ce3c5432eeb,fl,FedAvg,adam,0.001,0.01,20,stratified,project_tss,raw,mlp,False,,0,0.9288889169692993,0.8934092758340114,0.8685484938829154,0.8800550492783867,0.8802578094511199,0.8802578094511199,358.0,308,0.8934092758340114,0.8685484938829154,0.8800550492783867,0,0.0,0.9916666666666667,0.6341463414634146
lr,UNI_v2,845943aa7c08,fl,FedAvg,adam,0.0001,0.01,20,stratified,project_tss,raw,mlp,False,,3,0.742222249507904,0.7347436940602116,0.5227913720606163,0.49355212277562477,0.6408677857275988,0.6408677857275988,147.0,97,0.7347436940602116,0.5227913720606163,0.49355212277562477,0,0.0,0.8416666666666667,0.0
lr,UNI_v2,8d8d2878a809,fl,FedAvg,adam,0.001,0.01,20,stratified,project_tss,raw,mlp,False,,4,0.7711111307144165,0.7762408462164361,0.6443571489665952,0.5989759913582026,0.7131364505399095,0.7131364505399095,100.0,49,0.7762408462164361,0.6443571489665952,0.5989759913582026,0,0.0,0.9416666666666667,0.0
lr,UNI_v2,966a45afa878,fl,FedAvg,adam,0.0001,0.01,20,stratified,project_tss,raw,mlp,False,,2,0.7666667103767395,0.7477624084621644,0.5954996480436539,0.6002748583695565,0.6495214032474238,0.6495214032474238,149.0,99,0.7477624084621644,0.5954996480436539,0.6002748583695565,0,0.0,0.7583333333333333,0.0
lr,UNI_v2,a6c061172214,fl,FedAvg,adam,0.001,0.01,20,stratified,project_tss,raw,mlp,False,,3,0.8799999952316284,0.8510984540276648,0.7666550322831486,0.7467721438056671,0.8069565164724207,0.8069565164724207,210.0,160,0.8510984540276648,0.7666550322831486,0.7467721438056671,0,0.0,0.9916666666666667,0.0
lr,UNI_v2,aa4a4692692e,fl,FedAvg,adam,0.001,0.01,20,stratified,project_tss,raw,mlp,False,,2,0.9177777767181396,0.871440195280716,0.7770725420260427,0.773474434851519,0.8224592783167959,0.8224592783167959,306.0,256,0.871440195280716,0.7770725420260427,0.773474434851519,0,0.0,0.9916666666666667,0.0
lr,UNI_v2,eca6c6c48cc9,fl,FedAvg,adam,0.001,0.01,20,stratified,project_tss,raw,mlp,False,,1,0.851111114025116,0.8348250610252238,0.7245404873109809,0.7132488405915114,0.7925097692170163,0.7925097692170163,178.0,128,0.8348250610252238,0.7245404873109809,0.7132488405915114,0,0.0,0.9833333333333333,0.0
lr,UNI_v2,f34335a35e22,fl,FedAvg,adam,0.0001,0.01,20,stratified,project_tss,raw,mlp,False,,1,0.8155555725097656,0.7933279088689992,0.6790171212766702,0.681156957575102,0.71373447970841,0.71373447970841,125.0,75,0.7933279088689992,0.6790171212766702,0.6810104363663458,1,0.0,0.7333333333333333,0.0
lr,Virchow2,1e1ff6af722f,fl,FedAvg,adam,0.001,0.01,20,stratified,project_tss,raw,mlp,False,,4,0.9377778172492981,0.9064279902359642,0.8723397955468557,0.8763856581075297,0.8914571054245591,0.8914571054245591,263.0,213,0.9064279902359642,0.8723397955468557,0.8763856581075297,0,0.0,0.975,0.5853658536585366
lr,Virchow2,47c47c38ce01,fl,FedAvg,adam,0.001,0.01,20,stratified,project_tss,raw,mlp,False,,0,0.8799999952316284,0.8429617575264443,0.7758107288589805,0.771918112417173,0.8225253866875443,0.8225253866875443,156.0,106,0.8429617575264443,0.7758107288589805,0.771918112417173,0,0.0,1.0,0.12195121951219512
lr,Virchow2,4d8e1c315a30,fl,FedAvg,adam,0.0001,0.01,20,stratified,project_tss,raw,mlp,False,,1,0.8777778148651123,0.8161106590724166,0.7713160435297672,0.7611863193746357,0.7939020983052613,0.7939020983052613,160.0,110,0.8152969894222946,0.7709949131508333,0.7601225292617337,1,0.08136696501220841,0.875,0.2926829268292683
lr,Virchow2,53a6b2491415,fl,FedAvg,adam,0.001,0.01,20,stratified,project_tss,raw,mlp,False,,1,0.9377778172492981,0.9015459723352319,0.8749666077163388,0.8810673026213327,0.8827813920759485,0.8827813920759485,300.0,250,0.9015459723352319,0.8749666077163388,0.8810673026213327,0,0.0,0.9916666666666667,0.7073170731707317
lr,Virchow2,59a165fee2d9,fl,FedAvg,adam,0.001,0.01,20,stratified,project_tss,raw,mlp,False,,3,0.9133333563804626,0.8844589096826688,0.8666749479330427,0.8698770726895969,0.8725467687838568,0.8725467687838568,210.0,160,0.8844589096826688,0.8666749479330427,0.8698770726895969,0,0.0,0.975,0.7317073170731707
lr,Virchow2,7fe683852885,fl,FedAvg,adam,0.0001,0.01,20,stratified,project_tss,raw,mlp,False,,3,0.8911111354827881,0.8763222131814483,0.8132150616339909,0.8244594204411906,0.8436690596478907,0.8436690596478907,235.0,185,0.8763222131814483,0.8132150616339909,0.8244594204411906,0,0.0,0.9833333333333333,0.34146341463414637
lr,Virchow2,db8b7c6d10cc,fl,FedAvg,adam,0.0001,0.01,20,stratified,project_tss,raw,mlp,False,,2,0.8755555748939514,0.855166802278275,0.8061567144252129,0.8119444772854341,0.8295797327347403,0.8295797327347403,164.0,114,0.855166802278275,0.8061567144252129,0.8119444772854341,0,0.0,0.9416666666666667,0.7317073170731707
lr,Virchow2,e72de4291eaf,fl,FedAvg,adam,0.0001,0.01,20,stratified,project_tss,raw,mlp,False,,4,0.893333375453949,0.8633034987794955,0.8146866094096304,0.8186324921200494,0.849592745212305,0.849592745212305,236.0,186,0.8633034987794955,0.8146866094096304,0.8186324921200494,0,0.0,0.9916666666666667,0.3902439024390244
lr,Virchow2,eaef911e007e,fl,FedAvg,adam,0.0001,0.01,20,stratified,project_tss,raw,mlp,False,,0,0.8688889145851135,0.8283157038242474,0.7421726293598576,0.7427373677621065,0.7866825912845573,0.7866825912845573,185.0,135,0.8283157038242474,0.7421726293598576,0.7427373677621065,0,0.0,0.85,0.21951219512195122
lr,Virchow2,f5d853df2298,fl,FedAvg,adam,0.001,0.01,20,stratified,project_tss,raw,mlp,False,,2,0.948888897895813,0.9235150528885273,0.9242165425680907,0.9168479733232291,0.9109445207498167,0.9109445207498167,409.0,359,0.9235150528885273,0.9242165425680907,0.9168479733232291,0,0.0,1.0,0.9024390243902439
lr_all,CTransPath,02a7d1da1135,fl,FedProx,adam,0.0001,0.01,20,stratified,project_tss,raw,mlp,False,,0,0.6266666650772095,0.6004882017900732,0.34899229054854847,0.29765298899906134,0.4268667017386253,0.4268667017386253,153.0,103,0.6004882017900732,0.34899229054854847,0.29740019056553263,2,0.0,0.0,0.0
lr_all,CTransPath,0ca449c57e0f,fl,FedProx,adam,0.001,0.01,20,stratified,project_tss,raw,mlp,False,,3,0.9088889360427856,0.886899918633035,0.8464910514207511,0.8522461093952216,0.8619043946857843,0.8619043946857843,485.0,435,0.886899918633035,0.8464910514207511,0.8522461093952216,0,0.0,0.95,0.6829268292682927
lr_all,CTransPath,1315d4504da1,fl,SCAFFOLD,adam,0.0001,0.01,20,stratified,project_tss,raw,mlp,False,,2,0.3888888955116272,0.3661513425549227,0.21043138514236778,0.10994645643089883,0.306905547313811,0.306905547313811,214.0,164,0.36696501220504474,0.2119621066152858,0.11061728395061728,13,-0.08136696501220286,0.9083333333333333,0.0
lr_all,CTransPath,178863f465e7,fl,FedProx,adam,0.0001,0.01,20,stratified,project_tss,raw,mlp,False,,1,0.6022222638130188,0.5842148087876322,0.33071242432663905,0.26738121470379056,0.4265206173972139,0.4265206173972139,128.0,78,0.5842148087876322,0.33071242432663905,0.26738121470379056,0,0.0,0.0,0.0
lr_all,CTransPath,1fcc176ab83f,fl,SCAFFOLD,adam,0.0001,0.01,20,stratified,project_tss,raw,mlp,False,,1,0.5088889002799988,0.4979658258746949,0.2666193421897711,0.2098915691829448,0.3633022686625558,0.3633022686625558,100.0,27,0.4979658258746949,0.2666193421897711,0.20997339265488987,1,0.0,0.0,0.0
lr_all,CTransPath,240467136a3d,fl,FedBN,adam,0.001,0.01,20,stratified,project_tss,raw,mlp,False,,2,0.36923632408489715,0.49389747762408465,0.28827087482933905,0.25620564585385974,0.3410448429082564,0.3410448429082564,113.0,63,0.49389747762408465,0.28827087482933905,0.25620564585385974,0,0.0,0.0,0.0
lr_all,CTransPath,2af2807c0d72,fl,SCAFFOLD,adam,0.0001,0.01,20,stratified,project_tss,raw,mlp,False,,3,0.3199999928474426,0.28152969894222946,0.1111111111111111,0.04881834215167549,0.18691588785046728,0.18691588785046728,100.0,2,0.28152969894222946,0.1111111111111111,0.04881834215167549,0,0.0,0.0,0.0
lr_all,CTransPath,2bdd87889b88,fl,FedBN,adam,0.001,0.01,20,stratified,project_tss,raw,mlp,False,,4,0.21788958873262887,0.28803905614320585,0.22375656330762267,0.18683856198601873,0.24354857722345852,0.24354857722345852,100.0,7,0.28641171684296174,0.22287987737313322,0.1861880245026919,5,0.16273393002441128,0.0,0.0
lr_all,CTransPath,2e28420b68dd,fl,SCAFFOLD,adam,0.001,0.01,20,stratified,project_tss,raw,mlp,False,,3,0.5777778029441833,0.5671277461350691,0.35705084000946496,0.2810036498230548,0.47717038804444967,0.47717038804444967,126.0,76,0.5671277461350691,0.35705084000946496,0.28109777673269887,3,0.0,1.0,0.0
lr_all,CTransPath,334b8b7598a0,fl,FedProx,adam,0.001,0.01,20,stratified,project_tss,raw,mlp,False,,4,0.8600000143051147,0.8348250610252238,0.7227010178523275,0.7259894495196525,0.7720265240487728,0.7720265240487728,351.0,301,0.8348250610252238,0.7227010178523275,0.7259894495196525,0,0.0,0.975,0.17073170731707318
lr_all,CTransPath,436dc00ca452,fl,FedBN,adam,0.0001,0.01,20,stratified,project_tss,raw,mlp,False,,3,0.17065237519227033,0.22620016273393004,0.17086997303227328,0.10749915791071046,0.16085775665433982,0.16085775665433982,148.0,98,0.22620016273393004,0.17086997303227328,0.10751211090030978,2,0.0,0.0,0.0
lr_all,CTransPath,458a06716c95,fl,FedBN,adam,0.0001,0.01,20,stratified,project_tss,raw,mlp,False,,2,0.23917389735095035,0.32465419039869814,0.19831015534934746,0.16203085488049157,0.18239567255998998,0.18239567255998998,200.0,150,0.32384052074857606,0.1979890249704136,0.1617634892803742,1,0.08136696501220841,0.0,0.0
lr_all,CTransPath,4cee0c25778b,fl,FedBN,adam,0.001,0.01,20,stratified,project_tss,raw,mlp,False,,1,0.3091001407833091,0.4890154597233523,0.2715941420348441,0.22912486593659853,0.2834735791760458,0.2834735791760458,293.0,243,0.4890154597233523,0.2715941420348441,0.22912486593659853,0,0.0,0.0,0.0
lr_all,CTransPath,54fce278a535,fl,SCAFFOLD,adam,0.001,0.01,20,stratified,project_tss,raw,mlp,False,,0,0.6355555653572083,0.6533767290480065,0.4165993419644165,0.33364452437728304,0.5457776512912695,0.5457776512912695,108.0,58,0.6525630593978845,0.4162782115854826,0.3333569550143186,1,0.08136696501219731,0.9416666666666667,0.0
lr_all,CTransPath,5cf32174760f,fl,FedProx,adam,0.001,0.01,20,stratified,project_tss,raw,mlp,False,,1,0.9111111164093018,0.8852725793327909,0.8336754453022807,0.8381442475434889,0.8469611440916074,0.8469611440916074,437.0,387,0.8852725793327909,0.8336754453022807,0.8381442475434889,0,0.0,0.975,0.5121951219512195
lr_all,CTransPath,5dce7d0ee33f,fl,SCAFFOLD,adam,0.001,0.01,20,stratified,project_tss,raw,mlp,False,,1,0.59333336353302,0.613506916192026,0.4422344710720203,0.3661668578618202,0.5267370328268003,0.5267370328268003,100.0,24,0.613506916192026,0.4422344710720203,0.3661668578618202,0,0.0,0.9166666666666666,0.6341463414634146
lr_all,CTransPath,622fc34470e6,fl,SCAFFOLD,adam,0.0001,0.01,20,stratified,project_tss,raw,mlp,False,,0,0.12666666507720947,0.16273393002441008,0.1111111111111111,0.031101780576938028,0.14018691588785046,0.14018691588785046,100.0,2,0.16273393002441008,0.1111111111111111,0.031101780576938028,0,0.0,0.0,0.0
lr_all,CTransPath,7117710b713d,fl,FedBN,adam,0.001,0.01,20,stratified,project_tss,raw,mlp,False,,0,0.34178478287389186,0.5305126118795769,0.32267663396529833,0.27245867607434604,0.3163694227441236,0.3163694227441236,179.0,129,0.5296989422294548,0.32235550358636444,0.27197050849939547,2,0.08136696501220841,0.0,0.0
lr_all,CTransPath,7710831e5020,fl,FedProx,adam,0.001,0.01,20,stratified,project_tss,raw,mlp,False,,2,0.7866666913032532,0.7542717656631408,0.5871819172162736,0.6013654856377375,0.6474207960244517,0.6474207960244517,193.0,143,0.7542717656631408,0.5871819172162736,0.6013654856377375,0,0.0,0.6,0.0
lr_all,CTransPath,7f4e3bca191c,fl,FedProx,adam,0.0001,0.01,20,stratified,project_tss,raw,mlp,False,,3,0.6266666650772095,0.5866558177379984,0.3422110594257637,0.28798209129866215,0.42131224770734454,0.42131224770734454,167.0,117,0.5866558177379984,0.3422110594257637,0.28798209129866215,0,0.0,0.0,0.0
lr_all,CTransPath,893d3bff9e9f,fl,FedBN,adam,0.0001,0.01,20,stratified,project_tss,raw,mlp,False,,1,0.23263253135268278,0.3002441008950366,0.17419293190968618,0.13993145920751668,0.22057045665403205,0.22057045665403205,168.0,118,0.30105777054515864,0.17504110833038167,0.1413866804414211,3,-0.08136696501220286,0.008333333333333333,0.0
lr_all,CTransPath,a14015d42f16,fl,SCAFFOLD,adam,0.001,0.01,20,stratified,project_tss,raw,mlp,False,,4,0.6200000047683716,0.6330349877949553,0.40128010656436597,0.33493481424511046,0.5338039853635329,0.5338039853635329,173.0,123,0.6330349877949553,0.40128010656436597,0.33493481424511046,0,0.0,0.95,0.0
lr_all,CTransPath,a7710f869ba5,fl,SCAFFOLD,adam,0.0001,0.01,20,stratified,project_tss,raw,mlp,False,,4,0.18444444239139557,0.22701383238405207,0.18537037037037038,0.09156422888665677,0.23154577723191497,0.23154577723191497,141.0,91,0.22782750203417412,0.1862962962962963,0.09209726171429283,3,-0.08136696501220564,0.6833333333333333,0.0
lr_all,CTransPath,b3801572cd6f,fl,FedBN,adam,0.001,0.01,20,stratified,project_tss,raw,mlp,False,,3,0.3664199655259643,0.48413344182262,0.2665941420348441,0.23680359436427123,0.34695788074685774,0.34695788074685774,100.0,40,0.48413344182262,0.2665941420348441,0.23680359436427123,0,0.0,0.0,0.0
lr_all,CTransPath,b7bd1e62282a,fl,FedBN,adam,0.0001,0.01,20,stratified,project_tss,raw,mlp,False,,4,0.1733839243652872,0.14320585842148087,0.17182125431884301,0.12005852272348533,0.12586143122268367,0.12586143122268367,139.0,89,0.14239218877135884,0.17126569876328748,0.11957764621282466,1,0.08136696501220286,0.0,0.04878048780487805
lr_all,CTransPath,b99f40d99703,fl,FedProx,adam,0.001,0.01,20,stratified,project_tss,raw,mlp,False,,0,0.6844444870948792,0.6826688364524003,0.4548691818396148,0.4121703847870984,0.5612792601469208,0.5612792601469208,100.0,46,0.6826688364524003,0.4548691818396148,0.4121703847870984,0,0.0,0.45,0.0
lr_all,CTransPath,be7c7d8d01c9,fl,FedProx,adam,0.0001,0.01,20,stratified,project_tss,raw,mlp,False,,2,0.6333333253860474,0.5939788445890968,0.35075203341717043,0.3128011030977078,0.42995604891343797,0.42995604891343797,171.0,121,0.5939788445890968,0.35075203341717043,0.3128011030977078,0,0.0,0.0,0.0
lr_all,CTransPath,c936ff6640c1,fl,FedBN,adam,0.0001,0.01,20,stratified,project_tss,raw,mlp,False,,0,0.19020547982400046,0.18958502847843775,0.1918809986161332,0.1066638585066058,0.15697660739410393,0.15697660739410393,143.0,93,0.1920260374288039,0.19504398985164353,0.10797205557821545,3,-0.24410089503661414,0.0,0.0
lr_all,CTransPath,f1f50161013a,fl,FedProx,adam,0.0001,0.01,20,stratified,project_tss,raw,mlp,False,,4,0.6133333444595337,0.5825874694873882,0.3358636962171125,0.28622309401316937,0.41996690013925553,0.41996690013925553,135.0,85,0.5825874694873882,0.3358636962171125,0.28622309401316937,0,0.0,0.0,0.0
lr_all,CTransPath,f24e3644f579,fl,SCAFFOLD,adam,0.001,0.01,20,stratified,project_tss,raw,mlp,False,,2,0.6111111044883728,0.6224572823433686,0.3921693202176926,0.31841891625426233,0.512554385015404,0.512554385015404,125.0,75,0.6232709519934907,0.39275411553933004,0.3189399286619234,1,-0.08136696501220841,0.95,0.0
lr_all,Conch_v15,094dfea521ba,fl,FedProx,adam,0.0001,0.01,20,stratified,project_tss,raw,mlp,False,,4,0.8400000333786011,0.7998372660699756,0.6786129030402852,0.6877543761214935,0.7365364085338673,0.7365364085338673,162.0,112,0.7998372660699756,0.6786129030402852,0.6877236754840114,1,0.0,0.75,0.0
lr_all,Conch_v15,1b590fd00f0d,fl,SCAFFOLD,adam,0.0001,0.01,20,stratified,project_tss,raw,mlp,False,,1,0.47777777910232544,0.44100895036615134,0.23704441740188623,0.1957504181964983,0.30662010350110597,0.30662010350110597,100.0,2,0.44100895036615134,0.23704441740188623,0.1957504181964983,0,0.0,0.0,0.0
lr_all,Conch_v15,2d72fb3dc8d2,fl,SCAFFOLD,adam,0.0001,0.01,20,stratified,project_tss,raw,mlp,False,,0,0.23777778446674347,0.25142392188771356,0.2035623409669211,0.08684806059753296,0.22403693139674447,0.22403693139674447,100.0,8,0.25142392188771356,0.2035623409669211,0.08684806059753296,0,0.0,0.0,0.0
lr_all,Conch_v15,2d8654ccddef,fl,SCAFFOLD,adam,0.001,0.01,20,stratified,project_tss,raw,mlp,False,,2,0.644444465637207,0.6574450772986168,0.46482425154086243,0.4024677374234197,0.6016583608893823,0.6016583608893823,130.0,80,0.6582587469487388,0.46540904686249995,0.40311842868537506,1,-0.08136696501219731,0.8666666666666667,0.0
lr_all,Conch_v15,2f625e906542,fl,FedProx,adam,0.001,0.01,20,stratified,project_tss,raw,mlp,False,,0,0.9088889360427856,0.8828315703824248,0.820737347510158,0.8327095824763786,0.8486012900632462,0.8486012900632462,156.0,106,0.8828315703824248,0.820737347510158,0.8327095824763786,0,0.0,0.9916666666666667,0.7317073170731707
lr_all,Conch_v15,31611f7d1359,fl,FedBN,adam,0.0001,0.01,20,stratified,project_tss,raw,mlp,False,,1,0.2615347009814103,0.31000813669650124,0.18545856158799934,0.14678160396166384,0.1871673364049308,0.1871673364049308,223.0,173,0.30919446704637915,0.1851374312090655,0.14639332181773887,2,0.08136696501220841,0.0,0.0
lr_all,Conch_v15,319b59aaf074,fl,SCAFFOLD,adam,0.0001,0.01,20,stratified,project_tss,raw,mlp,False,,2,0.40888890624046326,0.3572009764035802,0.2389814814814815,0.13673579418174636,0.308185272671254,0.308185272671254,160.0,110,0.3580146460537022,0.24013888888888887,0.13725936022567156,1,-0.08136696501220286,0.0,0.0
lr_all,Conch_v15,3455bd7524d8,fl,FedProx,adam,0.0001,0.01,20,stratified,project_tss,raw,mlp,False,,2,0.8844444751739502,0.8600488201790073,0.7624703726575593,0.7790186426325527,0.823980759080634,0.823980759080634,226.0,176,0.8600488201790073,0.7624703726575593,0.7790186426325527,0,0.0,0.9666666666666667,0.4146341463414634
lr_all,Conch_v15,3d04a54622a2,fl,SCAFFOLD,adam,0.001,0.01,20,stratified,project_tss,raw,mlp,False,,1,0.6822222471237183,0.6794141578519122,0.49899212948878297,0.41052147916248094,0.603698046863293,0.603698046863293,152.0,102,0.6794141578519122,0.49899212948878297,0.4103511156705121,1,0.0,0.925,0.0
lr_all,Conch_v15,4b9372680915,fl,FedProx,adam,0.001,0.01,20,stratified,project_tss,raw,mlp,False,,2,0.9288889169692993,0.8934092758340114,0.851738659185105,0.8604345460822831,0.8669327297608934,0.8669327297608934,182.0,132,0.8925956061838893,0.8511538638634676,0.8597953347839478,1,0.08136696501220841,0.9833333333333333,0.7073170731707317
lr_all,Conch_v15,507c9b21fed3,fl,FedBN,adam,0.001,0.01,20,stratified,project_tss,raw,mlp,False,,2,0.27915261306350414,0.4499593165174939,0.2596833453192764,0.18465728961890973,0.2703736660743303,0.2703736660743303,155.0,105,0.4499593165174939,0.2596833453192764,0.18460702232368034,2,0.0,0.0,0.0
lr_all,Conch_v15,57309b796771,fl,FedBN,adam,0.001,0.01,20,stratified,project_tss,raw,mlp,False,,3,0.2889796185500903,0.4003254678600488,0.22340765591525585,0.1832146522483148,0.26954082050163375,0.26954082050163375,100.0,23,0.39951179820992677,0.22308652553632202,0.18299337967784013,2,0.08136696501220286,0.325,0.0
lr_all,Conch_v15,63a18089d81d,fl,FedProx,adam,0.0001,0.01,20,stratified,project_tss,raw,mlp,False,,1,0.8555555939674377,0.8405207485760781,0.7124169489718484,0.7120936723696534,0.7825388148060171,0.7825388148060171,220.0,170,0.8405207485760781,0.7124169489718484,0.7120936723696534,0,0.0,0.9666666666666667,0.0
lr_all,Conch_v15,64a1148c40b8,fl,FedBN,adam,0.001,0.01,20,stratified,project_tss,raw,mlp,False,,1,0.31559405940594065,0.47192839707078926,0.25290893418517396,0.19430875441592224,0.277368241073078,0.277368241073078,190.0,140,0.47192839707078926,0.25290893418517396,0.19430875441592224,0,0.0,0.0,0.0
lr_all,Conch_v15,6984783d055f,fl,SCAFFOLD,adam,0.0001,0.01,20,stratified,project_tss,raw,mlp,False,,3,0.5577777624130249,0.5622457282343368,0.34584947436027447,0.28955441481222327,0.46300181266616236,0.46300181266616236,191.0,141,0.5622457282343368,0.34584947436027447,0.2894405096530577,1,0.0,0.875,0.0
lr_all,Conch_v15,771a2ed1141b,fl,FedBN,adam,0.0001,0.01,20,stratified,project_tss,raw,mlp,False,,0,0.14477890096701979,0.13018714401952808,0.1472288439504189,0.054061634076794984,0.1422482094715382,0.1422482094715382,100.0,10,0.13018714401952808,0.1472288439504189,0.05398413765118529,1,0.0,0.0,0.0
lr_all,Conch_v15,7bd8ddfde1eb,fl,FedBN,adam,0.001,0.01,20,stratified,project_tss,raw,mlp,False,,4,0.30887553041018384,0.4735557363710334,0.2545181354156103,0.19542553735724819,0.2675841475731525,0.2675841475731525,226.0,176,0.4735557363710334,0.2545181354156103,0.19542553735724819,0,0.0,0.0,0.0
lr_all,Conch_v15,83785a338b3c,fl,FedProx,adam,0.001,0.01,20,stratified,project_tss,raw,mlp,False,,1,0.9466667175292969,0.9048006509357202,0.8898997103508243,0.8917856177733553,0.8899992095342829,0.8899992095342829,322.0,272,0.9048006509357202,0.8898997103508243,0.8917856177733553,0,0.0,0.9916666666666667,0.8780487804878049
lr_all,Conch_v15,87329b439b75,fl,FedProx,adam,0.0001,0.01,20,stratified,project_tss,raw,mlp,False,,0,0.8044444918632507,0.7933279088689992,0.6443214289445248,0.646769267213419,0.7407115797794599,0.7407115797794599,137.0,87,0.7933279088689992,0.6443214289445248,0.646769267213419,0,0.0,0.8833333333333333,0.0
lr_all,Conch_v15,92f65948e272,fl,SCAFFOLD,adam,0.0001,0.01,20,stratified,project_tss,raw,mlp,False,,4,0.20222222805023193,0.25874694873881204,0.22037037037037038,0.08980215697899567,0.27822146700651373,0.27822146700651373,100.0,37,0.25874694873881204,0.22037037037037038,0.08980215697899567,0,0.0,0.9833333333333333,0.0
lr_all,Conch_v15,9ab358eafa4d,fl,FedProx,adam,0.0001,0.01,20,stratified,project_tss,raw,mlp,False,,3,0.846666693687439,0.8047192839707079,0.7058462852439877,0.7021212257884729,0.7645734606644092,0.7645734606644092,210.0,160,0.8047192839707079,0.7058462852439877,0.7021212257884729,0,0.0,0.9166666666666666,0.0
lr_all,Conch_v15,aea1de079d4a,fl,FedProx,adam,0.001,0.01,20,stratified,project_tss,raw,mlp,False,,3,0.9311111569404602,0.8974776240846216,0.8569498356025398,0.8679249117740728,0.8679866411363379,0.8679866411363379,197.0,147,0.8974776240846216,0.8569498356025398,0.8679249117740728,0,0.0,0.9833333333333333,0.7073170731707317
lr_all,Conch_v15,b9d2638d8ccd,fl,FedBN,adam,0.0001,0.01,20,stratified,project_tss,raw,mlp,False,,3,0.24489809986169916,0.3531326281529699,0.18611277116637115,0.157802737021538,0.21474565618670954,0.21474565618670954,207.0,157,0.35394629780309195,0.1866975664880086,0.15830381163009477,2,-0.08136696501220286,0.008333333333333333,0.0
lr_all,Conch_v15,c7148f3d4b3a,fl,SCAFFOLD,adam,0.001,0.01,20,stratified,project_tss,raw,mlp,False,,3,0.59333336353302,0.5996745321399511,0.44458591151422117,0.3601625741562819,0.579559011966703,0.579559011966703,150.0,100,0.6004882017900732,0.44729593861449213,0.36401253142526746,1,-0.08136696501220841,1.0,0.1951219512195122
lr_all,Conch_v15,cd1b73f3ef07,fl,FedBN,adam,0.0001,0.01,20,stratified,project_tss,raw,mlp,False,,2,0.2890825267077451,0.4076484947111473,0.2508087688161458,0.20550277308846962,0.24938127830442405,0.24938127830442405,283.0,233,0.4076484947111473,0.2508087688161458,0.20550277308846962,0,0.0,0.0,0.0
lr_all,Conch_v15,dcf71c5c05ef,fl,FedBN,adam,0.001,0.01,20,stratified,project_tss,raw,mlp,False,,0,0.29285230413797686,0.41822620016273393,0.2570609629060222,0.21151333617519685,0.2965579122878681,0.2965579122878681,112.0,62,0.41822620016273393,0.2570609629060222,0.21151070000844577,1,0.0,0.0,0.0
lr_all,Conch_v15,e55bfd997f74,fl,FedProx,adam,0.001,0.01,20,stratified,project_tss,raw,mlp,False,,4,0.9399999976158142,0.9048006509357202,0.8795666186155783,0.8871451471964087,0.8813739509433838,0.8813739509433838,245.0,195,0.9048006509357202,0.8795666186155783,0.8871451471964087,0,0.0,1.0,0.8536585365853658
lr_all,Conch_v15,ecdcc3fc6dd2,fl,SCAFFOLD,adam,0.001,0.01,20,stratified,project_tss,raw,mlp,False,,4,0.7333333492279053,0.7388120423108218,0.5301397742875331,0.4737485808498075,0.6716388198956704,0.6716388198956704,102.0,52,0.7388120423108218,0.5301397742875331,0.4737485808498075,0,0.0,0.9916666666666667,0.0
lr_all,Conch_v15,ed5180d798b2,fl,FedBN,adam,0.0001,0.01,20,stratified,project_tss,raw,mlp,False,,4,0.19329704011125096,0.16680227827502034,0.1600255606480859,0.12509758397124787,0.1686129913209475,0.1686129913209475,142.0,92,0.16680227827502034,0.1600255606480859,0.12509758397124787,0,0.0,0.125,0.0
lr_all,Conch_v15,fc468cbb457d,fl,SCAFFOLD,adam,0.001,0.01,20,stratified,project_tss,raw,mlp,False,,0,0.6422222256660461,0.6403580146460537,0.41014401826806757,0.34729308343206333,0.5370560745490525,0.5370560745490525,100.0,46,0.6403580146460537,0.41014401826806757,0.34729308343206333,0,0.0,1.0,0.0
lr_all,Midnight12k,12c99ace03ad,fl,SCAFFOLD,adam,0.001,0.01,20,stratified,project_tss,raw,mlp,False,,1,0.6822222471237183,0.6883645240032547,0.49355922320251494,0.4198390282142342,0.6328135622460422,0.6328135622460422,117.0,67,0.6883645240032547,0.49355922320251494,0.4198390282142342,0,0.0,1.0,0.0
lr_all,Midnight12k,18e28f8a54ff,fl,FedBN,adam,0.001,0.01,20,stratified,project_tss,raw,mlp,False,,3,0.3291530169500467,0.46867371847030104,0.28592490733384657,0.24146934648340915,0.3142843258370544,0.3142843258370544,100.0,39,0.46867371847030104,0.28592490733384657,0.24146934648340915,0,0.0,0.0,0.0
lr_all,Midnight12k,1bc280e14434,fl,SCAFFOLD,adam,0.0001,0.01,20,stratified,project_tss,raw,mlp,False,,0,0.12888889014720917,0.16273393002441008,0.1111111111111111,0.031145371019232267,0.14018691588785046,0.14018691588785046,100.0,1,0.16273393002441008,0.1111111111111111,0.031145371019232267,0,0.0,0.0,0.0
lr_all,Midnight12k,3681be57fefa,fl,SCAFFOLD,adam,0.0001,0.01,20,stratified,project_tss,raw,mlp,False,,4,0.2666666805744171,0.2986167615947925,0.24012276237667962,0.16178474269981635,0.25396065904977605,0.25396065904977605,100.0,1,0.2994304312449146,0.2406490781661533,0.16150649481597912,9,-0.08136696501220841,0.0,0.0
lr_all,Midnight12k,37cbbb2472d8,fl,FedBN,adam,0.0001,0.01,20,stratified,project_tss,raw,mlp,False,,1,0.3038861083910589,0.4084621643612693,0.27443990186117684,0.2358237198201642,0.27454642647527977,0.27454642647527977,239.0,189,0.4084621643612693,0.27443990186117684,0.23570017464821255,1,0.0,0.0,0.0
lr_all,Midnight12k,3f3a4bc18866,fl,SCAFFOLD,adam,0.001,0.01,20,stratified,project_tss,raw,mlp,False,,2,0.6333333253860474,0.6362896663954435,0.5151523423055215,0.44287953590609375,0.620844854440526,0.620844854440526,100.0,31,0.6362896663954435,0.5151523423055215,0.44287953590609375,0,0.0,0.9666666666666667,0.0
lr_all,Midnight12k,4016c525184b,fl,FedProx,adam,0.0001,0.01,20,stratified,project_tss,raw,mlp,False,,1,0.8044444918632507,0.7876322213181448,0.6826103522320577,0.6803197583166745,0.7542412599957053,0.7542412599957053,123.0,73,0.7868185516680228,0.6822892218531238,0.6799446550773216,1,0.08136696501219731,0.9333333333333333,0.0
lr_all,Midnight12k,48946f684917,fl,SCAFFOLD,adam,0.001,0.01,20,stratified,project_tss,raw,mlp,False,,4,0.6022222638130188,0.6143205858421481,0.39068214853125105,0.32003864946748484,0.5267467621170877,0.5267467621170877,100.0,27,0.6143205858421481,0.39068214853125105,0.32003864946748484,0,0.0,1.0,0.0
lr_all,Midnight12k,4abc53d4e9b4,fl,FedBN,adam,0.001,0.01,20,stratified,project_tss,raw,mlp,False,,1,0.25978533987852565,0.3645240032546786,0.19388989868416107,0.17639216921535744,0.24741555978629873,0.24741555978629873,100.0,18,0.3645240032546786,0.19388989868416107,0.1763445562580518,1,0.0,0.10833333333333334,0.0
lr_all,Midnight12k,4c64af4c59ba,fl,FedProx,adam,0.001,0.01,20,stratified,project_tss,raw,mlp,False,,1,0.9000000357627869,0.8885272579332791,0.8733207745844144,0.8751612614167239,0.8837237093153958,0.8837237093153958,264.0,214,0.8885272579332791,0.8733207745844144,0.8751612614167239,0,0.0,0.9916666666666667,0.8780487804878049
lr_all,Midnight12k,557feed093d9,fl,FedProx,adam,0.001,0.01,20,stratified,project_tss,raw,mlp,False,,4,0.8777778148651123,0.8673718470301057,0.8545675124253052,0.8625864035292625,0.8598177129083835,0.8598177129083835,264.0,214,0.8673718470301057,0.8545675124253052,0.8625864035292625,0,0.0,0.975,0.8780487804878049
lr_all,Midnight12k,726a5b50924d,fl,FedBN,adam,0.001,0.01,20,stratified,project_tss,raw,mlp,False,,4,0.25768780449473516,0.4165988608624898,0.2412128587364365,0.18041222867397622,0.24565427250239735,0.24565427250239735,119.0,69,0.4165988608624898,0.2412128587364365,0.18041222867397622,0,0.0,0.0,0.0
lr_all,Midnight12k,7c94469a84f3,fl,FedProx,adam,0.001,0.01,20,stratified,project_tss,raw,mlp,False,,0,0.8666666746139526,0.8454027664768105,0.8281320390116594,0.8383392742513706,0.8389295912244531,0.8389295912244531,144.0,94,0.8454027664768105,0.8281320390116594,0.8383392742513706,0,0.0,0.9416666666666667,0.8048780487804879
lr_all,Midnight12k,8a9892005179,fl,FedBN,adam,0.001,0.01,20,stratified,project_tss,raw,mlp,False,,2,0.2706752982990606,0.44100895036615134,0.22605719501064803,0.18292566714796463,0.2557811482080807,0.2557811482080807,126.0,76,0.44100895036615134,0.22605719501064803,0.18292566714796463,0,0.0,0.0,0.0
lr_all,Midnight12k,8e299fbf9e13,fl,SCAFFOLD,adam,0.001,0.01,20,stratified,project_tss,raw,mlp,False,,0,0.6422222256660461,0.6305939788445891,0.4751610581527679,0.40246215586310236,0.5938333521031515,0.5938333521031515,114.0,64,0.6305939788445891,0.4751610581527679,0.40246263612231586,1,0.0,0.8916666666666667,0.0
lr_all,Midnight12k,92e2f96a51e5,fl,FedProx,adam,0.0001,0.01,20,stratified,project_tss,raw,mlp,False,,2,0.7622222304344177,0.7510170870626526,0.6121914075344255,0.5886317541968071,0.7090352273019425,0.7090352273019425,148.0,98,0.7510170870626526,0.6121914075344255,0.5886317541968071,0,0.0,0.9583333333333334,0.0
lr_all,Midnight12k,94e80ada3cdb,fl,FedProx,adam,0.0001,0.01,20,stratified,project_tss,raw,mlp,False,,0,0.8288888931274414,0.8022782750203418,0.7298059317662487,0.7525268303377014,0.7844081636664347,0.7844081636664347,231.0,181,0.8022782750203418,0.7298059317662487,0.7525268303377014,0,0.0,0.9083333333333333,0.43902439024390244
lr_all,Midnight12k,95cd386b0cf9,fl,SCAFFOLD,adam,0.001,0.01,20,stratified,project_tss,raw,mlp,False,,3,0.648888885974884,0.6338486574450773,0.4477199883942354,0.39211979622767973,0.5629184017462839,0.5629184017462839,100.0,44,0.6338486574450773,0.4477199883942354,0.39211979622767973,0,0.0,0.6416666666666667,0.0
lr_all,Midnight12k,c57e2d301900,fl,FedProx,adam,0.0001,0.01,20,stratified,project_tss,raw,mlp,False,,4,0.795555591583252,0.7998372660699756,0.7196849390501862,0.6990096471260571,0.7824426022093767,0.7824426022093767,168.0,118,0.7998372660699756,0.7196849390501862,0.6990096471260571,0,0.0,0.9166666666666666,0.24390243902439024
lr_all,Midnight12k,cce5eeae243a,fl,FedBN,adam,0.0001,0.01,20,stratified,project_tss,raw,mlp,False,,3,0.24062932941645812,0.24410089503661514,0.154695161738058,0.09272222628597437,0.19526061102506953,0.19526061102506953,100.0,28,0.24247355573637103,0.1540529009801903,0.0923083978674903,5,0.16273393002441128,0.0,0.0
lr_all,Midnight12k,d29f47e0f971,fl,FedBN,adam,0.0001,0.01,20,stratified,project_tss,raw,mlp,False,,0,0.26212857420195806,0.4369406021155411,0.22993420668504333,0.18218059555986707,0.250509853744296,0.250509853744296,231.0,181,0.4369406021155411,0.22993420668504333,0.18218059555986707,0,0.0,0.0,0.0
lr_all,Midnight12k,d38988fff7f0,fl,FedBN,adam,0.0001,0.01,20,stratified,project_tss,raw,mlp,False,,2,0.20546670051620544,0.11228641171684296,0.14356060606060606,0.05106439681441135,0.1607808448315089,0.1607808448315089,100.0,1,0.11065907241659886,0.14170875420875417,0.05054613724825627,10,0.1627339300244099,0.675,0.0
lr_all,Midnight12k,d88fb58b4751,fl,SCAFFOLD,adam,0.0001,0.01,20,stratified,project_tss,raw,mlp,False,,1,0.6022222638130188,0.5988608624898292,0.42015887502957777,0.30809370498512023,0.48462014546457344,0.48462014546457344,100.0,14,0.5988608624898292,0.42042253997228135,0.3084503169597084,6,0.0,0.0,0.0
lr_all,Midnight12k,df3e1306759b,fl,FedBN,adam,0.0001,0.01,20,stratified,project_tss,raw,mlp,False,,4,0.2865131561637094,0.4320585842148088,0.24938507061908702,0.21379720882506298,0.26074897879682446,0.26074897879682446,291.0,241,0.4320585842148088,0.24938507061908702,0.2138337598624474,2,0.0,0.041666666666666664,0.0
lr_all,Midnight12k,e29943a18e7f,fl,SCAFFOLD,adam,0.0001,0.01,20,stratified,project_tss,raw,mlp,False,,2,0.4511111080646515,0.42066720911310007,0.2966615821023335,0.17542892297363016,0.40444395086795487,0.40444395086795487,160.0,110,0.41985353946297804,0.2961986191393706,0.1750608479152792,14,0.08136696501220286,0.8666666666666667,0.0
lr_all,Midnight12k,e50185af4a0c,fl,FedBN,adam,0.001,0.01,20,stratified,project_tss,raw,mlp,False,,0,0.32527350214013,0.4255492270138324,0.2823216470603819,0.23750239758240393,0.2978725397258837,0.2978725397258837,115.0,65,0.4255492270138324,0.2823216470603819,0.23750239758240393,0,0.0,0.7333333333333333,0.0
lr_all,Midnight12k,e7769002e6a3,fl,SCAFFOLD,adam,0.0001,0.01,20,stratified,project_tss,raw,mlp,False,,3,0.4000000059604645,0.3482506102522376,0.2085273496039392,0.11907364115030299,0.29214902439201507,0.29214902439201507,237.0,187,0.3482506102522376,0.2085273496039392,0.1185590404408785,3,0.0,0.0,0.0
lr_all,Midnight12k,ecaf549a2066,fl,FedProx,adam,0.001,0.01,20,stratified,project_tss,raw,mlp,False,,3,0.8600000143051147,0.8413344182262001,0.8206688104235963,0.828651020862234,0.836295143904998,0.836295143904998,152.0,102,0.8413344182262001,0.8206688104235963,0.828651020862234,0,0.0,0.9666666666666667,0.8292682926829268
lr_all,Midnight12k,f07c932dbc4c,fl,FedProx,adam,0.0001,0.01,20,stratified,project_tss,raw,mlp,False,,3,0.7511111497879028,0.7371847030105777,0.5830345022057661,0.5752132219685019,0.6677074456212339,0.6677074456212339,153.0,103,0.7371847030105777,0.5830345022057661,0.5752132219685019,0,0.0,0.925,0.0
lr_all,Midnight12k,fc700cc9809a,fl,FedProx,adam,0.001,0.01,20,stratified,project_tss,raw,mlp,False,,2,0.8777778148651123,0.8567941415785191,0.8432870864917812,0.8471719241291401,0.8594910950805633,0.8594910950805633,162.0,112,0.8567941415785191,0.8432870864917812,0.8471719241291401,0,0.0,0.9833333333333333,0.8048780487804879
lr_all,Phikon_v2,0fd65783f6b7,fl,SCAFFOLD,adam,0.0001,0.01,20,stratified,project_tss,raw,mlp,False,,0,0.12666666507720947,0.16273393002441008,0.1111111111111111,0.031101780576938028,0.14018691588785046,0.14018691588785046,100.0,2,0.16273393002441008,0.1111111111111111,0.031101780576938028,0,0.0,0.0,0.0
lr_all,Phikon_v2,0ff8e8d0ba2f,fl,FedProx,adam,0.001,0.01,20,stratified,project_tss,raw,mlp,False,,4,0.9800000190734863,0.9487388120423108,0.9455587605888185,0.9475313722310292,0.9489183266831243,0.9489183266831243,344.0,294,0.9487388120423108,0.9455587605888185,0.9475313722310292,0,0.0,1.0,0.975609756097561
lr_all,Phikon_v2,11106474f2ff,fl,FedBN,adam,0.001,0.01,20,stratified,project_tss,raw,mlp,False,,0,0.2902357543446652,0.46216436126932464,0.2505080930274325,0.2385546044265275,0.2506390731053669,0.2506390731053669,193.0,143,0.4629780309194467,0.251063648582988,0.23925058562711377,1,-0.08136696501220841,0.0,0.0
lr_all,Phikon_v2,2e9bfef9790b,fl,SCAFFOLD,adam,0.001,0.01,20,stratified,project_tss,raw,mlp,False,,1,0.5088889002799988,0.49877949552481693,0.30546783625731,0.25120507353539384,0.41608745646460776,0.41608745646460776,143.0,93,0.49877949552481693,0.30546783625731,0.25120507353539384,0,0.0,0.95,0.0
lr_all,Phikon_v2,4a7274c414b7,fl,FedBN,adam,0.0001,0.01,20,stratified,project_tss,raw,mlp,False,,0,0.20781013557076458,0.32546786004882017,0.15962971865331846,0.1397092264523458,0.1922235043011142,0.1922235043011142,130.0,80,0.32546786004882017,0.15962971865331846,0.13974270859171772,2,0.0,0.016666666666666666,0.0
lr_all,Phikon_v2,4d9bfecbc41d,fl,SCAFFOLD,adam,0.0001,0.01,20,stratified,project_tss,raw,mlp,False,,1,0.3933333456516266,0.386493083807974,0.2084432479144588,0.16206706696132134,0.26145110436596714,0.26145110436596714,100.0,2,0.3840520748576078,0.20747985677765726,0.16144083311802168,5,0.2441008950366197,0.0,0.0
lr_all,Phikon_v2,544682cbd78f,fl,FedProx,adam,0.0001,0.01,20,stratified,project_tss,raw,mlp,False,,3,0.6777777671813965,0.6484947111472742,0.41700987234003023,0.3716400978479201,0.4816894582860315,0.4816894582860315,191.0,141,0.6484947111472742,0.41700987234003023,0.3716400978479201,0,0.0,0.0,0.0
lr_all,Phikon_v2,56bd2bd5cb28,fl,FedBN,adam,0.001,0.01,20,stratified,project_tss,raw,mlp,False,,4,0.31554860156345305,0.45077298616761596,0.25624446730675987,0.21531167491453146,0.2889990885664863,0.2889990885664863,132.0,82,0.44914564686737185,0.2556022065488922,0.21473613889205018,2,0.16273393002441128,0.0,0.0
lr_all,Phikon_v2,68c786bb61b9,fl,SCAFFOLD,adam,0.001,0.01,20,stratified,project_tss,raw,mlp,False,,2,0.5311111211776733,0.5272579332790887,0.3244168582826307,0.239803185971534,0.4647017819392751,0.4647017819392751,100.0,11,0.5272579332790887,0.3244168582826307,0.239803185971534,0,0.0,0.8333333333333334,0.0
lr_all,Phikon_v2,6ccaef3bce96,fl,FedBN,adam,0.0001,0.01,20,stratified,project_tss,raw,mlp,False,,4,0.20631312193921394,0.2701383238405207,0.17666181901989977,0.16762049041094038,0.19451255459435368,0.19451255459435368,132.0,82,0.2701383238405207,0.17666181901989977,0.1675853001720578,1,0.0,0.008333333333333333,0.0
lr_all,Phikon_v2,6fd696cf649f,fl,FedProx,adam,0.0001,0.01,20,stratified,project_tss,raw,mlp,False,,1,0.8088889122009277,0.7591537835638731,0.5872398245115997,0.5934180532932545,0.6402385213542781,0.6402385213542781,419.0,369,0.7591537835638731,0.5872398245115997,0.5934180532932545,0,0.0,0.4083333333333333,0.024390243902439025
lr_all,Phikon_v2,70435c3efc5f,fl,FedBN,adam,0.001,0.01,20,stratified,project_tss,raw,mlp,False,,1,0.3420768999976921,0.5061025223759154,0.28832273822416576,0.24408859734840055,0.3077215614308471,0.3077215614308471,160.0,110,0.5061025223759154,0.28832273822416576,0.24408859734840055,0,0.0,0.0,0.0
lr_all,Phikon_v2,73f493ce96d2,fl,SCAFFOLD,adam,0.001,0.01,20,stratified,project_tss,raw,mlp,False,,3,0.54666668176651,0.5451586655817738,0.2989847209546023,0.22520477511968673,0.41243873604425896,0.41243873604425896,100.0,12,0.5451586655817738,0.2989847209546023,0.22520477511968673,0,0.0,0.0,0.0
lr_all,Phikon_v2,77f636cb4e24,fl,FedProx,adam,0.001,0.01,20,stratified,project_tss,raw,mlp,False,,2,0.9511111378669739,0.9381611065907242,0.9312788366310557,0.9357699635241237,0.9282728506638164,0.9282728506638164,182.0,132,0.9381611065907242,0.9312788366310557,0.9357699635241237,0,0.0,0.9916666666666667,0.8780487804878049
lr_all,Phikon_v2,a126efc5d1bf,fl,FedProx,adam,0.0001,0.01,20,stratified,project_tss,raw,mlp,False,,2,0.753333330154419,0.7038242473555736,0.4998090963330068,0.4798442172430606,0.5753084206211768,0.5753084206211768,182.0,132,0.7038242473555736,0.4998090963330068,0.4798442172430606,0,0.0,0.016666666666666666,0.0
lr_all,Phikon_v2,a95092d874a9,fl,FedBN,adam,0.0001,0.01,20,stratified,project_tss,raw,mlp,False,,3,0.2061106755471927,0.16842961757526445,0.15785671923750982,0.08293751817730456,0.17517518877016214,0.17517518877016214,100.0,22,0.16680227827502034,0.15698003330302038,0.08199712466000886,5,0.16273393002441128,0.8333333333333334,0.12195121951219512
lr_all,Phikon_v2,ab7c9e7f96cf,fl,FedBN,adam,0.001,0.01,20,stratified,project_tss,raw,mlp,False,,2,0.30516892348575514,0.45402766476810413,0.2520510722451748,0.21848233179502533,0.2675746155008844,0.2675746155008844,153.0,103,0.45402766476810413,0.2520510722451748,0.21848233179502533,0,0.0,0.0,0.0
lr_all,Phikon_v2,b0203e3348d5,fl,SCAFFOLD,adam,0.0001,0.01,20,stratified,project_tss,raw,mlp,False,,2,0.19111111760139465,0.19853539462978032,0.16666666666666666,0.06919393743024806,0.2375844118260236,0.2375844118260236,117.0,67,0.1969080553295362,0.16555555555555557,0.06863375695913983,5,0.16273393002441128,0.7,0.0
lr_all,Phikon_v2,b05feedf56b9,fl,FedProx,adam,0.001,0.01,20,stratified,project_tss,raw,mlp,False,,0,0.9800000190734863,0.9479251423921887,0.9442293880140151,0.9482845662684236,0.9501162590726453,0.9501162590726453,293.0,243,0.9479251423921887,0.9442293880140151,0.9482845662684236,0,0.0,1.0,0.975609756097561
lr_all,Phikon_v2,b0a214ade280,fl,FedBN,adam,0.0001,0.01,20,stratified,project_tss,raw,mlp,False,,2,0.34106342114495874,0.4165988608624898,0.2607461410916189,0.23586828294631992,0.2341184675553988,0.2341184675553988,333.0,283,0.4165988608624898,0.2607461410916189,0.23586828294631992,0,0.0,0.0,0.04878048780487805
lr_all,Phikon_v2,b6c3f5175d50,fl,SCAFFOLD,adam,0.001,0.01,20,stratified,project_tss,raw,mlp,False,,4,0.5666666626930237,0.5581773799837266,0.3371487813397554,0.3092748405141147,0.45468959248347973,0.45468959248347973,106.0,56,0.5581773799837266,0.3371487813397554,0.3092748405141147,0,0.0,0.38333333333333336,0.024390243902439025
lr_all,Phikon_v2,ca2651d63fd6,fl,FedBN,adam,0.001,0.01,20,stratified,project_tss,raw,mlp,False,,3,0.33429664395010933,0.5191212367778681,0.296163638958108,0.26435904576255453,0.2970601466364786,0.2970601466364786,206.0,156,0.5191212367778681,0.296163638958108,0.26435904576255453,0,0.0,0.0,0.0
lr_all,Phikon_v2,d0162b33197f,fl,SCAFFOLD,adam,0.001,0.01,20,stratified,project_tss,raw,mlp,False,,0,0.5311111211776733,0.5248169243287225,0.29512952258617,0.2373091221260856,0.40842146695510145,0.40842146695510145,100.0,42,0.5240032546786005,0.29480839220723615,0.23706466222861577,1,0.08136696501219731,0.08333333333333333,0.0
lr_all,Phikon_v2,d131e73e52a6,fl,FedProx,adam,0.001,0.01,20,stratified,project_tss,raw,mlp,False,,1,0.9800000190734863,0.9462978030919447,0.9449612919416366,0.9440176032793567,0.9275712144092206,0.9275712144092206,312.0,262,0.9462978030919447,0.9449612919416366,0.9440176032793567,0,0.0,0.9916666666666667,0.975609756097561
lr_all,Phikon_v2,d39586f56275,fl,FedProx,adam,0.001,0.01,20,stratified,project_tss,raw,mlp,False,,3,0.9844444394111633,0.9528071602929211,0.9501201640975907,0.9520740248963457,0.9499225938478275,0.9499225938478275,377.0,327,0.9528071602929211,0.9501201640975907,0.9520740248963457,0,0.0,1.0,0.975609756097561
lr_all,Phikon_v2,d41426da7dc7,fl,FedProx,adam,0.0001,0.01,20,stratified,project_tss,raw,mlp,False,,0,0.6711111068725586,0.6541903986981286,0.4646154989468111,0.41087587462043296,0.4974531641198308,0.4974531641198308,137.0,87,0.6541903986981286,0.4646154989468111,0.4091558098670297,3,0.0,0.0,0.0
lr_all,Phikon_v2,d724eee70fb5,fl,FedBN,adam,0.0001,0.01,20,stratified,project_tss,raw,mlp,False,,1,0.177593494643582,0.15459723352318958,0.17473753807288908,0.09861508736528268,0.1281150199198498,0.1281150199198498,113.0,63,0.15541090317331163,0.17532233339452652,0.09952644306937744,2,-0.08136696501220564,0.0,0.5609756097560976
lr_all,Phikon_v2,ea677bf57d24,fl,FedProx,adam,0.0001,0.01,20,stratified,project_tss,raw,mlp,False,,4,0.7577778100967407,0.7119609438567941,0.5034693867962301,0.481739974595924,0.5753269313320141,0.5753269313320141,263.0,213,0.7119609438567941,0.5034693867962301,0.481739974595924,0,0.0,0.058333333333333334,0.0
lr_all,Phikon_v2,f565839a280a,fl,SCAFFOLD,adam,0.0001,0.01,20,stratified,project_tss,raw,mlp,False,,4,0.3199999928474426,0.2855980471928397,0.12222222222222223,0.06808871113333055,0.19290678169182843,0.19290678169182843,100.0,1,0.2855980471928397,0.12222222222222223,0.06808871113333055,0,0.0,0.0,0.0
lr_all,Phikon_v2,fab04cce932f,fl,SCAFFOLD,adam,0.0001,0.01,20,stratified,project_tss,raw,mlp,False,,3,0.3199999928474426,0.28152969894222946,0.1111111111111111,0.048849357616829035,0.18691588785046728,0.18691588785046728,100.0,2,0.28152969894222946,0.1111111111111111,0.048849357616829035,0,0.0,0.0,0.0
lr_all,ResNet50,06e5f0ca3354,fl,SCAFFOLD,adam,0.001,0.01,20,stratified,project_tss,raw,mlp,False,,4,0.3400000035762787,0.32384052074857606,0.14,0.0938873166263347,0.21009564333832756,0.21009564333832756,108.0,58,0.32384052074857606,0.14,0.0938873166263347,0,0.0,0.0,0.0
lr_all,ResNet50,278ae6f11d9c,fl,SCAFFOLD,adam,0.001,0.01,20,stratified,project_tss,raw,mlp,False,,1,0.42888888716697693,0.4174125305126119,0.20763969171483623,0.12836948013077315,0.3090388120207693,0.3090388120207693,100.0,36,0.4165988608624898,0.2075529865125241,0.12769610636277304,15,0.08136696501220841,0.0,0.0
lr_all,ResNet50,27bdfc164038,fl,FedBN,adam,0.0001,0.01,20,stratified,project_tss,raw,mlp,False,,1,0.15781578157815782,0.13262815296989422,0.15433923264169028,0.05159399219549596,0.1439901349948079,0.1439901349948079,100.0,11,0.13100081366965013,0.15233364881358738,0.05076813157274898,11,0.1627339300244085,0.0,0.024390243902439025
lr_all,ResNet50,29320f68651f,fl,FedProx,adam,0.0001,0.01,20,stratified,project_tss,raw,mlp,False,,1,0.3199999928474426,0.2823433685923515,0.1119592875318066,0.0512909636650459,0.18758344459279036,0.18758344459279036,100.0,3,0.2823433685923515,0.1119592875318066,0.05136505991285403,3,0.0,0.0,0.0
lr_all,ResNet50,32af25938bae,fl,FedProx,adam,0.001,0.01,20,stratified,project_tss,raw,mlp,False,,0,0.3199999928474426,0.28152969894222946,0.1111111111111111,0.04881834215167549,0.18691588785046728,0.18691588785046728,100.0,21,0.28152969894222946,0.1111111111111111,0.04881834215167549,0,0.0,0.0,0.0
lr_all,ResNet50,3ee357f418d6,fl,FedBN,adam,0.001,0.01,20,stratified,project_tss,raw,mlp,False,,1,0.3336959465177287,0.4288039056143206,0.24850317117861945,0.2058963861010758,0.3277082742671364,0.3277082742671364,100.0,36,0.4304312449145647,0.2499069031548705,0.20772303210924672,2,-0.16273393002441128,0.0,0.0
lr_all,ResNet50,40078aa5f4b1,fl,SCAFFOLD,adam,0.001,0.01,20,stratified,project_tss,raw,mlp,False,,2,0.324444442987442,0.2921074043938161,0.12375294369514021,0.0652992988497143,0.2051067735893117,0.2051067735893117,100.0,28,0.2937347436940602,0.12681438664097622,0.06793190706234185,23,-0.16273393002441128,0.11666666666666667,0.0
lr_all,ResNet50,4dec1e42f18c,fl,SCAFFOLD,adam,0.001,0.01,20,stratified,project_tss,raw,mlp,False,,3,0.3199999928474426,0.28152969894222946,0.1111111111111111,0.04881834215167549,0.18691588785046728,0.18691588785046728,100.0,2,0.28152969894222946,0.1111111111111111,0.04881834215167549,0,0.0,0.0,0.0
lr_all,ResNet50,5a472983db3f,fl,FedBN,adam,0.001,0.01,20,stratified,project_tss,raw,mlp,False,,0,0.24418912479483243,0.39707078925956063,0.19787063077541178,0.18516958272378922,0.23206185366251245,0.23206185366251245,100.0,24,0.39707078925956063,0.19787063077541178,0.18516958272378922,0,0.0,0.0,0.0
lr_all,ResNet50,5ad0d9f9e760,fl,FedProx,adam,0.001,0.01,20,stratified,project_tss,raw,mlp,False,,2,0.35555556416511536,0.3018714401952807,0.1423293964219702,0.08328663701613798,0.2171323595110554,0.2171323595110554,115.0,65,0.3051261187957689,0.14677619418827556,0.0860035404054354,27,-0.325467860048817,0.0,0.0
lr_all,ResNet50,5d1dc94ee002,fl,FedBN,adam,0.0001,0.01,20,stratified,project_tss,raw,mlp,False,,2,0.23284024378520593,0.32384052074857606,0.20710472310235253,0.17907612964988415,0.2008421619746008,0.2008421619746008,293.0,243,0.32384052074857606,0.20710472310235253,0.17912273450244567,1,0.0,0.0,0.0
lr_all,ResNet50,65a93cc2d4d6,fl,FedProx,adam,0.001,0.01,20,stratified,project_tss,raw,mlp,False,,4,0.35777777433395386,0.3287225386493084,0.15583950241692865,0.099657857527163,0.2159488634912827,0.2159488634912827,100.0,41,0.3279088689991863,0.15683669675151268,0.10024290841350567,15,0.08136696501220841,0.0,0.0
lr_all,ResNet50,69fb575c293f,fl,FedProx,adam,0.0001,0.01,20,stratified,project_tss,raw,mlp,False,,3,0.18222223222255707,0.161106590724166,0.1218472389625463,0.04755004173608825,0.1115498079283126,0.1115498079283126,100.0,41,0.15785191212367777,0.11977143877505468,0.04755645123615199,36,0.32546786004882255,0.0,0.0
lr_all,ResNet50,76fdd823c15b,fl,FedBN,adam,0.0001,0.01,20,stratified,project_tss,raw,mlp,False,,0,0.20357302811729136,0.34906427990235966,0.1628101617573328,0.13530269396747602,0.20165569251237017,0.20165569251237017,216.0,166,0.34906427990235966,0.1628101617573328,0.13530269396747602,0,0.0,0.0,0.0
lr_all,ResNet50,88321ca64763,fl,FedProx,adam,0.001,0.01,20,stratified,project_tss,raw,mlp,False,,3,0.4333333373069763,0.42799023596419855,0.21415863840719332,0.12937466479878681,0.31991087560108555,0.31991087560108555,103.0,53,0.42717656631407647,0.21383750802825946,0.12911121177477225,14,0.08136696501220841,0.0,0.0
lr_all,ResNet50,8a4a07d2d217,fl,FedBN,adam,0.0001,0.01,20,stratified,project_tss,raw,mlp,False,,3,0.16748328679021748,0.15134255492270138,0.14565492321589885,0.07181008642950931,0.16025242083981894,0.16025242083981894,100.0,1,0.14808787632221318,0.1434327009936766,0.07056005556227199,12,0.3254678600488198,0.7583333333333333,0.0975609756097561
lr_all,ResNet50,907a9d5fa864,fl,FedProx,adam,0.0001,0.01,20,stratified,project_tss,raw,mlp,False,,2,0.4311111271381378,0.41822620016273393,0.2086640976236352,0.1268463497393147,0.3140413235575436,0.3140413235575436,100.0,35,0.4165988608624898,0.2080218368657675,0.12661559925241517,11,0.16273393002441128,0.0,0.0
lr_all,ResNet50,9c2f197d5d8c,fl,SCAFFOLD,adam,0.001,0.01,20,stratified,project_tss,raw,mlp,False,,0,0.36444446444511414,0.34906427990235966,0.18856775850995502,0.10093355053238302,0.2927660059239006,0.2927660059239006,135.0,85,0.3506916192026037,0.19223399700278312,0.10226707699860735,21,-0.16273393002440573,0.7,0.0
lr_all,ResNet50,a5d82b2a2fe8,fl,FedProx,adam,0.0001,0.01,20,stratified,project_tss,raw,mlp,False,,4,0.3844444453716278,0.371033360455655,0.17726210999560557,0.11311179931784292,0.2694639213507005,0.2694639213507005,127.0,77,0.37347436940602113,0.17986647736875908,0.11455229177469417,19,-0.24410089503661414,0.0,0.0
lr_all,ResNet50,a6e1ae618aaf,fl,SCAFFOLD,adam,0.0001,0.01,20,stratified,project_tss,raw,mlp,False,,3,0.3199999928474426,0.28152969894222946,0.1111111111111111,0.04881834215167549,0.18691588785046728,0.18691588785046728,100.0,3,0.28152969894222946,0.1111111111111111,0.04881834215167549,0,0.0,0.0,0.0
lr_all,ResNet50,a978e755e1a6,fl,FedProx,adam,0.0001,0.01,20,stratified,project_tss,raw,mlp,False,,0,0.3199999928474426,0.28152969894222946,0.1111111111111111,0.04881834215167549,0.18691588785046728,0.18691588785046728,100.0,1,0.28152969894222946,0.1111111111111111,0.04881834215167549,0,0.0,0.0,0.0
lr_all,ResNet50,add622635557,fl,FedBN,adam,0.001,0.01,20,stratified,project_tss,raw,mlp,False,,3,0.3774189918991899,0.5451586655817738,0.30957682137951625,0.2686907515978483,0.3601175773005399,0.3601175773005399,170.0,120,0.5443449959316518,0.30925569100058237,0.26840545472446653,1,0.08136696501220841,0.0,0.0
lr_all,ResNet50,b1d9c1663e88,fl,FedBN,adam,0.0001,0.01,20,stratified,project_tss,raw,mlp,False,,4,0.2559713222453467,0.37835638730675347,0.21018350760473037,0.1827131084680418,0.22793235208014767,0.22793235208014767,310.0,260,0.3791700569568755,0.21073906316028593,0.18309627058411965,2,-0.08136696501220286,0.0,0.0
lr_all,ResNet50,b3507df72acf,fl,SCAFFOLD,adam,0.0001,0.01,20,stratified,project_tss,raw,mlp,False,,4,0.17555555701255798,0.15703824247355574,0.08706647398843931,0.05093756019440505,0.1320838533818671,0.1320838533818671,100.0,3,0.14890154597233524,0.09054538642688931,0.050495642169160374,58,0.8136696501220508,0.0,0.0
lr_all,ResNet50,ba60aabd9778,fl,FedBN,adam,0.001,0.01,20,stratified,project_tss,raw,mlp,False,,4,0.30723693797951224,0.46216436126932464,0.24816980197777092,0.19472864243058396,0.2833684306898062,0.2833684306898062,106.0,56,0.46216436126932464,0.24816980197777092,0.19473351159306043,1,0.0,0.0,0.0
lr_all,ResNet50,bbc7d01955ce,fl,SCAFFOLD,adam,0.0001,0.01,20,stratified,project_tss,raw,mlp,False,,2,0.371111124753952,0.3287225386493084,0.17146756583172768,0.09429400642768589,0.2759976035332651,0.2759976035332651,100.0,17,0.3270951993490643,0.17445407835581248,0.09635001501813728,55,0.16273393002441128,0.575,0.0
lr_all,ResNet50,d47c9ecc30bd,fl,FedBN,adam,0.001,0.01,20,stratified,project_tss,raw,mlp,False,,2,0.3341359135913591,0.5183075671277462,0.2887812024803806,0.2599167615577438,0.3166055942289079,0.3166055942289079,176.0,126,0.5183075671277462,0.2887812024803806,0.2599167615577438,0,0.0,0.0,0.0
lr_all,ResNet50,f92cd154dadc,fl,SCAFFOLD,adam,0.0001,0.01,20,stratified,project_tss,raw,mlp,False,,1,0.397777795791626,0.37347436940602113,0.17904624277456646,0.1100999271620195,0.2676526265039704,0.2676526265039704,142.0,92,0.3775427176566314,0.18182402055234423,0.11166056364672612,10,-0.4068348250610254,0.0,0.0
lr_all,ResNet50,fbe5678160bf,fl,SCAFFOLD,adam,0.0001,0.01,20,stratified,project_tss,raw,mlp,False,,0,0.3199999928474426,0.28152969894222946,0.1111111111111111,0.04881834215167549,0.18691588785046728,0.18691588785046728,100.0,1,0.28152969894222946,0.1111111111111111,0.04881834215167549,0,0.0,0.0,0.0
lr_all,ResNet50,fce14358a77c,fl,FedProx,adam,0.001,0.01,20,stratified,project_tss,raw,mlp,False,,1,0.36222222447395325,0.3287225386493084,0.14333333333333334,0.10064176485049996,0.2288617790915937,0.2288617790915937,100.0,16,0.33279088689991865,0.1461111111111111,0.10408437890482675,5,-0.4068348250610254,0.0,0.0
lr_all,UNI_v2,002b7dc9be06,fl,FedProx,adam,0.001,0.01,20,stratified,project_tss,raw,mlp,False,,2,0.9333333373069763,0.8966639544344996,0.862434251611458,0.8745797018679968,0.8865794348025041,0.8865794348025041,302.0,252,0.8966639544344996,0.862434251611458,0.8745797018679968,0,0.0,0.9916666666666667,0.6097560975609756
lr_all,UNI_v2,0ab544d47a78,fl,SCAFFOLD,adam,0.001,0.01,20,stratified,project_tss,raw,mlp,False,,0,0.5244444608688354,0.5378356387306753,0.42792806879492634,0.36207603688689916,0.5162825534053511,0.5162825534053511,119.0,69,0.5378356387306753,0.42792806879492634,0.36207603688689916,0,0.0,0.625,0.0
lr_all,UNI_v2,0e0ad534c86b,fl,SCAFFOLD,adam,0.0001,0.01,20,stratified,project_tss,raw,mlp,False,,2,0.41111111640930176,0.4003254678600488,0.23901091843288372,0.14942341786940883,0.3412667818367221,0.3412667818367221,100.0,15,0.4003254678600488,0.23901091843288372,0.14942341786940883,0,0.0,1.0,0.0
lr_all,UNI_v2,1b59894cb03d,fl,FedBN,adam,0.001,0.01,20,stratified,project_tss,raw,mlp,False,,2,0.32103452652957604,0.5117982099267697,0.29547247194012033,0.25817963133666066,0.3397993483057766,0.3397993483057766,100.0,42,0.5117982099267697,0.29547247194012033,0.25817963133666066,0,0.0,0.0,0.0
lr_all,UNI_v2,2b2ddddd1139,fl,FedProx,adam,0.001,0.01,20,stratified,project_tss,raw,mlp,False,,4,0.948888897895813,0.9235150528885273,0.8968105270120199,0.8982285313127121,0.9147948486266245,0.9147948486266245,412.0,362,0.9235150528885273,0.8968105270120199,0.8982285313127121,0,0.0,0.9916666666666667,0.6341463414634146
lr_all,UNI_v2,2e79d69c2e91,fl,SCAFFOLD,adam,0.0001,0.01,20,stratified,project_tss,raw,mlp,False,,3,0.5177778005599976,0.4979658258746949,0.3549276893260769,0.2791979133822594,0.44990824485748715,0.44990824485748715,193.0,143,0.4979658258746949,0.3549276893260769,0.2791979133822594,0,0.0,0.675,0.0
lr_all,UNI_v2,46224dc301f8,fl,SCAFFOLD,adam,0.0001,0.01,20,stratified,project_tss,raw,mlp,False,,4,0.448888897895813,0.4247355573637103,0.2453596660244059,0.19017677383957685,0.34386768630274445,0.34386768630274445,115.0,65,0.4247355573637103,0.2453596660244059,0.19017677383957685,0,0.0,0.425,0.0
lr_all,UNI_v2,4bcc6edcaef7,fl,SCAFFOLD,adam,0.001,0.01,20,stratified,project_tss,raw,mlp,False,,2,0.5955555438995361,0.5752644426362896,0.40091760316889613,0.2917348972737718,0.45406868226600955,0.45406868226600955,124.0,74,0.5744507729861676,0.40059647278996224,0.2913968340104282,1,0.08136696501219731,0.0,0.0
lr_all,UNI_v2,5008fe8cdcb1,fl,FedProx,adam,0.0001,0.01,20,stratified,project_tss,raw,mlp,False,,0,0.7888889312744141,0.7778681855166802,0.6719829839702859,0.6787131140562818,0.7103398259571402,0.7103398259571402,156.0,106,0.7778681855166802,0.6719829839702859,0.678583729377406,1,0.0,0.75,0.0
lr_all,UNI_v2,530263548188,fl,FedBN,adam,0.001,0.01,20,stratified,project_tss,raw,mlp,False,,0,0.3043148117332741,0.371033360455655,0.22487485892755787,0.19476579895581456,0.29762738930070654,0.29762738930070654,109.0,59,0.371033360455655,0.22487485892755787,0.19477782423849854,1,0.0,0.39166666666666666,0.0
lr_all,UNI_v2,58e4c27d6425,fl,SCAFFOLD,adam,0.001,0.01,20,stratified,project_tss,raw,mlp,False,,3,0.6688889265060425,0.6061838893409276,0.4369665570471109,0.4054893356343683,0.5082153808702795,0.5082153808702795,100.0,32,0.6061838893409276,0.4369665570471109,0.40547369261018495,1,0.0,0.4083333333333333,0.0
lr_all,UNI_v2,61aa8628ee80,fl,FedBN,adam,0.0001,0.01,20,stratified,project_tss,raw,mlp,False,,1,0.22908738336664955,0.21643612693246542,0.1914575755030548,0.13979973260775275,0.18365620255022394,0.18365620255022394,185.0,135,0.21643612693246542,0.1914575755030548,0.1398166143464371,2,0.0,0.058333333333333334,0.0
lr_all,UNI_v2,7e2cc876889f,fl,FedProx,adam,0.0001,0.01,20,stratified,project_tss,raw,mlp,False,,2,0.753333330154419,0.741253051261188,0.5841389531661816,0.5530061537349062,0.6582887958810243,0.6582887958810243,148.0,98,0.741253051261188,0.5841389531661816,0.5530061537349062,0,0.0,0.725,0.0
lr_all,UNI_v2,832c121a9281,fl,FedBN,adam,0.001,0.01,20,stratified,project_tss,raw,mlp,False,,1,0.275513817865303,0.44426362896663957,0.2368664435655613,0.17935014155665419,0.2703708114257526,0.2703708114257526,139.0,89,0.44426362896663957,0.2368664435655613,0.17935014155665419,0,0.0,0.0,0.0
lr_all,UNI_v2,8efb159bdb55,fl,FedBN,adam,0.0001,0.01,20,stratified,project_tss,raw,mlp,False,,2,0.2673675182644315,0.2611879576891782,0.16705101148855983,0.13464429633114905,0.18973473207099092,0.18973473207099092,134.0,84,0.2611879576891782,0.16705101148855983,0.13466618245933792,1,0.0,0.525,0.0
lr_all,UNI_v2,9140e462e91e,fl,FedProx,adam,0.001,0.01,20,stratified,project_tss,raw,mlp,False,,1,0.9333333373069763,0.9104963384865744,0.8907831219369401,0.8987429432089523,0.9038740916343803,0.9038740916343803,365.0,315,0.9104963384865744,0.8907831219369401,0.8987429432089523,0,0.0,0.9916666666666667,0.8048780487804879
lr_all,UNI_v2,96be102f8ff4,fl,SCAFFOLD,adam,0.001,0.01,20,stratified,project_tss,raw,mlp,False,,4,0.6155555844306946,0.6200162733930025,0.40807592198221954,0.32753174170734,0.5363258829555566,0.5363258829555566,100.0,29,0.6192026037428804,0.4077547916032857,0.3272035948817491,1,0.08136696501220841,1.0,0.0
lr_all,UNI_v2,98fd8992bd99,fl,FedProx,adam,0.001,0.01,20,stratified,project_tss,raw,mlp,False,,0,0.9377778172492981,0.9056143205858421,0.8786099461449279,0.8887168247402477,0.8921289514624486,0.8921289514624486,289.0,239,0.9056143205858421,0.8786099461449279,0.8887168247402477,0,0.0,0.9916666666666667,0.6585365853658537
lr_all,UNI_v2,9df8e4891fbf,fl,FedProx,adam,0.0001,0.01,20,stratified,project_tss,raw,mlp,False,,1,0.8199999928474426,0.8087876322213181,0.7220330486721712,0.7059172528965062,0.7489591962087453,0.7489591962087453,187.0,137,0.8087876322213181,0.7220330486721712,0.7059172528965062,0,0.0,0.85,0.0
lr_all,UNI_v2,a77350074ae8,fl,FedProx,adam,0.001,0.01,20,stratified,project_tss,raw,mlp,False,,3,0.9133333563804626,0.8746948738812043,0.8258521468705893,0.8342301261239646,0.8358113810093644,0.8358113810093644,238.0,188,0.8746948738812043,0.8258521468705893,0.8342301261239646,0,0.0,0.9916666666666667,0.4146341463414634
lr_all,UNI_v2,aafacaf24b32,fl,FedProx,adam,0.0001,0.01,20,stratified,project_tss,raw,mlp,False,,4,0.8488889336585999,0.8494711147274207,0.7646313712117441,0.746884128834328,0.8021661643300436,0.8021661643300436,162.0,112,0.8494711147274207,0.7646313712117441,0.746884128834328,0,0.0,0.9666666666666667,0.0
lr_all,UNI_v2,b71726f206f9,fl,SCAFFOLD,adam,0.0001,0.01,20,stratified,project_tss,raw,mlp,False,,0,0.12666666507720947,0.16273393002441008,0.1111111111111111,0.031101780576938028,0.14018691588785046,0.14018691588785046,100.0,1,0.16273393002441008,0.1111111111111111,0.031101780576938028,0,0.0,0.0,0.0
lr_all,UNI_v2,b95e9c0afdb1,fl,FedProx,adam,0.0001,0.01,20,stratified,project_tss,raw,mlp,False,,3,0.7755555510520935,0.7737998372660699,0.606542658867347,0.574410198057981,0.7143850083348361,0.7143850083348361,268.0,218,0.7737998372660699,0.606542658867347,0.574410198057981,0,0.0,0.9833333333333333,0.0
lr_all,UNI_v2,c43599702e5b,fl,FedBN,adam,0.0001,0.01,20,stratified,project_tss,raw,mlp,False,,4,0.20307834645778736,0.33116354759967453,0.183906122068766,0.14185830009349953,0.19131420099778446,0.19131420099778446,122.0,72,0.33116354759967453,0.183906122068766,0.14185830009349953,0,0.0,0.0,0.0
lr_all,UNI_v2,cdc98ed3d8ee,fl,FedBN,adam,0.001,0.01,20,stratified,project_tss,raw,mlp,False,,4,0.2805162659123055,0.43449959316517495,0.2409520670655444,0.1785960203574563,0.26774711438815985,0.26774711438815985,145.0,95,0.435313262815297,0.24153686238718178,0.17897756408044357,1,-0.08136696501220286,0.0,0.0
lr_all,UNI_v2,d4c918a4088d,fl,FedBN,adam,0.001,0.01,20,stratified,project_tss,raw,mlp,False,,3,0.343965110796794,0.5109845402766476,0.29160170904839355,0.25550350058644766,0.30919069248508496,0.30919069248508496,176.0,126,0.5109845402766476,0.29160170904839355,0.25550350058644766,0,0.0,0.0,0.0
lr_all,UNI_v2,d6a1f78b0d5e,fl,SCAFFOLD,adam,0.001,0.01,20,stratified,project_tss,raw,mlp,False,,1,0.6111111044883728,0.629780309194467,0.4004559487994231,0.32734812470662583,0.5325818134697842,0.5325818134697842,100.0,32,0.629780309194467,0.4004559487994231,0.32734812470662583,0,0.0,0.9916666666666667,0.0
lr_all,UNI_v2,d87f0362ba71,fl,SCAFFOLD,adam,0.0001,0.01,20,stratified,project_tss,raw,mlp,False,,1,0.4422222375869751,0.4401952807160293,0.22038214515093127,0.14792253971039257,0.3246621618002038,0.3246621618002038,166.0,116,0.4401952807160293,0.22038214515093127,0.14779356867719837,1,0.0,0.0,0.0
lr_all,UNI_v2,db3cca590d42,fl,FedBN,adam,0.0001,0.01,20,stratified,project_tss,raw,mlp,False,,3,0.23832148324722582,0.1855166802278275,0.13689441827257465,0.1350841112352073,0.17334236737661862,0.17334236737661862,100.0,43,0.18470301057770544,0.13657328789364082,0.1347170086793697,1,0.08136696501220564,0.25833333333333336,0.0
lr_all,UNI_v2,db5c8946d3a1,fl,FedBN,adam,0.0001,0.01,20,stratified,project_tss,raw,mlp,False,,0,0.22340632140137093,0.27827502034174123,0.14678120316848642,0.09775546951160152,0.1812511874113164,0.1812511874113164,126.0,76,0.2774613506916192,0.14646007278955256,0.09750743828711542,2,0.08136696501220286,0.06666666666666667,0.0
lr_all,Virchow2,060cf43944d4,fl,SCAFFOLD,adam,0.0001,0.01,20,stratified,project_tss,raw,mlp,False,,1,0.6355555653572083,0.6419853539462979,0.4334902928483701,0.37911254937091116,0.5477481332498548,0.5477481332498548,119.0,69,0.6419853539462979,0.4334902928483701,0.37906063833292003,1,0.0,0.9166666666666666,0.0
lr_all,Virchow2,07b18916fdaf,fl,FedProx,adam,0.0001,0.01,20,stratified,project_tss,raw,mlp,False,,1,0.8577777743339539,0.8079739625711961,0.732853149447378,0.7083524688129652,0.773781125640839,0.773781125640839,137.0,87,0.8079739625711961,0.732853149447378,0.7083524688129652,0,0.0,0.9333333333333333,0.0
lr_all,Virchow2,13d76e2e198b,fl,FedProx,adam,0.001,0.01,20,stratified,project_tss,raw,mlp,False,,2,0.948888897895813,0.9218877135882831,0.9160482276755574,0.9180416761576308,0.9139141607210144,0.9139141607210144,364.0,314,0.9218877135882831,0.9160482276755574,0.9180416761576308,0,0.0,0.9916666666666667,0.8780487804878049
lr_all,Virchow2,1adb4fad5cec,fl,FedBN,adam,0.0001,0.01,20,stratified,project_tss,raw,mlp,False,,4,0.2242865815346887,0.26688364524003255,0.17888993566984823,0.13576277345269547,0.21437616711214438,0.21437616711214438,116.0,66,0.26688364524003255,0.17888993566984823,0.13576277345269547,0,0.0,0.0,0.0
lr_all,Virchow2,49a4753ec6fb,fl,FedProx,adam,0.0001,0.01,20,stratified,project_tss,raw,mlp,False,,0,0.9133333563804626,0.8641171684296176,0.8520185299209447,0.8494417723835062,0.8520804552367105,0.8520804552367105,323.0,273,0.8641171684296176,0.8520185299209447,0.8494417723835062,0,0.0,0.95,0.8536585365853658
lr_all,Virchow2,4f9c45fbbff8,fl,SCAFFOLD,adam,0.0001,0.01,20,stratified,project_tss,raw,mlp,False,,2,0.5600000023841858,0.5581773799837266,0.37271462213658746,0.29311458307520183,0.5049766801488395,0.5049766801488395,211.0,161,0.5573637103336045,0.3717886962106615,0.2924660850860729,1,0.08136696501220841,0.7166666666666667,0.0
lr_all,Virchow2,57785171a251,fl,FedProx,adam,0.001,0.01,20,stratified,project_tss,raw,mlp,False,,1,0.9044444561004639,0.8616761594792515,0.8117194855673535,0.8099609633845528,0.8469991999341073,0.8469991999341073,179.0,129,0.8616761594792515,0.8117194855673535,0.8099609633845528,0,0.0,0.95,0.43902439024390244
lr_all,Virchow2,6000f0b8d20f,fl,FedProx,adam,0.001,0.01,20,stratified,project_tss,raw,mlp,False,,0,0.944444477558136,0.9259560618388935,0.9216511446402949,0.9179364488113367,0.9059486852711153,0.9059486852711153,293.0,243,0.9259560618388935,0.9216511446402949,0.9179364488113367,0,0.0,0.9916666666666667,0.9024390243902439
lr_all,Virchow2,729fd30175e7,fl,FedBN,adam,0.001,0.01,20,stratified,project_tss,raw,mlp,False,,4,0.3165487977369165,0.4597233523189585,0.25181404860899836,0.1881198835800394,0.2818828029268372,0.2818828029268372,158.0,108,0.4597233523189585,0.25181404860899836,0.1881198835800394,0,0.0,0.0,0.0
lr_all,Virchow2,76d1ff449f34,fl,FedBN,adam,0.0001,0.01,20,stratified,project_tss,raw,mlp,False,,1,0.22341588780726812,0.25142392188771356,0.1488177741311298,0.11333437224192663,0.19429473875799483,0.19429473875799483,100.0,37,0.25142392188771356,0.1488177741311298,0.11333437224192663,0,0.0,0.008333333333333333,0.0
lr_all,Virchow2,7ca7e44642b5,fl,FedProx,adam,0.001,0.01,20,stratified,project_tss,raw,mlp,False,,4,0.9422222375869751,0.9072416598860863,0.8882388580444888,0.8909552998945441,0.8965943886504634,0.8965943886504634,284.0,234,0.9072416598860863,0.8882388580444888,0.8909552998945441,0,0.0,0.9916666666666667,0.7560975609756098
lr_all,Virchow2,91ce32941e88,fl,FedBN,adam,0.0001,0.01,20,stratified,project_tss,raw,mlp,False,,0,0.1567843435927303,0.13913751017087062,0.1390505296346489,0.06476030374157449,0.13438537852167876,0.13438537852167876,100.0,13,0.13913751017087062,0.1390505296346489,0.06484128607785407,4,0.0,0.0,0.0
lr_all,Virchow2,92878b59381e,fl,SCAFFOLD,adam,0.0001,0.01,20,stratified,project_tss,raw,mlp,False,,3,0.6377778053283691,0.6525630593978845,0.4231776696075449,0.34050487246139416,0.5450042333000747,0.5450042333000747,137.0,87,0.6525630593978845,0.4231776696075449,0.34050487246139416,0,0.0,1.0,0.0
lr_all,Virchow2,958db9f04e19,fl,SCAFFOLD,adam,0.001,0.01,20,stratified,project_tss,raw,mlp,False,,2,0.5800000429153442,0.5671277461350691,0.411213816493707,0.30532860331557277,0.4646439796469967,0.4646439796469967,100.0,16,0.5671277461350691,0.411213816493707,0.30532860331557277,0,0.0,0.016666666666666666,0.0
lr_all,Virchow2,b42af5b9a1c4,fl,SCAFFOLD,adam,0.001,0.01,20,stratified,project_tss,raw,mlp,False,,3,0.6155555844306946,0.6379170056956875,0.4061474495487273,0.33252696447207813,0.5386047710354436,0.5386047710354436,100.0,11,0.6379170056956875,0.4061474495487273,0.33252696447207813,0,0.0,1.0,0.0
lr_all,Virchow2,c546eff76e26,fl,SCAFFOLD,adam,0.0001,0.01,20,stratified,project_tss,raw,mlp,False,,4,0.6622222661972046,0.6598860862489829,0.48416584975605365,0.4049561705564779,0.5667423162844365,0.5667423162844365,176.0,126,0.6598860862489829,0.48416584975605365,0.40499477442902837,1,0.0,0.8416666666666667,0.0
lr_all,Virchow2,c679f55a18ce,fl,FedProx,adam,0.0001,0.01,20,stratified,project_tss,raw,mlp,False,,2,0.8844444751739502,0.8576078112286412,0.8099155355583215,0.8202615653706675,0.8272380021219817,0.8272380021219817,164.0,114,0.8576078112286412,0.8099155355583215,0.8202615653706675,0,0.0,0.9833333333333333,0.5853658536585366
lr_all,Virchow2,cd1e6a9a5600,fl,SCAFFOLD,adam,0.001,0.01,20,stratified,project_tss,raw,mlp,False,,0,0.6377778053283691,0.6273393002441009,0.41282193320488125,0.33251509060732315,0.5311845557667928,0.5311845557667928,100.0,14,0.6273393002441009,0.41282193320488125,0.33251509060732315,0,0.0,0.0,0.0
lr_all,Virchow2,d202d4f9c071,fl,FedProx,adam,0.0001,0.01,20,stratified,project_tss,raw,mlp,False,,3,0.897777795791626,0.8763222131814483,0.8267722336675694,0.837857628167618,0.8528937153945173,0.8528937153945173,235.0,185,0.8763222131814483,0.8267722336675694,0.837857628167618,0,0.0,0.9666666666666667,0.4878048780487805
lr_all,Virchow2,d5d2b6bf96dd,fl,SCAFFOLD,adam,0.001,0.01,20,stratified,project_tss,raw,mlp,False,,4,0.5222222208976746,0.5207485760781123,0.39859721848944374,0.2917513687277589,0.43848177534162286,0.43848177534162286,100.0,19,0.5207485760781123,0.39859721848944374,0.2917513687277589,0,0.0,0.0,0.0
lr_all,Virchow2,e371ff4fa298,fl,FedBN,adam,0.001,0.01,20,stratified,project_tss,raw,mlp,False,,3,0.2840069200843808,0.37510170870626525,0.275822767869406,0.2415432420863641,0.2724991357837013,0.2724991357837013,100.0,37,0.37510170870626525,0.275822767869406,0.2415432420863641,0,0.0,0.0,0.0
lr_all,Virchow2,ea53debeb438,fl,FedBN,adam,0.0001,0.01,20,stratified,project_tss,raw,mlp,False,,3,0.32412333912770713,0.43368592351505286,0.2668654521262935,0.2391897318470319,0.2859712977619014,0.2859712977619014,236.0,186,0.43368592351505286,0.2668654521262935,0.23924005276959592,1,0.0,0.008333333333333333,0.0
lr_all,Virchow2,ebd9ee2a872e,fl,FedProx,adam,0.001,0.01,20,stratified,project_tss,raw,mlp,False,,3,0.9288889169692993,0.9251423921887714,0.9144384878414095,0.9111991225409637,0.9081614190525489,0.9081614190525489,216.0,166,0.9251423921887714,0.9144384878414095,0.9111991225409637,0,0.0,0.9833333333333333,0.9024390243902439
lr_all,Virchow2,ef79475d873d,fl,FedBN,adam,0.0001,0.01,20,stratified,project_tss,raw,mlp,False,,2,0.2693788284775472,0.26851098454027666,0.20288113595188717,0.18046465119856986,0.21895602094464048,0.21895602094464048,130.0,80,0.26851098454027666,0.20288113595188717,0.18029182224770313,1,0.0,0.65,0.0
lr_all,Virchow2,ef8c610cb619,fl,FedBN,adam,0.001,0.01,20,stratified,project_tss,raw,mlp,False,,0,0.2909090909090909,0.49389747762408465,0.2710922187361062,0.24452086177909266,0.2706848436873716,0.2706848436873716,148.0,98,0.49308380797396256,0.27077108835717234,0.2442328592105085,1,0.08136696501220841,0.0,0.0
lr_all,Virchow2,f06fe53febf8,fl,FedProx,adam,0.0001,0.01,20,stratified,project_tss,raw,mlp,False,,4,0.902222216129303,0.8592351505288853,0.835349410249096,0.8278242695814844,0.8489666638551524,0.8489666638551524,264.0,214,0.8592351505288853,0.835349410249096,0.8278242695814844,0,0.0,1.0,0.4634146341463415
lr_all,Virchow2,f21dfe064760,fl,FedBN,adam,0.001,0.01,20,stratified,project_tss,raw,mlp,False,,1,0.2945359199785525,0.30268510984540276,0.18208892494563317,0.12706276025221688,0.26573658399900935,0.26573658399900935,100.0,19,0.30431244914564687,0.18325851558890804,0.12763644978250607,3,-0.16273393002441128,0.3333333333333333,0.0
lr_all,Virchow2,f2f6996412f2,fl,SCAFFOLD,adam,0.0001,0.01,20,stratified,project_tss,raw,mlp,False,,0,0.5800000429153442,0.5899104963384866,0.4088708487974362,0.3294300419496667,0.5486192897995974,0.5486192897995974,160.0,110,0.5899104963384866,0.4088708487974362,0.3293689636623618,1,0.0,0.9666666666666667,0.0
lr_all,Virchow2,fa8fad17e956,fl,FedBN,adam,0.001,0.01,20,stratified,project_tss,raw,mlp,False,,2,0.2441724001100821,0.41334418226200165,0.21812628874691548,0.16443142393658347,0.24769203263637118,0.24769203263637118,140.0,90,0.41334418226200165,0.21812628874691548,0.16443142393658347,0,0.0,0.0,0.0
lr_all,Virchow2,fd05cc985d3f,fl,SCAFFOLD,adam,0.001,0.01,20,stratified,project_tss,raw,mlp,False,,1,0.5355555415153503,0.5419039869812856,0.3991276087583273,0.3043054178996383,0.4425122914086096,0.4425122914086096,100.0,18,0.5419039869812856,0.3991276087583273,0.3043054178996383,0,0.0,0.0,0.24390243902439024
main,CTransPath,0c2de4b117ea,fl,SCAFFOLD,adam,0.0003,0.01,20,stratified,project_tss,raw,mlp,False,,2,0.46666666865348816,0.44914564686737185,0.27257867694283877,0.1971184120942575,0.39417606407800987,0.39417606407800987,100.0,18,0.44914564686737185,0.27257867694283877,0.19718221050786944,1,0.0,1.0,0.0
main,CTransPath,12daaeca7427,fl,FedAvg,adam,0.0003,0.01,20,stratified,project_tss,raw,mlp,False,,4,0.6222222447395325,0.5923515052888527,0.3536243453210826,0.31123573622420336,0.42348553491721547,0.42348553491721547,100.0,12,0.5915378356387306,0.3530395499994452,0.31110163073317726,3,0.08136696501220841,0.0,0.0
main,CTransPath,13dca61c2e7b,fl,FedBN,adam,0.0003,0.01,20,stratified,project_tss,raw,mlp,False,,3,0.22853921171044056,0.2546786004882018,0.16871033328060722,0.134489056044263,0.18208312252889858,0.18208312252889858,100.0,44,0.2554922701383238,0.17090331573674755,0.13570017020768288,5,-0.08136696501220286,0.0,0.0
main,CTransPath,1704e4e2c0b4,fl,SCAFFOLD,adam,0.0003,0.01,20,stratified,project_tss,raw,mlp,False,,3,0.47333335876464844,0.4450772986167616,0.2601477199743096,0.18446981817437746,0.3445315581772378,0.3445315581772378,136.0,86,0.4458909682668836,0.260732515295947,0.1843222407623963,5,-0.08136696501220286,0.75,0.0
main,CTransPath,32a772496af8,fl,FedAvg,adam,0.0003,0.01,20,stratified,project_tss,raw,mlp,False,,3,0.6044444441795349,0.5728234336859235,0.32937263071193407,0.2803722398194657,0.4105268606436831,0.4105268606436831,100.0,31,0.5728234336859235,0.32937263071193407,0.28050237440731074,1,0.0,0.0,0.0
main,CTransPath,3477df5ada8e,fl,FedProx,adam,0.0003,0.01,20,stratified,project_tss,raw,mlp,False,,3,0.6044444441795349,0.5728234336859235,0.327529246862173,0.2778055651602157,0.40914159683630086,0.40914159683630086,100.0,31,0.5736371033360456,0.3283774232828685,0.27877332590589415,2,-0.08136696501220841,0.0,0.0
main,CTransPath,50f762435343,fl,FedAvg,adam,0.0003,0.01,20,stratified,project_tss,raw,mlp,False,,0,0.6600000262260437,0.6362896663954435,0.39977031942043595,0.3400224143401589,0.508032388360507,0.508032388360507,100.0,46,0.6371033360455655,0.4006962453463619,0.34178653175925705,2,-0.08136696501219731,0.03333333333333333,0.0
main,CTransPath,7738a2a860f9,fl,FedAvg,adam,0.0003,0.01,20,stratified,project_tss,raw,mlp,False,,1,0.6333333253860474,0.5785191212367778,0.338469019627272,0.2808935053813875,0.4112884895916861,0.4112884895916861,120.0,70,0.5777054515866559,0.33814788924833816,0.2805042988951035,1,0.08136696501219731,0.0,0.0
main,CTransPath,86d9a1f49249,fl,FedProx,adam,0.0003,0.01,20,stratified,project_tss,raw,mlp,False,,1,0.6377778053283691,0.6069975589910497,0.35920222388915857,0.30515997388433325,0.4339650248416213,0.4339650248416213,148.0,98,0.6069975589910497,0.35920222388915857,0.30515997388433325,0,0.0,0.0,0.0
main,CTransPath,a39c4b54a6e8,fl,SCAFFOLD,adam,0.0003,0.01,20,stratified,project_tss,raw,mlp,False,,0,0.2199999988079071,0.23596419853539463,0.14001284521515733,0.07604720625674773,0.1829359291915981,0.1829359291915981,132.0,82,0.2335231895850285,0.1390494540783558,0.07506977234919272,7,0.24410089503661414,0.0,0.0
main,CTransPath,a57e83341258,fl,FedBN,adam,0.0003,0.01,20,stratified,project_tss,raw,mlp,False,,2,0.28461515867165255,0.41903986981285596,0.24479193357645831,0.2027245575264768,0.2573496180616294,0.2573496180616294,173.0,123,0.41903986981285596,0.24479193357645831,0.2027245575264768,0,0.0,0.0,0.0
main,CTransPath,b34a5a20b297,fl,FedProx,adam,0.0003,0.01,20,stratified,project_tss,raw,mlp,False,,2,0.6733333468437195,0.6509357200976403,0.4223336908473068,0.36728145933521006,0.5245637728023604,0.5245637728023604,121.0,71,0.6501220504475184,0.4217488955256694,0.3668576307663554,1,0.08136696501219731,0.016666666666666666,0.0
main,CTransPath,b56114aff14e,fl,FedProx,adam,0.0003,0.01,20,stratified,project_tss,raw,mlp,False,,4,0.6244444847106934,0.5980471928397071,0.3467696825570081,0.2944381842973278,0.42737396327507327,0.42737396327507327,100.0,12,0.5980471928397071,0.3467696825570081,0.2943977612761642,1,0.0,0.0,0.0
main,CTransPath,b8b9ed836ded,fl,FedProx,adam,0.0003,0.01,20,stratified,project_tss,raw,mlp,False,,0,0.6688889265060425,0.6533767290480065,0.42341538102697895,0.3591956682362912,0.5320771162515533,0.5320771162515533,100.0,46,0.6533767290480065,0.42341538102697895,0.3591956682362912,0,0.0,0.1,0.0
main,CTransPath,c579fee87e49,fl,SCAFFOLD,adam,0.0003,0.01,20,stratified,project_tss,raw,mlp,False,,1,0.4844444692134857,0.4646053702196908,0.24132440928911875,0.17791052610237545,0.33524265952818033,0.33524265952818033,100.0,26,0.4646053702196908,0.24132440928911875,0.17791052610237545,0,0.0,0.0,0.0
main,CTransPath,ca6bc4d0257f,fl,FedBN,adam,0.0003,0.01,20,stratified,project_tss,raw,mlp,False,,1,0.280096656078019,0.3531326281529699,0.19274918590632006,0.13908862709177444,0.23605400990209002,0.23605400990209002,109.0,59,0.35394629780309195,0.19330474146187562,0.13981347911681474,1,-0.08136696501220286,0.0,0.0
main,CTransPath,dfeaaba2a152,fl,SCAFFOLD,adam,0.0003,0.01,20,stratified,project_tss,raw,mlp,False,,4,0.2266666740179062,0.2546786004882018,0.17719298245614035,0.10609708614428631,0.20058723438785742,0.20058723438785742,100.0,1,0.2546786004882018,0.17719298245614035,0.10627024027689133,1,0.0,0.0,0.0
main,CTransPath,e5a69ce83519,fl,FedBN,adam,0.0003,0.01,20,stratified,project_tss,raw,mlp,False,,0,0.2612953829319583,0.22701383238405207,0.21900533757748183,0.14172613899090253,0.21300639459313686,0.21300639459313686,100.0,40,0.22701383238405207,0.21900533757748183,0.14162825126402998,4,0.0,0.0,0.024390243902439025
main,CTransPath,f50b74fada36,fl,FedAvg,adam,0.0003,0.01,20,stratified,project_tss,raw,mlp,False,,2,0.6777777671813965,0.6533767290480065,0.42784721442727364,0.3571830640352132,0.5261281770147397,0.5261281770147397,121.0,71,0.6533767290480065,0.42784721442727364,0.3571373838795536,1,0.0,0.008333333333333333,0.0
main,CTransPath,fa6456e49b0d,fl,FedBN,adam,0.0003,0.01,20,stratified,project_tss,raw,mlp,False,,4,0.28076307630763075,0.4239218877135883,0.25329815220367174,0.1974504388206149,0.2832100843097241,0.2832100843097241,203.0,153,0.4239218877135883,0.25329815220367174,0.19738608309056857,1,0.0,0.0,0.0
main,Conch_v15,1557c7a7906a,fl,FedBN,adam,0.0003,0.01,20,stratified,project_tss,raw,mlp,False,,2,0.3181088905593856,0.4320585842148088,0.25392733561818864,0.2068705245896457,0.2604385952081734,0.2604385952081734,196.0,146,0.4312449145646867,0.25334254029655123,0.20640704969936763,2,0.08136696501220841,0.0,0.0
main,Conch_v15,199825691cd4,fl,SCAFFOLD,adam,0.0003,0.01,20,stratified,project_tss,raw,mlp,False,,3,0.7177777886390686,0.7225386493083807,0.5153959481233592,0.44189304259474377,0.6612532104093619,0.6612532104093619,136.0,86,0.7217249796582588,0.5150748177444253,0.441387830934945,1,0.08136696501219731,0.9083333333333333,0.0
main,Conch_v15,37d13a3ef0d4,fl,FedProx,adam,0.0003,0.01,20,stratified,project_tss,raw,mlp,False,,2,0.9422222375869751,0.9064279902359642,0.8851781021261956,0.8911881127054389,0.8820735657395717,0.8820735657395717,299.0,249,0.9064279902359642,0.8851781021261956,0.8911881127054389,0,0.0,0.9916666666666667,0.8780487804878049
main,Conch_v15,4165e5420dbd,fl,FedProx,adam,0.0003,0.01,20,stratified,project_tss,raw,mlp,False,,0,0.8799999952316284,0.8616761594792515,0.8179452937420408,0.8342655494407234,0.8313891258492832,0.8313891258492832,158.0,108,0.8624898291293734,0.8201675159642631,0.8362480789422118,1,-0.08136696501219731,0.975,0.8048780487804879
main,Conch_v15,436e0bd160a2,fl,FedProx,adam,0.0003,0.01,20,stratified,project_tss,raw,mlp,False,,4,0.9333333373069763,0.9015459723352319,0.8718019655854525,0.8798043473452516,0.878462950911713,0.878462950911713,351.0,301,0.9015459723352319,0.8718019655854525,0.8798043473452516,0,0.0,0.9833333333333333,0.8048780487804879
main,Conch_v15,48190d037628,fl,FedAvg,adam,0.0003,0.01,20,stratified,project_tss,raw,mlp,False,,0,0.9355555772781372,0.9039869812855981,0.8849202705899839,0.8918777174836483,0.8813314651610228,0.8813314651610228,289.0,239,0.9039869812855981,0.8849202705899839,0.8918777174836483,0,0.0,0.9916666666666667,0.8292682926829268
main,Conch_v15,4a8376235f13,fl,FedProx,adam,0.0003,0.01,20,stratified,project_tss,raw,mlp,False,,3,0.9200000166893005,0.8844589096826688,0.8456479501479907,0.855268562346374,0.8496398588586104,0.8496398588586104,203.0,153,0.8844589096826688,0.8456479501479907,0.855268562346374,0,0.0,0.975,0.7560975609756098
main,Conch_v15,4ede3d457bf2,fl,SCAFFOLD,adam,0.0003,0.01,20,stratified,project_tss,raw,mlp,False,,2,0.6288889050483704,0.6314076484947111,0.40692169770927,0.3601173923723786,0.5423989399029666,0.5423989399029666,105.0,55,0.6322213181448332,0.40747725326482553,0.36047482203672393,2,-0.08136696501220841,0.95,0.0
main,Conch_v15,6aa46c83e5d6,fl,FedProx,adam,0.0003,0.01,20,stratified,project_tss,raw,mlp,False,,1,0.8777778148651123,0.853539462978031,0.7566742895637814,0.7703121523890981,0.805252149654538,0.805252149654538,121.0,71,0.8543531326281529,0.7575224659844769,0.771044959282864,1,-0.08136696501219731,0.9916666666666667,0.2926829268292683
main,Conch_v15,8b100caf83b6,fl,FedBN,adam,0.0003,0.01,20,stratified,project_tss,raw,mlp,False,,3,0.3205793478507515,0.4011391375101709,0.2230125345353854,0.17548239150521677,0.28191498600806925,0.28191498600806925,126.0,76,0.4011391375101709,0.2230125345353854,0.17539976661051807,2,0.0,0.0,0.0
main,Conch_v15,9d43e6a71f7e,fl,SCAFFOLD,adam,0.0003,0.01,20,stratified,project_tss,raw,mlp,False,,0,0.5844444632530212,0.580146460537022,0.3967741023466214,0.34931834068551443,0.54472499051646,0.54472499051646,100.0,45,0.580146460537022,0.3967741023466214,0.34931834068551443,0,0.0,0.75,0.0
main,Conch_v15,c7689d50a4f8,fl,FedBN,adam,0.0003,0.01,20,stratified,project_tss,raw,mlp,False,,4,0.2513182740381342,0.32546786004882017,0.2048496131856211,0.1583865812070362,0.1949999016271012,0.1949999016271012,162.0,112,0.32546786004882017,0.2048496131856211,0.1583865812070362,0,0.0,0.0,0.0
main,Conch_v15,c9aab31cf9a3,fl,FedBN,adam,0.0003,0.01,20,stratified,project_tss,raw,mlp,False,,0,0.23205414432846,0.32465419039869814,0.20905225509905756,0.14671727423358746,0.19428769810337262,0.19428769810337262,130.0,80,0.32465419039869814,0.20905225509905756,0.14671727423358746,0,0.0,0.0,0.0
main,Conch_v15,d2f6dc6d9c3c,fl,FedAvg,adam,0.0003,0.01,20,stratified,project_tss,raw,mlp,False,,4,0.8799999952316284,0.8405207485760781,0.738760465630655,0.7390645683464107,0.7901505331387553,0.7901505331387553,162.0,112,0.8405207485760781,0.738760465630655,0.7390645683464107,0,0.0,0.975,0.04878048780487805
main,Conch_v15,d4b7e81ed792,fl,FedAvg,adam,0.0003,0.01,20,stratified,project_tss,raw,mlp,False,,3,0.8911111354827881,0.853539462978031,0.7841963025203165,0.798585350926618,0.8192292904051341,0.8192292904051341,146.0,96,0.8527257933279089,0.7836115071986789,0.7979851862595141,1,0.08136696501220841,0.9333333333333333,0.43902439024390244
main,Conch_v15,d86ab20c44a8,fl,SCAFFOLD,adam,0.0003,0.01,20,stratified,project_tss,raw,mlp,False,,1,0.7311111092567444,0.7363710333604556,0.5225142114277345,0.45487405062263175,0.6656612400266964,0.6656612400266964,105.0,55,0.7363710333604556,0.5225142114277345,0.4548135488520671,1,0.0,0.9916666666666667,0.0
main,Conch_v15,e19c6698855b,fl,FedAvg,adam,0.0003,0.01,20,stratified,project_tss,raw,mlp,False,,2,0.9066666960716248,0.870626525630594,0.8296008592621332,0.8363659733113469,0.8393382756842563,0.8393382756842563,129.0,79,0.870626525630594,0.8296008592621332,0.8363659733113469,0,0.0,0.9666666666666667,0.7317073170731707
main,Conch_v15,e2ea4c497fc5,fl,SCAFFOLD,adam,0.0003,0.01,20,stratified,project_tss,raw,mlp,False,,4,0.6288889050483704,0.645240032546786,0.4103477222278561,0.32939782315548083,0.5393117629031214,0.5393117629031214,119.0,69,0.645240032546786,0.4103477222278561,0.32939782315548083,0,0.0,0.9833333333333333,0.0
main,Conch_v15,e9ec436f1537,fl,FedAvg,adam,0.0003,0.01,20,stratified,project_tss,raw,mlp,False,,1,0.9244444370269775,0.8844589096826688,0.8332590299286888,0.8414442284294226,0.849496046694385,0.849496046694385,226.0,176,0.8844589096826688,0.8332590299286888,0.8414442284294226,0,0.0,0.975,0.6829268292682927
main,Conch_v15,fa7f8c47e676,fl,FedBN,adam,0.0003,0.01,20,stratified,project_tss,raw,mlp,False,,1,0.24463957433235245,0.26688364524003255,0.17816827672869398,0.12986453468002193,0.2163284496298797,0.2163284496298797,100.0,13,0.26688364524003255,0.17816827672869398,0.12986453468002193,0,0.0,0.0,0.0
main,Midnight12k,03bf2eb1ffc0,fl,FedProx,adam,0.0003,0.01,20,stratified,project_tss,raw,mlp,False,,0,0.8400000333786011,0.8266883645240033,0.7932949974342683,0.8070658868306232,0.8149404526201864,0.8149404526201864,158.0,108,0.8266883645240033,0.7932949974342683,0.8070658868306232,0,0.0,0.9333333333333333,0.6829268292682927
main,Midnight12k,32806e51dfc2,fl,FedProx,adam,0.0003,0.01,20,stratified,project_tss,raw,mlp,False,,1,0.8266667127609253,0.8006509357200976,0.7190246990440184,0.7177795306779603,0.7904523651687216,0.7904523651687216,123.0,73,0.8006509357200976,0.7190246990440184,0.7177795306779603,0,0.0,0.9166666666666666,0.14634146341463414
main,Midnight12k,398b2ae6a86e,fl,SCAFFOLD,adam,0.0003,0.01,20,stratified,project_tss,raw,mlp,False,,0,0.5955555438995361,0.6037428803905615,0.42732953329051593,0.34632865894726933,0.5619021943788299,0.5619021943788299,226.0,176,0.6029292107404394,0.4270084029115821,0.3459076590290993,1,0.08136696501220841,0.9333333333333333,0.0
main,Midnight12k,475a3ae67c32,fl,FedBN,adam,0.0003,0.01,20,stratified,project_tss,raw,mlp,False,,3,0.340984527024131,0.5199349064279902,0.29655107521263113,0.238013689235107,0.3244727740260067,0.3244727740260067,237.0,187,0.5199349064279902,0.29655107521263113,0.238013689235107,0,0.0,0.0,0.0
main,Midnight12k,537b66a83da0,fl,FedBN,adam,0.0003,0.01,20,stratified,project_tss,raw,mlp,False,,4,0.28964727144983404,0.3954434499593165,0.2284391373423926,0.1717444123930023,0.2699583650460678,0.2699583650460678,159.0,109,0.3954434499593165,0.2284391373423926,0.1717444123930023,0,0.0,0.0,0.0
main,Midnight12k,579d0d8b2ae1,fl,SCAFFOLD,adam,0.0003,0.01,20,stratified,project_tss,raw,mlp,False,,1,0.597777783870697,0.6029292107404394,0.42861699850139157,0.3684591723979695,0.5548378672210449,0.5548378672210449,100.0,30,0.6029292107404394,0.42861699850139157,0.36834068630068867,1,0.0,0.9083333333333333,0.0
main,Midnight12k,6f61b239bcd5,fl,FedBN,adam,0.0003,0.01,20,stratified,project_tss,raw,mlp,False,,0,0.312994227994228,0.46053702196908053,0.2504667073337199,0.2001710265450797,0.27165887153959006,0.27165887153959006,253.0,203,0.4613506916192026,0.2510515026553573,0.200565823281103,1,-0.08136696501220841,0.0,0.0
main,Midnight12k,75b34035cf85,fl,FedBN,adam,0.0003,0.01,20,stratified,project_tss,raw,mlp,False,,1,0.2573120355021927,0.4231082180634662,0.22110237646801997,0.18205275768819673,0.26858308633721956,0.26858308633721956,113.0,63,0.4231082180634662,0.22110237646801997,0.18205275768819673,0,0.0,0.0,0.0
main,Midnight12k,7ac7250be8fd,fl,FedProx,adam,0.0003,0.01,20,stratified,project_tss,raw,mlp,False,,4,0.8733333349227905,0.8478437754271766,0.8151267535508022,0.8250984560840884,0.8457487939349991,0.8457487939349991,254.0,204,0.8478437754271766,0.8151267535508022,0.8250984560840884,0,0.0,1.0,0.6097560975609756
main,Midnight12k,81a0727a2df7,fl,FedProx,adam,0.0003,0.01,20,stratified,project_tss,raw,mlp,False,,3,0.8577777743339539,0.8405207485760781,0.800694335834867,0.8154870834197402,0.8331713882541888,0.8331713882541888,238.0,188,0.8405207485760781,0.800694335834867,0.8154870834197402,0,0.0,0.9916666666666667,0.7804878048780488
main,Midnight12k,98682d75851d,fl,FedAvg,adam,0.0003,0.01,20,stratified,project_tss,raw,mlp,False,,1,0.8311111330986023,0.8087876322213181,0.7538546350056422,0.7497955647982761,0.795346163545272,0.795346163545272,121.0,71,0.8087876322213181,0.7538546350056422,0.7497955647982761,0,0.0,0.9166666666666666,0.2926829268292683
main,Midnight12k,bf0bc8796eaf,fl,FedAvg,adam,0.0003,0.01,20,stratified,project_tss,raw,mlp,False,,3,0.8555555939674377,0.8242473555736372,0.7504744135311155,0.7773244601410033,0.7940209734759982,0.7940209734759982,238.0,188,0.8242473555736372,0.7504744135311155,0.7773244601410033,0,0.0,0.9583333333333334,0.5853658536585366
main,Midnight12k,e0d237945e42,fl,FedProx,adam,0.0003,0.01,20,stratified,project_tss,raw,mlp,False,,2,0.8822222352027893,0.8462164361269324,0.8161769213605177,0.8267746205478191,0.8394223604746093,0.8394223604746093,229.0,179,0.8462164361269324,0.8161769213605177,0.8267746205478191,0,0.0,0.9666666666666667,0.7073170731707317
main,Midnight12k,e2e111f122c0,fl,SCAFFOLD,adam,0.0003,0.01,20,stratified,project_tss,raw,mlp,False,,3,0.5555555820465088,0.5272579332790887,0.3811139421289254,0.29551402002350335,0.47774846043417385,0.47774846043417385,107.0,57,0.5272579332790887,0.3811139421289254,0.29551402002350335,0,0.0,0.9916666666666667,0.0
main,Midnight12k,e39eebe634b2,fl,FedAvg,adam,0.0003,0.01,20,stratified,project_tss,raw,mlp,False,,2,0.8822222352027893,0.8502847843775427,0.8193383291707328,0.830999554406116,0.8459813582528555,0.8459813582528555,229.0,179,0.8502847843775427,0.8193383291707328,0.830999554406116,0,0.0,0.9666666666666667,0.7073170731707317
main,Midnight12k,e3e9de52db68,fl,SCAFFOLD,adam,0.0003,0.01,20,stratified,project_tss,raw,mlp,False,,4,0.597777783870697,0.613506916192026,0.4626089308048541,0.3650833213926241,0.5540220591324923,0.5540220591324923,119.0,69,0.6143205858421481,0.4631937261264915,0.36579372834367724,1,-0.08136696501220841,0.975,0.0
main,Midnight12k,e6bfe1e480c3,fl,FedAvg,adam,0.0003,0.01,20,stratified,project_tss,raw,mlp,False,,4,0.8644444942474365,0.8307567127746135,0.7944386692153631,0.8031816868219722,0.8223551090334584,0.8223551090334584,247.0,197,0.8307567127746135,0.7944386692153631,0.8031816868219722,0,0.0,0.9916666666666667,0.4634146341463415
main,Midnight12k,e85ffbca4a02,fl,FedAvg,adam,0.0003,0.01,20,stratified,project_tss,raw,mlp,False,,0,0.846666693687439,0.8291293734743694,0.7919204875027046,0.8084779023229518,0.8251406895071752,0.8251406895071752,158.0,108,0.8291293734743694,0.7919204875027046,0.8084779023229518,0,0.0,0.95,0.6341463414634146
main,Midnight12k,e93082905d72,fl,FedBN,adam,0.0003,0.01,20,stratified,project_tss,raw,mlp,False,,2,0.2661728692261599,0.18470301057770544,0.13889639096245274,0.10791396895549576,0.18916393204087503,0.18916393204087503,100.0,46,0.18307567127746135,0.13772708416282337,0.10709086714567405,3,0.1627339300244085,0.6083333333333333,0.0
main,Midnight12k,f0cd4cba3de6,fl,SCAFFOLD,adam,0.0003,0.01,20,stratified,project_tss,raw,mlp,False,,2,0.5844444632530212,0.5850284784377543,0.39681144294583603,0.326008951940608,0.5384741426797501,0.5384741426797501,198.0,148,0.5850284784377543,0.39681144294583603,0.3260166192208112,1,0.0,0.9833333333333333,0.0
main,Phikon_v2,010c7099aed8,fl,SCAFFOLD,adam,0.0003,0.01,20,stratified,project_tss,raw,mlp,False,,4,0.5266667008399963,0.51586655817738,0.3108227698340263,0.2562500762635293,0.440453678858322,0.440453678858322,145.0,95,0.51586655817738,0.3108227698340263,0.25609918083358063,2,0.0,0.575,0.0
main,Phikon_v2,06f6497300e9,fl,SCAFFOLD,adam,0.0003,0.01,20,stratified,project_tss,raw,mlp,False,,0,0.46000000834465027,0.46379170056956875,0.2557525155213016,0.20052699301973378,0.3877740671548053,0.3877740671548053,188.0,138,0.46379170056956875,0.2557525155213016,0.20052699301973378,0,0.0,0.43333333333333335,0.0
main,Phikon_v2,1c18bec810f7,fl,FedBN,adam,0.0003,0.01,20,stratified,project_tss,raw,mlp,False,,1,0.2558981276278889,0.3799837266069976,0.23617653588871745,0.16508428606945436,0.24418426741024257,0.24418426741024257,112.0,62,0.3799837266069976,0.23617653588871745,0.16516421931912662,2,0.0,0.0,0.0
main,Phikon_v2,27f59f291cdd,fl,FedBN,adam,0.0003,0.01,20,stratified,project_tss,raw,mlp,False,,4,0.33024916502639273,0.45565500406834825,0.26353084851445263,0.2187917462496221,0.25768762348342306,0.25768762348342306,244.0,194,0.45565500406834825,0.26353084851445263,0.2187917462496221,0,0.0,0.0,0.0
main,Phikon_v2,2c623ed62b3e,fl,FedAvg,adam,0.0003,0.01,20,stratified,project_tss,raw,mlp,False,,1,0.9466667175292969,0.9332790886899919,0.9229430358579093,0.9328403357162922,0.9144863256623381,0.9144863256623381,427.0,377,0.9332790886899919,0.9229430358579093,0.9328403357162922,0,0.0,0.975,0.9512195121951219
main,Phikon_v2,3161a909ff1b,fl,FedProx,adam,0.0003,0.01,20,stratified,project_tss,raw,mlp,False,,0,0.8177778124809265,0.7591537835638731,0.6169162444812367,0.6120801038899387,0.6605481241384669,0.6605481241384669,133.0,83,0.7591537835638731,0.6169162444812367,0.6120801038899387,0,0.0,0.10833333333333334,0.04878048780487805
main,Phikon_v2,396f6d56493e,fl,FedBN,adam,0.0003,0.01,20,stratified,project_tss,raw,mlp,False,,2,0.33637395478397225,0.44914564686737185,0.29610345442877367,0.2624499336083309,0.2817124232012337,0.2817124232012337,222.0,172,0.44914564686737185,0.29610345442877367,0.26247977195926186,1,0.0,0.0,0.0
main,Phikon_v2,3b37663a7e81,fl,FedAvg,adam,0.0003,0.01,20,stratified,project_tss,raw,mlp,False,,2,0.9555555582046509,0.9381611065907242,0.9295657918585012,0.938517717332932,0.9321491765416999,0.9321491765416999,459.0,409,0.9381611065907242,0.9295657918585012,0.938517717332932,0,0.0,0.9416666666666667,0.926829268292683
main,Phikon_v2,432d7850ca0d,fl,FedProx,adam,0.0003,0.01,20,stratified,project_tss,raw,mlp,False,,1,0.9688889384269714,0.9414157851912124,0.9376372223187468,0.9418986694291096,0.9298336211498205,0.9298336211498205,437.0,387,0.9414157851912124,0.9376372223187468,0.9418986694291096,0,0.0,0.9916666666666667,0.975609756097561
main,Phikon_v2,43a8b116149c,fl,SCAFFOLD,adam,0.0003,0.01,20,stratified,project_tss,raw,mlp,False,,3,0.5377777814865112,0.5085435313262815,0.3031455002309885,0.2520622349143713,0.38109334449518145,0.38109334449518145,195.0,145,0.5085435313262815,0.3031455002309885,0.2519157652147472,2,0.0,0.6416666666666667,0.0
main,Phikon_v2,4d145b3c2108,fl,SCAFFOLD,adam,0.0003,0.01,20,stratified,project_tss,raw,mlp,False,,2,0.48222222924232483,0.4629780309194467,0.2738375080282595,0.19198412334224624,0.4193775891468349,0.4193775891468349,143.0,93,0.4629780309194467,0.2738375080282595,0.1920587587437505,1,0.0,0.8,0.0
main,Phikon_v2,4fb8cd166f89,fl,FedBN,adam,0.0003,0.01,20,stratified,project_tss,raw,mlp,False,,3,0.2581663394199795,0.403580146460537,0.22418125214441723,0.1915057753590581,0.24429783808216096,0.24429783808216096,105.0,55,0.402766476810415,0.2238601217654834,0.19125547994299316,1,0.08136696501220286,0.016666666666666666,0.0
main,Phikon_v2,53e2821f31c1,fl,FedProx,adam,0.0003,0.01,20,stratified,project_tss,raw,mlp,False,,3,0.9733333587646484,0.9495524816924329,0.9446622993242377,0.9486200670365093,0.9434573416660644,0.9434573416660644,493.0,443,0.9495524816924329,0.9446622993242377,0.9486200670365093,0,0.0,1.0,0.975609756097561
main,Phikon_v2,662ac1205a75,fl,FedAvg,adam,0.0003,0.01,20,stratified,project_tss,raw,mlp,False,,4,0.8644444942474365,0.8234336859235151,0.7038245165815591,0.7292158141988829,0.7453491778545065,0.7453491778545065,162.0,112,0.8234336859235151,0.7038245165815591,0.7292158141988829,0,0.0,0.6,0.04878048780487805
main,Phikon_v2,6fb26627e29b,fl,FedProx,adam,0.0003,0.01,20,stratified,project_tss,raw,mlp,False,,4,0.8733333349227905,0.8445890968266884,0.7447941920804191,0.7901417359237974,0.7800990641107872,0.7800990641107872,162.0,112,0.8445890968266884,0.7447941920804191,0.7901417359237974,0,0.0,0.7583333333333333,0.4634146341463415
main,Phikon_v2,7f6b7b073de0,fl,SCAFFOLD,adam,0.0003,0.01,20,stratified,project_tss,raw,mlp,False,,1,0.4444444477558136,0.4434499593165175,0.22166666666666668,0.13821076864555126,0.32694959399417806,0.32694959399417806,100.0,15,0.4434499593165175,0.22166666666666668,0.13837552213017804,3,0.0,0.0,0.0
main,Phikon_v2,ac8964d6758d,fl,FedBN,adam,0.0003,0.01,20,stratified,project_tss,raw,mlp,False,,0,0.2755368704291244,0.37510170870626525,0.19086767002814953,0.16457222154602202,0.2273596869227482,0.2273596869227482,129.0,79,0.37510170870626525,0.19086767002814953,0.16457222154602202,0,0.0,0.0,0.0
main,Phikon_v2,c72b75ed9602,fl,FedProx,adam,0.0003,0.01,20,stratified,project_tss,raw,mlp,False,,2,0.944444477558136,0.9389747762408462,0.9293772991911013,0.939232041839603,0.9310769650333514,0.9310769650333514,353.0,303,0.9389747762408462,0.9293772991911013,0.939232041839603,0,0.0,0.975,0.926829268292683
main,Phikon_v2,dddf2cc47b23,fl,FedAvg,adam,0.0003,0.01,20,stratified,project_tss,raw,mlp,False,,0,0.8088889122009277,0.7615947925142392,0.6171335781411446,0.6190241836152109,0.6573284683077272,0.6573284683077272,133.0,83,0.7615947925142392,0.6171335781411446,0.6188925099761386,1,0.0,0.10833333333333334,0.07317073170731707
main,Phikon_v2,f55bec47e7d6,fl,FedAvg,adam,0.0003,0.01,20,stratified,project_tss,raw,mlp,False,,3,0.8222222328186035,0.7860048820179008,0.6219725503411758,0.6196778184873448,0.658914086420645,0.658914086420645,191.0,141,0.7860048820179008,0.6219725503411758,0.6196778184873448,0,0.0,0.625,0.0
main,ResNet50,067a3419309c,fl,FedAvg,adam,0.0003,0.01,20,stratified,project_tss,raw,mlp,False,,0,0.3199999928474426,0.28152969894222946,0.1111111111111111,0.04916169366297243,0.18691588785046728,0.18691588785046728,100.0,25,0.28152969894222946,0.1111111111111111,0.04928774928774929,4,0.0,0.0,0.0
main,ResNet50,091928446a9e,fl,FedAvg,adam,0.0003,0.01,20,stratified,project_tss,raw,mlp,False,,1,0.40666666626930237,0.41090317331163545,0.19967886962106615,0.12390586549543656,0.3017851158765821,0.3017851158765821,145.0,95,0.41171684296175753,0.2004688503532434,0.12387436476184494,16,-0.08136696501220841,0.0,0.0
main,ResNet50,0f86af7e3f8e,fl,SCAFFOLD,adam,0.0003,0.01,20,stratified,project_tss,raw,mlp,False,,4,0.3199999928474426,0.28152969894222946,0.1111111111111111,0.04881834215167549,0.18691588785046728,0.18691588785046728,100.0,1,0.28152969894222946,0.1111111111111111,0.04881834215167549,0,0.0,0.0,0.0
main,ResNet50,18e6cd33ace3,fl,FedAvg,adam,0.0003,0.01,20,stratified,project_tss,raw,mlp,False,,2,0.3911111354827881,0.37021969080553296,0.17963712267180476,0.11053422536221878,0.2742181261553056,0.2742181261553056,100.0,36,0.3653376729048006,0.1779447655748234,0.10964834034843024,20,0.48820179007323383,0.0,0.0
main,ResNet50,1d0b9d045440,fl,FedBN,adam,0.0003,0.01,20,stratified,project_tss,raw,mlp,False,,2,0.25784887974899623,0.4174125305126119,0.25405769973625764,0.23230517847159105,0.24692156962454756,0.24692156962454756,186.0,136,0.4174125305126119,0.25405769973625764,0.23237229098877588,1,0.0,0.0,0.0
main,ResNet50,35fa909c0058,fl,FedBN,adam,0.0003,0.01,20,stratified,project_tss,raw,mlp,False,,0,0.22907050320416655,0.4141578519121237,0.21211220184482887,0.18906358703540388,0.22097728944642842,0.22097728944642842,205.0,155,0.4149715215622457,0.21269699716646628,0.1892600435792789,3,-0.08136696501220286,0.0,0.0
main,ResNet50,39a58cf8f83a,fl,SCAFFOLD,adam,0.0003,0.01,20,stratified,project_tss,raw,mlp,False,,3,0.3199999928474426,0.28152969894222946,0.1111111111111111,0.04881834215167549,0.18691588785046728,0.18691588785046728,100.0,2,0.28152969894222946,0.1111111111111111,0.04881834215167549,0,0.0,0.0,0.0
main,ResNet50,41be0d44dbe0,fl,SCAFFOLD,adam,0.0003,0.01,20,stratified,project_tss,raw,mlp,False,,2,0.3422222435474396,0.3287225386493084,0.18840184114750588,0.1050820203303095,0.28035595412675385,0.28035595412675385,159.0,109,0.3148901545972335,0.18475701134660671,0.10324057812642287,42,1.3832384052074875,0.8083333333333333,0.0
main,ResNet50,4bfc9890faa7,fl,FedAvg,adam,0.0003,0.01,20,stratified,project_tss,raw,mlp,False,,3,0.3866666853427887,0.3205858421480879,0.14419092046107562,0.09331541960218431,0.20354220579858173,0.20354220579858173,100.0,49,0.3279088689991863,0.1499814082412196,0.09784277418402307,22,-0.7323026851098424,0.0,0.0
main,ResNet50,548bd193d7c2,fl,SCAFFOLD,adam,0.0003,0.01,20,stratified,project_tss,raw,mlp,False,,0,0.12666666507720947,0.16273393002441008,0.1111111111111111,0.031101780576938028,0.14018691588785046,0.14018691588785046,100.0,1,0.16273393002441008,0.1111111111111111,0.031101780576938028,0,0.0,0.0,0.0
main,ResNet50,5d384710ffa0,fl,FedBN,adam,0.0003,0.01,20,stratified,project_tss,raw,mlp,False,,4,0.27218244093316896,0.3799837266069976,0.200211237731181,0.17467035149767215,0.21629937366733107,0.21629937366733107,153.0,103,0.3799837266069976,0.200211237731181,0.17467674172851344,1,0.0,0.0,0.0
main,ResNet50,6166d4c38245,fl,SCAFFOLD,adam,0.0003,0.01,20,stratified,project_tss,raw,mlp,False,,1,0.41333335638046265,0.4003254678600488,0.19573859987154785,0.12050678222699664,0.2990024313086972,0.2990024313086972,102.0,52,0.4019528071602929,0.1977874116891458,0.12115140736738633,23,-0.16273393002441128,0.0,0.0
main,ResNet50,642b9b28c0df,fl,FedBN,adam,0.0003,0.01,20,stratified,project_tss,raw,mlp,False,,3,0.24225815438686724,0.34906427990235966,0.2159343203867086,0.14761632245770714,0.22678172672091293,0.22678172672091293,266.0,216,0.3482506102522376,0.21561319000777474,0.14715973583890996,3,0.08136696501220841,0.0,0.0
main,ResNet50,6d80ac1e6e47,fl,FedAvg,adam,0.0003,0.01,20,stratified,project_tss,raw,mlp,False,,4,0.3266666829586029,0.28885272579332794,0.11611111111111111,0.05950384218280058,0.19204075379194116,0.19204075379194116,108.0,58,0.29292107404393813,0.11888888888888889,0.06287133456845334,10,-0.40683482506101987,0.0,0.0
main,ResNet50,878703b5524f,fl,FedProx,adam,0.0003,0.01,20,stratified,project_tss,raw,mlp,False,,1,0.3199999928474426,0.28152969894222946,0.1111111111111111,0.04881834215167549,0.18691588785046728,0.18691588785046728,100.0,2,0.28152969894222946,0.1111111111111111,0.04881834215167549,0,0.0,0.0,0.0
main,ResNet50,9ddb79bc90ed,fl,FedBN,adam,0.0003,0.01,20,stratified,project_tss,raw,mlp,False,,1,0.17815435389692816,0.16680227827502034,0.19264595702572804,0.07837671848253552,0.1788121025596129,0.1788121025596129,100.0,14,0.16680227827502034,0.19235333616058808,0.07881999269785725,6,0.0,0.0,0.0
main,ResNet50,a6d0e02a35c4,fl,FedProx,adam,0.0003,0.01,20,stratified,project_tss,raw,mlp,False,,2,0.41333335638046265,0.386493083807974,0.1830122029543995,0.11314615778313958,0.27922104230821865,0.27922104230821865,100.0,37,0.38812042310821804,0.1841233140655106,0.1136172930265024,13,-0.16273393002440573,0.0,0.0
main,ResNet50,b5a842dbbac0,fl,FedProx,adam,0.0003,0.01,20,stratified,project_tss,raw,mlp,False,,3,0.36444446444511414,0.32628152969894225,0.16436776537381045,0.10676970166819204,0.2149650621643504,0.2149650621643504,100.0,44,0.3279088689991863,0.16764667555871396,0.10912645201728292,44,-0.16273393002440573,0.0,0.0
main,ResNet50,dfd9b91dd737,fl,FedProx,adam,0.0003,0.01,20,stratified,project_tss,raw,mlp,False,,0,0.3199999928474426,0.28152969894222946,0.1111111111111111,0.04881834215167549,0.18691588785046728,0.18691588785046728,100.0,25,0.28152969894222946,0.1111111111111111,0.04881834215167549,0,0.0,0.0,0.0
main,ResNet50,e51433dfe1ab,fl,FedProx,adam,0.0003,0.01,20,stratified,project_tss,raw,mlp,False,,4,0.3866666853427887,0.37347436940602113,0.18842324983943481,0.11365269081110727,0.27495360333646884,0.27495360333646884,115.0,65,0.371033360455655,0.18816313423249842,0.11332273449920509,19,0.24410089503661414,0.0,0.0
main,UNI_v2,05649fcd3a0b,fl,FedProx,adam,0.0003,0.01,20,stratified,project_tss,raw,mlp,False,,0,0.902222216129303,0.8616761594792515,0.7728063809067648,0.7895901885146839,0.8151927146229491,0.8151927146229491,284.0,234,0.8616761594792515,0.7728063809067648,0.7895901885146839,0,0.0,0.9833333333333333,0.17073170731707318
main,UNI_v2,11e125f45a47,fl,FedAvg,adam,0.0003,0.01,20,stratified,project_tss,raw,mlp,False,,1,0.8022222518920898,0.7998372660699756,0.6747234390454646,0.673103568861601,0.742564480162857,0.742564480162857,119.0,69,0.7998372660699756,0.6747234390454646,0.673103568861601,0,0.0,0.9916666666666667,0.0
main,UNI_v2,2a7f83531c92,fl,FedAvg,adam,0.0003,0.01,20,stratified,project_tss,raw,mlp,False,,3,0.9355555772781372,0.9104963384865744,0.8846607710272697,0.8957074857647588,0.8880568178731812,0.8880568178731812,448.0,398,0.9104963384865744,0.8846607710272697,0.8957074857647588,0,0.0,0.9916666666666667,0.7560975609756098
main,UNI_v2,3640e6c45e9f,fl,FedProx,adam,0.0003,0.01,20,stratified,project_tss,raw,mlp,False,,3,0.8244444727897644,0.7990235964198535,0.6845914228479075,0.6798135397672053,0.7535731961436996,0.7535731961436996,210.0,160,0.7990235964198535,0.6845914228479075,0.6798135397672053,0,0.0,0.9916666666666667,0.0
main,UNI_v2,37beaef79259,fl,FedBN,adam,0.0003,0.01,20,stratified,project_tss,raw,mlp,False,,3,0.31684976060631276,0.44751830756712774,0.26873905427942035,0.22047004545059928,0.27062032391032526,0.27062032391032526,232.0,182,0.44751830756712774,0.26873905427942035,0.22047004545059928,0,0.0,0.0,0.0
main,UNI_v2,3d8d3cc0aee2,fl,SCAFFOLD,adam,0.0003,0.01,20,stratified,project_tss,raw,mlp,False,,3,0.6733333468437195,0.6338486574450773,0.4325404793293446,0.360099927684688,0.5272183193871413,0.5272183193871413,116.0,66,0.6330349877949553,0.4322193489504107,0.3599233729060545,2,0.08136696501220841,0.19166666666666668,0.0
main,UNI_v2,4ff0a8508e13,fl,FedProx,adam,0.0003,0.01,20,stratified,project_tss,raw,mlp,False,,2,0.8955555558204651,0.8689991863303499,0.7707648316867001,0.7623196385763938,0.8250560457135305,0.8250560457135305,251.0,201,0.8689991863303499,0.7707648316867001,0.7623196385763938,0,0.0,0.9833333333333333,0.0
main,UNI_v2,5d90f00fc564,fl,FedAvg,adam,0.0003,0.01,20,stratified,project_tss,raw,mlp,False,,2,0.9266666769981384,0.887713588283157,0.8191966817861955,0.829847844521388,0.8590784296924646,0.8590784296924646,406.0,356,0.887713588283157,0.8191966817861955,0.829847844521388,0,0.0,0.9916666666666667,0.1951219512195122
main,UNI_v2,62e4c3d52ab4,fl,FedAvg,adam,0.0003,0.01,20,stratified,project_tss,raw,mlp,False,,0,0.7666667103767395,0.7493897477624084,0.630877744260245,0.6443740981690765,0.6702612965483928,0.6702612965483928,105.0,55,0.7493897477624084,0.630877744260245,0.6443740981690765,0,0.0,0.8666666666666667,0.0975609756097561
main,UNI_v2,65eefe123306,fl,FedBN,adam,0.0003,0.01,20,stratified,project_tss,raw,mlp,False,,4,0.26157110216516155,0.38812042310821804,0.20755250784892187,0.16684389134085095,0.22302254288236137,0.22302254288236137,154.0,104,0.38812042310821804,0.20755250784892187,0.1668131831532713,1,0.0,0.0,0.0
main,UNI_v2,8e32388cb77d,fl,SCAFFOLD,adam,0.0003,0.01,20,stratified,project_tss,raw,mlp,False,,0,0.551111102104187,0.5589910496338486,0.36211687838392165,0.27325935923959466,0.490331152440177,0.490331152440177,135.0,85,0.5589910496338486,0.36211687838392165,0.27324033036555984,3,0.0,0.9583333333333334,0.0
main,UNI_v2,8f17c79f9637,fl,SCAFFOLD,adam,0.0003,0.01,20,stratified,project_tss,raw,mlp,False,,1,0.6399999856948853,0.6558177379983726,0.43449154356668807,0.3765898915118331,0.5735639530769885,0.5735639530769885,110.0,60,0.6558177379983726,0.43449154356668807,0.3765898915118331,0,0.0,0.975,0.0
main,UNI_v2,a2b6fcfe0b48,fl,SCAFFOLD,adam,0.0003,0.01,20,stratified,project_tss,raw,mlp,False,,2,0.6288889050483704,0.6110659072416599,0.3907198954354415,0.31199612252085984,0.4929867167656517,0.4929867167656517,131.0,81,0.6110659072416599,0.3907198954354415,0.31199612252085984,0,0.0,0.8333333333333334,0.0
main,UNI_v2,af42c2953a45,fl,FedBN,adam,0.0003,0.01,20,stratified,project_tss,raw,mlp,False,,1,0.19999999999999998,0.22701383238405207,0.20266126512209276,0.11674527747027402,0.18800843747475687,0.18800843747475687,100.0,38,0.22701383238405207,0.20266126512209276,0.11674410326760262,2,0.0,0.0,0.0
main,UNI_v2,c96140503b89,fl,FedBN,adam,0.0003,0.01,20,stratified,project_tss,raw,mlp,False,,0,0.3919615022264993,0.47843775427176566,0.28621473984568707,0.25059767241952624,0.3570268513293619,0.3570268513293619,225.0,175,0.47843775427176566,0.28621473984568707,0.25059767241952624,0,0.0,0.3,0.0
main,UNI_v2,d3435ac5a309,fl,SCAFFOLD,adam,0.0003,0.01,20,stratified,project_tss,raw,mlp,False,,4,0.59333336353302,0.5890968266883645,0.34377029600333525,0.2826592933807827,0.43701379461856105,0.43701379461856105,100.0,31,0.5890968266883645,0.34377029600333525,0.2825555772536872,1,0.0,0.08333333333333333,0.0
main,UNI_v2,d536ceca8974,fl,FedBN,adam,0.0003,0.01,20,stratified,project_tss,raw,mlp,False,,2,0.3150992497439789,0.4385679414157852,0.24433981419336925,0.21557028063652728,0.29157903851130035,0.29157903851130035,193.0,143,0.4385679414157852,0.24433981419336925,0.21557028063652728,0,0.0,0.03333333333333333,0.0
main,UNI_v2,d9fd4a73bca1,fl,FedProx,adam,0.0003,0.01,20,stratified,project_tss,raw,mlp,False,,1,0.8133333325386047,0.7949552481692432,0.6938079184718008,0.6784115709069075,0.7457871354596228,0.7457871354596228,119.0,69,0.7949552481692432,0.6938079184718008,0.6784115709069075,0,0.0,1.0,0.0
main,UNI_v2,dfbb2265cba3,fl,FedAvg,adam,0.0003,0.01,20,stratified,project_tss,raw,mlp,False,,4,0.8533333539962769,0.8323840520748577,0.7397615166607344,0.7395872801905836,0.7822436327252691,0.7822436327252691,190.0,140,0.8323840520748577,0.7397615166607344,0.7395872801905836,0,0.0,0.975,0.0
main,UNI_v2,ef42a9a1c1a4,fl,FedProx,adam,0.0003,0.01,20,stratified,project_tss,raw,mlp,False,,4,0.9377778172492981,0.9104963384865744,0.8839723740351845,0.8868556585402871,0.9034422761324712,0.9034422761324712,558.0,508,0.9104963384865744,0.8839723740351845,0.8868556585402871,0,0.0,0.9916666666666667,0.7073170731707317
main,Virchow2,0a193deaeab9,fl,FedProx,adam,0.0003,0.01,20,stratified,project_tss,raw,mlp,False,,0,0.9333333373069763,0.886899918633035,0.8677141241645894,0.8653499139920523,0.8745642155176505,0.8745642155176505,282.0,232,0.886899918633035,0.8677141241645894,0.8653499139920523,0,0.0,0.9833333333333333,0.7073170731707317
main,Virchow2,0eb036fbf6f4,fl,FedAvg,adam,0.0003,0.01,20,stratified,project_tss,raw,mlp,False,,1,0.9200000166893005,0.8966639544344996,0.8861556813062434,0.8821686497688493,0.8834043720090614,0.8834043720090614,229.0,179,0.8966639544344996,0.8861556813062434,0.8821686497688493,0,0.0,0.975,0.9024390243902439
main,Virchow2,0f79337e2ef8,fl,FedProx,adam,0.0003,0.01,20,stratified,project_tss,raw,mlp,False,,1,0.9200000166893005,0.8982912937347437,0.8847111353686716,0.882442511243336,0.8803726839040005,0.8803726839040005,226.0,176,0.8982912937347437,0.8847111353686716,0.882442511243336,0,0.0,0.975,0.8048780487804879
main,Virchow2,301817e160ed,fl,SCAFFOLD,adam,0.0003,0.01,20,stratified,project_tss,raw,mlp,False,,0,0.6533333659172058,0.6354759967453214,0.41952392421323054,0.3381414608015981,0.5393378237468811,0.5393378237468811,128.0,78,0.6346623270951993,0.41859799828730465,0.33630591645288743,1,0.08136696501220841,0.041666666666666664,0.0
main,Virchow2,3b6fbe47a777,fl,FedProx,adam,0.0003,0.01,20,stratified,project_tss,raw,mlp,False,,3,0.9399999976158142,0.9259560618388935,0.9197355322103703,0.9188786365532403,0.9159065305872159,0.9159065305872159,383.0,333,0.9259560618388935,0.9197355322103703,0.9188786365532403,0,0.0,0.9916666666666667,0.9024390243902439
main,Virchow2,40e1aa913b7b,fl,FedAvg,adam,0.0003,0.01,20,stratified,project_tss,raw,mlp,False,,0,0.9111111164093018,0.8885272579332791,0.8701742801826182,0.8611322324215451,0.8685077814369324,0.8685077814369324,185.0,135,0.8885272579332791,0.8701742801826182,0.8611322324215451,0,0.0,0.9333333333333333,0.9024390243902439
main,Virchow2,5c0f47490940,fl,FedProx,adam,0.0003,0.01,20,stratified,project_tss,raw,mlp,False,,2,0.9066666960716248,0.8885272579332791,0.8781925518678761,0.8748886379044714,0.8749505728096304,0.8749505728096304,158.0,108,0.8885272579332791,0.8781925518678761,0.8748886379044714,0,0.0,0.9916666666666667,0.8536585365853658
main,Virchow2,5ebcabd649f0,fl,SCAFFOLD,adam,0.0003,0.01,20,stratified,project_tss,raw,mlp,False,,1,0.753333330154419,0.7225386493083807,0.5654030224179634,0.511270463897413,0.665403462731099,0.665403462731099,151.0,101,0.7225386493083807,0.5654030224179634,0.511270463897413,0,0.0,0.5666666666666667,0.0
main,Virchow2,6116b1a17d64,fl,FedBN,adam,0.0003,0.01,20,stratified,project_tss,raw,mlp,False,,2,0.2709142829279696,0.29454841334418225,0.2046833969272119,0.15401312629818975,0.2539433862079079,0.2539433862079079,100.0,40,0.29454841334418225,0.2046833969272119,0.15404596905073648,1,0.0,0.75,0.0
main,Virchow2,6343b811ad8c,fl,SCAFFOLD,adam,0.0003,0.01,20,stratified,project_tss,raw,mlp,False,,2,0.6222222447395325,0.5760781122864117,0.4051991712582677,0.36240218900723836,0.5062279654578634,0.5062279654578634,111.0,61,0.5760781122864117,0.4051991712582677,0.36240218900723836,0,0.0,0.5083333333333333,0.0
main,Virchow2,657bf22c6260,fl,FedBN,adam,0.0003,0.01,20,stratified,project_tss,raw,mlp,False,,1,0.32325257525752576,0.403580146460537,0.2613088989541566,0.1853990309606381,0.31547756177835234,0.31547756177835234,100.0,11,0.403580146460537,0.2613088989541566,0.18541718487284392,1,0.0,0.9666666666666667,0.0
main,Virchow2,7608fdc20f0d,fl,FedProx,adam,0.0003,0.01,20,stratified,project_tss,raw,mlp,False,,4,0.9399999976158142,0.9048006509357202,0.8953600296243397,0.8942658521846177,0.8974984737712235,0.8974984737712235,317.0,267,0.9048006509357202,0.8953600296243397,0.8942658521846177,0,0.0,0.9833333333333333,0.9024390243902439
main,Virchow2,7addfaf557a5,fl,FedBN,adam,0.0003,0.01,20,stratified,project_tss,raw,mlp,False,,4,0.30847209720972096,0.46216436126932464,0.24790737433532206,0.21241695656392434,0.2634537770369474,0.2634537770369474,274.0,224,0.46216436126932464,0.24790737433532206,0.21241695656392434,0,0.0,0.0,0.0
main,Virchow2,8ff3d0bb92a5,fl,FedAvg,adam,0.0003,0.01,20,stratified,project_tss,raw,mlp,False,,3,0.9355555772781372,0.8974776240846216,0.884177366309796,0.8817896883690355,0.8919439483958257,0.8919439483958257,332.0,282,0.8974776240846216,0.884177366309796,0.8817896883690355,0,0.0,0.9916666666666667,0.9024390243902439
main,Virchow2,9548ae04f543,fl,FedAvg,adam,0.0003,0.01,20,stratified,project_tss,raw,mlp,False,,4,0.8888888955116272,0.8665581773799838,0.8552599995606002,0.8428250370355781,0.8626094626102645,0.8626094626102645,132.0,82,0.8665581773799838,0.8552599995606002,0.8428250370355781,0,0.0,0.975,0.8780487804878049
main,Virchow2,c4e1d86e5fc4,fl,SCAFFOLD,adam,0.0003,0.01,20,stratified,project_tss,raw,mlp,False,,4,0.6577777862548828,0.6826688364524003,0.5145480653303136,0.4685792056382141,0.6108721376407613,0.6108721376407613,100.0,25,0.6826688364524003,0.5145480653303136,0.4685792056382141,0,0.0,0.9583333333333334,0.0
main,Virchow2,c7b87e0207ce,fl,FedBN,adam,0.0003,0.01,20,stratified,project_tss,raw,mlp,False,,0,0.2277938403084006,0.37672904800650936,0.19400691705851753,0.17264217682546798,0.21719643022722912,0.21719643022722912,132.0,82,0.37672904800650936,0.19400691705851753,0.17264217682546798,0,0.0,0.0,0.0
main,Virchow2,c8ccb1400c71,fl,SCAFFOLD,adam,0.0003,0.01,20,stratified,project_tss,raw,mlp,False,,3,0.7066667079925537,0.7030105777054516,0.5124182385153636,0.4327773957681844,0.6387646985288271,0.6387646985288271,100.0,20,0.7030105777054516,0.5124182385153636,0.43274797112665736,1,0.0,0.975,0.0
main,Virchow2,db6dbe22658a,fl,FedAvg,adam,0.0003,0.01,20,stratified,project_tss,raw,mlp,False,,2,0.902222216129303,0.8779495524816925,0.8656892347039289,0.8637590477327608,0.8584577051707004,0.8584577051707004,158.0,108,0.8779495524816925,0.8656892347039289,0.8637590477327608,0,0.0,0.9833333333333333,0.8292682926829268
main,Virchow2,ea7a06666b0e,fl,FedBN,adam,0.0003,0.01,20,stratified,project_tss,raw,mlp,False,,3,0.3246441135710209,0.44182262001627337,0.2812713765444857,0.23885801278702137,0.25315539143804133,0.25315539143804133,217.0,167,0.44182262001627337,0.2812713765444857,0.23885801278702137,0,0.0,0.058333333333333334,0.0
mu,CTransPath,2572ecc4e508,fl,FedProx,adam,0.0003,1.0,20,stratified,project_tss,raw,mlp,False,,3,0.8133333325386047,0.7624084621643613,0.5991649463239546,0.5939669465914519,0.6570346980811633,0.6570346980811633,357.0,307,0.7632221318144833,0.6000908722498806,0.5949658370636963,1,-0.08136696501219731,0.5166666666666667,0.0
mu,CTransPath,2e2375ae8615,fl,FedProx,adam,0.0003,0.001,20,stratified,project_tss,raw,mlp,False,,2,0.6466667056083679,0.6159479251423922,0.3740246592607559,0.34966090731339994,0.4634330162276785,0.4634330162276785,121.0,71,0.6159479251423922,0.3740246592607559,0.34966090731339994,0,0.0,0.0,0.0
mu,CTransPath,31ae931c5102,fl,FedProx,adam,0.0003,0.001,20,stratified,project_tss,raw,mlp,False,,3,0.6200000047683716,0.5817737998372661,0.33843975792781755,0.2892751280133351,0.41770046488995427,0.41770046488995427,100.0,31,0.5817737998372661,0.33843975792781755,0.2891915642827916,1,0.0,0.0,0.0
mu,CTransPath,438969d3e07e,fl,FedProx,adam,0.0003,0.1,20,stratified,project_tss,raw,mlp,False,,2,0.6822222471237183,0.6566314076484947,0.42432337620576566,0.40324456585504326,0.5235829006233409,0.5235829006233409,121.0,71,0.6582587469487388,0.4261752280576175,0.4058624098638864,2,-0.16273393002440573,0.24166666666666667,0.0
mu,CTransPath,59e11ed4ef2e,fl,FedProx,adam,0.0003,1.0,20,stratified,project_tss,raw,mlp,False,,1,0.6422222256660461,0.5980471928397071,0.35821008068126603,0.3163952001028974,0.4245714375831929,0.4245714375831929,148.0,98,0.5980471928397071,0.35821008068126603,0.3163952001028974,0,0.0,0.075,0.0
mu,CTransPath,61e3599b02c4,fl,FedProx,adam,0.0003,0.1,20,stratified,project_tss,raw,mlp,False,,3,0.7355555891990662,0.6712774613506917,0.4874299088191777,0.4472540528979011,0.550872575106056,0.550872575106056,299.0,249,0.6712774613506917,0.4874299088191777,0.4472540528979011,0,0.0,0.0,0.0
mu,CTransPath,6cf241ca5b3e,fl,FedProx,adam,0.0003,1.0,20,stratified,project_tss,raw,mlp,False,,4,0.6644444465637207,0.628152969894223,0.4425115934294934,0.36154831049519753,0.4848617060475431,0.4848617060475431,100.0,12,0.628152969894223,0.4427749745285515,0.3615541138170699,3,0.0,0.0,0.0
mu,CTransPath,852e1b470468,fl,FedProx,adam,0.0003,0.1,20,stratified,project_tss,raw,mlp,False,,0,0.6866666674613953,0.6769731489015459,0.45183184420785644,0.3857351866118106,0.5629157182214748,0.5629157182214748,100.0,46,0.6769731489015459,0.45183184420785644,0.3857351866118106,0,0.0,0.18333333333333332,0.0
mu,CTransPath,9a12a3607b72,fl,FedProx,adam,0.0003,0.001,20,stratified,project_tss,raw,mlp,False,,1,0.6311111450195312,0.5834011391375101,0.3377636939721673,0.2813466232041191,0.4167470770985603,0.4167470770985603,120.0,70,0.5834011391375101,0.3377636939721673,0.28132764400412374,1,0.0,0.0,0.0
mu,CTransPath,9e8187e6a512,fl,FedProx,adam,0.0003,0.1,20,stratified,project_tss,raw,mlp,False,,1,0.6377778053283691,0.5988608624898292,0.35730612253323746,0.30630793511574617,0.4288527810222124,0.4288527810222124,148.0,98,0.5988608624898292,0.35730612253323746,0.30630793511574617,0,0.0,0.0,0.0
mu,CTransPath,a51380b14187,fl,FedProx,adam,0.0003,0.001,20,stratified,project_tss,raw,mlp,False,,4,0.6333333253860474,0.5996745321399511,0.35677988673606387,0.30477058059052303,0.4305567590117221,0.4305567590117221,100.0,12,0.5988608624898292,0.35645875635713,0.3045825346655246,3,0.08136696501219731,0.0,0.0
mu,CTransPath,b19d12346d90,fl,FedProx,adam,0.0003,0.1,20,stratified,project_tss,raw,mlp,False,,4,0.7200000286102295,0.6786004882017901,0.46590190952802046,0.41519308286255263,0.5408878909979411,0.5408878909979411,264.0,214,0.6794141578519122,0.46675008594871603,0.415947136725875,1,-0.08136696501220841,0.016666666666666666,0.0
mu,CTransPath,b57d57853f56,fl,FedProx,adam,0.0003,1.0,20,stratified,project_tss,raw,mlp,False,,2,0.7155555486679077,0.694060211554109,0.48093044731866236,0.46550919494241616,0.5798214983072576,0.5798214983072576,148.0,98,0.694060211554109,0.48093044731866236,0.46550919494241616,0,0.0,0.39166666666666666,0.0
mu,CTransPath,cfbfc0dd9246,fl,FedProx,adam,0.0003,1.0,20,stratified,project_tss,raw,mlp,False,,0,0.7111111283302307,0.6867371847030106,0.4670982709277275,0.4179186760003392,0.576208085595053,0.576208085595053,100.0,46,0.6883645240032547,0.468872373274349,0.4206558744592432,2,-0.16273393002440573,0.36666666666666664,0.0
mu,CTransPath,e134e3ae349b,fl,FedProx,adam,0.0003,0.001,20,stratified,project_tss,raw,mlp,False,,0,0.6733333468437195,0.6517493897477624,0.4247146210184155,0.34394959783402096,0.5327307345084672,0.5327307345084672,100.0,46,0.6517493897477624,0.4247146210184155,0.34394959783402096,0,0.0,0.0,0.0
mu,Conch_v15,162ac7e935e7,fl,FedProx,adam,0.0003,0.1,20,stratified,project_tss,raw,mlp,False,,2,0.944444477558136,0.9080553295362083,0.8819201043369076,0.8900194646199344,0.8844130327162744,0.8844130327162744,299.0,249,0.9080553295362083,0.8819201043369076,0.8900194646199344,0,0.0,0.975,0.8780487804878049
mu,Conch_v15,1bcdd1e2354a,fl,FedProx,adam,0.0003,1.0,20,stratified,project_tss,raw,mlp,False,,3,0.9311111569404602,0.8934092758340114,0.8764697654223501,0.876524090777239,0.8746320556455777,0.8746320556455777,203.0,153,0.8934092758340114,0.8764697654223501,0.876524090777239,0,0.0,0.975,0.8536585365853658
mu,Conch_v15,215da5925592,fl,FedProx,adam,0.0003,0.1,20,stratified,project_tss,raw,mlp,False,,1,0.8911111354827881,0.8649308380797396,0.7996551961079246,0.822497451529031,0.8298725779520397,0.8298725779520397,123.0,73,0.8649308380797396,0.7996551961079246,0.822497451529031,0,0.0,0.9833333333333333,0.6585365853658537
mu,Conch_v15,2d938290de03,fl,FedProx,adam,0.0003,0.001,20,stratified,project_tss,raw,mlp,False,,3,0.9155555963516235,0.8893409275834011,0.8507109984426249,0.8591018417189981,0.8592164106035505,0.8592164106035505,203.0,153,0.8893409275834011,0.8507109984426249,0.8591018417189981,0,0.0,0.975,0.6829268292682927
mu,Conch_v15,3099a479c1a0,fl,FedProx,adam,0.0003,0.001,20,stratified,project_tss,raw,mlp,False,,1,0.8866667151451111,0.8657445077298617,0.8045642513950004,0.8207172542074531,0.8250565359230716,0.8250565359230716,153.0,103,0.8657445077298617,0.8045642513950004,0.8207172542074531,0,0.0,0.9833333333333333,0.5365853658536586
mu,Conch_v15,4cc475ee305c,fl,FedProx,adam,0.0003,1.0,20,stratified,project_tss,raw,mlp,False,,4,0.9399999976158142,0.9113100081366965,0.888351879302229,0.8927216715055789,0.8896476764678881,0.8896476764678881,342.0,292,0.9113100081366965,0.888351879302229,0.8927216715055789,0,0.0,0.9916666666666667,0.8292682926829268
mu,Conch_v15,57c80055e703,fl,FedProx,adam,0.0003,0.001,20,stratified,project_tss,raw,mlp,False,,4,0.9288889169692993,0.8966639544344996,0.8618179960696644,0.870013111464505,0.8654960367665682,0.8654960367665682,317.0,267,0.8966639544344996,0.8618179960696644,0.870013111464505,0,0.0,0.975,0.7317073170731707
mu,Conch_v15,5e9496b7d749,fl,FedProx,adam,0.0003,1.0,20,stratified,project_tss,raw,mlp,False,,2,0.9399999976158142,0.9015459723352319,0.8799874573590123,0.8847420228760254,0.8782459996800823,0.8782459996800823,244.0,194,0.9015459723352319,0.8799874573590123,0.8847420228760254,0,0.0,0.9833333333333333,0.8780487804878049
mu,Conch_v15,74f0d6918bda,fl,FedProx,adam,0.0003,0.001,20,stratified,project_tss,raw,mlp,False,,0,0.8799999952316284,0.8624898291293734,0.8080029029881891,0.8275282172821229,0.82400895028604,0.82400895028604,158.0,108,0.8624898291293734,0.8080029029881891,0.8275282172821229,0,0.0,0.975,0.5853658536585366
mu,Conch_v15,8812552a61d4,fl,FedProx,adam,0.0003,1.0,20,stratified,project_tss,raw,mlp,False,,1,0.9377778172492981,0.9039869812855981,0.8918735647202092,0.8870913442506594,0.8812525597004972,0.8812525597004972,292.0,242,0.9039869812855981,0.8918735647202092,0.8870913442506594,0,0.0,0.9833333333333333,0.8292682926829268
mu,Conch_v15,8b94ea13463e,fl,FedProx,adam,0.0003,0.001,20,stratified,project_tss,raw,mlp,False,,2,0.9200000166893005,0.8730675345809601,0.8035494060531763,0.8119273268322984,0.8330194373929636,0.8330194373929636,182.0,132,0.8730675345809601,0.8035494060531763,0.8119273268322984,0,0.0,0.9833333333333333,0.6341463414634146
mu,Conch_v15,9f97a0020d16,fl,FedProx,adam,0.0003,0.1,20,stratified,project_tss,raw,mlp,False,,4,0.9066666960716248,0.8681855166802278,0.8094494887506305,0.8240256348258694,0.8297152413684085,0.8297152413684085,162.0,112,0.8681855166802278,0.8094494887506305,0.8240256348258694,0,0.0,0.9833333333333333,0.4634146341463415
mu,Conch_v15,a4a8d3c703e0,fl,FedProx,adam,0.0003,0.1,20,stratified,project_tss,raw,mlp,False,,0,0.9266666769981384,0.8950366151342555,0.8678659932874679,0.8753994951121187,0.8706786362715976,0.8706786362715976,267.0,217,0.8950366151342555,0.8678659932874679,0.8753994951121187,0,0.0,0.9833333333333333,0.8780487804878049
mu,Conch_v15,d609d0cbb48c,fl,FedProx,adam,0.0003,0.1,20,stratified,project_tss,raw,mlp,False,,3,0.9222222566604614,0.8893409275834011,0.8434364118917477,0.8551172606252395,0.853579514570688,0.853579514570688,238.0,188,0.8893409275834011,0.8434364118917477,0.8551172606252395,0,0.0,0.975,0.7073170731707317
mu,Conch_v15,ffc956ff8472,fl,FedProx,adam,0.0003,1.0,20,stratified,project_tss,raw,mlp,False,,0,0.8955555558204651,0.8746948738812043,0.8416158908385163,0.8457080163972062,0.8505055821421571,0.8505055821421571,158.0,108,0.8746948738812043,0.8416158908385163,0.8457080163972062,0,0.0,0.9833333333333333,0.8536585365853658
mu,Midnight12k,21f50507ad9b,fl,FedProx,adam,0.0003,0.1,20,stratified,project_tss,raw,mlp,False,,0,0.8555555939674377,0.8348250610252238,0.800562232226369,0.8163625650147764,0.8228459522114221,0.8228459522114221,158.0,108,0.8348250610252238,0.800562232226369,0.8163625650147764,0,0.0,0.95,0.7804878048780488
mu,Midnight12k,220ebdfa1d98,fl,FedProx,adam,0.0003,1.0,20,stratified,project_tss,raw,mlp,False,,1,0.846666693687439,0.8283157038242474,0.7750953413366585,0.7737937613490793,0.8264053625061583,0.8264053625061583,114.0,64,0.8283157038242474,0.7750953413366585,0.7737937613490793,0,0.0,0.9166666666666666,0.3902439024390244
mu,Midnight12k,35809e5b35d8,fl,FedProx,adam,0.0003,1.0,20,stratified,project_tss,raw,mlp,False,,4,0.851111114025116,0.8307567127746135,0.8132281446957431,0.8111883920507179,0.8283338739165426,0.8283338739165426,162.0,112,0.8307567127746135,0.8132281446957431,0.8111883920507179,0,0.0,0.9916666666666667,0.7073170731707317
mu,Midnight12k,53a8cf44219a,fl,FedProx,adam,0.0003,0.1,20,stratified,project_tss,raw,mlp,False,,4,0.8799999952316284,0.8608624898291294,0.8295818067709336,0.8272542091494928,0.8556400784959018,0.8556400784959018,289.0,239,0.8608624898291294,0.8295818067709336,0.8272542091494928,0,0.0,0.975,0.7560975609756098
mu,Midnight12k,7e6f6663e76e,fl,FedProx,adam,0.0003,0.001,20,stratified,project_tss,raw,mlp,False,,2,0.8755555748939514,0.8454027664768105,0.8094282748672152,0.8191445386708496,0.8375350363231484,0.8375350363231484,253.0,203,0.8454027664768105,0.8094282748672152,0.8191445386708496,0,0.0,0.9666666666666667,0.6829268292682927
mu,Midnight12k,8a4b90f99fb1,fl,FedProx,adam,0.0003,0.1,20,stratified,project_tss,raw,mlp,False,,1,0.8422222137451172,0.807160292921074,0.7330141129193234,0.726139366637643,0.7932277516313566,0.7932277516313566,125.0,75,0.807160292921074,0.7330141129193234,0.726139366637643,0,0.0,0.9333333333333333,0.14634146341463414
mu,Midnight12k,8f121dab4ce9,fl,FedProx,adam,0.0003,0.1,20,stratified,project_tss,raw,mlp,False,,2,0.8777778148651123,0.8527257933279089,0.8279658520993036,0.8372127492221534,0.847308118255842,0.847308118255842,252.0,202,0.8527257933279089,0.8279658520993036,0.8372127492221534,0,0.0,0.9666666666666667,0.7317073170731707
mu,Midnight12k,95425beb37f5,fl,FedProx,adam,0.0003,0.001,20,stratified,project_tss,raw,mlp,False,,1,0.8244444727897644,0.8006509357200976,0.7213112260028867,0.699523776283312,0.7769927556081299,0.7769927556081299,121.0,71,0.8006509357200976,0.7218382720446483,0.6998404497158877,2,0.0,0.9583333333333334,0.0
mu,Midnight12k,984cefd2832f,fl,FedProx,adam,0.0003,1.0,20,stratified,project_tss,raw,mlp,False,,3,0.8733333349227905,0.8275020341741253,0.8018937422930111,0.8107935747182707,0.8338179358219896,0.8338179358219896,148.0,98,0.8275020341741253,0.8018937422930111,0.8107935747182707,0,0.0,0.9666666666666667,0.7560975609756098
mu,Midnight12k,a05b4c32e6c9,fl,FedProx,adam,0.0003,0.001,20,stratified,project_tss,raw,mlp,False,,3,0.8555555939674377,0.8397070789259561,0.7870203283921781,0.8026492399231724,0.8260870284081239,0.8260870284081239,238.0,188,0.8405207485760781,0.7892425506144003,0.804285711109769,1,-0.08136696501219731,0.975,0.7317073170731707
mu,Midnight12k,a9f26150d52e,fl,FedProx,adam,0.0003,0.001,20,stratified,project_tss,raw,mlp,False,,0,0.8422222137451172,0.8242473555736372,0.7852461276281173,0.8032163518831916,0.8154762768853104,0.8154762768853104,158.0,108,0.8242473555736372,0.7852461276281173,0.8032163518831916,0,0.0,0.9333333333333333,0.6829268292682927
mu,Midnight12k,b8a0fc3a8af7,fl,FedProx,adam,0.0003,1.0,20,stratified,project_tss,raw,mlp,False,,2,0.8600000143051147,0.8397070789259561,0.8163041578481678,0.8169872901876235,0.8382267468279431,0.8382267468279431,165.0,115,0.8397070789259561,0.8163041578481678,0.8169872901876235,0,0.0,0.9833333333333333,0.7804878048780488
mu,Midnight12k,ba84bc7066ec,fl,FedProx,adam,0.0003,1.0,20,stratified,project_tss,raw,mlp,False,,0,0.8688889145851135,0.8405207485760781,0.8116239736615571,0.822586528932825,0.8389633107554352,0.8389633107554352,144.0,94,0.8405207485760781,0.8116239736615571,0.822586528932825,0,0.0,0.975,0.7804878048780488
mu,Midnight12k,f4caf2791805,fl,FedProx,adam,0.0003,0.1,20,stratified,project_tss,raw,mlp,False,,3,0.8600000143051147,0.8331977217249796,0.788522186601647,0.8020299458572011,0.8239250749269058,0.8239250749269058,203.0,153,0.8331977217249796,0.788522186601647,0.8020299458572011,0,0.0,0.9583333333333334,0.6829268292682927
mu,Midnight12k,fa85780ed0c8,fl,FedProx,adam,0.0003,0.001,20,stratified,project_tss,raw,mlp,False,,4,0.8777778148651123,0.8584214808787632,0.8201153979974648,0.8222304192519069,0.8499210616330409,0.8499210616330409,309.0,259,0.8584214808787632,0.8201153979974648,0.8222304192519069,0,0.0,0.9916666666666667,0.6585365853658537
mu,Phikon_v2,0f63cc1a3d4b,fl,FedProx,adam,0.0003,1.0,20,stratified,project_tss,raw,mlp,False,,2,0.9622222185134888,0.9438567941415785,0.9415982660848586,0.9418706672267123,0.9460681740666165,0.9460681740666165,366.0,316,0.9438567941415785,0.9415982660848586,0.9418706672267123,0,0.0,0.9833333333333333,0.9512195121951219
mu,Phikon_v2,337d03862437,fl,FedProx,adam,0.0003,0.1,20,stratified,project_tss,raw,mlp,False,,1,0.9755555987358093,0.9471114727420668,0.9429543309342701,0.9444823977097943,0.9415332086282242,0.9415332086282242,529.0,479,0.9471114727420668,0.9429543309342701,0.9444823977097943,0,0.0,1.0,0.975609756097561
mu,Phikon_v2,345cb4245b5e,fl,FedProx,adam,0.0003,0.001,20,stratified,project_tss,raw,mlp,False,,2,0.9333333373069763,0.9251423921887714,0.910193023881092,0.9247975829214131,0.9114900934994393,0.9114900934994393,353.0,303,0.9251423921887714,0.910193023881092,0.9247975829214131,0,0.0,0.95,0.8536585365853658
mu,Phikon_v2,356459dfb077,fl,FedProx,adam,0.0003,0.001,20,stratified,project_tss,raw,mlp,False,,3,0.9555555582046509,0.9381611065907242,0.9242840420583703,0.9344748368046899,0.9241859588432797,0.9241859588432797,414.0,364,0.9381611065907242,0.9242840420583703,0.9344748368046899,0,0.0,1.0,0.926829268292683
mu,Phikon_v2,46d5e8237983,fl,FedProx,adam,0.0003,0.1,20,stratified,project_tss,raw,mlp,False,,0,0.9555555582046509,0.9438567941415785,0.9386045738165295,0.9435122650509891,0.9393542925863799,0.9393542925863799,370.0,320,0.9438567941415785,0.9386045738165295,0.9435122650509891,0,0.0,0.975,0.926829268292683
mu,Phikon_v2,54ddfd3b35da,fl,FedProx,adam,0.0003,0.1,20,stratified,project_tss,raw,mlp,False,,4,0.9644444584846497,0.9422294548413345,0.9343476429300508,0.9409748050976519,0.9397969055289928,0.9397969055289928,360.0,310,0.9422294548413345,0.9343476429300508,0.9409748050976519,0,0.0,0.975,0.9024390243902439
mu,Phikon_v2,590f1d662e1d,fl,FedProx,adam,0.0003,0.001,20,stratified,project_tss,raw,mlp,False,,1,0.9688889384269714,0.9462978030919447,0.9421053029826381,0.9464753263350126,0.9383907571602277,0.9383907571602277,551.0,501,0.9462978030919447,0.9421053029826381,0.9464753263350126,0,0.0,1.0,0.975609756097561
mu,Phikon_v2,5b14bed1724d,fl,FedProx,adam,0.0003,1.0,20,stratified,project_tss,raw,mlp,False,,0,0.8733333349227905,0.8348250610252238,0.7813515103697137,0.8094839056359125,0.7897967056353677,0.7897967056353677,133.0,83,0.8356387306753458,0.7821996867904093,0.8102311875784469,1,-0.08136696501219731,0.4583333333333333,0.6097560975609756
mu,Phikon_v2,72290813eea6,fl,FedProx,adam,0.0003,0.1,20,stratified,project_tss,raw,mlp,False,,3,0.9755555987358093,0.9479251423921887,0.9424391842847304,0.9466429171886731,0.9450789677035782,0.9450789677035782,460.0,410,0.9479251423921887,0.9424391842847304,0.9466429171886731,0,0.0,1.0,0.975609756097561
mu,Phikon_v2,7331b1771fb5,fl,FedProx,adam,0.0003,0.001,20,stratified,project_tss,raw,mlp,False,,4,0.9222222566604614,0.9104963384865744,0.8799284881703365,0.9013351050003975,0.8767961682824776,0.8767961682824776,229.0,179,0.9104963384865744,0.8799284881703365,0.9013351050003975,0,0.0,0.9833333333333333,0.7560975609756098
mu,Phikon_v2,dc0a8a29815b,fl,FedProx,adam,0.0003,1.0,20,stratified,project_tss,raw,mlp,False,,3,0.9711111187934875,0.9495524816924329,0.9469801167825752,0.9467198476632956,0.9562869056638527,0.9562869056638527,487.0,437,0.9495524816924329,0.9469801167825752,0.9467198476632956,0,0.0,1.0,0.975609756097561
mu,Phikon_v2,e2056d9e1163,fl,FedProx,adam,0.0003,1.0,20,stratified,project_tss,raw,mlp,False,,1,0.9644444584846497,0.9446704637917006,0.9409479044938581,0.9439387852606208,0.9440420967954036,0.9440420967954036,422.0,372,0.9446704637917006,0.9409479044938581,0.9439387852606208,0,0.0,1.0,0.9512195121951219
mu,Phikon_v2,ee426e430c1d,fl,FedProx,adam,0.0003,0.1,20,stratified,project_tss,raw,mlp,False,,2,0.9644444584846497,0.9462978030919447,0.945813348555792,0.9472591762665069,0.9444870622051308,0.9444870622051308,410.0,360,0.9462978030919447,0.945813348555792,0.9472591762665069,0,0.0,0.9833333333333333,0.975609756097561
mu,Phikon_v2,f48b48a8a37c,fl,FedProx,adam,0.0003,1.0,20,stratified,project_tss,raw,mlp,False,,4,0.9622222185134888,0.9389747762408462,0.9355374317471059,0.9338355739836507,0.9398698671558842,0.9398698671558842,407.0,357,0.9389747762408462,0.9355374317471059,0.9338355739836507,0,0.0,1.0,0.9512195121951219
mu,Phikon_v2,f492a4e01b33,fl,FedProx,adam,0.0003,0.001,20,stratified,project_tss,raw,mlp,False,,0,0.8177778124809265,0.7713588283157038,0.647158147897081,0.661350849013959,0.6732594411988575,0.6732594411988575,133.0,83,0.7721724979658259,0.649868174997352,0.6642949773158995,1,-0.08136696501220841,0.15,0.3902439024390244
mu,ResNet50,04043f16af92,fl,FedProx,adam,0.0003,0.001,20,stratified,project_tss,raw,mlp,False,,1,0.3422222435474396,0.3132628152969894,0.13277777777777777,0.0846722726391614,0.2238786100552609,0.2238786100552609,160.0,110,0.3197721724979658,0.13722222222222222,0.08955563817897974,18,-0.6509357200976396,0.0,0.0
mu,ResNet50,0b74b1676a6d,fl,FedProx,adam,0.0003,0.1,20,stratified,project_tss,raw,mlp,False,,0,0.4466666877269745,0.43287225386493083,0.2158509955041747,0.13202468975811812,0.32134389740793906,0.32134389740793906,175.0,125,0.43287225386493083,0.2158509955041747,0.13195993176738707,2,0.0,0.0,0.0
mu,ResNet50,0dbd5ad4a910,fl,FedProx,adam,0.0003,1.0,20,stratified,project_tss,raw,mlp,False,,1,0.4533333480358124,0.4524003254678601,0.2300617450242854,0.15621837471323285,0.329757016735976,0.329757016735976,132.0,82,0.451586655817738,0.22947694970264798,0.15518572762551866,3,0.08136696501220841,0.0,0.0
mu,ResNet50,30d8463870dc,fl,FedProx,adam,0.0003,0.1,20,stratified,project_tss,raw,mlp,False,,4,0.4444444477558136,0.43368592351505286,0.21640655105973025,0.13128011703162784,0.3220856359649067,0.3220856359649067,151.0,101,0.43368592351505286,0.21640655105973025,0.1312632859802671,1,0.0,0.0,0.0
mu,ResNet50,3de4c06e6478,fl,FedProx,adam,0.0003,0.1,20,stratified,project_tss,raw,mlp,False,,1,0.4422222375869751,0.42799023596419855,0.2127520873474631,0.13004863449307894,0.3191226601055006,0.3191226601055006,188.0,138,0.42799023596419855,0.2127520873474631,0.1299635160042869,3,0.0,0.0,0.0
mu,ResNet50,3e1bc8475a15,fl,FedProx,adam,0.0003,0.001,20,stratified,project_tss,raw,mlp,False,,2,0.41777777671813965,0.3954434499593165,0.19123314065510597,0.1171780711699521,0.29105098955219505,0.29105098955219505,100.0,26,0.3954434499593165,0.19146756583172767,0.11735841276203082,10,0.0,0.0,0.0
mu,ResNet50,60b632ed6976,fl,FedProx,adam,0.0003,1.0,20,stratified,project_tss,raw,mlp,False,,3,0.42888888716697693,0.371033360455655,0.1830848798296319,0.11575965175194464,0.24101993622904141,0.24101993622904141,100.0,48,0.371033360455655,0.1830848798296319,0.11592905776254397,3,0.0,0.0,0.0
mu,ResNet50,825fedc93963,fl,FedProx,adam,0.0003,1.0,20,stratified,project_tss,raw,mlp,False,,0,0.47777777910232544,0.4646053702196908,0.2491643010879211,0.17697000613080383,0.3458063519052487,0.3458063519052487,178.0,128,0.4646053702196908,0.2491643010879211,0.1768966038465957,1,0.0,0.0,0.0
mu,ResNet50,936949b43408,fl,FedProx,adam,0.0003,0.001,20,stratified,project_tss,raw,mlp,False,,4,0.3199999928474426,0.28152969894222946,0.1111111111111111,0.04881834215167549,0.18691588785046728,0.18691588785046728,100.0,1,0.28152969894222946,0.1111111111111111,0.04881834215167549,0,0.0,0.0,0.0
mu,ResNet50,bbf78dce98d2,fl,FedProx,adam,0.0003,0.1,20,stratified,project_tss,raw,mlp,False,,2,0.4355555772781372,0.4255492270138324,0.2103821451509313,0.12801251956181534,0.31572907164220165,0.31572907164220165,100.0,42,0.4255492270138324,0.2103821451509313,0.12799991070033265,1,0.0,0.0,0.0
mu,ResNet50,ca4eb7a1be2a,fl,FedProx,adam,0.0003,0.001,20,stratified,project_tss,raw,mlp,False,,0,0.3199999928474426,0.28152969894222946,0.1111111111111111,0.04881834215167549,0.18691588785046728,0.18691588785046728,100.0,25,0.28152969894222946,0.1111111111111111,0.04881834215167549,0,0.0,0.0,0.0
mu,ResNet50,e27a00edeece,fl,FedProx,adam,0.0003,1.0,20,stratified,project_tss,raw,mlp,False,,4,0.4866666793823242,0.4751830756712775,0.25451965655951053,0.21038176583007034,0.33303860125378915,0.33303860125378915,100.0,38,0.4743694060211554,0.2541985261805767,0.21016990406637945,1,0.08136696501220841,0.0,0.0
mu,ResNet50,e9b0540e4292,fl,FedProx,adam,0.0003,1.0,20,stratified,project_tss,raw,mlp,False,,2,0.5688889026641846,0.532139951179821,0.29290893418517394,0.2170527456265525,0.38251137623968356,0.38251137623968356,176.0,126,0.5337672904800651,0.29404928506236694,0.2178526766193979,4,-0.16273393002440573,0.0,0.0
mu,ResNet50,e9c2369013d2,fl,FedProx,adam,0.0003,0.001,20,stratified,project_tss,raw,mlp,False,,3,0.40222224593162537,0.3352318958502848,0.1549809011932529,0.10195488182909566,0.2088158401587105,0.2088158401587105,100.0,47,0.3441822620016273,0.16194097961667173,0.10661313585774868,25,-0.8950366151342537,0.0,0.0
mu,ResNet50,ed23c8a8cb16,fl,FedProx,adam,0.0003,0.1,20,stratified,project_tss,raw,mlp,False,,3,0.42000001668930054,0.40602115541090317,0.19657996146435452,0.14001409611165708,0.30035210384835026,0.30035210384835026,181.0,131,0.40683482506102525,0.19713551701991008,0.14022782728308092,2,-0.08136696501220841,0.0,0.0
mu,UNI_v2,12fe0e58cfdf,fl,FedProx,adam,0.0003,0.1,20,stratified,project_tss,raw,mlp,False,,1,0.846666693687439,0.8234336859235151,0.7124054126140851,0.7053340259999891,0.7771005923203005,0.7771005923203005,127.0,77,0.8234336859235151,0.7124054126140851,0.7051139833150435,1,0.0,0.975,0.0
mu,UNI_v2,1ef6099a08bd,fl,FedProx,adam,0.0003,0.001,20,stratified,project_tss,raw,mlp,False,,0,0.902222216129303,0.8576078112286412,0.7676459828409005,0.7835922410653872,0.8214249634851373,0.8214249634851373,354.0,304,0.8576078112286412,0.7676459828409005,0.7835922410653872,0,0.0,0.9916666666666667,0.0975609756097561
mu,UNI_v2,353072a6e938,fl,FedProx,adam,0.0003,1.0,20,stratified,project_tss,raw,mlp,False,,1,0.8533333539962769,0.8315703824247356,0.7460191717889693,0.7221122325304257,0.7987852758634855,0.7987852758634855,162.0,112,0.8315703824247356,0.7460191717889693,0.7221122325304257,0,0.0,0.975,0.0
mu,UNI_v2,3708e39faff6,fl,FedProx,adam,0.0003,0.001,20,stratified,project_tss,raw,mlp,False,,2,0.9355555772781372,0.8893409275834011,0.828077340090476,0.8417146389589575,0.8642578758376429,0.8642578758376429,406.0,356,0.8893409275834011,0.828077340090476,0.8417146389589575,0,0.0,0.9916666666666667,0.2926829268292683
mu,UNI_v2,3ba348b0016f,fl,FedProx,adam,0.0003,0.1,20,stratified,project_tss,raw,mlp,False,,2,0.9333333373069763,0.9015459723352319,0.8600568640304673,0.8765291343810065,0.884440417255223,0.884440417255223,393.0,343,0.9015459723352319,0.8600568640304673,0.8765291343810065,0,0.0,0.9916666666666667,0.5121951219512195
mu,UNI_v2,3baad64fabc2,fl,FedProx,adam,0.0003,1.0,20,stratified,project_tss,raw,mlp,False,,0,0.9311111569404602,0.9023596419853539,0.8861261127577046,0.8941194031441694,0.9056573896793605,0.9056573896793605,370.0,320,0.9023596419853539,0.8861261127577046,0.8941194031441694,0,0.0,0.9916666666666667,0.7804878048780488
mu,UNI_v2,520b3aecbe19,fl,FedProx,adam,0.0003,1.0,20,stratified,project_tss,raw,mlp,False,,3,0.9422222375869751,0.9218877135882831,0.9114800811494508,0.9084677825642137,0.923135488314616,0.923135488314616,490.0,440,0.9218877135882831,0.9114800811494508,0.9084677825642137,0,0.0,0.9916666666666667,0.8292682926829268
mu,UNI_v2,727f68e9f20a,fl,FedProx,adam,0.0003,0.1,20,stratified,project_tss,raw,mlp,False,,4,0.893333375453949,0.8673718470301057,0.7855749625437815,0.7763074984509419,0.8335121274127669,0.8335121274127669,264.0,214,0.8673718470301057,0.7855749625437815,0.7763074984509419,0,0.0,0.9916666666666667,0.0
mu,UNI_v2,7a3309eac3f2,fl,FedProx,adam,0.0003,0.001,20,stratified,project_tss,raw,mlp,False,,3,0.8355555534362793,0.807160292921074,0.676982676030779,0.6847797584754333,0.7555629503305352,0.7555629503305352,208.0,158,0.807160292921074,0.676982676030779,0.6847797584754333,0,0.0,0.9916666666666667,0.17073170731707318
mu,UNI_v2,7e64c173035b,fl,FedProx,adam,0.0003,0.1,20,stratified,project_tss,raw,mlp,False,,3,0.9222222566604614,0.8958502847843776,0.849296409477925,0.8622452754471861,0.8723288311950388,0.8723288311950388,363.0,313,0.8958502847843776,0.849296409477925,0.8622452754471861,0,0.0,0.9916666666666667,0.4634146341463415
mu,UNI_v2,821a93b6364d,fl,FedProx,adam,0.0003,0.001,20,stratified,project_tss,raw,mlp,False,,1,0.8133333325386047,0.8030919446704637,0.7211721466924447,0.6967659191958977,0.7581298359356237,0.7581298359356237,120.0,70,0.8030919446704637,0.7211721466924447,0.6967659191958977,0,0.0,0.975,0.0
mu,UNI_v2,8bb70da03ebb,fl,FedProx,adam,0.0003,1.0,20,stratified,project_tss,raw,mlp,False,,2,0.9244444370269775,0.9145646867371847,0.8941851288539601,0.8995169459470547,0.9141159727485355,0.9141159727485355,302.0,252,0.9145646867371847,0.8941851288539601,0.8995169459470547,0,0.0,0.9916666666666667,0.7073170731707317
mu,UNI_v2,ccbc73c54a7a,fl,FedProx,adam,0.0003,0.1,20,stratified,project_tss,raw,mlp,False,,0,0.9222222566604614,0.8885272579332791,0.8622656310600079,0.8769193267267175,0.8697920579417546,0.8697920579417546,354.0,304,0.8885272579332791,0.8622656310600079,0.8769193267267175,0,0.0,0.9916666666666667,0.7073170731707317
mu,UNI_v2,d666d11548b5,fl,FedProx,adam,0.0003,0.001,20,stratified,project_tss,raw,mlp,False,,4,0.8911111354827881,0.8616761594792515,0.7805072847572389,0.7700904237058442,0.8247045226427091,0.8247045226427091,264.0,214,0.8616761594792515,0.7805072847572389,0.7700904237058442,0,0.0,0.9916666666666667,0.0
mu,UNI_v2,ea5f6acc2fbe,fl,FedProx,adam,0.0003,1.0,20,stratified,project_tss,raw,mlp,False,,4,0.902222216129303,0.870626525630594,0.8238419892148192,0.8216241861056269,0.8590798158743722,0.8590798158743722,247.0,197,0.870626525630594,0.8238419892148192,0.8216241861056269,0,0.0,0.9916666666666667,0.34146341463414637
mu,Virchow2,015561a619a1,fl,FedProx,adam,0.0003,0.1,20,stratified,project_tss,raw,mlp,False,,2,0.902222216129303,0.8820179007323027,0.866989665015425,0.8689701729346712,0.8680952968467138,0.8680952968467138,158.0,108,0.8820179007323027,0.866989665015425,0.8689701729346712,0,0.0,1.0,0.8048780487804879
mu,Virchow2,09b083bcc680,fl,FedProx,adam,0.0003,0.001,20,stratified,project_tss,raw,mlp,False,,3,0.9088889360427856,0.8893409275834011,0.8815753288687704,0.8794832066457734,0.8745430961040078,0.8745430961040078,238.0,188,0.8893409275834011,0.8815753288687704,0.8794832066457734,0,0.0,0.9916666666666667,0.9024390243902439
mu,Virchow2,0b3668a85d16,fl,FedProx,adam,0.0003,0.001,20,stratified,project_tss,raw,mlp,False,,4,0.8644444942474365,0.8112286411716843,0.7422521730394744,0.713688392981473,0.7841922834409129,0.7841922834409129,106.0,56,0.8112286411716843,0.7422521730394744,0.713688392981473,0,0.0,0.9583333333333334,0.024390243902439025
mu,Virchow2,3231d7fa6d2a,fl,FedProx,adam,0.0003,1.0,20,stratified,project_tss,raw,mlp,False,,1,0.9311111569404602,0.9129373474369405,0.9028674521011022,0.9015218466127782,0.9013097768160074,0.9013097768160074,301.0,251,0.9129373474369405,0.9028674521011022,0.9015218466127782,0,0.0,0.9916666666666667,0.8780487804878049
mu,Virchow2,354380948ba4,fl,FedProx,adam,0.0003,0.001,20,stratified,project_tss,raw,mlp,False,,1,0.9133333563804626,0.8860862489829129,0.8646197294744287,0.8621825749597778,0.8730723105087754,0.8730723105087754,226.0,176,0.8860862489829129,0.8646197294744287,0.8621825749597778,0,0.0,0.9583333333333334,0.7560975609756098
mu,Virchow2,51a77fb721ed,fl,FedProx,adam,0.0003,0.1,20,stratified,project_tss,raw,mlp,False,,4,0.9377778172492981,0.9088689991863304,0.8992463985407425,0.8953571944693189,0.9014096557587294,0.9014096557587294,303.0,253,0.9088689991863304,0.8992463985407425,0.8953571944693189,0,0.0,0.9833333333333333,0.9024390243902439
mu,Virchow2,614e6ac48bb2,fl,FedProx,adam,0.0003,1.0,20,stratified,project_tss,raw,mlp,False,,3,0.9155555963516235,0.8893409275834011,0.8760494836302879,0.8696279748201553,0.8837938939328512,0.8837938939328512,207.0,157,0.8893409275834011,0.8760494836302879,0.8696279748201553,0,0.0,0.9583333333333334,0.9024390243902439
mu,Virchow2,6617e21b4aa0,fl,FedProx,adam,0.0003,1.0,20,stratified,project_tss,raw,mlp,False,,2,0.9288889169692993,0.903173311635476,0.8980477913357069,0.8924072760815661,0.9031774098752293,0.9031774098752293,324.0,274,0.903173311635476,0.8980477913357069,0.8924072760815661,0,0.0,0.9916666666666667,0.9024390243902439
mu,Virchow2,6cf866b64bb5,fl,FedProx,adam,0.0003,0.001,20,stratified,project_tss,raw,mlp,False,,0,0.9377778172492981,0.9104963384865744,0.8987294899298184,0.9013091547903217,0.899798557730186,0.899798557730186,319.0,269,0.9104963384865744,0.8987294899298184,0.9013091547903217,0,0.0,0.9916666666666667,0.9024390243902439
mu,Virchow2,aa8bf74217fd,fl,FedProx,adam,0.0003,0.001,20,stratified,project_tss,raw,mlp,False,,2,0.9088889360427856,0.8803905614320586,0.8695890904152452,0.8627969132302814,0.8702135444545996,0.8702135444545996,164.0,114,0.8812042310821806,0.8704372668359408,0.8636863735144071,1,-0.08136696501219731,0.9833333333333333,0.7804878048780488
mu,Virchow2,ae9573fe8fef,fl,FedProx,adam,0.0003,0.1,20,stratified,project_tss,raw,mlp,False,,1,0.8911111354827881,0.8576078112286412,0.8325298928405712,0.8244835702828163,0.8399280340754174,0.8399280340754174,121.0,71,0.8576078112286412,0.8325298928405712,0.8244835702828163,0,0.0,0.95,0.6341463414634146
mu,Virchow2,babef538c2b1,fl,FedProx,adam,0.0003,1.0,20,stratified,project_tss,raw,mlp,False,,4,0.9311111569404602,0.8950366151342555,0.8820996543114814,0.8743340764757169,0.8880605495747322,0.8880605495747322,229.0,179,0.8950366151342555,0.8820996543114814,0.8743340764757169,0,0.0,0.9833333333333333,0.8536585365853658
mu,Virchow2,c81e98cc8b38,fl,FedProx,adam,0.0003,0.1,20,stratified,project_tss,raw,mlp,False,,3,0.9466667175292969,0.9251423921887714,0.9194141179877909,0.918417769043388,0.915206166569095,0.915206166569095,383.0,333,0.9251423921887714,0.9194141179877909,0.918417769043388,0,0.0,0.9916666666666667,0.9024390243902439
mu,Virchow2,da1d932feb1e,fl,FedProx,adam,0.0003,0.1,20,stratified,project_tss,raw,mlp,False,,0,0.9111111164093018,0.8844589096826688,0.8688915896734294,0.8589846255038344,0.8673447712464266,0.8673447712464266,185.0,135,0.8844589096826688,0.8688915896734294,0.8589846255038344,0,0.0,0.9583333333333334,0.9024390243902439
mu,Virchow2,ec71d4a537c5,fl,FedProx,adam,0.0003,1.0,20,stratified,project_tss,raw,mlp,False,,0,0.9044444561004639,0.887713588283157,0.8763941628665991,0.8632351973856047,0.8762657891437021,0.8762657891437021,144.0,94,0.8885272579332791,0.8772423392872946,0.864123780641461,1,-0.08136696501220841,0.8916666666666667,0.9024390243902439
participation,Conch_v15,1325243cd3cf,fl,FedAvg,adam,0.0003,0.01,9,stratified,project_tss,raw,mlp,False,,3,0.902222216129303,0.8502847843775427,0.795091814155972,0.7995076141388721,0.8163300216032856,0.8163300216032856,125.0,75,0.8502847843775427,0.795091814155972,0.7995076141388721,0,0.0,0.8833333333333333,0.5121951219512195
participation,Conch_v15,13cdd3a2e851,fl,FedAvg,adam,0.0003,0.01,-1,stratified,project_tss,raw,mlp,False,,2,0.9044444561004639,0.8787632221318145,0.8272873425854811,0.8347981315794782,0.8506097470438297,0.8506097470438297,215.0,165,0.8787632221318145,0.8272873425854811,0.8347981315794782,0,0.0,0.975,0.6097560975609756
participation,Conch_v15,261e44b2b0d5,fl,FedAvg,adam,0.0003,0.01,30,stratified,project_tss,raw,mlp,False,,0,0.8911111354827881,0.8519121236777868,0.7800003288596972,0.790090662119666,0.8081162858007697,0.8081162858007697,123.0,73,0.8519121236777868,0.7800003288596972,0.790090662119666,0,0.0,0.9416666666666667,0.3902439024390244
participation,Conch_v15,26da57b42b43,fl,FedAvg,adam,0.0003,0.01,9,stratified,project_tss,raw,mlp,False,,2,0.8955555558204651,0.8641171684296176,0.8023815592090972,0.8076098436403203,0.8267624986570988,0.8267624986570988,114.0,64,0.8641171684296176,0.8023815592090972,0.8076098436403203,0,0.0,0.9833333333333333,0.8536585365853658
participation,Conch_v15,304e546c2e43,fl,FedAvg,adam,0.0003,0.01,15,stratified,project_tss,raw,mlp,False,,0,0.9066666960716248,0.8771358828315704,0.8555369436935676,0.8624618171056154,0.8579729635323222,0.8579729635323222,189.0,139,0.8771358828315704,0.8555369436935676,0.8624618171056154,0,0.0,0.9833333333333333,0.8292682926829268
participation,Conch_v15,3702558faa86,fl,FedAvg,adam,0.0003,0.01,15,stratified,project_tss,raw,mlp,False,,3,0.8777778148651123,0.8454027664768105,0.8085570661715131,0.8185688068923208,0.817888825988373,0.817888825988373,102.0,52,0.8454027664768105,0.8085570661715131,0.8185688068923208,0,0.0,0.7333333333333333,0.6585365853658537
participation,Conch_v15,43c4ce7ef95c,fl,FedAvg,adam,0.0003,0.01,9,stratified,project_tss,raw,mlp,False,,1,0.8844444751739502,0.853539462978031,0.7805316464498521,0.7857487312800245,0.8103840999601184,0.8103840999601184,124.0,74,0.853539462978031,0.7805316464498521,0.7857487312800245,0,0.0,0.9666666666666667,0.36585365853658536
participation,Conch_v15,5e89ab86a786,fl,FedAvg,adam,0.0003,0.01,-1,stratified,project_tss,raw,mlp,False,,0,0.9111111164093018,0.8828315703824248,0.8529769704439937,0.8540524860138571,0.8627886300683434,0.8627886300683434,397.0,347,0.8828315703824248,0.8529769704439937,0.8540524860138571,0,0.0,0.9833333333333333,0.8292682926829268
participation,Conch_v15,8ed4ec2a0bbe,fl,FedAvg,adam,0.0003,0.01,15,stratified,project_tss,raw,mlp,False,,4,0.8799999952316284,0.8421480878763222,0.7990803222509786,0.8111467732307548,0.8100557362959349,0.8100557362959349,137.0,87,0.8421480878763222,0.7990803222509786,0.8111467732307548,0,0.0,0.9333333333333333,0.6829268292682927
participation,Conch_v15,937f8ad75780,fl,FedAvg,adam,0.0003,0.01,-1,stratified,project_tss,raw,mlp,False,,4,0.9222222566604614,0.8991049633848658,0.861543390029592,0.8708764457515553,0.8687304985047143,0.8687304985047143,371.0,321,0.8991049633848658,0.861543390029592,0.8708764457515553,0,0.0,0.9833333333333333,0.7317073170731707
participation,Conch_v15,96616218af23,fl,FedAvg,adam,0.0003,0.01,15,stratified,project_tss,raw,mlp,False,,2,0.9355555772781372,0.8925956061838893,0.8689061516134031,0.8746693396948424,0.8671282593956754,0.8671282593956754,251.0,201,0.8925956061838893,0.8689061516134031,0.8746693396948424,0,0.0,0.975,0.8048780487804879
participation,Conch_v15,a2c68e18ec12,fl,FedAvg,adam,0.0003,0.01,30,stratified,project_tss,raw,mlp,False,,3,0.9244444370269775,0.8950366151342555,0.8643724490054184,0.8751264425125584,0.864551247638639,0.864551247638639,291.0,241,0.8950366151342555,0.8643724490054184,0.8751264425125584,0,0.0,0.9833333333333333,0.7560975609756098
participation,Conch_v15,b40d0a563f3f,fl,FedAvg,adam,0.0003,0.01,-1,stratified,project_tss,raw,mlp,False,,3,0.8911111354827881,0.8624898291293734,0.7833302116973785,0.7883304846348982,0.8205010510106331,0.8205010510106331,233.0,183,0.8624898291293734,0.7833302116973785,0.7883304846348982,0,0.0,0.975,0.2682926829268293
participation,Conch_v15,b5c757bbe336,fl,FedAvg,adam,0.0003,0.01,15,stratified,project_tss,raw,mlp,False,,1,0.9288889169692993,0.8925956061838893,0.8737780920392568,0.8785782176358174,0.8741631445581227,0.8741631445581227,310.0,260,0.8925956061838893,0.8737780920392568,0.8785782176358174,0,0.0,0.9916666666666667,0.8292682926829268
participation,Conch_v15,c065454d706f,fl,FedAvg,adam,0.0003,0.01,30,stratified,project_tss,raw,mlp,False,,2,0.9288889169692993,0.8836452400325467,0.8454128102443729,0.853869060289195,0.8552927500913188,0.8552927500913188,264.0,214,0.8836452400325467,0.8454128102443729,0.853869060289195,0,0.0,0.9833333333333333,0.6829268292682927
participation,Conch_v15,c3750bdf3843,fl,FedAvg,adam,0.0003,0.01,30,stratified,project_tss,raw,mlp,False,,4,0.9244444370269775,0.8934092758340114,0.8591777667459426,0.8639106881132081,0.8655592547937967,0.8655592547937967,241.0,191,0.8925956061838893,0.8585929714243051,0.8632716869290954,1,0.08136696501220841,0.9833333333333333,0.6097560975609756
participation,Conch_v15,e78fd23f7661,fl,FedAvg,adam,0.0003,0.01,9,stratified,project_tss,raw,mlp,False,,4,0.9200000166893005,0.8917819365337672,0.8552504593442878,0.8676550897814259,0.865282158807978,0.865282158807978,268.0,218,0.8917819365337672,0.8552504593442878,0.8676550897814259,0,0.0,0.9916666666666667,0.8292682926829268
participation,Conch_v15,e8fb8defa4a3,fl,FedAvg,adam,0.0003,0.01,30,stratified,project_tss,raw,mlp,False,,1,0.9133333563804626,0.8820179007323027,0.8308756333771984,0.8488754710538673,0.8540801529017084,0.8540801529017084,197.0,147,0.8820179007323027,0.8308756333771984,0.8488754710538673,0,0.0,0.975,0.6829268292682927
participation,Conch_v15,eb460065d6ba,fl,FedAvg,adam,0.0003,0.01,9,stratified,project_tss,raw,mlp,False,,0,0.9155555963516235,0.8746948738812043,0.8607637291025149,0.8627874254627063,0.8646001215680944,0.8646001215680944,213.0,163,0.8746948738812043,0.8607637291025149,0.8627874254627063,0,0.0,0.975,0.8536585365853658
participation,Conch_v15,f4de6eb716bf,fl,FedAvg,adam,0.0003,0.01,-1,stratified,project_tss,raw,mlp,False,,1,0.8866667151451111,0.8584214808787632,0.7725041800079593,0.7849991182020811,0.8149997540679024,0.8149997540679024,193.0,143,0.8584214808787632,0.7725041800079593,0.7849991182020811,0,0.0,0.9833333333333333,0.3170731707317073
participation,Phikon_v2,0c9bc89257d1,fl,FedAvg,adam,0.0003,0.01,15,stratified,project_tss,raw,mlp,False,,3,0.746666669845581,0.7184703010577705,0.5498235640801544,0.5106286415439172,0.5905838697048232,0.5905838697048232,100.0,43,0.7176566314076485,0.5492387687585168,0.5100493001623688,2,0.08136696501220841,0.0,0.0
participation,Phikon_v2,15a36bb3133b,fl,FedAvg,adam,0.0003,0.01,9,stratified,project_tss,raw,mlp,False,,0,0.9644444584846497,0.9495524816924329,0.9472997866569332,0.95139669572211,0.9548809258700225,0.9548809258700225,598.0,548,0.9495524816924329,0.9472997866569332,0.95139669572211,0,0.0,1.0,0.975609756097561
participation,Phikon_v2,18faa54cc5f3,fl,FedAvg,adam,0.0003,0.01,15,stratified,project_tss,raw,mlp,False,,1,0.8911111354827881,0.8689991863303499,0.8187554548107434,0.8439808101328019,0.8459112152565997,0.8459112152565997,225.0,175,0.8689991863303499,0.8187554548107434,0.8439808101328019,0,0.0,0.95,0.9024390243902439
participation,Phikon_v2,2d19f86fbb4d,fl,FedAvg,adam,0.0003,0.01,-1,stratified,project_tss,raw,mlp,False,,0,0.9622222185134888,0.9430431244914564,0.9335280535718918,0.9368185551758675,0.929229888030511,0.929229888030511,606.0,556,0.9430431244914564,0.9335280535718918,0.9368185551758675,0,0.0,0.975,0.9024390243902439
participation,Phikon_v2,3584093a6114,fl,FedAvg,adam,0.0003,0.01,9,stratified,project_tss,raw,mlp,False,,2,0.8911111354827881,0.8519121236777868,0.814617655861714,0.8394779109523058,0.8409729158212516,0.8409729158212516,250.0,200,0.8519121236777868,0.814617655861714,0.8394779109523058,0,0.0,0.5,0.7560975609756098
participation,Phikon_v2,4e5460e3dd46,fl,FedAvg,adam,0.0003,0.01,15,stratified,project_tss,raw,mlp,False,,0,0.9266666769981384,0.9096826688364524,0.8699220199879063,0.8899707357072535,0.8902846115462939,0.8902846115462939,346.0,296,0.9096826688364524,0.8699220199879063,0.8899707357072535,0,0.0,0.975,0.5853658536585366
participation,Phikon_v2,65bb0878c6ab,fl,FedAvg,adam,0.0003,0.01,-1,stratified,project_tss,raw,mlp,False,,2,0.9622222185134888,0.9430431244914564,0.9311450450528115,0.9358333511825401,0.9201941778655174,0.9201941778655174,598.0,548,0.9430431244914564,0.9311450450528115,0.9358333511825401,0,0.0,0.975,0.926829268292683
participation,Phikon_v2,6f5328ab25af,fl,FedAvg,adam,0.0003,0.01,30,stratified,project_tss,raw,mlp,False,,0,0.9311111569404602,0.9145646867371847,0.874289846167203,0.8960911000667436,0.8813225676420463,0.8813225676420463,397.0,347,0.9145646867371847,0.874289846167203,0.8960911000667436,0,0.0,0.8833333333333333,0.5853658536585366
participation,Phikon_v2,6fbc8c43933c,fl,FedAvg,adam,0.0003,0.01,-1,stratified,project_tss,raw,mlp,False,,3,0.9555555582046509,0.9397884458909682,0.9269945446689815,0.9322003477515932,0.9184344241197824,0.9184344241197824,531.0,481,0.9397884458909682,0.9269945446689815,0.9322003477515932,0,0.0,0.975,0.8780487804878049
participation,Phikon_v2,79eabd782bcf,fl,FedAvg,adam,0.0003,0.01,9,stratified,project_tss,raw,mlp,False,,3,0.9555555582046509,0.934092758340114,0.9266722341802444,0.9378638162484473,0.9301011221961378,0.9301011221961378,404.0,354,0.934092758340114,0.9266722341802444,0.9378638162484473,0,0.0,1.0,0.975609756097561
participation,Phikon_v2,7fe6d140cd9a,fl,FedAvg,adam,0.0003,0.01,30,stratified,project_tss,raw,mlp,False,,4,0.9266666769981384,0.9064279902359642,0.8659196296679141,0.8850677879289806,0.8709074534496736,0.8709074534496736,283.0,233,0.9064279902359642,0.8659196296679141,0.8850677879289806,0,0.0,0.975,0.5365853658536586
participation,Phikon_v2,88ad46ab90e9,fl,FedAvg,adam,0.0003,0.01,30,stratified,project_tss,raw,mlp,False,,1,0.9688889384269714,0.9430431244914564,0.9408964800942781,0.9436216976434496,0.9264488612230046,0.9264488612230046,532.0,482,0.9430431244914564,0.9408964800942781,0.9436216976434496,0,0.0,0.975,0.975609756097561
participation,Phikon_v2,8eb7f2426d27,fl,FedAvg,adam,0.0003,0.01,9,stratified,project_tss,raw,mlp,False,,1,0.9266666769981384,0.919446704637917,0.9083311916085377,0.917666234581459,0.9132478142602755,0.9132478142602755,297.0,247,0.919446704637917,0.9083311916085377,0.917666234581459,0,0.0,0.975,0.975609756097561
participation,Phikon_v2,8f9a7da21d52,fl,FedAvg,adam,0.0003,0.01,-1,stratified,project_tss,raw,mlp,False,,4,0.9600000381469727,0.9422294548413345,0.9285302379800355,0.9331044022669084,0.9252713177557415,0.9252713177557415,529.0,479,0.9422294548413345,0.9285302379800355,0.9331044022669084,0,0.0,0.9666666666666667,0.8780487804878049
participation,Phikon_v2,a181954f2ec9,fl,FedAvg,adam,0.0003,0.01,15,stratified,project_tss,raw,mlp,False,,2,0.9422222375869751,0.9292107404393816,0.9235149678963673,0.9302298379671348,0.9044304835582094,0.9044304835582094,453.0,403,0.9292107404393816,0.9235149678963673,0.9302298379671348,0,0.0,0.9,0.926829268292683
participation,Phikon_v2,d83ac6d913ac,fl,FedAvg,adam,0.0003,0.01,-1,stratified,project_tss,raw,mlp,False,,1,0.9666666984558105,0.9422294548413345,0.9306718583668617,0.9343029378392862,0.9216090272943855,0.9216090272943855,625.0,575,0.9422294548413345,0.9306718583668617,0.9343029378392862,0,0.0,0.975,0.9024390243902439
participation,Phikon_v2,e2b51d9b64e1,fl,FedAvg,adam,0.0003,0.01,30,stratified,project_tss,raw,mlp,False,,2,0.9555555582046509,0.9332790886899919,0.9224480658819425,0.9321663133155267,0.9249788416844491,0.9249788416844491,472.0,422,0.9332790886899919,0.9224480658819425,0.9321663133155267,0,0.0,0.9666666666666667,0.8780487804878049
participation,Phikon_v2,e5ded75c251f,fl,FedAvg,adam,0.0003,0.01,9,stratified,project_tss,raw,mlp,False,,4,0.9377778172492981,0.9251423921887714,0.909273178636094,0.9238809202465943,0.9199404826741276,0.9199404826741276,245.0,195,0.9251423921887714,0.909273178636094,0.9238809202465943,0,0.0,0.9333333333333333,0.8780487804878049
participation,Phikon_v2,f2c0644c5bb4,fl,FedAvg,adam,0.0003,0.01,30,stratified,project_tss,raw,mlp,False,,3,0.9288889169692993,0.9137510170870626,0.8825146357046588,0.9066531965028981,0.8818142556070905,0.8818142556070905,341.0,291,0.9137510170870626,0.8825146357046588,0.9066531965028981,0,0.0,0.9833333333333333,0.8048780487804879
participation,Phikon_v2,f986736caa84,fl,FedAvg,adam,0.0003,0.01,15,stratified,project_tss,raw,mlp,False,,4,0.9222222566604614,0.9121236777868186,0.8827588575667187,0.9047005522696173,0.8902826174633028,0.8902826174633028,261.0,211,0.9121236777868186,0.8827588575667187,0.9047005522696173,0,0.0,0.95,0.7317073170731707
participation,UNI_v2,0358e3d95aba,fl,FedAvg,adam,0.0003,0.01,30,stratified,project_tss,raw,mlp,False,,2,0.8844444751739502,0.855166802278275,0.7632438702537717,0.756779427381839,0.8180961349472581,0.8180961349472581,268.0,218,0.855166802278275,0.7632438702537717,0.756779427381839,0,0.0,0.9833333333333333,0.0
participation,UNI_v2,0e11a7543fa5,fl,FedAvg,adam,0.0003,0.01,30,stratified,project_tss,raw,mlp,False,,0,0.8133333325386047,0.8185516680227828,0.7042934639628706,0.7147237703947928,0.7441166088895226,0.7441166088895226,123.0,73,0.8185516680227828,0.7042934639628706,0.7147237703947928,0,0.0,0.9583333333333334,0.0
participation,UNI_v2,12124e03ce4c,fl,FedAvg,adam,0.0003,0.01,-1,stratified,project_tss,raw,mlp,False,,0,0.753333330154419,0.7371847030105777,0.5432065284816495,0.5410022903770728,0.6198825670603831,0.6198825670603831,113.0,63,0.7379983726606998,0.544363935889057,0.5419494995034686,1,-0.08136696501220841,0.8,0.0
participation,UNI_v2,17f3b720be6c,fl,FedAvg,adam,0.0003,0.01,30,stratified,project_tss,raw,mlp,False,,1,0.8488889336585999,0.8258746948738812,0.7279539247909267,0.7136007382294622,0.77579967727598,0.77579967727598,123.0,73,0.8258746948738812,0.7279539247909267,0.7136007382294622,0,0.0,0.9833333333333333,0.0
participation,UNI_v2,1f4d5a3fbf56,fl,FedAvg,adam,0.0003,0.01,9,stratified,project_tss,raw,mlp,False,,2,0.7444444894790649,0.7445077298616761,0.6318033074044118,0.6330241240822274,0.6821916051769306,0.6821916051769306,100.0,31,0.7445077298616761,0.6328681222192266,0.633530665850236,2,0.0,0.7,0.0
participation,UNI_v2,22e0761c3abc,fl,FedAvg,adam,0.0003,0.01,15,stratified,project_tss,raw,mlp,False,,3,0.7866666913032532,0.772986167615948,0.6216000536163444,0.5817444042368609,0.7154706324020966,0.7154706324020966,116.0,66,0.7721724979658259,0.6210152582947069,0.5809458767249905,1,0.08136696501220841,0.9916666666666667,0.0
participation,UNI_v2,32392b21bb49,fl,FedAvg,adam,0.0003,0.01,9,stratified,project_tss,raw,mlp,False,,1,0.8488889336585999,0.8315703824247356,0.74932696804966,0.7194094879558762,0.7852339748511252,0.7852339748511252,198.0,148,0.8315703824247356,0.74932696804966,0.7194094879558762,0,0.0,0.8916666666666667,0.0
participation,UNI_v2,3a18e6b4d160,fl,FedAvg,adam,0.0003,0.01,30,stratified,project_tss,raw,mlp,False,,3,0.8066666722297668,0.7982099267697315,0.635617669019449,0.6175410490002502,0.7177237002126329,0.7177237002126329,145.0,95,0.7982099267697315,0.635617669019449,0.6175410490002502,0,0.0,0.9416666666666667,0.0
participation,UNI_v2,49cdcfead727,fl,FedAvg,adam,0.0003,0.01,-1,stratified,project_tss,raw,mlp,False,,2,0.9533333778381348,0.9096826688364524,0.8513999448670765,0.8587090916075066,0.8795320751707044,0.8795320751707044,588.0,538,0.9096826688364524,0.8513999448670765,0.8587090916075066,0,0.0,0.9916666666666667,0.2926829268292683
participation,UNI_v2,5505f39efa95,fl,FedAvg,adam,0.0003,0.01,9,stratified,project_tss,raw,mlp,False,,3,0.8844444751739502,0.8462164361269324,0.7787669438323864,0.788363828872066,0.817441083992978,0.817441083992978,267.0,217,0.8462164361269324,0.7787669438323864,0.788363828872066,0,0.0,0.9916666666666667,0.2682926829268293
participation,UNI_v2,62ef6a6715d0,fl,FedAvg,adam,0.0003,0.01,9,stratified,project_tss,raw,mlp,False,,4,0.8244444727897644,0.8006509357200976,0.7028738371875565,0.7120206084625829,0.7612596019691444,0.7612596019691444,147.0,97,0.8006509357200976,0.7028738371875565,0.7120206084625829,0,0.0,0.8666666666666667,0.024390243902439025
participation,UNI_v2,7016d774738e,fl,FedAvg,adam,0.0003,0.01,-1,stratified,project_tss,raw,mlp,False,,4,0.9555555582046509,0.9235150528885273,0.8944965298604338,0.9000712549275478,0.9073980017905251,0.9073980017905251,683.0,633,0.9235150528885273,0.8944965298604338,0.9000712549275478,0,0.0,0.9916666666666667,0.6341463414634146
participation,UNI_v2,7745f5fdd921,fl,FedAvg,adam,0.0003,0.01,30,stratified,project_tss,raw,mlp,False,,4,0.9111111164093018,0.8795768917819365,0.7941015642333986,0.7786723091689135,0.8379771803591283,0.8379771803591283,364.0,314,0.8795768917819365,0.7941015642333986,0.7786723091689135,0,0.0,0.9916666666666667,0.0
participation,UNI_v2,9cb2a272d7a8,fl,FedAvg,adam,0.0003,0.01,9,stratified,project_tss,raw,mlp,False,,0,0.7977777719497681,0.7949552481692432,0.7094666340191739,0.6883108702287234,0.7867315897956167,0.7867315897956167,104.0,54,0.7949552481692432,0.7094666340191739,0.6883108702287234,0,0.0,0.9916666666666667,0.0
participation,UNI_v2,9ef921842da9,fl,FedAvg,adam,0.0003,0.01,15,stratified,project_tss,raw,mlp,False,,2,0.8955555558204651,0.8608624898291294,0.7773429929528817,0.7644605084152883,0.8305577681110555,0.8305577681110555,290.0,240,0.8608624898291294,0.7773429929528817,0.7644605084152883,0,0.0,0.9916666666666667,0.0
participation,UNI_v2,a179e99c7f09,fl,FedAvg,adam,0.0003,0.01,15,stratified,project_tss,raw,mlp,False,,1,0.8688889145851135,0.8462164361269324,0.7599615618427001,0.7431179166653308,0.8029514703990027,0.8029514703990027,232.0,182,0.8462164361269324,0.7599615618427001,0.7431179166653308,0,0.0,0.9916666666666667,0.0
participation,UNI_v2,af653f3c2fd7,fl,FedAvg,adam,0.0003,0.01,-1,stratified,project_tss,raw,mlp,False,,3,0.9333333373069763,0.9153783563873068,0.8795704513079481,0.8925223857736153,0.8905275356865782,0.8905275356865782,464.0,414,0.9153783563873068,0.8795704513079481,0.8925223857736153,0,0.0,0.9916666666666667,0.6341463414634146
participation,UNI_v2,b3c908c99b87,fl,FedAvg,adam,0.0003,0.01,15,stratified,project_tss,raw,mlp,False,,4,0.8044444918632507,0.7941415785191213,0.6624834856072387,0.6687136551608451,0.7370297649585239,0.7370297649585239,106.0,56,0.7941415785191213,0.6624834856072387,0.6687136551608451,0,0.0,0.8583333333333333,0.0
participation,UNI_v2,dee907d1c974,fl,FedAvg,adam,0.0003,0.01,-1,stratified,project_tss,raw,mlp,False,,1,0.8888888955116272,0.8746948738812043,0.7887975290906309,0.7704454462660233,0.8298855994527415,0.8298855994527415,302.0,252,0.8746948738812043,0.7887975290906309,0.7704454462660233,0,0.0,0.9916666666666667,0.0
participation,UNI_v2,ea06b7fd0c2e,fl,FedAvg,adam,0.0003,0.01,15,stratified,project_tss,raw,mlp,False,,0,0.8644444942474365,0.838893409275834,0.7414313365834677,0.7619597594498813,0.7873437366469012,0.7873437366469012,281.0,231,0.838893409275834,0.7414313365834677,0.7619597594498813,0,0.0,0.9916666666666667,0.0975609756097561
participation,Virchow2,08a44fcadaf3,fl,FedAvg,adam,0.0003,0.01,-1,stratified,project_tss,raw,mlp,False,,0,0.9377778172492981,0.9096826688364524,0.8825178905459689,0.8886127928471415,0.8961841334504885,0.8961841334504885,334.0,284,0.9096826688364524,0.8825178905459689,0.8886127928471415,0,0.0,0.9916666666666667,0.6829268292682927
participation,Virchow2,09c4302a3162,fl,FedAvg,adam,0.0003,0.01,15,stratified,project_tss,raw,mlp,False,,3,0.8644444942474365,0.8397070789259561,0.7950403140068226,0.7933720457861133,0.8186071599631021,0.8186071599631021,161.0,111,0.8397070789259561,0.7950403140068226,0.7933720457861133,0,0.0,0.9666666666666667,0.5853658536585366
participation,Virchow2,304adae28d5c,fl,FedAvg,adam,0.0003,0.01,30,stratified,project_tss,raw,mlp,False,,2,0.9333333373069763,0.9056143205858421,0.8813453949728659,0.8888832693711938,0.8907553178847653,0.8907553178847653,295.0,245,0.9056143205858421,0.8813453949728659,0.8888832693711938,0,0.0,0.975,0.7317073170731707
participation,Virchow2,304d92e51e90,fl,FedAvg,adam,0.0003,0.01,9,stratified,project_tss,raw,mlp,False,,2,0.902222216129303,0.8771358828315704,0.8615899352242768,0.8508725135494064,0.8619648768033749,0.8619648768033749,207.0,157,0.8771358828315704,0.8615899352242768,0.8508725135494064,0,0.0,0.9583333333333334,0.9024390243902439
participation,Virchow2,7664ce679b5c,fl,FedAvg,adam,0.0003,0.01,15,stratified,project_tss,raw,mlp,False,,2,0.9244444370269775,0.9048006509357202,0.8793730061320112,0.8863841108614366,0.8847075984414072,0.8847075984414072,264.0,214,0.9048006509357202,0.8793730061320112,0.8863841108614366,0,0.0,0.9916666666666667,0.7804878048780488
participation,Virchow2,78134a75c762,fl,FedAvg,adam,0.0003,0.01,30,stratified,project_tss,raw,mlp,False,,3,0.9333333373069763,0.9039869812855981,0.8845419067225475,0.886776507462454,0.8850662480991224,0.8850662480991224,251.0,201,0.9039869812855981,0.8845419067225475,0.886776507462454,0,0.0,0.9916666666666667,0.8536585365853658
participation,Virchow2,91fec033ab2a,fl,FedAvg,adam,0.0003,0.01,9,stratified,project_tss,raw,mlp,False,,0,0.893333375453949,0.8584214808787632,0.8475534784323664,0.8425754757654492,0.8539702675368183,0.8539702675368183,132.0,82,0.8584214808787632,0.8475534784323664,0.8425754757654492,0,0.0,0.925,0.8292682926829268
participation,Virchow2,99add4488f1f,fl,FedAvg,adam,0.0003,0.01,30,stratified,project_tss,raw,mlp,False,,1,0.8955555558204651,0.853539462978031,0.8130573493353968,0.8109233028681003,0.830583888956965,0.830583888956965,151.0,101,0.853539462978031,0.8130573493353968,0.8109233028681003,0,0.0,0.9416666666666667,0.5609756097560976
participation,Virchow2,a27d36d1681f,fl,FedAvg,adam,0.0003,0.01,-1,stratified,project_tss,raw,mlp,False,,1,0.9399999976158142,0.9251423921887714,0.9135922840642002,0.9137022670627627,0.9093145907398246,0.9093145907398246,419.0,369,0.9251423921887714,0.9135922840642002,0.9137022670627627,0,0.0,0.9916666666666667,0.8048780487804879
participation,Virchow2,a672c54f6de5,fl,FedAvg,adam,0.0003,0.01,30,stratified,project_tss,raw,mlp,False,,0,0.9200000166893005,0.8860862489829129,0.8653132697882744,0.8703529116891798,0.8662830008433707,0.8662830008433707,236.0,186,0.8860862489829129,0.8653132697882744,0.8703529116891798,0,0.0,0.9833333333333333,0.7804878048780488
participation,Virchow2,c093ad43cf78,fl,FedAvg,adam,0.0003,0.01,9,stratified,project_tss,raw,mlp,False,,1,0.9000000357627869,0.8641171684296176,0.8445004427899363,0.8329282975524317,0.8607443898729177,0.8607443898729177,183.0,133,0.8641171684296176,0.8445004427899363,0.8329282975524317,0,0.0,0.95,0.7804878048780488
participation,Virchow2,c21bbbce4fb0,fl,FedAvg,adam,0.0003,0.01,-1,stratified,project_tss,raw,mlp,False,,2,0.9288889169692993,0.9056143205858421,0.8818379307633349,0.8856119781074224,0.89212242413177,0.89212242413177,271.0,221,0.9056143205858421,0.8818379307633349,0.8856119781074224,0,0.0,0.9916666666666667,0.7073170731707317
participation,Virchow2,d1be5c1650af,fl,FedAvg,adam,0.0003,0.01,15,stratified,project_tss,raw,mlp,False,,1,0.893333375453949,0.8771358828315704,0.8501190425544979,0.846846017721757,0.8583643759151861,0.8583643759151861,141.0,91,0.8771358828315704,0.8501190425544979,0.846846017721757,0,0.0,0.925,0.7073170731707317
participation,Virchow2,d3a409f928e5,fl,FedAvg,adam,0.0003,0.01,9,stratified,project_tss,raw,mlp,False,,4,0.9266666769981384,0.8942229454841334,0.8766923059019475,0.8767221456864858,0.8856968225491753,0.8856968225491753,232.0,182,0.8942229454841334,0.8766923059019475,0.8767221456864858,0,0.0,0.9666666666666667,0.8292682926829268
participation,Virchow2,d46b1eafd66e,fl,FedAvg,adam,0.0003,0.01,-1,stratified,project_tss,raw,mlp,False,,3,0.9200000166893005,0.8974776240846216,0.8802257087941766,0.8862885552217225,0.8750408167464242,0.8750408167464242,220.0,170,0.8974776240846216,0.8802257087941766,0.8862885552217225,0,0.0,0.9916666666666667,0.8292682926829268
participation,Virchow2,d79274e47923,fl,FedAvg,adam,0.0003,0.01,-1,stratified,project_tss,raw,mlp,False,,4,0.9288889169692993,0.9129373474369405,0.8924037884025959,0.8965537313128564,0.8932684325597099,0.8932684325597099,281.0,231,0.9129373474369405,0.8924037884025959,0.8965537313128564,0,0.0,0.9916666666666667,0.7804878048780488
participation,Virchow2,e7ad0b7dbab1,fl,FedAvg,adam,0.0003,0.01,15,stratified,project_tss,raw,mlp,False,,0,0.9066666960716248,0.8779495524816925,0.8628633212332044,0.8497279608945714,0.8668076182102893,0.8668076182102893,152.0,102,0.8779495524816925,0.8628633212332044,0.8497279608945714,0,0.0,0.9583333333333334,0.9024390243902439
participation,Virchow2,f871f04007a5,fl,FedAvg,adam,0.0003,0.01,9,stratified,project_tss,raw,mlp,False,,3,0.9066666960716248,0.871440195280716,0.8622271681805806,0.8624604634315758,0.8594012060277022,0.8594012060277022,238.0,188,0.871440195280716,0.8622271681805806,0.8624604634315758,0,0.0,0.975,0.8292682926829268
participation,Virchow2,fdc91d9ada14,fl,FedAvg,adam,0.0003,0.01,30,stratified,project_tss,raw,mlp,False,,4,0.9377778172492981,0.9072416598860863,0.893776406513068,0.8968217262711055,0.8952287808473249,0.8952287808473249,296.0,246,0.9072416598860863,0.893776406513068,0.8968217262711055,0,0.0,0.9916666666666667,0.8780487804878049
participation,Virchow2,ffc4f5809459,fl,FedAvg,adam,0.0003,0.01,15,stratified,project_tss,raw,mlp,False,,4,0.8866667151451111,0.8600488201790073,0.8239447787382798,0.8300704001829213,0.8433991884668046,0.8433991884668046,118.0,68,0.8600488201790073,0.8239447787382798,0.8300704001829213,0,0.0,1.0,0.6341463414634146
partition,CTransPath,03e978baf367,fl,FedAvg,adam,0.0003,0.01,20,uniform,project_tss,raw,mlp,False,,1,0.597777783870697,0.5793327908868999,0.32351688469729234,0.23888848230492904,0.4272347165378454,0.4272347165378454,173.0,123,0.5793327908868999,0.32351688469729234,0.23888848230492904,0,0.0,0.0,0.0
partition,CTransPath,06c8cf01e9ce,fl,FedAvg,adam,0.0003,0.01,20,uniform,iid,raw,mlp,False,,2,0.9422222375869751,0.9153783563873068,0.9028780292850467,0.8984659688829958,0.8876762899829848,0.8876762899829848,287.0,237,0.9153783563873068,0.9028780292850467,0.8984659688829958,0,0.0,0.975,0.926829268292683
partition,CTransPath,0b0c49dbfe68,fl,FedAvg,adam,0.0003,0.01,20,uniform,institution,raw,mlp,False,,2,0.9244444370269775,0.8844589096826688,0.8280892718554251,0.8292725075054633,0.8421407510979393,0.8421407510979393,345.0,295,0.8844589096826688,0.8280892718554251,0.8292725075054633,0,0.0,0.925,0.6585365853658537
partition,CTransPath,0ed538c68c4c,fl,FedAvg,adam,0.0003,0.01,20,uniform,labelskew_1.0,raw,mlp,False,,2,0.9555555582046509,0.9153783563873068,0.9042029063440304,0.897845927026607,0.8908293872400475,0.8908293872400475,351.0,301,0.9153783563873068,0.9042029063440304,0.897845927026607,0,0.0,0.975,0.9024390243902439
partition,CTransPath,1744e3fec39f,fl,FedAvg,adam,0.0003,0.01,20,uniform,labelskew_0.1,raw,mlp,False,,2,0.9244444370269775,0.8893409275834011,0.8400367927314402,0.8442337796204203,0.8437191666712631,0.8437191666712631,291.0,241,0.8893409275834011,0.8400367927314402,0.8442337796204203,0,0.0,0.9416666666666667,0.4878048780487805
partition,CTransPath,2637e5013285,fl,FedAvg,adam,0.0003,0.01,20,uniform,labelskew_1.0,raw,mlp,False,,0,0.948888897895813,0.9104963384865744,0.8862595494005129,0.8865088733639646,0.8819357156998127,0.8819357156998127,328.0,278,0.9104963384865744,0.8862595494005129,0.8865088733639646,0,0.0,0.9833333333333333,0.8048780487804879
partition,CTransPath,2ad7d8e266d8,fl,FedAvg,adam,0.0003,0.01,20,uniform,project_tss,raw,mlp,False,,4,0.6044444441795349,0.5874694873881204,0.32830961045556134,0.25676355137306667,0.4313834407800275,0.4313834407800275,242.0,192,0.5874694873881204,0.32830961045556134,0.25676355137306667,0,0.0,0.0,0.0
partition,CTransPath,2e8a84ec20e6,fl,FedAvg,adam,0.0003,0.01,20,uniform,project_tss,raw,mlp,False,,2,0.5955555438995361,0.5768917819365338,0.3217624987323801,0.2391729845408994,0.42436544611533256,0.42436544611533256,146.0,96,0.5768917819365338,0.3217624987323801,0.2391729845408994,0,0.0,0.0,0.0
partition,CTransPath,3044e1f72998,fl,FedAvg,adam,0.0003,0.01,20,uniform,iid,raw,mlp,False,,1,0.9422222375869751,0.9048006509357202,0.8929654840926227,0.8834304841862934,0.8773085858779788,0.8773085858779788,224.0,174,0.9048006509357202,0.8929654840926227,0.8834304841862934,0,0.0,0.9666666666666667,0.926829268292683
partition,CTransPath,3458a0537b94,fl,FedAvg,adam,0.0003,0.01,20,uniform,labelskew_1.0,raw,mlp,False,,1,0.9511111378669739,0.9186330349877949,0.9063632862740728,0.8998061772691267,0.8992143093802756,0.8992143093802756,343.0,293,0.9186330349877949,0.9063632862740728,0.8998061772691267,0,0.0,0.975,0.926829268292683
partition,CTransPath,3ada918942b9,fl,FedAvg,adam,0.0003,0.01,20,uniform,institution,raw,mlp,False,,4,0.8844444751739502,0.8478437754271766,0.6915326508864144,0.6618229040573187,0.7694539503081709,0.7694539503081709,164.0,114,0.8478437754271766,0.6915326508864144,0.6618229040573187,0,0.0,0.9666666666666667,0.0
partition,CTransPath,42d87d272e02,fl,FedAvg,adam,0.0003,0.01,20,uniform,project_tss,raw,mlp,False,,0,0.6066666841506958,0.5711960943856794,0.3295205132512406,0.27967133925659443,0.4016778670459423,0.4016778670459423,141.0,91,0.5711960943856794,0.3295205132512406,0.27967133925659443,0,0.0,0.0,0.0
partition,CTransPath,576fb284d3d2,fl,FedAvg,adam,0.0003,0.01,20,uniform,labelskew_0.1,raw,mlp,False,,3,0.9177777767181396,0.8787632221318145,0.8347483365244268,0.8344036494831113,0.8225542839885182,0.8225542839885182,245.0,195,0.8787632221318145,0.8347483365244268,0.8344036494831113,0,0.0,0.8916666666666667,0.5121951219512195
partition,CTransPath,7d0fa4f87bcf,fl,FedAvg,adam,0.0003,0.01,20,uniform,institution,raw,mlp,False,,0,0.9244444370269775,0.8860862489829129,0.8258215222643932,0.8343983518072776,0.8616305547142435,0.8616305547142435,281.0,231,0.8860862489829129,0.8258215222643932,0.8343983518072776,0,0.0,0.9583333333333334,0.5609756097560976
partition,CTransPath,8944f815045b,fl,FedAvg,adam,0.0003,0.01,20,uniform,labelskew_0.1,raw,mlp,False,,0,0.9133333563804626,0.8763222131814483,0.816201811892863,0.8186497548257012,0.8330367896985242,0.8330367896985242,316.0,266,0.8763222131814483,0.816201811892863,0.8186497548257012,0,0.0,0.9166666666666666,0.4146341463414634
partition,CTransPath,8e559053c777,fl,FedAvg,adam,0.0003,0.01,20,uniform,labelskew_0.1,raw,mlp,False,,1,0.8622222542762756,0.8242473555736372,0.74789270217493,0.738994726532899,0.758584846842344,0.758584846842344,151.0,101,0.8242473555736372,0.74789270217493,0.738994726532899,0,0.0,0.7,0.34146341463414637
partition,CTransPath,a0faacffe68d,fl,FedAvg,adam,0.0003,0.01,20,uniform,iid,raw,mlp,False,,4,0.9377778172492981,0.9015459723352319,0.8825467012998692,0.8790186282273235,0.8657763097428989,0.8657763097428989,213.0,163,0.9015459723352319,0.8825467012998692,0.8790186282273235,0,0.0,0.9666666666666667,0.9024390243902439
partition,CTransPath,aa750ff3945c,fl,FedAvg,adam,0.0003,0.01,20,uniform,labelskew_0.1,raw,mlp,False,,4,0.9066666960716248,0.8584214808787632,0.7911598221314593,0.7880405982456683,0.8091946464601779,0.8091946464601779,263.0,213,0.8584214808787632,0.7911598221314593,0.7880405982456683,0,0.0,0.8333333333333334,0.36585365853658536
partition,CTransPath,bd7188d7c3ce,fl,FedAvg,adam,0.0003,0.01,20,uniform,labelskew_1.0,raw,mlp,False,,4,0.948888897895813,0.9178193653376729,0.8985664289140285,0.9013684704577535,0.8930405535180461,0.8930405535180461,360.0,310,0.9178193653376729,0.8985664289140285,0.9013684704577535,0,0.0,0.9916666666666667,0.8292682926829268
partition,CTransPath,be74505c6146,fl,FedAvg,adam,0.0003,0.01,20,uniform,iid,raw,mlp,False,,3,0.9533333778381348,0.9153783563873068,0.9002790616071827,0.8987026477550999,0.8942291465680099,0.8942291465680099,350.0,300,0.9153783563873068,0.9002790616071827,0.8987026477550999,0,0.0,0.975,0.926829268292683
partition,CTransPath,c4475ca465d1,fl,FedAvg,adam,0.0003,0.01,20,uniform,labelskew_1.0,raw,mlp,False,,3,0.9355555772781372,0.9007323026851098,0.8811007336230339,0.8775671196682039,0.8598961139506637,0.8598961139506637,219.0,169,0.9007323026851098,0.8811007336230339,0.8775671196682039,0,0.0,0.9833333333333333,0.8536585365853658
partition,CTransPath,d48704620ec0,fl,FedAvg,adam,0.0003,0.01,20,uniform,project_tss,raw,mlp,False,,3,0.6200000047683716,0.5785191212367778,0.3400527123453665,0.30843579689083545,0.4164717225651128,0.4164717225651128,153.0,103,0.5785191212367778,0.3400527123453665,0.30843579689083545,0,0.0,0.0,0.0
partition,CTransPath,d7cd719a6754,fl,FedAvg,adam,0.0003,0.01,20,uniform,institution,raw,mlp,False,,1,0.9044444561004639,0.8665581773799838,0.7538442757884619,0.7623272900682478,0.8092102420572163,0.8092102420572163,269.0,219,0.8665581773799838,0.7538442757884619,0.7623272900682478,0,0.0,0.9666666666666667,0.34146341463414637
partition,CTransPath,e464c4fc6ff5,fl,FedAvg,adam,0.0003,0.01,20,uniform,iid,raw,mlp,False,,0,0.9399999976158142,0.9137510170870626,0.9010001239195502,0.8976329849607105,0.8914873400878858,0.8914873400878858,299.0,249,0.9129373474369405,0.9004153285979127,0.8969616341521163,1,0.08136696501220841,0.975,0.926829268292683
partition,CTransPath,e4f8dc9e4d0e,fl,FedAvg,adam,0.0003,0.01,20,uniform,institution,raw,mlp,False,,3,0.9088889360427856,0.8779495524816925,0.7988702952846861,0.8032710707986829,0.8268412222990529,0.8268412222990529,201.0,151,0.8779495524816925,0.7988702952846861,0.8032710707986829,0,0.0,0.9166666666666666,0.4634146341463415
partition,Conch_v15,025b38ee1b41,fl,FedAvg,adam,0.0003,0.01,20,uniform,project_tss,raw,mlp,False,,2,0.6666666865348816,0.6159479251423922,0.3714276535445749,0.3123980128650279,0.44274430064480336,0.44274430064480336,160.0,110,0.6159479251423922,0.3714276535445749,0.3123980128650279,0,0.0,0.0,0.0
partition,Conch_v15,0d4a44a725ba,fl,FedAvg,adam,0.0003,0.01,20,uniform,project_tss,raw,mlp,False,,0,0.6466667056083679,0.6061838893409276,0.3496599166067369,0.2972479091010002,0.4338511897701929,0.4338511897701929,137.0,87,0.6061838893409276,0.3496599166067369,0.2971192369181941,1,0.0,0.0,0.0
partition,Conch_v15,1faad06ac151,fl,FedAvg,adam,0.0003,0.01,20,uniform,iid,raw,mlp,False,,3,0.9622222185134888,0.919446704637917,0.9041542094388626,0.9028663901881215,0.9127918315512956,0.9127918315512956,177.0,127,0.919446704637917,0.9041542094388626,0.9028663901881215,0,0.0,0.9916666666666667,0.9512195121951219
partition,Conch_v15,3118a64c0608,fl,FedAvg,adam,0.0003,0.01,20,uniform,labelskew_0.1,raw,mlp,False,,4,0.9511111378669739,0.9104963384865744,0.8951224078098033,0.895027257459721,0.8943439560161925,0.8943439560161925,263.0,213,0.9104963384865744,0.8951224078098033,0.895027257459721,0,0.0,0.9833333333333333,0.8780487804878049
partition,Conch_v15,36e7b4e7b2ce,fl,FedAvg,adam,0.0003,0.01,20,uniform,labelskew_1.0,raw,mlp,False,,2,0.9577777981758118,0.9178193653376729,0.907986812122359,0.9042030980882054,0.90470164743409,0.90470164743409,145.0,95,0.9178193653376729,0.907986812122359,0.9042030980882054,0,0.0,0.9916666666666667,0.9024390243902439
partition,Conch_v15,446d439cf9d4,fl,FedAvg,adam,0.0003,0.01,20,uniform,labelskew_0.1,raw,mlp,False,,1,0.9622222185134888,0.9235150528885273,0.9098579145943018,0.9087267453855219,0.9132726658304622,0.9132726658304622,376.0,326,0.9235150528885273,0.9098579145943018,0.9087267453855219,0,0.0,0.9916666666666667,0.9024390243902439
partition,Conch_v15,460b12189c7e,fl,FedAvg,adam,0.0003,0.01,20,uniform,project_tss,raw,mlp,False,,4,0.6244444847106934,0.5866558177379984,0.36170523456709847,0.29379532944517156,0.43202150172991904,0.43202150172991904,157.0,107,0.5866558177379984,0.36170523456709847,0.29379532944517156,0,0.0,0.0,0.0
partition,Conch_v15,5cb28c557ee2,fl,FedAvg,adam,0.0003,0.01,20,uniform,institution,raw,mlp,False,,4,0.944444477558136,0.9178193653376729,0.8815822653596019,0.8866158131653482,0.9112187527897431,0.9112187527897431,162.0,112,0.9178193653376729,0.8815822653596019,0.8866158131653482,0,0.0,0.9916666666666667,0.7804878048780488
partition,Conch_v15,6087d703e14c,fl,FedAvg,adam,0.0003,0.01,20,uniform,iid,raw,mlp,False,,2,0.9666666984558105,0.9243287225386493,0.9150583744539441,0.9118256478835841,0.9220662716545601,0.9220662716545601,204.0,154,0.9243287225386493,0.9150583744539441,0.9118256478835841,0,0.0,0.9833333333333333,0.975609756097561
partition,Conch_v15,7baf24265c4c,fl,FedAvg,adam,0.0003,0.01,20,uniform,institution,raw,mlp,False,,0,0.9466667175292969,0.9137510170870626,0.8771594870121544,0.8844679736848685,0.9047844596787047,0.9047844596787047,206.0,156,0.9137510170870626,0.8771594870121544,0.8844679736848685,0,0.0,0.9916666666666667,0.8292682926829268
partition,Conch_v15,7c235dd7e2ea,fl,FedAvg,adam,0.0003,0.01,20,uniform,labelskew_1.0,raw,mlp,False,,1,0.9622222185134888,0.9283970707892596,0.9149089078525873,0.9157561221005417,0.9244365815794144,0.9244365815794144,249.0,199,0.9283970707892596,0.9149089078525873,0.9157561221005417,0,0.0,0.9916666666666667,0.8780487804878049
partition,Conch_v15,89851ba39481,fl,FedAvg,adam,0.0003,0.01,20,uniform,iid,raw,mlp,False,,4,0.9644444584846497,0.9243287225386493,0.9140226806964701,0.9119966969485588,0.9176528482892594,0.9176528482892594,225.0,175,0.9243287225386493,0.9140226806964701,0.9119966969485588,0,0.0,0.9916666666666667,0.926829268292683
partition,Conch_v15,ad8332c46a90,fl,FedAvg,adam,0.0003,0.01,20,uniform,labelskew_0.1,raw,mlp,False,,0,0.9577777981758118,0.9186330349877949,0.902319331273949,0.9005166866657489,0.9004133380590948,0.9004133380590948,322.0,272,0.9186330349877949,0.902319331273949,0.9005166866657489,0,0.0,0.9833333333333333,0.8292682926829268
partition,Conch_v15,adabf667bc3b,fl,FedAvg,adam,0.0003,0.01,20,uniform,project_tss,raw,mlp,False,,1,0.6133333444595337,0.5899104963384866,0.3657929244273175,0.30852554619174033,0.46964233412831546,0.46964233412831546,134.0,84,0.5899104963384866,0.3657929244273175,0.30852554619174033,0,0.0,0.0,0.0
partition,Conch_v15,c176f386f498,fl,FedAvg,adam,0.0003,0.01,20,uniform,iid,raw,mlp,False,,0,0.9666666984558105,0.9308380797396257,0.9259600148387614,0.920415772737226,0.9250684151996117,0.9250684151996117,281.0,231,0.9308380797396257,0.9259600148387614,0.920415772737226,0,0.0,0.9916666666666667,0.975609756097561
partition,Conch_v15,c3bf774441e7,fl,FedAvg,adam,0.0003,0.01,20,uniform,labelskew_1.0,raw,mlp,False,,3,0.9644444584846497,0.919446704637917,0.9143612110186675,0.9103067280738902,0.9163400461097803,0.9163400461097803,251.0,201,0.919446704637917,0.9143612110186675,0.9103067280738902,0,0.0,0.9916666666666667,0.9512195121951219
partition,Conch_v15,c47219a3289c,fl,FedAvg,adam,0.0003,0.01,20,uniform,iid,raw,mlp,False,,1,0.9644444584846497,0.9283970707892596,0.929302531731276,0.9163648824744458,0.9244794205286041,0.9244794205286041,235.0,185,0.9283970707892596,0.929302531731276,0.9163648824744458,0,0.0,0.9833333333333333,1.0
partition,Conch_v15,c543450354fa,fl,FedAvg,adam,0.0003,0.01,20,uniform,labelskew_1.0,raw,mlp,False,,4,0.9600000381469727,0.9178193653376729,0.9000917211155515,0.9038384244764812,0.9134676737234807,0.9134676737234807,159.0,109,0.9178193653376729,0.9000917211155515,0.9038384244764812,0,0.0,0.9916666666666667,0.8780487804878049
partition,Conch_v15,ca8f1ac99a01,fl,FedAvg,adam,0.0003,0.01,20,uniform,institution,raw,mlp,False,,3,0.9422222375869751,0.9096826688364524,0.87800059365394,0.8888600277264105,0.8987037757430718,0.8987037757430718,138.0,88,0.9096826688364524,0.87800059365394,0.8888600277264105,0,0.0,0.9916666666666667,0.8292682926829268
partition,Conch_v15,cbb60a95bf93,fl,FedAvg,adam,0.0003,0.01,20,uniform,institution,raw,mlp,False,,2,0.944444477558136,0.9048006509357202,0.869213885466969,0.8674922437027394,0.9073012438109448,0.9073012438109448,159.0,109,0.9048006509357202,0.869213885466969,0.8674922437027394,0,0.0,0.9833333333333333,0.8292682926829268
partition,Conch_v15,d29d9aa44dab,fl,FedAvg,adam,0.0003,0.01,20,uniform,labelskew_0.1,raw,mlp,False,,2,0.9311111569404602,0.8982912937347437,0.889941957666293,0.8864816167565608,0.8818092481421121,0.8818092481421121,134.0,84,0.8982912937347437,0.889941957666293,0.8864816167565608,0,0.0,0.9916666666666667,0.8048780487804879
partition,Conch_v15,f3eb6f30e69e,fl,FedAvg,adam,0.0003,0.01,20,uniform,institution,raw,mlp,False,,1,0.9422222375869751,0.9039869812855981,0.8699660371523251,0.8751302609521538,0.8972532179207816,0.8972532179207816,121.0,71,0.903173311635476,0.8693812418306877,0.8744594715366758,1,0.08136696501220841,0.9916666666666667,0.8292682926829268
partition,Conch_v15,f3fb1d57deff,fl,FedAvg,adam,0.0003,0.01,20,uniform,labelskew_1.0,raw,mlp,False,,0,0.9577777981758118,0.9113100081366965,0.9008198919721411,0.892993496880467,0.8999104846234108,0.8999104846234108,173.0,123,0.9113100081366965,0.9008198919721411,0.892993496880467,0,0.0,0.975,0.926829268292683
partition,Conch_v15,f96ed8a54bd2,fl,FedAvg,adam,0.0003,0.01,20,uniform,project_tss,raw,mlp,False,,3,0.6511111259460449,0.6167615947925142,0.3670116141078549,0.30114171963448944,0.4504154522661928,0.4504154522661928,200.0,150,0.6167615947925142,0.3670116141078549,0.30114171963448944,0,0.0,0.0,0.0
partition,Conch_v15,fbbe32306e9e,fl,FedAvg,adam,0.0003,0.01,20,uniform,labelskew_0.1,raw,mlp,False,,3,0.9533333778381348,0.9096826688364524,0.8981272070630215,0.8928123323762603,0.8903786976827912,0.8903786976827912,205.0,155,0.9096826688364524,0.8981272070630215,0.8928123323762603,0,0.0,0.9833333333333333,0.8536585365853658
partition,Midnight12k,0362e185965f,fl,FedAvg,adam,0.0003,0.01,20,uniform,iid,raw,mlp,False,,2,0.9288889169692993,0.9104963384865744,0.9012384259566194,0.9006762695268371,0.9022923777551859,0.9022923777551859,159.0,109,0.9104963384865744,0.9012384259566194,0.9006762695268371,0,0.0,0.9833333333333333,0.926829268292683
partition,Midnight12k,26c0855324ea,fl,FedAvg,adam,0.0003,0.01,20,uniform,institution,raw,mlp,False,,3,0.9355555772781372,0.9178193653376729,0.9060067580257366,0.9038601566764647,0.9015524600737251,0.9015524600737251,254.0,204,0.9178193653376729,0.9060067580257366,0.9038601566764647,0,0.0,0.9916666666666667,0.8536585365853658
partition,Midnight12k,352b5a27e935,fl,FedAvg,adam,0.0003,0.01,20,uniform,project_tss,raw,mlp,False,,2,0.5955555438995361,0.5573637103336045,0.33011452058937296,0.2736380297333447,0.40381485403495426,0.40381485403495426,284.0,234,0.5573637103336045,0.33011452058937296,0.2736380297333447,0,0.0,0.0,0.0
partition,Midnight12k,4975f6234746,fl,FedAvg,adam,0.0003,0.01,20,uniform,project_tss,raw,mlp,False,,1,0.5822222232818604,0.564686737184703,0.31061758442348647,0.23091458179744143,0.4204526711468334,0.4204526711468334,184.0,134,0.564686737184703,0.31061758442348647,0.23091458179744143,0,0.0,0.0,0.0
partition,Midnight12k,5235a15748ca,fl,FedAvg,adam,0.0003,0.01,20,uniform,labelskew_0.1,raw,mlp,False,,4,0.9222222566604614,0.8917819365337672,0.8735019947689582,0.8770866345932467,0.8859297177320623,0.8859297177320623,263.0,213,0.8917819365337672,0.8735019947689582,0.8770866345932467,0,0.0,0.9833333333333333,0.8048780487804879
partition,Midnight12k,55b385512900,fl,FedAvg,adam,0.0003,0.01,20,uniform,labelskew_0.1,raw,mlp,False,,2,0.9066666960716248,0.8958502847843776,0.8765285427896123,0.8855652662618699,0.8892704498523437,0.8892704498523437,196.0,146,0.8958502847843776,0.8765285427896123,0.8855652662618699,0,0.0,1.0,0.8292682926829268
partition,Midnight12k,56055c2d2e5c,fl,FedAvg,adam,0.0003,0.01,20,uniform,project_tss,raw,mlp,False,,3,0.59333336353302,0.5785191212367778,0.32161376466213704,0.23735951735842903,0.4259467061924615,0.4259467061924615,212.0,162,0.5785191212367778,0.32161376466213704,0.23735951735842903,0,0.0,0.0,0.0
partition,Midnight12k,5acaf9e3b9f9,fl,FedAvg,adam,0.0003,0.01,20,uniform,labelskew_0.1,raw,mlp,False,,3,0.9066666960716248,0.8787632221318145,0.8734483672292795,0.8721976970083236,0.8755669359473535,0.8755669359473535,152.0,102,0.8787632221318145,0.8734483672292795,0.8721976970083236,0,0.0,0.9916666666666667,0.8780487804878049
partition,Midnight12k,62e0cecb2c22,fl,FedAvg,adam,0.0003,0.01,20,uniform,institution,raw,mlp,False,,2,0.9399999976158142,0.9227013832384052,0.90072494963291,0.9025671631070542,0.9070620695942381,0.9070620695942381,351.0,301,0.9227013832384052,0.90072494963291,0.9025671631070542,0,0.0,0.9916666666666667,0.7804878048780488
partition,Midnight12k,633b61d0f19a,fl,FedAvg,adam,0.0003,0.01,20,uniform,iid,raw,mlp,False,,4,0.9355555772781372,0.9186330349877949,0.9128261640135678,0.9094114861739193,0.9008661338811685,0.9008661338811685,247.0,197,0.9186330349877949,0.9128261640135678,0.9094114861739193,0,0.0,0.9833333333333333,0.926829268292683
partition,Midnight12k,66f99ab1c78a,fl,FedAvg,adam,0.0003,0.01,20,uniform,labelskew_1.0,raw,mlp,False,,0,0.9399999976158142,0.9202603742880391,0.9125483709684423,0.9149065827711023,0.9105485722308152,0.9105485722308152,265.0,215,0.9202603742880391,0.9125483709684423,0.9149065827711023,0,0.0,0.9916666666666667,0.926829268292683
partition,Midnight12k,67fb5a82b3a8,fl,FedAvg,adam,0.0003,0.01,20,uniform,iid,raw,mlp,False,,0,0.9355555772781372,0.9210740439381611,0.9119571778755452,0.911703999080632,0.9096168688390688,0.9096168688390688,227.0,177,0.9210740439381611,0.9119571778755452,0.911703999080632,0,0.0,0.9833333333333333,0.926829268292683
partition,Midnight12k,7d1dc8077279,fl,FedAvg,adam,0.0003,0.01,20,uniform,institution,raw,mlp,False,,0,0.9266666769981384,0.9202603742880391,0.9001872835975061,0.9051087469925064,0.9029635533072482,0.9029635533072482,312.0,262,0.9202603742880391,0.9001872835975061,0.9051087469925064,0,0.0,1.0,0.8292682926829268
partition,Midnight12k,a1709a85e30c,fl,FedAvg,adam,0.0003,0.01,20,uniform,labelskew_1.0,raw,mlp,False,,1,0.9377778172492981,0.9267697314890154,0.9215506878200755,0.9185940635708177,0.9134576340505502,0.9134576340505502,240.0,190,0.9267697314890154,0.9215506878200755,0.9185940635708177,0,0.0,0.9833333333333333,0.9512195121951219
partition,Midnight12k,a858aea1f88d,fl,FedAvg,adam,0.0003,0.01,20,uniform,institution,raw,mlp,False,,1,0.9399999976158142,0.9235150528885273,0.9089913652786736,0.9130477008931547,0.9058221923029589,0.9058221923029589,329.0,279,0.9235150528885273,0.9089913652786736,0.9130477008931547,0,0.0,1.0,0.8536585365853658
partition,Midnight12k,b2b5e3543ea4,fl,FedAvg,adam,0.0003,0.01,20,uniform,labelskew_1.0,raw,mlp,False,,2,0.9399999976158142,0.9332790886899919,0.9262916763492812,0.9244803896547824,0.9167082746064869,0.9167082746064869,266.0,216,0.9332790886899919,0.9262916763492812,0.9244803896547824,0,0.0,0.975,0.9512195121951219
partition,Midnight12k,b6474bf64218,fl,FedAvg,adam,0.0003,0.01,20,uniform,labelskew_1.0,raw,mlp,False,,4,0.9422222375869751,0.9218877135882831,0.9188558790157868,0.9122011636687807,0.91125283239092,0.91125283239092,245.0,195,0.9218877135882831,0.9188558790157868,0.9122011636687807,0,0.0,0.9666666666666667,0.9512195121951219
partition,Midnight12k,cc8c7728f046,fl,FedAvg,adam,0.0003,0.01,20,uniform,labelskew_0.1,raw,mlp,False,,0,0.9222222566604614,0.9064279902359642,0.8865293975453297,0.8905915947504999,0.8997451194758131,0.8997451194758131,322.0,272,0.9064279902359642,0.8865293975453297,0.8905915947504999,0,0.0,0.9833333333333333,0.7804878048780488
partition,Midnight12k,d18e5958920e,fl,FedAvg,adam,0.0003,0.01,20,uniform,labelskew_1.0,raw,mlp,False,,3,0.944444477558136,0.9202603742880391,0.9032243640902462,0.9132602673790099,0.9055511672989949,0.9055511672989949,260.0,210,0.9202603742880391,0.9032243640902462,0.9132602673790099,0,0.0,1.0,0.926829268292683
partition,Midnight12k,d7b3939ca354,fl,FedAvg,adam,0.0003,0.01,20,uniform,institution,raw,mlp,False,,4,0.9355555772781372,0.9178193653376729,0.9004582722979619,0.9043789731509586,0.9073502973556082,0.9073502973556082,250.0,200,0.9178193653376729,0.9004582722979619,0.9043789731509586,0,0.0,1.0,0.8536585365853658
partition,Midnight12k,e325a8f3ddca,fl,FedAvg,adam,0.0003,0.01,20,uniform,iid,raw,mlp,False,,3,0.9266666769981384,0.9080553295362083,0.8997388131607946,0.9024149858020368,0.9004567011965766,0.9004567011965766,167.0,117,0.9080553295362083,0.8997388131607946,0.9024149858020368,0,0.0,0.9916666666666667,0.926829268292683
partition,Midnight12k,e380d0a95825,fl,FedAvg,adam,0.0003,0.01,20,uniform,project_tss,raw,mlp,False,,4,0.5911111235618591,0.5752644426362896,0.3200655782036981,0.24104400599301298,0.4227960406586185,0.4227960406586185,184.0,134,0.5752644426362896,0.3200655782036981,0.24104400599301298,0,0.0,0.0,0.0
partition,Midnight12k,e86d14f4114d,fl,FedAvg,adam,0.0003,0.01,20,uniform,iid,raw,mlp,False,,1,0.9422222375869751,0.9275834011391375,0.9239873560374825,0.9194606399429777,0.9197087470773642,0.9197087470773642,320.0,270,0.9275834011391375,0.9239873560374825,0.9194606399429777,0,0.0,0.9833333333333333,0.9512195121951219
partition,Midnight12k,ec3ca0664aa1,fl,FedAvg,adam,0.0003,0.01,20,uniform,labelskew_0.1,raw,mlp,False,,1,0.9111111164093018,0.8860862489829129,0.8693668518075035,0.8725173264037851,0.8780423025627158,0.8780423025627158,235.0,185,0.8860862489829129,0.8693668518075035,0.8725173264037851,0,0.0,0.9333333333333333,0.7804878048780488
partition,Midnight12k,f368db096af9,fl,FedAvg,adam,0.0003,0.01,20,uniform,project_tss,raw,mlp,False,,0,0.5866667032241821,0.5630593978844589,0.30997532366561875,0.23329636347202218,0.41392382731269356,0.41392382731269356,126.0,76,0.5630593978844589,0.30997532366561875,0.23329636347202218,0,0.0,0.0,0.0
partition,Phikon_v2,190c6ef9ff62,fl,FedAvg,adam,0.0003,0.01,20,uniform,labelskew_0.1,raw,mlp,False,,1,0.9755555987358093,0.951179820992677,0.951261708545132,0.9503656933280671,0.9430860171903785,0.9430860171903785,202.0,152,0.951179820992677,0.951261708545132,0.9503656933280671,0,0.0,0.9833333333333333,0.975609756097561
partition,Phikon_v2,22341054466d,fl,FedAvg,adam,0.0003,0.01,20,uniform,project_tss,raw,mlp,False,,2,0.6666666865348816,0.6346623270951993,0.3859300511202406,0.3284682526340277,0.45617150387399613,0.45617150387399613,249.0,199,0.6346623270951993,0.3859300511202406,0.3284682526340277,0,0.0,0.0,0.0
partition,Phikon_v2,32eec0ffdfb4,fl,FedAvg,adam,0.0003,0.01,20,uniform,labelskew_0.1,raw,mlp,False,,3,0.9666666984558105,0.9487388120423108,0.9430880003549006,0.9454832581402977,0.9355544176027043,0.9355544176027043,165.0,115,0.9487388120423108,0.9430880003549006,0.9454832581402977,0,0.0,0.9916666666666667,0.975609756097561
partition,Phikon_v2,391bc4a2ee70,fl,FedAvg,adam,0.0003,0.01,20,uniform,project_tss,raw,mlp,False,,0,0.6511111259460449,0.6257119609438568,0.37712857575257913,0.32507316504988926,0.4488308982467861,0.4488308982467861,227.0,177,0.6257119609438568,0.37712857575257913,0.32507316504988926,0,0.0,0.0,0.0
partition,Phikon_v2,449426f4996c,fl,FedAvg,adam,0.0003,0.01,20,uniform,project_tss,raw,mlp,False,,3,0.5888888835906982,0.5598047192839707,0.31278625696158796,0.26523195308685277,0.3859006908783422,0.3859006908783422,103.0,53,0.5598047192839707,0.31278625696158796,0.26530959495813783,1,0.0,0.0,0.0
partition,Phikon_v2,4633828f4d3c,fl,FedAvg,adam,0.0003,0.01,20,uniform,institution,raw,mlp,False,,4,0.9577777981758118,0.9292107404393816,0.8886618751489174,0.9012499498059915,0.9200674469755467,0.9200674469755467,133.0,83,0.9300244100895037,0.8908840973711397,0.9031104994599642,1,-0.08136696501220841,0.9333333333333333,0.6341463414634146
partition,Phikon_v2,5a07b7d6217d,fl,FedAvg,adam,0.0003,0.01,20,uniform,iid,raw,mlp,False,,2,0.9866666793823242,0.9617575264442636,0.9579612340625547,0.9607413502330667,0.9572470162812842,0.9572470162812842,189.0,139,0.9617575264442636,0.9579612340625547,0.9607413502330667,0,0.0,1.0,0.975609756097561
partition,Phikon_v2,604a058ee478,fl,FedAvg,adam,0.0003,0.01,20,uniform,institution,raw,mlp,False,,3,0.9688889384269714,0.951179820992677,0.9391409638945984,0.9425013760937895,0.9445138958768242,0.9445138958768242,153.0,103,0.951179820992677,0.9391409638945984,0.9425013760937895,0,0.0,0.9583333333333334,0.8780487804878049
partition,Phikon_v2,6223f3f6c66b,fl,FedAvg,adam,0.0003,0.01,20,uniform,project_tss,raw,mlp,False,,4,0.6311111450195312,0.6086248982912937,0.36036840840868734,0.3134214548993817,0.4395706102481804,0.4395706102481804,158.0,108,0.6086248982912937,0.36036840840868734,0.3132459828122492,1,0.0,0.0,0.0
partition,Phikon_v2,635b5d46c1ed,fl,FedAvg,adam,0.0003,0.01,20,uniform,institution,raw,mlp,False,,1,0.9644444584846497,0.9349064279902359,0.887278172914766,0.9052776225057255,0.9157799509824432,0.9157799509824432,187.0,137,0.9349064279902359,0.887278172914766,0.9052776225057255,0,0.0,0.975,0.5365853658536586
partition,Phikon_v2,6f810f39ea72,fl,FedAvg,adam,0.0003,0.01,20,uniform,labelskew_1.0,raw,mlp,False,,0,0.9844444394111633,0.9609438567941416,0.9582926973178338,0.9575743817070518,0.9553515957332158,0.9553515957332158,135.0,85,0.9609438567941416,0.9582926973178338,0.9575743817070518,0,0.0,1.0,0.975609756097561
partition,Phikon_v2,7b6900b662de,fl,FedAvg,adam,0.0003,0.01,20,uniform,project_tss,raw,mlp,False,,1,0.6466667056083679,0.6126932465419039,0.3577630849985279,0.29486282957559473,0.44529683135602144,0.44529683135602144,192.0,142,0.6126932465419039,0.3577630849985279,0.29486282957559473,0,0.0,0.0,0.0
partition,Phikon_v2,93277080f175,fl,FedAvg,adam,0.0003,0.01,20,uniform,institution,raw,mlp,False,,2,0.9622222185134888,0.9438567941415785,0.8971842870403726,0.9089866535905232,0.9217930563724955,0.9217930563724955,263.0,213,0.9438567941415785,0.8971842870403726,0.9089866535905232,0,0.0,1.0,0.5609756097560976
partition,Phikon_v2,9d24c23aca12,fl,FedAvg,adam,0.0003,0.01,20,uniform,institution,raw,mlp,False,,0,0.9622222185134888,0.9349064279902359,0.9211675037993516,0.9271864965370418,0.9341001980020672,0.9341001980020672,163.0,113,0.9349064279902359,0.9211675037993516,0.9271864965370418,0,0.0,0.9,0.8780487804878049
partition,Phikon_v2,a7a09bacbfab,fl,FedAvg,adam,0.0003,0.01,20,uniform,iid,raw,mlp,False,,1,0.9866666793823242,0.9576891781936534,0.9531367332983705,0.9557081866927872,0.9524249014513813,0.9524249014513813,202.0,152,0.9576891781936534,0.9531367332983705,0.9557081866927872,0,0.0,1.0,0.975609756097561
partition,Phikon_v2,a82d2b9999d0,fl,FedAvg,adam,0.0003,0.01,20,uniform,labelskew_1.0,raw,mlp,False,,3,0.9866666793823242,0.9698942229454841,0.9689059794672767,0.9697919914867116,0.968464564641593,0.968464564641593,230.0,180,0.9698942229454841,0.9689059794672767,0.9697919914867116,0,0.0,1.0,0.975609756097561
partition,Phikon_v2,b7539fadeafd,fl,FedAvg,adam,0.0003,0.01,20,uniform,iid,raw,mlp,False,,0,0.9800000190734863,0.9601301871440195,0.9575362206724457,0.9582600004407114,0.9533201280086016,0.9533201280086016,152.0,102,0.9601301871440195,0.9575362206724457,0.9582600004407114,0,0.0,1.0,0.975609756097561
partition,Phikon_v2,be2623f46796,fl,FedAvg,adam,0.0003,0.01,20,uniform,iid,raw,mlp,False,,3,0.9844444394111633,0.9593165174938975,0.9541372911560756,0.9576823906942141,0.9512311762311763,0.9512311762311763,174.0,124,0.9593165174938975,0.9541372911560756,0.9576823906942141,0,0.0,1.0,1.0
partition,Phikon_v2,c56ce17abb2b,fl,FedAvg,adam,0.0003,0.01,20,uniform,labelskew_0.1,raw,mlp,False,,0,0.9755555987358093,0.9601301871440195,0.9588078439673732,0.9573386426279684,0.9523908104126173,0.9523908104126173,213.0,163,0.9601301871440195,0.9588078439673732,0.9573386426279684,0,0.0,1.0,0.975609756097561
partition,Phikon_v2,d2c4aee323cf,fl,FedAvg,adam,0.0003,0.01,20,uniform,iid,raw,mlp,False,,4,0.9844444394111633,0.9528071602929211,0.9505632684051493,0.9519013177245559,0.9406111599258016,0.9406111599258016,136.0,86,0.9528071602929211,0.9505632684051493,0.9519013177245559,0,0.0,1.0,0.975609756097561
partition,Phikon_v2,d4112cacd8c0,fl,FedAvg,adam,0.0003,0.01,20,uniform,labelskew_1.0,raw,mlp,False,,1,0.9844444394111633,0.9658258746948739,0.9610458854195554,0.9627435743732511,0.9633654147283431,0.9633654147283431,193.0,143,0.9658258746948739,0.9610458854195554,0.9627435743732511,0,0.0,1.0,0.975609756097561
partition,Phikon_v2,de6f57c7bb28,fl,FedAvg,adam,0.0003,0.01,20,uniform,labelskew_1.0,raw,mlp,False,,2,0.991111159324646,0.967453213995118,0.9644600745182564,0.9655739140924725,0.9654053299302522,0.9654053299302522,166.0,116,0.967453213995118,0.9644600745182564,0.9655739140924725,0,0.0,1.0,0.975609756097561
partition,Phikon_v2,dff2340d4164,fl,FedAvg,adam,0.0003,0.01,20,uniform,labelskew_0.1,raw,mlp,False,,4,0.9800000190734863,0.9585028478437754,0.9567451198330343,0.9552989089048116,0.9452901906562343,0.9452901906562343,209.0,159,0.9585028478437754,0.9567451198330343,0.9552989089048116,0,0.0,1.0,0.975609756097561
partition,Phikon_v2,e0e7aaa2b999,fl,FedAvg,adam,0.0003,0.01,20,uniform,labelskew_1.0,raw,mlp,False,,4,0.9800000190734863,0.9593165174938975,0.9577311297603366,0.9581823475567393,0.9539504556249105,0.9539504556249105,148.0,98,0.9593165174938975,0.9577311297603366,0.9581823475567393,0,0.0,1.0,0.975609756097561
partition,Phikon_v2,e3fb54cf862c,fl,FedAvg,adam,0.0003,0.01,20,uniform,labelskew_0.1,raw,mlp,False,,2,0.9755555987358093,0.9560618388934092,0.9563183118897278,0.9536993562821581,0.9505998818304114,0.9505998818304114,213.0,163,0.9560618388934092,0.9563183118897278,0.9536993562821581,0,0.0,0.9833333333333333,1.0
partition,ResNet50,04da678bc099,fl,FedAvg,adam,0.0003,0.01,20,uniform,labelskew_1.0,raw,mlp,False,,0,0.7511111497879028,0.7062652563059398,0.5604709689145438,0.5421837038610713,0.6202200238765538,0.6202200238765538,303.0,253,0.7062652563059398,0.5604709689145438,0.5421837038610713,0,0.0,0.7666666666666667,0.12195121951219512
partition,ResNet50,0a1219543813,fl,FedAvg,adam,0.0003,0.01,20,uniform,institution,raw,mlp,False,,1,0.5955555438995361,0.5207485760781123,0.3898987993015007,0.30326251371147195,0.4553426272599503,0.4553426272599503,212.0,162,0.5207485760781123,0.3898987993015007,0.3032076925548544,1,0.0,0.725,0.0
partition,ResNet50,117ae433b889,fl,FedAvg,adam,0.0003,0.01,20,uniform,labelskew_1.0,raw,mlp,False,,3,0.8377777934074402,0.8014646053702197,0.7192637443042559,0.7213665245106663,0.7509296660345254,0.7509296660345254,579.0,529,0.8014646053702197,0.7192637443042559,0.7213665245106663,0,0.0,0.8416666666666667,0.5121951219512195
partition,ResNet50,251692373fd7,fl,FedAvg,adam,0.0003,0.01,20,uniform,institution,raw,mlp,False,,4,0.6111111044883728,0.5589910496338486,0.4243163657075621,0.3364992867390336,0.47957351348460603,0.47957351348460603,264.0,214,0.5589910496338486,0.4243163657075621,0.3364992867390336,0,0.0,0.9416666666666667,0.0
partition,ResNet50,270a06d9388c,fl,FedAvg,adam,0.0003,0.01,20,uniform,institution,raw,mlp,False,,3,0.5866667032241821,0.5687550854353133,0.36015662532433146,0.3259893214177365,0.46799549740296775,0.46799549740296775,123.0,73,0.5679414157851912,0.3596010697687759,0.3255044493181922,1,0.08136696501220841,0.4,0.0
partition,ResNet50,2cacfff49702,fl,FedAvg,adam,0.0003,0.01,20,uniform,labelskew_0.1,raw,mlp,False,,4,0.4466666877269745,0.4369406021155411,0.21792549775208736,0.13433637271718232,0.3234964058803495,0.3234964058803495,100.0,40,0.4369406021155411,0.21792549775208736,0.13433637271718232,0,0.0,0.0,0.0
partition,ResNet50,36e1225f5ae2,fl,FedAvg,adam,0.0003,0.01,20,uniform,project_tss,raw,mlp,False,,1,0.3199999928474426,0.28152969894222946,0.1111111111111111,0.04881834215167549,0.18691588785046728,0.18691588785046728,100.0,1,0.28152969894222946,0.1111111111111111,0.04881834215167549,0,0.0,0.0,0.0
partition,ResNet50,548b9e18e585,fl,FedAvg,adam,0.0003,0.01,20,uniform,labelskew_1.0,raw,mlp,False,,4,0.8533333539962769,0.806346623270952,0.7554189938584341,0.7420281661499697,0.7640989988925551,0.7640989988925551,657.0,607,0.806346623270952,0.7554189938584341,0.7420281661499697,0,0.0,0.775,0.7560975609756098
partition,ResNet50,5d0cd5d1d3c8,fl,FedAvg,adam,0.0003,0.01,20,uniform,institution,raw,mlp,False,,0,0.6222222447395325,0.5581773799837266,0.43032652970280266,0.32840980584027574,0.49069453269892405,0.49069453269892405,343.0,293,0.5589910496338486,0.4311747061234981,0.329571959452284,1,-0.08136696501219731,0.9416666666666667,0.0
partition,ResNet50,5f8ad9a41f78,fl,FedAvg,adam,0.0003,0.01,20,uniform,iid,raw,mlp,False,,4,0.8844444751739502,0.8299430431244914,0.7813797724977408,0.7729109465714725,0.7982704526125226,0.7982704526125226,798.0,748,0.8299430431244914,0.7813797724977408,0.7729109465714725,0,0.0,0.875,0.6097560975609756
partition,ResNet50,62a55bb1f9ba,fl,FedAvg,adam,0.0003,0.01,20,uniform,iid,raw,mlp,False,,2,0.8600000143051147,0.807160292921074,0.7358258395554687,0.7355260202123977,0.7659969261723434,0.7659969261723434,708.0,658,0.807160292921074,0.7358258395554687,0.7355260202123977,0,0.0,0.9333333333333333,0.4878048780487805
partition,ResNet50,813cf86936e0,fl,FedAvg,adam,0.0003,0.01,20,uniform,project_tss,raw,mlp,False,,2,0.3199999928474426,0.28152969894222946,0.1111111111111111,0.04881834215167549,0.18691588785046728,0.18691588785046728,100.0,1,0.28152969894222946,0.1111111111111111,0.04881834215167549,0,0.0,0.0,0.0
partition,ResNet50,8fe46ec11936,fl,FedAvg,adam,0.0003,0.01,20,uniform,iid,raw,mlp,False,,1,0.8777778148651123,0.8258746948738812,0.762326435923021,0.7608761528745593,0.7883208498599606,0.7883208498599606,738.0,688,0.8258746948738812,0.762326435923021,0.7608761528745593,0,0.0,0.9083333333333333,0.5365853658536586
partition,ResNet50,97037b99a478,fl,FedAvg,adam,0.0003,0.01,20,uniform,iid,raw,mlp,False,,0,0.8911111354827881,0.8372660699755899,0.7970713039057062,0.7876819967653194,0.805910568957741,0.805910568957741,929.0,879,0.8372660699755899,0.7970713039057062,0.7876819967653194,0,0.0,0.8666666666666667,0.7317073170731707
partition,ResNet50,97ea44fb8527,fl,FedAvg,adam,0.0003,0.01,20,uniform,labelskew_0.1,raw,mlp,False,,1,0.4466666877269745,0.4369406021155411,0.21792549775208736,0.1354725316161698,0.3234964058803495,0.3234964058803495,100.0,36,0.4369406021155411,0.21792549775208736,0.13536433872342113,2,0.0,0.0,0.0
partition,ResNet50,9a7f9c4ecf2c,fl,FedAvg,adam,0.0003,0.01,20,uniform,project_tss,raw,mlp,False,,0,0.3199999928474426,0.28152969894222946,0.1111111111111111,0.04881834215167549,0.18691588785046728,0.18691588785046728,100.0,10,0.28152969894222946,0.1111111111111111,0.04881834215167549,0,0.0,0.0,0.0
partition,ResNet50,9c70aa7832d2,fl,FedAvg,adam,0.0003,0.01,20,uniform,labelskew_0.1,raw,mlp,False,,0,0.4466666877269745,0.435313262815297,0.21681438664097624,0.13203766269271527,0.3224579842811802,0.3224579842811802,100.0,4,0.435313262815297,0.21681438664097624,0.13196701897741064,3,0.0,0.0,0.0
partition,ResNet50,ac2ffbf936a9,fl,FedAvg,adam,0.0003,0.01,20,uniform,labelskew_0.1,raw,mlp,False,,3,0.5444444417953491,0.5272579332790887,0.3235918151190436,0.2546949914033389,0.43286294219392635,0.43286294219392635,185.0,135,0.5272579332790887,0.3235918151190436,0.2546949914033389,0,0.0,0.0,0.0
partition,ResNet50,b96ce0c438fc,fl,FedAvg,adam,0.0003,0.01,20,uniform,labelskew_1.0,raw,mlp,False,,1,0.7088888883590698,0.6965012205044752,0.5503276299976725,0.5386704525928477,0.6307726850707269,0.6307726850707269,187.0,137,0.6973148901545972,0.5511758064183678,0.5396533027440585,1,-0.08136696501220841,0.675,0.0
partition,ResNet50,bd6b2dce02af,fl,FedAvg,adam,0.0003,0.01,20,uniform,labelskew_1.0,raw,mlp,False,,2,0.8177778124809265,0.7762408462164361,0.6775931762919799,0.6833413866399131,0.717655320773183,0.717655320773183,552.0,502,0.7762408462164361,0.6775931762919799,0.6833413866399131,0,0.0,0.85,0.4634146341463415
partition,ResNet50,cda2769c24e8,fl,FedAvg,adam,0.0003,0.01,20,uniform,institution,raw,mlp,False,,2,0.6066666841506958,0.5630593978844589,0.42439137705993957,0.3361374507742312,0.48289779241735015,0.48289779241735015,319.0,269,0.5630593978844589,0.42439137705993957,0.3361374507742312,0,0.0,0.875,0.0
partition,ResNet50,e28d308921ac,fl,FedAvg,adam,0.0003,0.01,20,uniform,iid,raw,mlp,False,,3,0.8755555748939514,0.8275020341741253,0.7801427789929414,0.7715109934363877,0.7991415088514173,0.7991415088514173,759.0,709,0.8275020341741253,0.7801427789929414,0.7715109934363877,0,0.0,0.925,0.6341463414634146
partition,ResNet50,e77e6680158c,fl,FedAvg,adam,0.0003,0.01,20,uniform,project_tss,raw,mlp,False,,4,0.3199999928474426,0.28152969894222946,0.1111111111111111,0.04881834215167549,0.18691588785046728,0.18691588785046728,100.0,13,0.28152969894222946,0.1111111111111111,0.04881834215167549,0,0.0,0.0,0.0
partition,ResNet50,e8803b5edecd,fl,FedAvg,adam,0.0003,0.01,20,uniform,labelskew_0.1,raw,mlp,False,,2,0.5755555629730225,0.5516680227827502,0.3516778166002383,0.2959035460165893,0.44062830035011835,0.44062830035011835,233.0,183,0.5508543531326282,0.3505204091928309,0.29523333362005494,4,0.08136696501219731,0.0,0.0
partition,ResNet50,f909a19ad512,fl,FedAvg,adam,0.0003,0.01,20,uniform,project_tss,raw,mlp,False,,3,0.3199999928474426,0.28152969894222946,0.1111111111111111,0.04881834215167549,0.18691588785046728,0.18691588785046728,100.0,1,0.28152969894222946,0.1111111111111111,0.04881834215167549,0,0.0,0.0,0.0
partition,UNI_v2,0a4e8da1cf44,fl,FedAvg,adam,0.0003,0.01,20,uniform,project_tss,raw,mlp,False,,3,0.6200000047683716,0.5899104963384866,0.33454317816633394,0.2643718575810221,0.4301717224637327,0.4301717224637327,196.0,146,0.5899104963384866,0.33454317816633394,0.2643718575810221,0,0.0,0.0,0.0
partition,UNI_v2,126c258a743c,fl,FedAvg,adam,0.0003,0.01,20,uniform,labelskew_1.0,raw,mlp,False,,2,0.9688889384269714,0.9560618388934092,0.945752571046558,0.9473477492777257,0.9458225041947784,0.9458225041947784,262.0,212,0.9560618388934092,0.945752571046558,0.9473477492777257,0,0.0,0.9916666666666667,0.8536585365853658
partition,UNI_v2,260e60c7cd64,fl,FedAvg,adam,0.0003,0.01,20,uniform,institution,raw,mlp,False,,3,0.9600000381469727,0.9446704637917006,0.9294446856664863,0.9266215354326991,0.9441743907353025,0.9441743907353025,312.0,262,0.9446704637917006,0.9294446856664863,0.9266215354326991,0,0.0,0.9916666666666667,0.926829268292683
partition,UNI_v2,391c0ff51027,fl,FedAvg,adam,0.0003,0.01,20,uniform,iid,raw,mlp,False,,0,0.9688889384269714,0.951993490642799,0.9482415996798286,0.9469492122154795,0.9442770192770193,0.9442770192770193,218.0,168,0.951993490642799,0.9482415996798286,0.9469492122154795,0,0.0,0.9916666666666667,0.9512195121951219
partition,UNI_v2,49b52c714b1e,fl,FedAvg,adam,0.0003,0.01,20,uniform,project_tss,raw,mlp,False,,1,0.597777783870697,0.5793327908868999,0.32325321975458876,0.2473903727618968,0.42758614284416807,0.42758614284416807,154.0,104,0.5793327908868999,0.32325321975458876,0.2473903727618968,0,0.0,0.0,0.0
partition,UNI_v2,4a091fa113ea,fl,FedAvg,adam,0.0003,0.01,20,uniform,institution,raw,mlp,False,,0,0.9555555582046509,0.9292107404393816,0.9041963232240432,0.8988633868502447,0.9199983000093674,0.9199983000093674,280.0,230,0.9292107404393816,0.9041963232240432,0.8988633868502447,0,0.0,0.9916666666666667,0.9024390243902439
partition,UNI_v2,578b82d76abb,fl,FedAvg,adam,0.0003,0.01,20,uniform,institution,raw,mlp,False,,1,0.9177777767181396,0.8942229454841334,0.8282992714367086,0.8368489206428917,0.8680337709420347,0.8680337709420347,156.0,106,0.8942229454841334,0.8282992714367086,0.8368489206428917,0,0.0,0.9916666666666667,0.7073170731707317
partition,UNI_v2,59663c2f428d,fl,FedAvg,adam,0.0003,0.01,20,uniform,labelskew_0.1,raw,mlp,False,,3,0.9733333587646484,0.9495524816924329,0.9365860070581797,0.9396412698143661,0.9399911576725762,0.9399911576725762,392.0,342,0.9495524816924329,0.9365860070581797,0.9396412698143661,0,0.0,0.9916666666666667,0.8536585365853658
partition,UNI_v2,687044bb3891,fl,FedAvg,adam,0.0003,0.01,20,uniform,labelskew_0.1,raw,mlp,False,,1,0.9666666984558105,0.935720097640358,0.9243270789120783,0.9224269589381672,0.9162971624443129,0.9162971624443129,396.0,346,0.935720097640358,0.9243270789120783,0.9224269589381672,0,0.0,0.9916666666666667,0.8780487804878049
partition,UNI_v2,6f65b1d777ff,fl,FedAvg,adam,0.0003,0.01,20,uniform,labelskew_0.1,raw,mlp,False,,0,0.9466667175292969,0.9080553295362083,0.8767059767155782,0.8902697224970777,0.8880773062114266,0.8880773062114266,248.0,198,0.9080553295362083,0.8767059767155782,0.8902697224970777,0,0.0,0.9916666666666667,0.7317073170731707
partition,UNI_v2,7b0295f89367,fl,FedAvg,adam,0.0003,0.01,20,uniform,labelskew_0.1,raw,mlp,False,,4,0.9600000381469727,0.935720097640358,0.9248805166017342,0.9245024541645646,0.9211452272199936,0.9211452272199936,276.0,226,0.935720097640358,0.9248805166017342,0.9245024541645646,0,0.0,0.9916666666666667,0.8536585365853658
partition,UNI_v2,7d4472d66823,fl,FedAvg,adam,0.0003,0.01,20,uniform,iid,raw,mlp,False,,1,0.9711111187934875,0.9568755085435313,0.9515592190907586,0.9519926542467613,0.9489569216983548,0.9489569216983548,267.0,217,0.9568755085435313,0.9515592190907586,0.9519926542467613,0,0.0,0.9916666666666667,0.9512195121951219
partition,UNI_v2,8b1b2b92d984,fl,FedAvg,adam,0.0003,0.01,20,uniform,project_tss,raw,mlp,False,,2,0.6422222256660461,0.6061838893409276,0.3588782550737697,0.3058700232769112,0.44188442802149963,0.44188442802149963,249.0,199,0.6061838893409276,0.3588782550737697,0.3059106950622118,1,0.0,0.0,0.0
partition,UNI_v2,9e49fd93ef6a,fl,FedAvg,adam,0.0003,0.01,20,uniform,labelskew_1.0,raw,mlp,False,,0,0.9711111187934875,0.9495524816924329,0.9417832209050262,0.9453759675454712,0.944928673783814,0.944928673783814,255.0,205,0.9495524816924329,0.9417832209050262,0.9453759675454712,0,0.0,0.9916666666666667,0.8780487804878049
partition,UNI_v2,a834bfc4d67a,fl,FedAvg,adam,0.0003,0.01,20,uniform,iid,raw,mlp,False,,3,0.9688889384269714,0.950366151342555,0.9449291619590423,0.9441172484539612,0.9463503022303645,0.9463503022303645,192.0,142,0.950366151342555,0.9449291619590423,0.9441172484539612,0,0.0,0.9916666666666667,0.9024390243902439
partition,UNI_v2,b22579d27294,fl,FedAvg,adam,0.0003,0.01,20,uniform,institution,raw,mlp,False,,2,0.9088889360427856,0.8803905614320586,0.7870503217924139,0.7711813321757641,0.8445721345053203,0.8445721345053203,133.0,83,0.8812042310821806,0.789272544014636,0.7730845869887978,1,-0.08136696501219731,0.9916666666666667,0.1951219512195122
partition,UNI_v2,b74a6d1eaeda,fl,FedAvg,adam,0.0003,0.01,20,uniform,institution,raw,mlp,False,,4,0.9111111164093018,0.8828315703824248,0.7842034618209239,0.7624154404209892,0.8480354580643924,0.8480354580643924,133.0,83,0.8828315703824248,0.7842034618209239,0.7624154404209892,0,0.0,0.9916666666666667,0.07317073170731707
partition,UNI_v2,cc0bcfba5a20,fl,FedAvg,adam,0.0003,0.01,20,uniform,project_tss,raw,mlp,False,,0,0.6333333253860474,0.6037428803905615,0.35422951545567355,0.30354898897771093,0.44157880310528286,0.44157880310528286,152.0,102,0.6037428803905615,0.35422951545567355,0.30354898897771093,0,0.0,0.0,0.0
partition,UNI_v2,cd1bd7bface1,fl,FedAvg,adam,0.0003,0.01,20,uniform,labelskew_0.1,raw,mlp,False,,2,0.9644444584846497,0.9454841334418226,0.9355134422419221,0.9373050550340785,0.9386367517231546,0.9386367517231546,374.0,324,0.9454841334418226,0.9355134422419221,0.9373050550340785,0,0.0,0.9916666666666667,0.8780487804878049
partition,UNI_v2,cd883408b0df,fl,FedAvg,adam,0.0003,0.01,20,uniform,labelskew_1.0,raw,mlp,False,,4,0.9666666984558105,0.9544344995931652,0.9521491681685048,0.9482704055257307,0.9526638268850107,0.9526638268850107,243.0,193,0.9544344995931652,0.9521491681685048,0.9482704055257307,0,0.0,0.9916666666666667,0.9512195121951219
partition,UNI_v2,d1101541ab8d,fl,FedAvg,adam,0.0003,0.01,20,uniform,labelskew_1.0,raw,mlp,False,,1,0.9733333587646484,0.9617575264442636,0.9560949978324944,0.9554200046022251,0.9538488438410557,0.9538488438410557,291.0,241,0.9617575264442636,0.9560949978324944,0.9554200046022251,0,0.0,0.9916666666666667,0.9512195121951219
partition,UNI_v2,e03e5fe5fef4,fl,FedAvg,adam,0.0003,0.01,20,uniform,iid,raw,mlp,False,,2,0.9688889384269714,0.9495524816924329,0.9415724382965716,0.94006763372071,0.9432401984193263,0.9432401984193263,206.0,156,0.9495524816924329,0.9415724382965716,0.94006763372071,0,0.0,0.9916666666666667,0.9024390243902439
partition,UNI_v2,f8aa5e162ff3,fl,FedAvg,adam,0.0003,0.01,20,uniform,project_tss,raw,mlp,False,,4,0.6088889241218567,0.5858421480878763,0.3503195434349158,0.2988175964453474,0.42404068182884386,0.42404068182884386,157.0,107,0.5858421480878763,0.3503195434349158,0.2988175964453474,0,0.0,0.0,0.0
partition,UNI_v2,f94a868f4393,fl,FedAvg,adam,0.0003,0.01,20,uniform,iid,raw,mlp,False,,4,0.9733333587646484,0.9552481692432873,0.9505690627395134,0.944304384146202,0.9479467630557974,0.9479467630557974,271.0,221,0.9552481692432873,0.9505690627395134,0.944304384146202,0,0.0,0.9916666666666667,0.9512195121951219
partition,UNI_v2,fed236300ac5,fl,FedAvg,adam,0.0003,0.01,20,uniform,labelskew_1.0,raw,mlp,False,,3,0.9688889384269714,0.9552481692432873,0.9556320071107175,0.9501501841488368,0.953993133899676,0.953993133899676,232.0,182,0.9552481692432873,0.9556320071107175,0.9501501841488368,0,0.0,0.9916666666666667,0.9512195121951219
partition,Virchow2,03d92a55b24e,fl,FedAvg,adam,0.0003,0.01,20,uniform,labelskew_0.1,raw,mlp,False,,2,0.9622222185134888,0.9332790886899919,0.9219022914865332,0.9194262012755561,0.9190774990496258,0.9190774990496258,300.0,250,0.9332790886899919,0.9219022914865332,0.9194262012755561,0,0.0,0.9833333333333333,0.8780487804878049
partition,Virchow2,08b7727c8dca,fl,FedAvg,adam,0.0003,0.01,20,uniform,project_tss,raw,mlp,False,,3,0.6200000047683716,0.6183889340927583,0.4004854984281513,0.3180676429380175,0.5080917236680477,0.5080917236680477,120.0,70,0.6183889340927583,0.4004854984281513,0.3180676429380175,0,0.0,0.0,0.0
partition,Virchow2,09017d48edef,fl,FedAvg,adam,0.0003,0.01,20,uniform,labelskew_0.1,raw,mlp,False,,1,0.9577777981758118,0.9267697314890154,0.9180969061380877,0.9127866626844123,0.9117872681557664,0.9117872681557664,300.0,250,0.9267697314890154,0.9180969061380877,0.9127866626844123,0,0.0,0.9833333333333333,0.8536585365853658
partition,Virchow2,0b429a0184d1,fl,FedAvg,adam,0.0003,0.01,20,uniform,labelskew_0.1,raw,mlp,False,,0,0.948888897895813,0.9259560618388935,0.9167861330444218,0.9138374529695139,0.9029939191832899,0.9029939191832899,244.0,194,0.9259560618388935,0.9167861330444218,0.9138374529695139,0,0.0,0.9916666666666667,0.9024390243902439
partition,Virchow2,10ef50de794c,fl,FedAvg,adam,0.0003,0.01,20,uniform,labelskew_0.1,raw,mlp,False,,3,0.9511111378669739,0.9202603742880391,0.9064599146396469,0.9045665538753234,0.8999634537962905,0.8999634537962905,222.0,172,0.9202603742880391,0.9064599146396469,0.9045665538753234,0,0.0,0.9833333333333333,0.8048780487804879
partition,Virchow2,1796eb719c64,fl,FedAvg,adam,0.0003,0.01,20,uniform,institution,raw,mlp,False,,2,0.9511111378669739,0.919446704637917,0.8910333713028707,0.8818953334985222,0.9153374802028632,0.9153374802028632,270.0,220,0.919446704637917,0.8910333713028707,0.8818953334985222,0,0.0,0.975,0.7317073170731707
partition,Virchow2,1df07d87228d,fl,FedAvg,adam,0.0003,0.01,20,uniform,labelskew_1.0,raw,mlp,False,,0,0.9555555582046509,0.9283970707892596,0.9229775006289938,0.9117077981747743,0.9085923984288471,0.9085923984288471,157.0,107,0.9283970707892596,0.9229775006289938,0.9117077981747743,0,0.0,0.9916666666666667,0.926829268292683
partition,Virchow2,2a663b6cd599,fl,FedAvg,adam,0.0003,0.01,20,uniform,labelskew_1.0,raw,mlp,False,,2,0.9666666984558105,0.9438567941415785,0.9439077465014863,0.9319944653587372,0.93239143457212,0.93239143457212,312.0,262,0.9438567941415785,0.9439077465014863,0.9319944653587372,0,0.0,0.9916666666666667,0.975609756097561
partition,Virchow2,3a4b509acb53,fl,FedAvg,adam,0.0003,0.01,20,uniform,labelskew_1.0,raw,mlp,False,,4,0.9666666984558105,0.9454841334418226,0.9403647119504919,0.9363469459206376,0.9338767497646002,0.9338767497646002,274.0,224,0.9454841334418226,0.9403647119504919,0.9363469459206376,0,0.0,0.9916666666666667,0.9512195121951219
partition,Virchow2,430defd9a709,fl,FedAvg,adam,0.0003,0.01,20,uniform,institution,raw,mlp,False,,4,0.9222222566604614,0.887713588283157,0.7906608660050858,0.7676356258303333,0.8623137064213471,0.8623137064213471,162.0,112,0.887713588283157,0.7906608660050858,0.7676356258303333,0,0.0,0.9916666666666667,0.0
partition,Virchow2,4a37aac21d8e,fl,FedAvg,adam,0.0003,0.01,20,uniform,project_tss,raw,mlp,False,,0,0.6422222256660461,0.6411716842961758,0.4254690107679097,0.3337431235519015,0.530573263200005,0.530573263200005,100.0,36,0.6411716842961758,0.4254690107679097,0.3337431235519015,0,0.0,0.0,0.0
partition,Virchow2,4efa839b8f31,fl,FedAvg,adam,0.0003,0.01,20,uniform,project_tss,raw,mlp,False,,1,0.6311111450195312,0.6045565500406835,0.36421462957673145,0.3195600346413212,0.4413814627464228,0.4413814627464228,185.0,135,0.6045565500406835,0.36421462957673145,0.3195600346413212,0,0.0,0.0,0.0
partition,Virchow2,51f84de94423,fl,FedAvg,adam,0.0003,0.01,20,uniform,labelskew_1.0,raw,mlp,False,,1,0.9577777981758118,0.9438567941415785,0.9413638148403649,0.9324999200731773,0.9363784853660245,0.9363784853660245,187.0,137,0.9438567941415785,0.9413638148403649,0.9324999200731773,0,0.0,0.9916666666666667,0.9512195121951219
partition,Virchow2,6097e726f9c2,fl,FedAvg,adam,0.0003,0.01,20,uniform,institution,raw,mlp,False,,0,0.9511111378669739,0.9210740439381611,0.8967029750411347,0.8969570659363324,0.9187884612628785,0.9187884612628785,272.0,222,0.9210740439381611,0.8967029750411347,0.8969570659363324,0,0.0,0.9916666666666667,0.8292682926829268
partition,Virchow2,61579cd9511c,fl,FedAvg,adam,0.0003,0.01,20,uniform,iid,raw,mlp,False,,0,0.9622222185134888,0.9422294548413345,0.9363157362913823,0.9307384876208213,0.9365184313782445,0.9365184313782445,202.0,152,0.9422294548413345,0.9363157362913823,0.9307384876208213,0,0.0,0.9916666666666667,0.9512195121951219
partition,Virchow2,6345923a6f98,fl,FedAvg,adam,0.0003,0.01,20,uniform,iid,raw,mlp,False,,2,0.9600000381469727,0.935720097640358,0.9327817324163045,0.9255901375154044,0.9303684806021255,0.9303684806021255,193.0,143,0.935720097640358,0.9327817324163045,0.9255901375154044,0,0.0,0.9916666666666667,0.975609756097561
partition,Virchow2,668bc9a8654b,fl,FedAvg,adam,0.0003,0.01,20,uniform,iid,raw,mlp,False,,3,0.9666666984558105,0.9381611065907242,0.9327373050798909,0.924433053112797,0.9310851675727065,0.9310851675727065,260.0,210,0.9381611065907242,0.9327373050798909,0.924433053112797,0,0.0,0.9916666666666667,0.975609756097561
partition,Virchow2,7b9bc7ca851e,fl,FedAvg,adam,0.0003,0.01,20,uniform,institution,raw,mlp,False,,1,0.948888897895813,0.903173311635476,0.8516146882076947,0.851234042339637,0.8863398763976729,0.8863398763976729,187.0,137,0.903173311635476,0.8516146882076947,0.851234042339637,0,0.0,0.9833333333333333,0.5365853658536586
partition,Virchow2,7d3a47a0fa44,fl,FedAvg,adam,0.0003,0.01,20,uniform,project_tss,raw,mlp,False,,4,0.6577777862548828,0.6379170056956875,0.40543962585450916,0.3337840532218748,0.5161544481248531,0.5161544481248531,166.0,116,0.6379170056956875,0.40543962585450916,0.3337840532218748,0,0.0,0.0,0.0
partition,Virchow2,a20d37334f5a,fl,FedAvg,adam,0.0003,0.01,20,uniform,iid,raw,mlp,False,,4,0.9644444584846497,0.935720097640358,0.9303837894448874,0.9235063486184268,0.9272504426976472,0.9272504426976472,213.0,163,0.935720097640358,0.9303837894448874,0.9235063486184268,0,0.0,0.9916666666666667,0.975609756097561
partition,Virchow2,bc986fb4f050,fl,FedAvg,adam,0.0003,0.01,20,uniform,project_tss,raw,mlp,False,,2,0.644444465637207,0.6257119609438568,0.36817305069731354,0.30676008791258025,0.44729534665874904,0.44729534665874904,265.0,215,0.6257119609438568,0.36817305069731354,0.30676008791258025,0,0.0,0.0,0.0
partition,Virchow2,c29e80c767b2,fl,FedAvg,adam,0.0003,0.01,20,uniform,labelskew_1.0,raw,mlp,False,,3,0.9666666984558105,0.9462978030919447,0.940184593350301,0.93440608269466,0.9364342001024244,0.9364342001024244,275.0,225,0.9462978030919447,0.940184593350301,0.93440608269466,0,0.0,0.9916666666666667,0.975609756097561
partition,Virchow2,d49754a249b0,fl,FedAvg,adam,0.0003,0.01,20,uniform,labelskew_0.1,raw,mlp,False,,4,0.9111111164093018,0.8950366151342555,0.878002829656431,0.8694115321465637,0.8724014022841523,0.8724014022841523,125.0,75,0.8950366151342555,0.878002829656431,0.8694115321465637,0,0.0,0.8833333333333333,0.8780487804878049
partition,Virchow2,d7f272795204,fl,FedAvg,adam,0.0003,0.01,20,uniform,iid,raw,mlp,False,,1,0.9644444584846497,0.9406021155410903,0.9362902205024837,0.9273148774806239,0.9342316288188565,0.9342316288188565,267.0,217,0.9406021155410903,0.9362902205024837,0.9273148774806239,0,0.0,0.9916666666666667,0.975609756097561
partition,Virchow2,e9bb1daa56a1,fl,FedAvg,adam,0.0003,0.01,20,uniform,institution,raw,mlp,False,,3,0.9422222375869751,0.9064279902359642,0.874787196326761,0.8719415358430572,0.8978082712772826,0.8978082712772826,177.0,127,0.9064279902359642,0.874787196326761,0.8719415358430572,0,0.0,0.9916666666666667,0.8048780487804879
partition_bnref,Conch_v15,11be61fad0ff,fl,FedAvgBN,sgd,0.1,0.01,20,uniform,institution_all,raw,mlp,False,,2,0.9666666984558105,0.934092758340114,0.8992002498255481,0.9083020241565962,0.9285459268124057,0.9307703240058772,204.0,154,0.934092758340114,0.8992002498255481,0.9083020241565962,0,0.0,0.9916666666666667,0.9024390243902439
partition_bnref,Conch_v15,25e71cf0fd2e,fl,FedAvgBN,adam,0.0003,0.01,20,uniform,institution_all,raw,mlp,False,,2,0.9466667175292969,0.9251423921887714,0.8888456662685453,0.9006543892577307,0.9104525880263438,0.9240446501990802,100.0,31,0.9251423921887714,0.8888456662685453,0.9006543892577307,0,0.0,0.9916666666666667,0.8780487804878049
partition_bnref,Conch_v15,5033b4be0d10,fl,FedAvgBN,sgd,0.1,0.01,20,uniform,institution_all,raw,mlp,False,,4,0.9711111187934875,0.9389747762408462,0.9160446443893591,0.9195858558823813,0.9342368170813634,0.9405314486746225,122.0,72,0.9389747762408462,0.9160446443893591,0.9195858558823813,0,0.0,0.9916666666666667,0.9024390243902439
partition_bnref,Conch_v15,535fe0553810,fl,FedAvgBN,sgd,0.1,0.01,20,uniform,institution_all,raw,mlp,False,,1,0.9622222185134888,0.9283970707892596,0.8851495947183907,0.8979841626991677,0.9090464887993173,0.9100362675722867,120.0,70,0.9283970707892596,0.8851495947183907,0.8979841626991677,0,0.0,0.9916666666666667,0.8536585365853658
partition_bnref,Conch_v15,5d4dde3a6498,fl,FedAvgBN,adam,0.0003,0.01,20,uniform,institution_all,raw,mlp,False,,0,0.9533333778381348,0.9316517493897477,0.8937462417476907,0.9076890629402716,0.9209825550594261,0.929956167132495,130.0,80,0.9316517493897477,0.8937462417476907,0.9076890629402716,0,0.0,0.9916666666666667,0.8536585365853658
partition_bnref,Conch_v15,6e452cf61653,fl,FedAvgBN,sgd,0.03,0.01,20,uniform,institution_all,raw,mlp,False,,2,0.9555555582046509,0.9259560618388935,0.8850175473801362,0.8998398177098355,0.916663660603241,0.918115337619663,100.0,39,0.9259560618388935,0.8850175473801362,0.8998398177098355,0,0.0,0.9916666666666667,0.8536585365853658
partition_bnref,Conch_v15,7b6610009373,fl,FedAvgBN,sgd,0.03,0.01,20,uniform,institution_all,raw,mlp,False,,3,0.9577777981758118,0.9300244100895037,0.9088225538801338,0.9149388227379929,0.9332641399052238,0.9426735248701218,100.0,26,0.9300244100895037,0.9088225538801338,0.9149388227379929,0,0.0,0.9916666666666667,0.926829268292683
partition_bnref,Conch_v15,7d4dffeb5642,fl,FedAvgBN,adam,0.0003,0.01,20,uniform,institution_all,raw,mlp,False,,4,0.9577777981758118,0.9251423921887714,0.8777516214852417,0.890420950612377,0.9106921106628254,0.9111024682504403,100.0,36,0.9251423921887714,0.8777516214852417,0.890420950612377,0,0.0,0.9916666666666667,0.8048780487804879
partition_bnref,Conch_v15,849ace306bf7,fl,FedAvgBN,sgd,0.03,0.01,20,uniform,institution_all,raw,mlp,False,,0,0.9711111187934875,0.9275834011391375,0.8913505139100675,0.9038006630563429,0.9090820879126338,0.9227417460301027,140.0,90,0.9275834011391375,0.8913505139100675,0.9038006630563429,0,0.0,0.9916666666666667,0.8536585365853658
partition_bnref,Conch_v15,a801e5324816,fl,FedAvgBN,sgd,0.1,0.01,20,uniform,institution_all,raw,mlp,False,,3,0.9577777981758118,0.9267697314890154,0.9075894058063871,0.911861537012671,0.9303475013028035,0.9415473060691092,100.0,34,0.9267697314890154,0.9075894058063871,0.911861537012671,0,0.0,0.9916666666666667,0.926829268292683
partition_bnref,Conch_v15,be2c988e972e,fl,FedAvgBN,sgd,0.03,0.01,20,uniform,institution_all,raw,mlp,False,,1,0.9644444584846497,0.9349064279902359,0.8947739319887975,0.9088985479759626,0.9167830116571714,0.9145569591201634,148.0,98,0.9349064279902359,0.8947739319887975,0.9088985479759626,0,0.0,0.9916666666666667,0.8780487804878049
partition_bnref,Conch_v15,ecbbda7710f4,fl,FedAvgBN,adam,0.0003,0.01,20,uniform,institution_all,raw,mlp,False,,3,0.9555555582046509,0.9316517493897477,0.8926844093444571,0.9053980769296162,0.9140197112232974,0.9197024277617939,125.0,75,0.9316517493897477,0.8926844093444571,0.9053980769296162,0,0.0,0.9916666666666667,0.9024390243902439
partition_bnref,Conch_v15,f15bbbea0b44,fl,FedAvgBN,sgd,0.03,0.01,20,uniform,institution_all,raw,mlp,False,,4,0.9666666984558105,0.9389747762408462,0.9113802337772786,0.918838089448405,0.9338811979050361,0.941994622336872,122.0,72,0.9389747762408462,0.9113802337772786,0.918838089448405,0,0.0,0.9916666666666667,0.9024390243902439
partition_bnref,Conch_v15,f45633f1995e,fl,FedAvgBN,adam,0.0003,0.01,20,uniform,institution_all,raw,mlp,False,,1,0.9511111378669739,0.9275834011391375,0.8711744949777162,0.8958099797949105,0.901052734844723,0.9078429716364402,150.0,100,0.9275834011391375,0.8711744949777162,0.8958099797949105,0,0.0,1.0,0.8048780487804879
partition_bnref,Conch_v15,f6ba07c5cc76,fl,FedAvgBN,sgd,0.1,0.01,20,uniform,institution_all,raw,mlp,False,,0,0.9622222185134888,0.9324654190398698,0.9110274066937875,0.9162777001005389,0.9300901845194305,0.9498057413776515,117.0,67,0.9324654190398698,0.9110274066937875,0.9162777001005389,0,0.0,0.9916666666666667,0.9024390243902439
partition_bnref,Phikon_v2,122c953805c4,fl,FedAvgBN,adam,0.0003,0.01,20,uniform,institution_all,raw,mlp,False,,3,0.948888897895813,0.9096826688364524,0.854040396913083,0.8748014757174544,0.88465105705096,0.8695490245286903,156.0,106,0.9096826688364524,0.854040396913083,0.8748014757174544,0,0.0,0.9833333333333333,0.5365853658536586
partition_bnref,Phikon_v2,18cbf56986e8,fl,FedAvgBN,sgd,0.03,0.01,20,uniform,institution_all,raw,mlp,False,,4,0.9622222185134888,0.9438567941415785,0.9109134339719507,0.9206821157513555,0.9306343385155351,0.9130474393762623,127.0,77,0.9438567941415785,0.9109134339719507,0.9206821157513555,0,0.0,0.9916666666666667,0.7317073170731707
partition_bnref,Phikon_v2,37b8d7f51fe5,fl,FedAvgBN,sgd,0.03,0.01,20,uniform,institution_all,raw,mlp,False,,0,0.9644444584846497,0.9300244100895037,0.8865740769584256,0.9035773645483219,0.9028201688002476,0.8837029782212963,140.0,90,0.9300244100895037,0.8865740769584256,0.9035773645483219,0,0.0,0.975,0.7317073170731707
partition_bnref,Phikon_v2,665ee8d62c7e,fl,FedAvgBN,sgd,0.03,0.01,20,uniform,institution_all,raw,mlp,False,,1,0.9622222185134888,0.9308380797396257,0.8738044396091871,0.892814462223368,0.9026181929752187,0.8805267762413523,147.0,97,0.9308380797396257,0.8738044396091871,0.892814462223368,0,0.0,1.0,0.7317073170731707
partition_bnref,Phikon_v2,93add21cd650,fl,FedAvgBN,sgd,0.03,0.01,20,uniform,institution_all,raw,mlp,False,,3,0.9711111187934875,0.9406021155410903,0.8963062963174296,0.9123567531862586,0.9224973100505974,0.9037916907940421,125.0,75,0.9406021155410903,0.8963062963174296,0.9123567531862586,0,0.0,0.9916666666666667,0.7560975609756098
partition_bnref,Phikon_v2,9a78237d11b5,fl,FedAvgBN,sgd,0.1,0.01,20,uniform,institution_all,raw,mlp,False,,3,0.9688889384269714,0.934092758340114,0.889189698005731,0.9028720451289891,0.9112589786286295,0.8894365115808031,126.0,76,0.934092758340114,0.889189698005731,0.9028720451289891,0,0.0,0.9916666666666667,0.8536585365853658
partition_bnref,Phikon_v2,9e27c84b1155,fl,FedAvgBN,sgd,0.1,0.01,20,uniform,institution_all,raw,mlp,False,,0,0.9666666984558105,0.9365337672904801,0.8999838411923036,0.9110734366371176,0.913100636054782,0.9016286363045521,109.0,59,0.9365337672904801,0.8999838411923036,0.9110734366371176,0,0.0,1.0,0.9024390243902439
partition_bnref,Phikon_v2,a9673240c430,fl,FedAvgBN,adam,0.0003,0.01,20,uniform,institution_all,raw,mlp,False,,2,0.9355555772781372,0.8942229454841334,0.8236623422715377,0.8385903248440902,0.877013614794749,0.8392554048156419,116.0,66,0.8942229454841334,0.8236623422715377,0.8385903248440902,0,0.0,0.95,0.4634146341463415
partition_bnref,Phikon_v2,b02491e50458,fl,FedAvgBN,adam,0.0003,0.01,20,uniform,institution_all,raw,mlp,False,,1,0.897777795791626,0.8600488201790073,0.8472642524062661,0.8227637731100462,0.8537581701531392,0.828420845877866,100.0,21,0.8600488201790073,0.8472642524062661,0.8227637731100462,0,0.0,0.95,0.8048780487804879
partition_bnref,Phikon_v2,bda8b2ce3394,fl,FedAvgBN,sgd,0.1,0.01,20,uniform,institution_all,raw,mlp,False,,4,0.9733333587646484,0.9381611065907242,0.8948140011366112,0.9055027733012478,0.913532375156608,0.9016048952347865,129.0,79,0.9381611065907242,0.8948140011366112,0.9055027733012478,0,0.0,0.9916666666666667,0.8048780487804879
partition_bnref,Phikon_v2,c55b5b98a951,fl,FedAvgBN,adam,0.0003,0.01,20,uniform,institution_all,raw,mlp,False,,0,0.944444477558136,0.919446704637917,0.8513844649545251,0.8683892451247569,0.8924757720522749,0.8580068656637195,124.0,74,0.919446704637917,0.8513844649545251,0.8683892451247569,0,0.0,0.9916666666666667,0.6341463414634146
partition_bnref,Phikon_v2,caea8fc98849,fl,FedAvgBN,sgd,0.1,0.01,20,uniform,institution_all,raw,mlp,False,,2,0.9711111187934875,0.9454841334418226,0.8978246830992069,0.9054834759017402,0.9170225458319728,0.9015403065745101,100.0,42,0.9454841334418226,0.8978246830992069,0.9054834759017402,0,0.0,0.9916666666666667,0.5121951219512195
partition_bnref,Phikon_v2,d78c65f313c4,fl,FedAvgBN,sgd,0.1,0.01,20,uniform,institution_all,raw,mlp,False,,1,0.9600000381469727,0.9349064279902359,0.8784971745510652,0.8888098939426669,0.9104162488667877,0.8827831623147538,125.0,75,0.9349064279902359,0.8784971745510652,0.8888098939426669,0,0.0,0.9916666666666667,0.6341463414634146
partition_bnref,Phikon_v2,fd7da9fa0185,fl,FedAvgBN,adam,0.0003,0.01,20,uniform,institution_all,raw,mlp,False,,4,0.8955555558204651,0.8673718470301057,0.8278531373840708,0.8328098688124929,0.8726694021323853,0.8469749843663552,100.0,39,0.869812855980472,0.8322595173257326,0.8369778280147959,3,-0.24410089503662524,0.9666666666666667,0.5365853658536586
partition_bnref,Phikon_v2,fde6f3b80c9d,fl,FedAvgBN,sgd,0.03,0.01,20,uniform,institution_all,raw,mlp,False,,2,0.9688889384269714,0.9300244100895037,0.8631201401970707,0.8827670399822773,0.8986759110734354,0.8698492893820666,152.0,102,0.9300244100895037,0.8631201401970707,0.8827670399822773,0,0.0,1.0,0.5365853658536586
partition_bnref,UNI_v2,00ad0f3054ee,fl,FedAvgBN,adam,0.0003,0.01,20,uniform,institution_all,raw,mlp,False,,1,0.948888897895813,0.9259560618388935,0.8623209459069308,0.8796172510367325,0.9027610266743463,0.8873636255212163,154.0,104,0.9259560618388935,0.8623209459069308,0.8796172510367325,0,0.0,0.9916666666666667,0.7317073170731707
partition_bnref,UNI_v2,4bc380c81ccb,fl,FedAvgBN,sgd,0.03,0.01,20,uniform,institution_all,raw,mlp,False,,2,0.9666666984558105,0.9446704637917006,0.9156456714492784,0.9206546203709188,0.937203103974296,0.9442253521411026,101.0,51,0.9446704637917006,0.9156456714492784,0.9206546203709188,0,0.0,0.9916666666666667,0.8780487804878049
partition_bnref,UNI_v2,539c00fb9a1d,fl,FedAvgBN,sgd,0.03,0.01,20,uniform,institution_all,raw,mlp,False,,4,0.9711111187934875,0.9438567941415785,0.9135210001302502,0.9241747656002472,0.9395619629530927,0.9339564457326152,162.0,112,0.9438567941415785,0.9135210001302502,0.9241747656002472,0,0.0,0.9916666666666667,0.8780487804878049
partition_bnref,UNI_v2,5763f61ab43c,fl,FedAvgBN,sgd,0.03,0.01,20,uniform,institution_all,raw,mlp,False,,3,0.9711111187934875,0.9446704637917006,0.9211833651765071,0.9327804374822782,0.9388559351053203,0.9380119359388972,139.0,89,0.9446704637917006,0.9211833651765071,0.9327804374822782,0,0.0,0.9916666666666667,0.926829268292683
partition_bnref,UNI_v2,5814a9c62f0e,fl,FedAvgBN,adam,0.0003,0.01,20,uniform,institution_all,raw,mlp,False,,3,0.9555555582046509,0.9251423921887714,0.879576896629169,0.8935208319814397,0.9106831421157003,0.9045431943411741,100.0,48,0.9251423921887714,0.879576896629169,0.8935208319814397,0,0.0,0.9916666666666667,0.8536585365853658
partition_bnref,UNI_v2,6497373a9c9a,fl,FedAvgBN,adam,0.0003,0.01,20,uniform,institution_all,raw,mlp,False,,4,0.9377778172492981,0.9186330349877949,0.840364524366803,0.856442061636362,0.8868540909891413,0.8668929821828644,137.0,87,0.9186330349877949,0.840364524366803,0.856442061636362,0,0.0,0.9916666666666667,0.5121951219512195
partition_bnref,UNI_v2,80ead39f0a30,fl,FedAvgBN,sgd,0.1,0.01,20,uniform,institution_all,raw,mlp,False,,1,0.9644444584846497,0.9430431244914564,0.9264130113417216,0.9290587230349215,0.9450888672887913,0.9507266206619679,115.0,65,0.9430431244914564,0.9264130113417216,0.9290587230349215,0,0.0,0.9916666666666667,0.975609756097561
partition_bnref,UNI_v2,81f4bc33d694,fl,FedAvgBN,sgd,0.03,0.01,20,uniform,institution_all,raw,mlp,False,,1,0.9711111187934875,0.9479251423921887,0.9120250053491787,0.9195548318113355,0.9394153387799886,0.9296649709578314,218.0,168,0.9479251423921887,0.9120250053491787,0.9195548318113355,0,0.0,0.9916666666666667,0.9024390243902439
partition_bnref,UNI_v2,8d8769ff2d86,fl,FedAvgBN,sgd,0.1,0.01,20,uniform,institution_all,raw,mlp,False,,3,0.9711111187934875,0.951993490642799,0.9262714108806414,0.9330240779930752,0.9475850060228648,0.9431608133645624,177.0,127,0.951993490642799,0.9262714108806414,0.9330240779930752,0,0.0,0.9916666666666667,0.9512195121951219
partition_bnref,UNI_v2,b81e98e6a583,fl,FedAvgBN,adam,0.0003,0.01,20,uniform,institution_all,raw,mlp,False,,0,0.9511111378669739,0.9267697314890154,0.8618293905199086,0.8818960005860831,0.9033906081753552,0.8807645441346691,158.0,108,0.9267697314890154,0.8618293905199086,0.8818960005860831,0,0.0,0.9916666666666667,0.7073170731707317
partition_bnref,UNI_v2,bec74543ae06,fl,FedAvgBN,sgd,0.1,0.01,20,uniform,institution_all,raw,mlp,False,,0,0.9666666984558105,0.9406021155410903,0.9001011835230313,0.9152465236899611,0.930277379006679,0.9182688224283769,161.0,111,0.9406021155410903,0.9001011835230313,0.9152465236899611,0,0.0,0.9916666666666667,0.8536585365853658
partition_bnref,UNI_v2,ccc13c46be5a,fl,FedAvgBN,sgd,0.1,0.01,20,uniform,institution_all,raw,mlp,False,,2,0.9733333587646484,0.950366151342555,0.9244767495400017,0.9314671942133477,0.9432517311288422,0.9421156199051581,197.0,147,0.950366151342555,0.9244767495400017,0.9314671942133477,0,0.0,0.9916666666666667,0.926829268292683
partition_bnref,UNI_v2,cd1cb9a52d46,fl,FedAvgBN,adam,0.0003,0.01,20,uniform,institution_all,raw,mlp,False,,2,0.9555555582046509,0.9373474369406021,0.8827473495399194,0.9009767739938622,0.9164603902445904,0.9107260986645307,215.0,165,0.9373474369406021,0.8827473495399194,0.9009767739938622,0,0.0,0.9916666666666667,0.7560975609756098
partition_bnref,UNI_v2,e87928156c6a,fl,FedAvgBN,sgd,0.1,0.01,20,uniform,institution_all,raw,mlp,False,,4,0.9644444584846497,0.9349064279902359,0.8826502850634503,0.8947036023799604,0.9176523924843321,0.9026629179996111,127.0,77,0.9349064279902359,0.8826502850634503,0.8947036023799604,0,0.0,0.9916666666666667,0.5853658536585366
partition_bnref,UNI_v2,ea0835501729,fl,FedAvgBN,sgd,0.03,0.01,20,uniform,institution_all,raw,mlp,False,,0,0.9688889384269714,0.9446704637917006,0.8930880102376008,0.90674079893641,0.9299243456318388,0.9129487755196869,185.0,135,0.9446704637917006,0.8930880102376008,0.90674079893641,0,0.0,0.9916666666666667,0.7073170731707317
partition_bnref,Virchow2,288cf3b4c43f,fl,FedAvgBN,sgd,0.1,0.01,20,uniform,institution_all,raw,mlp,False,,3,0.9688889384269714,0.9446704637917006,0.9219420931098514,0.9293092525151323,0.948039662708051,0.9493389073942351,178.0,128,0.9446704637917006,0.9219420931098514,0.9293092525151323,0,0.0,0.9916666666666667,0.8780487804878049
partition_bnref,Virchow2,2e2e7b8e95a6,fl,FedAvgBN,sgd,0.03,0.01,20,uniform,institution_all,raw,mlp,False,,1,0.9688889384269714,0.9462978030919447,0.9182309001165618,0.9283221957623771,0.9449947123889573,0.9417152148598178,137.0,87,0.9462978030919447,0.9182309001165618,0.9283221957623771,0,0.0,0.9916666666666667,0.8292682926829268
partition_bnref,Virchow2,3687a17254c4,fl,FedAvgBN,adam,0.0003,0.01,20,uniform,institution_all,raw,mlp,False,,4,0.9466667175292969,0.9381611065907242,0.8908443003386104,0.9033999178646653,0.9273160263072276,0.9197921391187944,100.0,35,0.9381611065907242,0.8908443003386104,0.9033999178646653,0,0.0,0.9916666666666667,0.7560975609756098
partition_bnref,Virchow2,3e431d73ee70,fl,FedAvgBN,sgd,0.1,0.01,20,uniform,institution_all,raw,mlp,False,,0,0.9666666984558105,0.9495524816924329,0.9270799339035045,0.9344580611394111,0.9450599508887754,0.947720692697268,159.0,109,0.9495524816924329,0.9270799339035045,0.9344580611394111,0,0.0,0.9916666666666667,0.9024390243902439
partition_bnref,Virchow2,49a53c249f7b,fl,FedAvgBN,adam,0.0003,0.01,20,uniform,institution_all,raw,mlp,False,,3,0.9644444584846497,0.9414157851912124,0.9110055779829226,0.9205179673057935,0.925402821068094,0.9302361678396976,100.0,49,0.9414157851912124,0.9110055779829226,0.9205179673057935,0,0.0,1.0,0.8536585365853658
partition_bnref,Virchow2,54ee50de45df,fl,FedAvgBN,sgd,0.1,0.01,20,uniform,institution_all,raw,mlp,False,,2,0.9622222185134888,0.951179820992677,0.9264548282196405,0.9325469302703877,0.9485029123154091,0.9469819375273021,133.0,83,0.951179820992677,0.9264548282196405,0.9325469302703877,0,0.0,0.9916666666666667,0.9024390243902439
partition_bnref,Virchow2,62ca84ae775b,fl,FedAvgBN,sgd,0.1,0.01,20,uniform,institution_all,raw,mlp,False,,4,0.9688889384269714,0.9454841334418226,0.9144819618475639,0.9235262299017362,0.9404363722120731,0.9378265938602621,145.0,95,0.9454841334418226,0.9144819618475639,0.9235262299017362,0,0.0,0.9916666666666667,0.8536585365853658
partition_bnref,Virchow2,8284a0fa5e83,fl,FedAvgBN,sgd,0.03,0.01,20,uniform,institution_all,raw,mlp,False,,3,0.9711111187934875,0.9471114727420668,0.9210123969069289,0.9285916638687772,0.9394974376549226,0.9357234468534164,148.0,98,0.9471114727420668,0.9210123969069289,0.9285916638687772,0,0.0,0.9916666666666667,0.9024390243902439
partition_bnref,Virchow2,9228996bac7c,fl,FedAvgBN,adam,0.0003,0.01,20,uniform,institution_all,raw,mlp,False,,0,0.9666666984558105,0.9422294548413345,0.914100951192249,0.9244102302202138,0.9354299578865081,0.9347176264266243,138.0,88,0.9422294548413345,0.914100951192249,0.9244102302202138,0,0.0,0.9833333333333333,0.9024390243902439
partition_bnref,Virchow2,a5bc243c48e2,fl,FedAvgBN,sgd,0.03,0.01,20,uniform,institution_all,raw,mlp,False,,4,0.9666666984558105,0.9430431244914564,0.913740097045555,0.922580847543198,0.9431449654854996,0.9404615483516005,130.0,80,0.9430431244914564,0.913740097045555,0.922580847543198,0,0.0,0.9833333333333333,0.8292682926829268
partition_bnref,Virchow2,a7dd8016c5d8,fl,FedAvgBN,sgd,0.03,0.01,20,uniform,institution_all,raw,mlp,False,,2,0.9711111187934875,0.9528071602929211,0.9296942233857336,0.9389252975286492,0.9485048656777628,0.9484727897593206,178.0,128,0.9528071602929211,0.9296942233857336,0.9389252975286492,0,0.0,0.9916666666666667,0.8780487804878049
partition_bnref,Virchow2,ae8c8dcff732,fl,FedAvgBN,adam,0.0003,0.01,20,uniform,institution_all,raw,mlp,False,,1,0.9577777981758118,0.9422294548413345,0.8980294632353564,0.9129233084417917,0.921352585686466,0.9167168648552481,124.0,74,0.9422294548413345,0.8980294632353564,0.9129233084417917,0,0.0,0.9916666666666667,0.8048780487804879
partition_bnref,Virchow2,b580ef4aa606,fl,FedAvgBN,adam,0.0003,0.01,20,uniform,institution_all,raw,mlp,False,,2,0.9555555582046509,0.9389747762408462,0.9045619845560052,0.9142530262051969,0.930587688986607,0.923041162382977,100.0,31,0.9389747762408462,0.9045619845560052,0.9142530262051969,0,0.0,0.975,0.9024390243902439
partition_bnref,Virchow2,d78c5eaa5c61,fl,FedAvgBN,sgd,0.03,0.01,20,uniform,institution_all,raw,mlp,False,,0,0.9733333587646484,0.9585028478437754,0.9414633438567999,0.9462724820733653,0.9545482670093264,0.9512532902388576,182.0,132,0.9585028478437754,0.9414633438567999,0.9462724820733653,0,0.0,0.9916666666666667,0.926829268292683
partition_bnref,Virchow2,fe188acf747b,fl,FedAvgBN,sgd,0.1,0.01,20,uniform,institution_all,raw,mlp,False,,1,0.9644444584846497,0.9454841334418226,0.920758854640505,0.927654264774893,0.9472884701229378,0.9464217331889236,160.0,110,0.9454841334418226,0.920758854640505,0.927654264774893,0,0.0,0.9916666666666667,0.8780487804878049
partition_fedbn,Conch_v15,1126163d3b4d,fl,FedAvg,adam,0.0003,0.01,20,uniform,institution_all,raw,mlp,False,,1,0.9422222375869751,0.9039869812855981,0.8699660371523251,0.8751302609521538,0.8972532179207816,0.9099647455296859,121.0,71,0.903173311635476,0.8693812418306877,0.8744594715366758,1,0.08136696501220841,0.9916666666666667,0.8292682926829268
partition_fedbn,Conch_v15,4087bb5f9b8d,fl,FedAvg,adam,0.0003,0.01,20,uniform,institution_all,raw,mlp,False,,0,0.9466667175292969,0.9137510170870626,0.8771594870121544,0.8844679736848685,0.9047844596787047,0.9148750279351351,206.0,156,0.9137510170870626,0.8771594870121544,0.8844679736848685,0,0.0,0.9916666666666667,0.8292682926829268
partition_fedbn,Conch_v15,4f6fddac8e6e,fl,FedBN,adam,0.0003,0.01,20,uniform,institution_all,raw,mlp,False,,0,0.578741380276375,0.6330349877949553,0.5038800684180438,0.5041826452239936,0.6394698561136357,0.5328672284652529,100.0,37,0.6330349877949553,0.5038800684180438,0.5041826452239936,0,0.0,0.8916666666666667,0.3170731707317073
partition_fedbn,Conch_v15,54062bf517a5,fl,FedBN,adam,0.0003,0.01,20,uniform,institution_all,raw,mlp,False,,3,0.7579089478135077,0.7062652563059398,0.609725418849409,0.6066976857407604,0.7418128430462756,0.7434548798325034,100.0,5,0.7062652563059398,0.609725418849409,0.6066976857407604,0,0.0,0.975,0.2926829268292683
partition_fedbn,Conch_v15,5ffa93fb6cee,fl,FedBN,adam,0.0003,0.01,20,uniform,institution_all,raw,mlp,False,,4,0.6541493214769991,0.611879576891782,0.5483707143518506,0.5251549080608465,0.7016113555403506,0.6304783401717994,100.0,19,0.611879576891782,0.5483707143518506,0.5251549080608465,0,0.0,0.9416666666666667,0.1951219512195122
partition_fedbn,Conch_v15,81deb06e78f2,fl,FedBN,adam,0.0003,0.01,20,uniform,institution_all,raw,mlp,False,,2,0.5956688269705237,0.646053702196908,0.4553265462798971,0.45213470778459897,0.6207542020555171,0.5532642010987876,100.0,13,0.646053702196908,0.4553265462798971,0.45213470778459897,0,0.0,0.7916666666666666,0.0
partition_fedbn,Conch_v15,8a19854f477d,fl,FedAvg,adam,0.0003,0.01,20,uniform,institution_all,raw,mlp,False,,3,0.9422222375869751,0.9096826688364524,0.87800059365394,0.8888600277264105,0.8987037757430718,0.905677947630871,138.0,88,0.9096826688364524,0.87800059365394,0.8888600277264105,0,0.0,0.9916666666666667,0.8292682926829268
partition_fedbn,Conch_v15,90261200b1ee,fl,FedAvg,adam,0.0003,0.01,20,uniform,institution_all,raw,mlp,False,,4,0.944444477558136,0.9178193653376729,0.8815822653596019,0.8866158131653482,0.9112187527897431,0.9151026241396577,162.0,112,0.9178193653376729,0.8815822653596019,0.8866158131653482,0,0.0,0.9916666666666667,0.7804878048780488
partition_fedbn,Conch_v15,af39291c7e4f,fl,FedBN,adam,0.0003,0.01,20,uniform,institution_all,raw,mlp,False,,1,0.6944843958523704,0.7404393816110659,0.5758476636450298,0.5448509326549359,0.7116657708304144,0.6683182922706099,100.0,10,0.7404393816110659,0.5758476636450298,0.5448509326549359,0,0.0,0.8916666666666667,0.0
partition_fedbn,Conch_v15,d19ecf943b8f,fl,FedAvg,adam,0.0003,0.01,20,uniform,institution_all,raw,mlp,False,,2,0.944444477558136,0.9048006509357202,0.869213885466969,0.8674922437027394,0.9073012438109448,0.9198536278449039,159.0,109,0.9048006509357202,0.869213885466969,0.8674922437027394,0,0.0,0.9833333333333333,0.8292682926829268
partition_fedbn,Phikon_v2,08fde91de0bf,fl,FedAvg,adam,0.0003,0.01,20,uniform,institution_all,raw,mlp,False,,4,0.9577777981758118,0.9292107404393816,0.8886618751489174,0.9012499498059915,0.9200674469755467,0.9126709714449092,133.0,83,0.9300244100895037,0.8908840973711397,0.9031104994599642,1,-0.08136696501220841,0.9333333333333333,0.6341463414634146
partition_fedbn,Phikon_v2,15a38c4c5c6c,fl,FedBN,adam,0.0003,0.01,20,uniform,institution_all,raw,mlp,False,,4,0.5028181783725021,0.6631407648494712,0.5845131961487853,0.5780002371816018,0.6237113796468334,0.47586007194697527,100.0,45,0.6631407648494712,0.5845131961487853,0.5780002371816018,0,0.0,0.6,0.24390243902439024
partition_fedbn,Phikon_v2,2c57b679e7af,fl,FedBN,adam,0.0003,0.01,20,uniform,institution_all,raw,mlp,False,,2,0.5514098673355879,0.692432872253865,0.6281019451909826,0.6497888639803983,0.6720556416623261,0.5104110191184118,100.0,27,0.692432872253865,0.6281019451909826,0.6497888639803983,0,0.0,0.625,0.34146341463414637
partition_fedbn,Phikon_v2,3fe223d94937,fl,FedAvg,adam,0.0003,0.01,20,uniform,institution_all,raw,mlp,False,,3,0.9688889384269714,0.951179820992677,0.9391409638945984,0.9425013760937895,0.9445138958768242,0.9535975534855367,153.0,103,0.951179820992677,0.9391409638945984,0.9425013760937895,0,0.0,0.9583333333333334,0.8780487804878049
partition_fedbn,Phikon_v2,6d5c48fb81ca,fl,FedAvg,adam,0.0003,0.01,20,uniform,institution_all,raw,mlp,False,,0,0.9622222185134888,0.9349064279902359,0.9211675037993516,0.9271864965370418,0.9341001980020672,0.9383790886096793,163.0,113,0.9349064279902359,0.9211675037993516,0.9271864965370418,0,0.0,0.9,0.8780487804878049
partition_fedbn,Phikon_v2,8f3e6c6a0547,fl,FedAvg,adam,0.0003,0.01,20,uniform,institution_all,raw,mlp,False,,2,0.9622222185134888,0.9438567941415785,0.8971842870403726,0.9089866535905232,0.9217930563724955,0.9091917762169344,263.0,213,0.9438567941415785,0.8971842870403726,0.9089866535905232,0,0.0,1.0,0.5609756097560976
partition_fedbn,Phikon_v2,94932108e4be,fl,FedAvg,adam,0.0003,0.01,20,uniform,institution_all,raw,mlp,False,,1,0.9644444584846497,0.9349064279902359,0.887278172914766,0.9052776225057255,0.9157799509824432,0.8995102581105057,187.0,137,0.9349064279902359,0.887278172914766,0.9052776225057255,0,0.0,0.975,0.5365853658536586
partition_fedbn,Phikon_v2,cc6f10d314ac,fl,FedBN,adam,0.0003,0.01,20,uniform,institution_all,raw,mlp,False,,1,0.5440716371919977,0.6566314076484947,0.5732139037381522,0.5779547490558133,0.6489887843537943,0.47896320343680715,100.0,41,0.6566314076484947,0.5732139037381522,0.5779547490558133,0,0.0,0.675,0.24390243902439024
partition_fedbn,Phikon_v2,dc4c3eae11e5,fl,FedBN,adam,0.0003,0.01,20,uniform,institution_all,raw,mlp,False,,0,0.5371598623480914,0.6419853539462979,0.5540560018056171,0.5698575783033072,0.6375253133485952,0.48832674429754125,100.0,48,0.6419853539462979,0.5540560018056171,0.5698575783033072,0,0.0,0.7333333333333333,0.3170731707317073
partition_fedbn,Phikon_v2,e398cd16ff15,fl,FedBN,adam,0.0003,0.01,20,uniform,institution_all,raw,mlp,False,,3,0.6227417601251112,0.7933279088689992,0.7040832576923776,0.7388446420673002,0.7678346813198077,0.6556180861623621,100.0,33,0.7933279088689992,0.7040832576923776,0.7388446420673002,0,0.0,0.675,0.3902439024390244
partition_fedbn,UNI_v2,0b97c9a1e75d,fl,FedBN,adam,0.0003,0.01,20,uniform,institution_all,raw,mlp,False,,4,0.7024339975055774,0.6818551668022783,0.5928369241281906,0.5964778715171626,0.7092441434172526,0.6817844868755342,100.0,17,0.6818551668022783,0.5928369241281906,0.5964778715171626,0,0.0,0.9583333333333334,0.04878048780487805
partition_fedbn,UNI_v2,14cc9fa6f73e,fl,FedBN,adam,0.0003,0.01,20,uniform,institution_all,raw,mlp,False,,3,0.7405551875170114,0.741253051261188,0.6278964053580345,0.6197778853656223,0.722688907698611,0.7014294189304578,100.0,16,0.741253051261188,0.6278964053580345,0.6197778853656223,0,0.0,0.95,0.07317073170731707
partition_fedbn,UNI_v2,39d38a7537e1,fl,FedBN,adam,0.0003,0.01,20,uniform,institution_all,raw,mlp,False,,1,0.6286005241977477,0.6899918633034988,0.5747283141976305,0.533230958064247,0.6468633750343116,0.5994924211503125,100.0,8,0.6899918633034988,0.5747283141976305,0.533230958064247,0,0.0,0.9083333333333333,0.04878048780487805
partition_fedbn,UNI_v2,4b795203e4df,fl,FedAvg,adam,0.0003,0.01,20,uniform,institution_all,raw,mlp,False,,3,0.9600000381469727,0.9446704637917006,0.9294446856664863,0.9266215354326991,0.9441743907353025,0.9522241669771034,312.0,262,0.9446704637917006,0.9294446856664863,0.9266215354326991,0,0.0,0.9916666666666667,0.926829268292683
partition_fedbn,UNI_v2,5f082a5923da,fl,FedBN,adam,0.0003,0.01,20,uniform,institution_all,raw,mlp,False,,0,0.6841517384465422,0.6948738812042311,0.5846886775828668,0.5546606169022076,0.6882274250460232,0.6424995129500414,100.0,26,0.6948738812042311,0.5846886775828668,0.5545457616789626,1,0.0,0.9416666666666667,0.04878048780487805
partition_fedbn,UNI_v2,9c2c764509b6,fl,FedAvg,adam,0.0003,0.01,20,uniform,institution_all,raw,mlp,False,,2,0.9088889360427856,0.8803905614320586,0.7870503217924139,0.7711813321757641,0.8445721345053203,0.843939678233537,133.0,83,0.8812042310821806,0.789272544014636,0.7730845869887978,1,-0.08136696501219731,0.9916666666666667,0.1951219512195122
partition_fedbn,UNI_v2,9eaeb2270ace,fl,FedAvg,adam,0.0003,0.01,20,uniform,institution_all,raw,mlp,False,,0,0.9555555582046509,0.9292107404393816,0.9041963232240432,0.8988633868502447,0.9199983000093674,0.9321528137003012,280.0,230,0.9292107404393816,0.9041963232240432,0.8988633868502447,0,0.0,0.9916666666666667,0.9024390243902439
partition_fedbn,UNI_v2,ad1e955dd36a,fl,FedAvg,adam,0.0003,0.01,20,uniform,institution_all,raw,mlp,False,,4,0.9111111164093018,0.8828315703824248,0.7842034618209239,0.7624154404209892,0.8480354580643924,0.8454326607864048,133.0,83,0.8828315703824248,0.7842034618209239,0.7624154404209892,0,0.0,0.9916666666666667,0.07317073170731707
partition_fedbn,UNI_v2,aea1bcfdcf15,fl,FedBN,adam,0.0003,0.01,20,uniform,institution_all,raw,mlp,False,,2,0.654418429749819,0.6330349877949553,0.4950198464473906,0.475772673286567,0.6312203745738928,0.6031605528954507,100.0,7,0.6330349877949553,0.4950198464473906,0.47538869306035164,2,0.0,0.9833333333333333,0.0
partition_fedbn,UNI_v2,f040f97f93c4,fl,FedAvg,adam,0.0003,0.01,20,uniform,institution_all,raw,mlp,False,,1,0.9177777767181396,0.8942229454841334,0.8282992714367086,0.8368489206428917,0.8680337709420347,0.8663511293420688,156.0,106,0.8942229454841334,0.8282992714367086,0.8368489206428917,0,0.0,0.9916666666666667,0.7073170731707317
partition_fedbn,Virchow2,150931bdc8ce,fl,FedAvg,adam,0.0003,0.01,20,uniform,institution_all,raw,mlp,False,,0,0.9511111378669739,0.9210740439381611,0.8967029750411347,0.8969570659363324,0.9187884612628785,0.9270220361744915,272.0,222,0.9210740439381611,0.8967029750411347,0.8969570659363324,0,0.0,0.9916666666666667,0.8292682926829268
partition_fedbn,Virchow2,19c7825e6172,fl,FedAvg,adam,0.0003,0.01,20,uniform,institution_all,raw,mlp,False,,3,0.9422222375869751,0.9064279902359642,0.874787196326761,0.8719415358430572,0.8978082712772826,0.9092667266807687,177.0,127,0.9064279902359642,0.874787196326761,0.8719415358430572,0,0.0,0.9916666666666667,0.8048780487804879
partition_fedbn,Virchow2,3232dbb2fe33,fl,FedAvg,adam,0.0003,0.01,20,uniform,institution_all,raw,mlp,False,,4,0.9222222566604614,0.887713588283157,0.7906608660050858,0.7676356258303333,0.8623137064213471,0.8615250986523123,162.0,112,0.887713588283157,0.7906608660050858,0.7676356258303333,0,0.0,0.9916666666666667,0.0
partition_fedbn,Virchow2,488f1d6ed16f,fl,FedBN,adam,0.0003,0.01,20,uniform,institution_all,raw,mlp,False,,2,0.6379084637329601,0.6859235150528885,0.5262733014227394,0.49885053181687344,0.665270725744359,0.6290690055285539,100.0,11,0.6859235150528885,0.5262733014227394,0.49885053181687344,0,0.0,0.9333333333333333,0.0
partition_fedbn,Virchow2,5f32961cebc4,fl,FedBN,adam,0.0003,0.01,20,uniform,institution_all,raw,mlp,False,,3,0.7100949992625497,0.741253051261188,0.594178826651786,0.6067198786903238,0.7225115098724907,0.6573842175437192,100.0,19,0.741253051261188,0.594178826651786,0.6067198786903238,0,0.0,0.9583333333333334,0.14634146341463414
partition_fedbn,Virchow2,abaeee60b6ef,fl,FedAvg,adam,0.0003,0.01,20,uniform,institution_all,raw,mlp,False,,1,0.948888897895813,0.903173311635476,0.8516146882076947,0.851234042339637,0.8863398763976729,0.8937724602449826,187.0,137,0.903173311635476,0.8516146882076947,0.851234042339637,0,0.0,0.9833333333333333,0.5365853658536586
partition_fedbn,Virchow2,bb58e9cec59e,fl,FedBN,adam,0.0003,0.01,20,uniform,institution_all,raw,mlp,False,,1,0.6269891894045948,0.6371033360455655,0.48636392129222134,0.4557783864652279,0.5936220375894331,0.5595801307616554,100.0,10,0.6371033360455655,0.48636392129222134,0.4557783864652279,0,0.0,1.0,0.0
partition_fedbn,Virchow2,c835c4b15571,fl,FedAvg,adam,0.0003,0.01,20,uniform,institution_all,raw,mlp,False,,2,0.9511111378669739,0.919446704637917,0.8910333713028707,0.8818953334985222,0.9153374802028632,0.9194676919295898,270.0,220,0.919446704637917,0.8910333713028707,0.8818953334985222,0,0.0,0.975,0.7317073170731707
partition_fedbn,Virchow2,e1ca9ce3f8c1,fl,FedBN,adam,0.0003,0.01,20,uniform,institution_all,raw,mlp,False,,4,0.6393387809904246,0.6875508543531327,0.5779687506205744,0.5929015752590673,0.7168623980429739,0.6249004184576421,100.0,37,0.6875508543531327,0.5779687506205744,0.5929015752590673,0,0.0,0.9583333333333334,0.24390243902439024
partition_fedbn,Virchow2,e79b0ebb6548,fl,FedBN,adam,0.0003,0.01,20,uniform,institution_all,raw,mlp,False,,0,0.6735085443993186,0.6834825061025224,0.5627929644841632,0.5378674849878602,0.7063997830808357,0.6735870191805031,100.0,13,0.6834825061025224,0.5627929644841632,0.5378674849878602,0,0.0,0.9583333333333334,0.07317073170731707
partition_fedbn_sgd,Conch_v15,0424bb4a8f0c,fl,FedAvg,sgd,0.03,0.01,20,uniform,institution_all,raw,mlp,False,,1,0.9622222185134888,0.9283970707892596,0.9185296037505005,0.9165518268411835,0.9261698432937934,0.943503255047868,239.0,189,0.9283970707892596,0.9185296037505005,0.9165518268411835,0,0.0,0.9833333333333333,0.926829268292683
partition_fedbn_sgd,Conch_v15,08676311b1cf,fl,FedAvg,sgd,0.1,0.01,20,uniform,institution_all,raw,mlp,False,,1,0.4511111080646515,0.4434499593165175,0.22198881114153396,0.16915270702978732,0.32725303501821557,0.37748554817270424,100.0,5,0.4434499593165175,0.22198881114153396,0.16915270702978732,0,0.0,0.0,0.0
partition_fedbn_sgd,Conch_v15,087ddfe24c49,fl,FedAvg,sgd,0.03,0.01,20,uniform,institution_all,raw,mlp,False,,0,0.9688889384269714,0.9259560618388935,0.9082034458587,0.9124443224765041,0.9232116845723948,0.9445727254314866,269.0,219,0.9259560618388935,0.9082034458587,0.9124443224765041,0,0.0,0.9833333333333333,0.8780487804878049
partition_fedbn_sgd,Conch_v15,0ede51379cb0,fl,FedAvg,sgd,0.1,0.01,20,uniform,institution_all,raw,mlp,False,,0,0.8311111330986023,0.8144833197721725,0.6722369924622467,0.6328169409052082,0.7742257610576597,0.7572259409159573,238.0,188,0.8144833197721725,0.6722369924622467,0.6323273791322734,2,0.0,0.975,0.0
partition_fedbn_sgd,Conch_v15,2380a7d8715c,fl,FedBN,sgd,0.1,0.01,20,uniform,institution_all,raw,mlp,False,,4,0.7320259203504166,0.7290480065093572,0.5894624907425333,0.5239580423161107,0.7269301729801839,0.704341178428282,100.0,3,0.7290480065093572,0.5894624907425333,0.5239580423161107,0,0.0,0.9416666666666667,0.0
partition_fedbn_sgd,Conch_v15,2ed8970b650b,fl,FedAvg,sgd,0.03,0.01,20,uniform,institution_all,raw,mlp,False,,3,0.9688889384269714,0.9300244100895037,0.9170249155487963,0.9179856369118552,0.9261074907392288,0.9446178141632637,295.0,245,0.9300244100895037,0.9170249155487963,0.9179856369118552,0,0.0,0.9916666666666667,0.926829268292683
partition_fedbn_sgd,Conch_v15,38f884c8b60f,fl,FedBN,sgd,0.1,0.01,20,uniform,institution_all,raw,mlp,False,,2,0.6887482603999041,0.6786004882017901,0.5663554158057194,0.5392295591492895,0.6976834861430441,0.643899616010993,100.0,29,0.6794141578519122,0.5685776380279415,0.5436167244787506,1,-0.08136696501220841,0.95,0.3170731707317073
partition_fedbn_sgd,Conch_v15,4be8bbabbb12,fl,FedBN,sgd,0.1,0.01,20,uniform,institution_all,raw,mlp,False,,1,0.7377525137045045,0.7314890154597233,0.614095798371844,0.6067907604556387,0.7290038192330694,0.7044759082849616,100.0,10,0.7314890154597233,0.614095798371844,0.6067907604556387,0,0.0,0.975,0.3902439024390244
partition_fedbn_sgd,Conch_v15,5d87f5ae62e3,fl,FedBN,sgd,0.03,0.01,20,uniform,institution_all,raw,mlp,False,,4,0.7105107688352651,0.7168429617575265,0.5694620771655301,0.5150816746561427,0.7101918086511773,0.6825522420205122,100.0,3,0.7160292921074044,0.5689065216099745,0.5140382698266909,2,0.08136696501220841,0.9333333333333333,0.0
partition_fedbn_sgd,Conch_v15,645fc6ff01ac,fl,FedBN,sgd,0.03,0.01,20,uniform,institution_all,raw,mlp,False,,1,0.6786646655257471,0.7054515866558178,0.5523130049115466,0.5418243173242208,0.6935117833108485,0.6330407109639805,100.0,10,0.7054515866558178,0.5523130049115466,0.5418243173242208,0,0.0,0.9083333333333333,0.04878048780487805
partition_fedbn_sgd,Conch_v15,77aa8de44e87,fl,FedBN,sgd,0.03,0.01,20,uniform,institution_all,raw,mlp,False,,2,0.5777498988580643,0.6647681041497152,0.5268346939912392,0.5275632794698207,0.641729221345068,0.5281651087756775,100.0,29,0.6647681041497152,0.5268346939912392,0.5275632794698207,0,0.0,0.6916666666666667,0.2682926829268293
partition_fedbn_sgd,Conch_v15,85dc3834875a,fl,FedAvg,sgd,0.03,0.01,20,uniform,institution_all,raw,mlp,False,,4,0.9666666984558105,0.9292107404393816,0.913772408946122,0.9145911581133928,0.9208945543736446,0.9418525963135639,287.0,237,0.9292107404393816,0.913772408946122,0.9145911581133928,0,0.0,0.9666666666666667,0.9024390243902439
partition_fedbn_sgd,Conch_v15,a5d4cf3c8d95,fl,FedAvg,sgd,0.03,0.01,20,uniform,institution_all,raw,mlp,False,,2,0.9666666984558105,0.9283970707892596,0.9182665186203782,0.9162741335076172,0.9313212800651677,0.9469803769204586,260.0,210,0.9283970707892596,0.9182665186203782,0.9162741335076172,0,0.0,0.9916666666666667,0.9512195121951219
partition_fedbn_sgd,Conch_v15,b8fb92453de6,fl,FedBN,sgd,0.03,0.01,20,uniform,institution_all,raw,mlp,False,,3,0.7779230239145403,0.7534580960130187,0.6485903560217186,0.6367967161874653,0.7731641002880043,0.75769964743123,100.0,5,0.7534580960130187,0.6485903560217186,0.6367967161874653,0,0.0,0.9583333333333334,0.3170731707317073
partition_fedbn_sgd,Conch_v15,bf45bd2bd01d,fl,FedAvg,sgd,0.1,0.01,20,uniform,institution_all,raw,mlp,False,,4,0.4555555582046509,0.4499593165174939,0.23342991758470732,0.15640056961556117,0.332844595695063,0.3808359770574772,100.0,17,0.45077298616761596,0.23427809400540284,0.15747446941823828,1,-0.08136696501220841,0.0,0.0
partition_fedbn_sgd,Conch_v15,d683e86150f0,fl,FedAvg,sgd,0.1,0.01,20,uniform,institution_all,raw,mlp,False,,2,0.54666668176651,0.5467860048820179,0.2991581313592266,0.24394292168489187,0.4061260257956034,0.41629420017278995,100.0,48,0.5467860048820179,0.2991581313592266,0.24394292168489187,0,0.0,0.0,0.0
partition_fedbn_sgd,Conch_v15,de738fa27727,fl,FedBN,sgd,0.03,0.01,20,uniform,institution_all,raw,mlp,False,,0,0.6167114657464605,0.6688364524003255,0.5202399034309755,0.5439194815729924,0.6781508080080554,0.5906723419582064,100.0,12,0.6688364524003255,0.5202399034309755,0.5438151482848466,1,0.0,0.825,0.24390243902439024
partition_fedbn_sgd,Conch_v15,e1f1c2ab21bc,fl,FedBN,sgd,0.1,0.01,20,uniform,institution_all,raw,mlp,False,,3,0.7888489498404663,0.7428803905614321,0.6537058642269664,0.6289925345977078,0.7628137929283512,0.7535430470962623,100.0,5,0.7428803905614321,0.6537058642269664,0.6289925345977078,0,0.0,0.9666666666666667,0.5365853658536586
partition_fedbn_sgd,Conch_v15,eb9a40ca389f,fl,FedAvg,sgd,0.1,0.01,20,uniform,institution_all,raw,mlp,False,,3,0.35555556416511536,0.3205858421480879,0.20808080808080806,0.0912639741093944,0.2509949470106873,0.26111501033287426,100.0,5,0.3205858421480879,0.20808080808080806,0.09111732785199361,3,0.0,0.0,0.0
partition_fedbn_sgd,Conch_v15,fe64b4b2c186,fl,FedBN,sgd,0.1,0.01,20,uniform,institution_all,raw,mlp,False,,0,0.714274852146008,0.6851098454027664,0.6369485046162885,0.6559017219247281,0.7511413439193417,0.7162805299666167,100.0,19,0.6851098454027664,0.6369485046162885,0.6559017219247281,0,0.0,0.9166666666666666,0.7073170731707317
partition_fedbn_sgd,Phikon_v2,03e9d2be65a7,fl,FedAvg,sgd,0.03,0.01,20,uniform,institution_all,raw,mlp,False,,3,0.9844444394111633,0.9593165174938975,0.9532271100534244,0.9541989881255764,0.945383160453254,0.9567666536392528,211.0,161,0.9593165174938975,0.9532271100534244,0.9541989881255764,0,0.0,1.0,0.975609756097561
partition_fedbn_sgd,Phikon_v2,05ae62ed1205,fl,FedAvg,sgd,0.03,0.01,20,uniform,institution_all,raw,mlp,False,,2,0.9777777791023254,0.9576891781936534,0.9485984258407419,0.9497641651495731,0.9480394245191754,0.9539817501408845,212.0,162,0.9576891781936534,0.9485984258407419,0.9497641651495731,0,0.0,0.9916666666666667,0.9512195121951219
partition_fedbn_sgd,Phikon_v2,09eb1ea6c554,fl,FedBN,sgd,0.1,0.01,20,uniform,institution_all,raw,mlp,False,,2,0.7686550463989488,0.8437754271765663,0.773658023291666,0.7957460429185925,0.8346698444276398,0.7675402725249929,110.0,60,0.8437754271765663,0.773658023291666,0.7957460429185925,0,0.0,0.6833333333333333,0.6829268292682927
partition_fedbn_sgd,Phikon_v2,16aa3c832868,fl,FedAvg,sgd,0.1,0.01,20,uniform,institution_all,raw,mlp,False,,2,0.9800000190734863,0.9495524816924329,0.9473964285319236,0.9455535132286195,0.9364346510763957,0.9605619710478858,260.0,210,0.9495524816924329,0.9473964285319236,0.9455535132286195,0,0.0,1.0,0.9512195121951219
partition_fedbn_sgd,Phikon_v2,3d263e506efa,fl,FedAvg,sgd,0.1,0.01,20,uniform,institution_all,raw,mlp,False,,0,0.9844444394111633,0.9576891781936534,0.9546878303316126,0.9546536385748013,0.9522904074695353,0.9594654920227923,255.0,205,0.9576891781936534,0.9546878303316126,0.9546536385748013,0,0.0,1.0,0.9512195121951219
partition_fedbn_sgd,Phikon_v2,4d86413a94a7,fl,FedBN,sgd,0.03,0.01,20,uniform,institution_all,raw,mlp,False,,0,0.5757191205361937,0.7786818551668023,0.646720150921852,0.7035358624904697,0.6845868175085811,0.5085311481638201,106.0,56,0.7786818551668023,0.646720150921852,0.7035358624904697,0,0.0,0.4666666666666667,0.3170731707317073
partition_fedbn_sgd,Phikon_v2,51258a9214eb,fl,FedBN,sgd,0.1,0.01,20,uniform,institution_all,raw,mlp,False,,4,0.8132933517132882,0.8860862489829129,0.8027527169037243,0.825571148336613,0.8387634646619593,0.7486438439036855,185.0,135,0.8860862489829129,0.8027527169037243,0.825571148336613,0,0.0,0.6833333333333333,0.5365853658536586
partition_fedbn_sgd,Phikon_v2,57090b99389a,fl,FedBN,sgd,0.03,0.01,20,uniform,institution_all,raw,mlp,False,,2,0.5634788946374312,0.7184703010577705,0.6055269407234775,0.6515376118533736,0.6821443307860224,0.5252292601908873,100.0,19,0.7184703010577705,0.6055269407234775,0.6515376118533736,0,0.0,0.5,0.2682926829268293
partition_fedbn_sgd,Phikon_v2,6893601ec662,fl,FedBN,sgd,0.1,0.01,20,uniform,institution_all,raw,mlp,False,,1,0.8538431587265097,0.8934092758340114,0.8352094097234161,0.8493629663494427,0.8516876212654075,0.7853423828119783,193.0,143,0.8934092758340114,0.8352094097234161,0.8493629663494427,0,0.0,0.875,0.5365853658536586
partition_fedbn_sgd,Phikon_v2,7fc657fb596b,fl,FedBN,sgd,0.03,0.01,20,uniform,institution_all,raw,mlp,False,,1,0.6387161641429935,0.7656631407648494,0.6548528564997761,0.695398655629645,0.7058098546737498,0.5549970943855532,113.0,63,0.7656631407648494,0.6548528564997761,0.695398655629645,0,0.0,0.6416666666666667,0.3170731707317073
partition_fedbn_sgd,Phikon_v2,8aead4431b5a,fl,FedAvg,sgd,0.1,0.01,20,uniform,institution_all,raw,mlp,False,,4,0.9800000190734863,0.9658258746948739,0.9629356868442613,0.9635120203865356,0.9615167283391581,0.9730696685411953,256.0,206,0.9658258746948739,0.9629356868442613,0.9635120203865356,0,0.0,1.0,0.975609756097561
partition_fedbn_sgd,Phikon_v2,9177f5334db9,fl,FedAvg,sgd,0.03,0.01,20,uniform,institution_all,raw,mlp,False,,1,0.9777777791023254,0.9601301871440195,0.9563757572098771,0.9559967938567507,0.9536135982397667,0.9638019281287074,210.0,160,0.9601301871440195,0.9563757572098771,0.9559967938567507,0,0.0,0.9916666666666667,0.9512195121951219
partition_fedbn_sgd,Phikon_v2,9e7ecce465e3,fl,FedBN,sgd,0.1,0.01,20,uniform,institution_all,raw,mlp,False,,0,0.8362219126853273,0.8885272579332791,0.8239874900679255,0.8456328734360086,0.8335254712222248,0.7581701123736546,186.0,136,0.8885272579332791,0.8239874900679255,0.8456328734360086,0,0.0,0.7416666666666667,0.7073170731707317
partition_fedbn_sgd,Phikon_v2,a8a1162720fe,fl,FedAvg,sgd,0.1,0.01,20,uniform,institution_all,raw,mlp,False,,1,0.9844444394111633,0.9593165174938975,0.9552043995323926,0.9542484397142863,0.9514897514508106,0.9618787477962276,302.0,252,0.9593165174938975,0.9552043995323926,0.9542484397142863,0,0.0,1.0,0.9512195121951219
partition_fedbn_sgd,Phikon_v2,ae951928c643,fl,FedAvg,sgd,0.03,0.01,20,uniform,institution_all,raw,mlp,False,,0,0.9800000190734863,0.9568755085435313,0.9565418956263169,0.9543288149004603,0.9523099333457589,0.9660492599945829,189.0,139,0.9568755085435313,0.9565418956263169,0.9543288149004603,0,0.0,1.0,0.9512195121951219
partition_fedbn_sgd,Phikon_v2,b38029990579,fl,FedBN,sgd,0.03,0.01,20,uniform,institution_all,raw,mlp,False,,3,0.6557284410998379,0.7721724979658259,0.6751509656004275,0.7186115104476258,0.7595262499514955,0.6397124258524125,100.0,24,0.7721724979658259,0.6751509656004275,0.7186115104476258,0,0.0,0.6416666666666667,0.34146341463414637
partition_fedbn_sgd,Phikon_v2,b5fa78793f48,fl,FedBN,sgd,0.03,0.01,20,uniform,institution_all,raw,mlp,False,,4,0.5877523467263659,0.7933279088689992,0.6719782707430242,0.7086465803906258,0.7321496593661485,0.5835780016777401,100.0,29,0.7933279088689992,0.6719782707430242,0.7086027867702828,2,0.0,0.5,0.2926829268292683
partition_fedbn_sgd,Phikon_v2,be0be21b58f2,fl,FedBN,sgd,0.1,0.01,20,uniform,institution_all,raw,mlp,False,,3,0.7717615176151761,0.8006509357200976,0.7143663629887146,0.7366089249486192,0.8000680781098694,0.7095718807370023,100.0,27,0.8006509357200976,0.7143663629887146,0.7366089249486192,0,0.0,0.6833333333333333,0.4634146341463415
partition_fedbn_sgd,Phikon_v2,f2f6f8d646ef,fl,FedAvg,sgd,0.03,0.01,20,uniform,institution_all,raw,mlp,False,,4,0.9688889384269714,0.935720097640358,0.9183994791342087,0.918752136779474,0.914672703263046,0.9237536112750176,131.0,81,0.935720097640358,0.9183994791342087,0.918752136779474,0,0.0,0.9833333333333333,0.8536585365853658
partition_fedbn_sgd,Phikon_v2,ff8417eaa901,fl,FedAvg,sgd,0.1,0.01,20,uniform,institution_all,raw,mlp,False,,3,0.9822222590446472,0.9593165174938975,0.9561318086488827,0.9548261722674288,0.9515361095579166,0.9664786449173246,239.0,189,0.9593165174938975,0.9561318086488827,0.9548261722674288,0,0.0,1.0,0.9512195121951219
partition_fedbn_sgd,UNI_v2,06ed90f9c8f4,fl,FedBN,sgd,0.1,0.01,20,uniform,institution_all,raw,mlp,False,,2,0.738056019036931,0.8193653376729048,0.7468884186414712,0.7686401690282535,0.7578772950616696,0.6305197010205517,139.0,89,0.8193653376729048,0.7468884186414712,0.7686401690282535,0,0.0,0.7083333333333334,0.43902439024390244
partition_fedbn_sgd,UNI_v2,2f5563a00d3b,fl,FedAvg,sgd,0.03,0.01,20,uniform,institution_all,raw,mlp,False,,1,0.9733333587646484,0.9601301871440195,0.9539752722837301,0.9533593076252459,0.9586861015988742,0.9687667246090554,403.0,353,0.9601301871440195,0.9539752722837301,0.9533593076252459,0,0.0,0.9916666666666667,0.9512195121951219
partition_fedbn_sgd,UNI_v2,40036894d838,fl,FedAvg,sgd,0.1,0.01,20,uniform,institution_all,raw,mlp,False,,4,0.742222249507904,0.692432872253865,0.5178151730540361,0.45491377050183895,0.5964144586012522,0.5929690029971456,319.0,269,0.692432872253865,0.5178151730540361,0.45491377050183895,0,0.0,0.0,0.0
partition_fedbn_sgd,UNI_v2,4dca9e5894f2,fl,FedBN,sgd,0.03,0.01,20,uniform,institution_all,raw,mlp,False,,3,0.7304152593998829,0.6981285598047193,0.6092284894072869,0.5986164757035088,0.6841192349459628,0.676116861575604,100.0,11,0.6989422294548413,0.6097840449628424,0.5993043495922248,1,-0.08136696501219731,0.9416666666666667,0.0975609756097561
partition_fedbn_sgd,UNI_v2,5a5f73eaf495,fl,FedAvg,sgd,0.1,0.01,20,uniform,institution_all,raw,mlp,False,,1,0.648888885974884,0.6338486574450773,0.4089535467510697,0.3610640139642398,0.5356084389195166,0.5459861919677348,150.0,100,0.6338486574450773,0.4089535467510697,0.3610640139642398,0,0.0,0.8833333333333333,0.0
partition_fedbn_sgd,UNI_v2,5b8fa3ae891a,fl,FedBN,sgd,0.1,0.01,20,uniform,institution_all,raw,mlp,False,,3,0.7691493214769991,0.790073230268511,0.730382482263893,0.7332661154794391,0.7976895035878773,0.7299136411463981,100.0,32,0.790073230268511,0.730382482263893,0.7332661154794391,0,0.0,0.9,0.3170731707317073
partition_fedbn_sgd,UNI_v2,5fc4471c22ed,fl,FedAvg,sgd,0.03,0.01,20,uniform,institution_all,raw,mlp,False,,3,0.9622222185134888,0.9479251423921887,0.9400680571966513,0.9364992985080529,0.9416197336758086,0.9515048061771861,322.0,272,0.9479251423921887,0.9400680571966513,0.9364992985080529,0,0.0,0.9916666666666667,0.926829268292683
partition_fedbn_sgd,UNI_v2,655999e0c06d,fl,FedBN,sgd,0.03,0.01,20,uniform,institution_all,raw,mlp,False,,1,0.6896800441686204,0.7111472742066721,0.6498042454223621,0.6109405453984581,0.7113284571083073,0.6651485565818995,100.0,37,0.7111472742066721,0.6498042454223621,0.6109405453984581,0,0.0,0.7083333333333334,0.04878048780487805
partition_fedbn_sgd,UNI_v2,6a84c0a17e91,fl,FedBN,sgd,0.03,0.01,20,uniform,institution_all,raw,mlp,False,,0,0.6741309504485539,0.6826688364524003,0.5567380023287037,0.5697388909693255,0.6965129380325098,0.6522707180853008,100.0,11,0.6826688364524003,0.5567380023287037,0.5697388909693255,0,0.0,0.7083333333333334,0.12195121951219512
partition_fedbn_sgd,UNI_v2,80d0d628a98f,fl,FedBN,sgd,0.1,0.01,20,uniform,institution_all,raw,mlp,False,,1,0.7311306679652386,0.80553295362083,0.7386317188818755,0.7364451045076515,0.7763589466274198,0.6743972977937709,131.0,81,0.80553295362083,0.7386317188818755,0.7364451045076515,0,0.0,0.6666666666666666,0.5853658536585366
partition_fedbn_sgd,UNI_v2,818a8b121fb8,fl,FedAvg,sgd,0.1,0.01,20,uniform,institution_all,raw,mlp,False,,2,0.6844444870948792,0.6818551668022783,0.4911726380527719,0.4018694785490651,0.5764384934461861,0.5879188676060743,100.0,49,0.6818551668022783,0.4911726380527719,0.4018694785490651,0,0.0,0.9416666666666667,0.0
partition_fedbn_sgd,UNI_v2,88049bc28c75,fl,FedAvg,sgd,0.1,0.01,20,uniform,institution_all,raw,mlp,False,,3,0.7666667103767395,0.725793327908869,0.5255094966557627,0.48297688988811377,0.6272937519999059,0.5869180153285368,202.0,152,0.725793327908869,0.5255094966557627,0.48297688988811377,0,0.0,0.5,0.0
partition_fedbn_sgd,UNI_v2,a0e855975db4,fl,FedBN,sgd,0.1,0.01,20,uniform,institution_all,raw,mlp,False,,4,0.7371517848508595,0.6883645240032547,0.652509262239112,0.6293949631071258,0.7083546814816923,0.6599773942360347,100.0,22,0.6883645240032547,0.652509262239112,0.6292665681978955,1,0.0,0.8833333333333333,0.5121951219512195
partition_fedbn_sgd,UNI_v2,b1610e188c33,fl,FedAvg,sgd,0.03,0.01,20,uniform,institution_all,raw,mlp,False,,4,0.9533333778381348,0.9373474369406021,0.9205574101654377,0.9194280987287535,0.9270893210801393,0.9391390099665091,272.0,222,0.9373474369406021,0.9205574101654377,0.9194280987287535,0,0.0,0.9916666666666667,0.9024390243902439
partition_fedbn_sgd,UNI_v2,d1a8db3b956a,fl,FedAvg,sgd,0.1,0.01,20,uniform,institution_all,raw,mlp,False,,0,0.7200000286102295,0.6997558991049634,0.48785986633747996,0.4397472816699914,0.6008576924329372,0.6051364202134725,137.0,87,0.6997558991049634,0.48785986633747996,0.4397472816699914,0,0.0,0.9333333333333333,0.0
partition_fedbn_sgd,UNI_v2,d89fc7112653,fl,FedAvg,sgd,0.03,0.01,20,uniform,institution_all,raw,mlp,False,,2,0.9644444584846497,0.951993490642799,0.9457110392881793,0.94629421214515,0.943243981990088,0.9591960786876292,352.0,302,0.951993490642799,0.9457110392881793,0.94629421214515,0,0.0,0.9916666666666667,0.9512195121951219
partition_fedbn_sgd,UNI_v2,da456809e8a6,fl,FedBN,sgd,0.03,0.01,20,uniform,institution_all,raw,mlp,False,,2,0.6804168805547384,0.7485760781122864,0.6598467280469404,0.6690221775120081,0.7237405349286488,0.6432008140381563,100.0,35,0.7485760781122864,0.6598467280469404,0.6690221775120081,0,0.0,0.8666666666666667,0.2682926829268293
partition_fedbn_sgd,UNI_v2,df4216d4fd30,fl,FedAvg,sgd,0.03,0.01,20,uniform,institution_all,raw,mlp,False,,0,0.9800000190734863,0.9568755085435313,0.9515449589091638,0.9483308732006654,0.9555627976500252,0.9687981632852247,609.0,559,0.9568755085435313,0.9515449589091638,0.9483308732006654,0,0.0,0.9916666666666667,0.9512195121951219
partition_fedbn_sgd,UNI_v2,f056b70fb7f3,fl,FedBN,sgd,0.03,0.01,20,uniform,institution_all,raw,mlp,False,,4,0.6620441231522886,0.7152156224572823,0.628894783447256,0.6326479376212737,0.7078889716561282,0.6118698717382052,100.0,27,0.7160292921074044,0.631207606332598,0.6341953564924749,3,-0.08136696501220841,0.6583333333333333,0.24390243902439024
partition_fedbn_sgd,UNI_v2,f2b22c76f080,fl,FedBN,sgd,0.1,0.01,20,uniform,institution_all,raw,mlp,False,,0,0.6838661055177493,0.7558991049633849,0.6710276924341105,0.6795628319644306,0.7394030793669676,0.6474201614798609,100.0,42,0.7558991049633849,0.6710276924341105,0.6795628319644306,0,0.0,0.9333333333333333,0.2682926829268293
partition_fedbn_sgd,Virchow2,0e8a5767deff,fl,FedBN,sgd,0.1,0.01,20,uniform,institution_all,raw,mlp,False,,2,0.7378682541487419,0.8177379983726607,0.7209155838420176,0.7365019059095236,0.7543726279800045,0.6361340434290464,136.0,86,0.8177379983726607,0.7209155838420176,0.7365019059095236,0,0.0,0.8166666666666667,0.3170731707317073
partition_fedbn_sgd,Virchow2,12312a4cf2cb,fl,FedAvg,sgd,0.1,0.01,20,uniform,institution_all,raw,mlp,False,,1,0.3177777826786041,0.2823433685923515,0.1119592875318066,0.05053285930033072,0.18758344459279036,0.20068797004271752,100.0,19,0.2823433685923515,0.1119592875318066,0.05053285930033072,0,0.0,0.0,0.0
partition_fedbn_sgd,Virchow2,124df54370e1,fl,FedBN,sgd,0.03,0.01,20,uniform,institution_all,raw,mlp,False,,3,0.6937691644398962,0.7599674532139952,0.6637130594500156,0.6866902268070072,0.7648524393223538,0.7074190612976295,100.0,29,0.7599674532139952,0.6637130594500156,0.6866902268070072,0,0.0,0.95,0.3170731707317073
partition_fedbn_sgd,Virchow2,1d814cab27a8,fl,FedAvg,sgd,0.03,0.01,20,uniform,institution_all,raw,mlp,False,,1,0.9577777981758118,0.919446704637917,0.9045857677069257,0.9000285454966931,0.9080962449342512,0.9389917060681816,304.0,254,0.919446704637917,0.9045857677069257,0.9000285454966931,0,0.0,0.9916666666666667,0.926829268292683
partition_fedbn_sgd,Virchow2,1e69d5f152c8,fl,FedBN,sgd,0.1,0.01,20,uniform,institution_all,raw,mlp,False,,3,0.7325072887986221,0.7282343368592351,0.6539200894923789,0.6489453547319788,0.7488594089098337,0.7164362484462312,100.0,29,0.7282343368592351,0.6539200894923789,0.6489453547319788,0,0.0,0.9416666666666667,0.3170731707317073
partition_fedbn_sgd,Virchow2,21be07132374,fl,FedAvg,sgd,0.03,0.01,20,uniform,institution_all,raw,mlp,False,,2,0.9466667175292969,0.9283970707892596,0.9173650594009177,0.9155201088523529,0.9170657526965938,0.9437450060265601,263.0,213,0.9283970707892596,0.9173650594009177,0.9155201088523529,0,0.0,0.9916666666666667,0.9512195121951219
partition_fedbn_sgd,Virchow2,25563337e6a9,fl,FedAvg,sgd,0.1,0.01,20,uniform,institution_all,raw,mlp,False,,4,0.3199999928474426,0.28152969894222946,0.1111111111111111,0.04881834215167549,0.18691588785046728,0.20033610515883293,100.0,1,0.28152969894222946,0.1111111111111111,0.04881834215167549,0,0.0,0.0,0.0
partition_fedbn_sgd,Virchow2,3f0d1b022cec,fl,FedAvg,sgd,0.03,0.01,20,uniform,institution_all,raw,mlp,False,,3,0.9555555582046509,0.9381611065907242,0.9333760802833729,0.9280520603615504,0.9318213213462436,0.9531352256906622,371.0,321,0.9381611065907242,0.9333760802833729,0.9280520603615504,0,0.0,0.9916666666666667,0.9512195121951219
partition_fedbn_sgd,Virchow2,4f7526cb53e1,fl,FedAvg,sgd,0.1,0.01,20,uniform,institution_all,raw,mlp,False,,2,0.3955555558204651,0.3661513425549227,0.1688888888888889,0.12744840556701498,0.2699615973401786,0.28940753086713855,100.0,6,0.3677786818551668,0.17,0.12846954628304402,2,-0.16273393002441128,0.0,0.0
partition_fedbn_sgd,Virchow2,599cc25a0523,fl,FedAvg,sgd,0.03,0.01,20,uniform,institution_all,raw,mlp,False,,4,0.948888897895813,0.9210740439381611,0.9119381181025439,0.9054467863419168,0.9158745824900114,0.9395033572579149,274.0,224,0.9210740439381611,0.9119381181025439,0.9054467863419168,0,0.0,0.9916666666666667,0.9512195121951219
partition_fedbn_sgd,Virchow2,5b71930f5f18,fl,FedBN,sgd,0.1,0.01,20,uniform,institution_all,raw,mlp,False,,1,0.6759095447775194,0.7038242473555736,0.5872743793739095,0.590467230872843,0.7253416351944593,0.6658842936738906,100.0,14,0.7038242473555736,0.5872743793739095,0.590467230872843,0,0.0,0.95,0.14634146341463414
partition_fedbn_sgd,Virchow2,69bab453e779,fl,FedBN,sgd,0.03,0.01,20,uniform,institution_all,raw,mlp,False,,2,0.6209836022349278,0.6639544344995931,0.502287980046949,0.5017592909222561,0.6154185977409484,0.5646435994817643,100.0,11,0.6639544344995931,0.502287980046949,0.5017592909222561,0,0.0,0.775,0.0
partition_fedbn_sgd,Virchow2,a81061539e2a,fl,FedBN,sgd,0.1,0.01,20,uniform,institution_all,raw,mlp,False,,0,0.6900457157429587,0.7379983726606998,0.6215765663440078,0.6344624499415144,0.7427242997754818,0.690711082748634,100.0,9,0.7379983726606998,0.6215765663440078,0.6344624499415144,0,0.0,0.925,0.17073170731707318
partition_fedbn_sgd,Virchow2,bc54a9434d8f,fl,FedAvg,sgd,0.1,0.01,20,uniform,institution_all,raw,mlp,False,,3,0.3888888955116272,0.3677786818551668,0.17,0.12949867257163947,0.26637796873356856,0.292411098010498,100.0,2,0.3677786818551668,0.17,0.12949867257163947,0,0.0,0.0,0.0
partition_fedbn_sgd,Virchow2,c79bfa2ac300,fl,FedBN,sgd,0.1,0.01,20,uniform,institution_all,raw,mlp,False,,4,0.7596168272440806,0.7453213995117982,0.6854306434859371,0.6996372303727223,0.7646586765924172,0.7079919584189188,100.0,19,0.7453213995117982,0.6854306434859371,0.6996372303727223,0,0.0,0.7333333333333333,0.8292682926829268
partition_fedbn_sgd,Virchow2,cf476f7c4860,fl,FedBN,sgd,0.03,0.01,20,uniform,institution_all,raw,mlp,False,,1,0.7134737317982282,0.726606997558991,0.5641106415519421,0.5265647331309748,0.6861379474600534,0.6555273812021706,100.0,10,0.726606997558991,0.5641106415519421,0.5265647331309748,0,0.0,0.9416666666666667,0.04878048780487805
partition_fedbn_sgd,Virchow2,d56017211afe,fl,FedBN,sgd,0.03,0.01,20,uniform,institution_all,raw,mlp,False,,0,0.6762640592783754,0.6932465419039869,0.578436193976477,0.6108553175928555,0.7362915257505744,0.6862927835369286,100.0,9,0.6932465419039869,0.578436193976477,0.6108236883276124,1,0.0,0.95,0.12195121951219512
partition_fedbn_sgd,Virchow2,f22096a66aa6,fl,FedAvg,sgd,0.03,0.01,20,uniform,institution_all,raw,mlp,False,,0,0.9533333778381348,0.9324654190398698,0.9217477117581585,0.9195408922752802,0.9278140343560904,0.9490302744180691,344.0,294,0.9324654190398698,0.9217477117581585,0.9195408922752802,0,0.0,0.9916666666666667,0.9512195121951219
partition_fedbn_sgd,Virchow2,f63175091abc,fl,FedAvg,sgd,0.1,0.01,20,uniform,institution_all,raw,mlp,False,,0,0.3199999928474426,0.28152969894222946,0.1111111111111111,0.04881834215167549,0.18691588785046728,0.20033610515883293,100.0,2,0.28152969894222946,0.1111111111111111,0.04881834215167549,0,0.0,0.0,0.0
partition_fedbn_sgd,Virchow2,f9efb236c19c,fl,FedBN,sgd,0.03,0.01,20,uniform,institution_all,raw,mlp,False,,4,0.7116022503085069,0.6851098454027664,0.6010612813159228,0.6230212542603568,0.7205815895053113,0.6711883028782508,100.0,13,0.6851098454027664,0.6010612813159228,0.6230212542603568,0,0.0,0.55,0.5121951219512195
partition_prox,CTransPath,0aadec5c2b74,fl,FedProx,adam,0.0003,0.01,20,uniform,labelskew_1.0,raw,mlp,False,,1,0.9533333778381348,0.9186330349877949,0.906334046507991,0.8993448148433504,0.8970310705262845,0.8970310705262845,343.0,293,0.9186330349877949,0.906334046507991,0.8993448148433504,0,0.0,0.975,0.926829268292683
partition_prox,CTransPath,5751693c3d9a,fl,FedProx,adam,0.0003,0.01,20,uniform,institution,raw,mlp,False,,1,0.9133333563804626,0.8795768917819365,0.7955139272845206,0.8093104016566476,0.8295742627717043,0.8295742627717043,269.0,219,0.8795768917819365,0.7955139272845206,0.8093104016566476,0,0.0,0.975,0.6341463414634146
partition_prox,CTransPath,7233820797ab,fl,FedProx,adam,0.0003,0.01,20,uniform,labelskew_1.0,raw,mlp,False,,0,0.9511111378669739,0.9227013832384052,0.9150033533076203,0.9065896123901379,0.9070260469932236,0.9070260469932236,372.0,322,0.9227013832384052,0.9150033533076203,0.9065896123901379,0,0.0,0.9833333333333333,0.926829268292683
partition_prox,CTransPath,73f2434bee3f,fl,FedProx,adam,0.0003,0.01,20,uniform,labelskew_1.0,raw,mlp,False,,4,0.948888897895813,0.9161920260374288,0.9022199834047532,0.8979518083759159,0.8916486653683241,0.8916486653683241,308.0,258,0.9161920260374288,0.9022199834047532,0.8979518083759159,0,0.0,0.9833333333333333,0.9512195121951219
partition_prox,CTransPath,756779714101,fl,FedProx,adam,0.0003,0.01,20,uniform,institution,raw,mlp,False,,4,0.9088889360427856,0.8828315703824248,0.8057894354161922,0.8132608971833135,0.8422787823826527,0.8422787823826527,250.0,200,0.8828315703824248,0.8057894354161922,0.8132608971833135,0,0.0,0.975,0.5365853658536586
partition_prox,CTransPath,7810c45d112c,fl,FedProx,adam,0.0003,0.01,20,uniform,institution,raw,mlp,False,,0,0.9288889169692993,0.8901545972335232,0.8319267296479557,0.8362573629054694,0.854415678911863,0.854415678911863,271.0,221,0.8901545972335232,0.8319267296479557,0.8362573629054694,0,0.0,0.975,0.5853658536585366
partition_prox,CTransPath,784a7349f706,fl,FedProx,adam,0.0003,0.01,20,uniform,institution,raw,mlp,False,,2,0.9066666960716248,0.869812855980472,0.7759333719416571,0.7898881956636986,0.8107048875223631,0.8107048875223631,201.0,151,0.869812855980472,0.7759333719416571,0.7898881956636986,0,0.0,0.9833333333333333,0.4878048780487805
partition_prox,CTransPath,80864ceb8b0f,fl,FedProx,adam,0.0003,0.01,20,uniform,labelskew_1.0,raw,mlp,False,,3,0.9422222375869751,0.9072416598860863,0.8842745835148105,0.8838586347817053,0.8799349386990357,0.8799349386990357,255.0,205,0.9072416598860863,0.8842745835148105,0.8838586347817053,0,0.0,0.9833333333333333,0.8292682926829268
partition_prox,CTransPath,c01c89b6105b,fl,FedProx,adam,0.0003,0.01,20,uniform,institution,raw,mlp,False,,3,0.9222222566604614,0.8917819365337672,0.8341948749787358,0.8433611829342218,0.8560226926950532,0.8560226926950532,288.0,238,0.8917819365337672,0.8341948749787358,0.8433611829342218,0,0.0,0.9833333333333333,0.7317073170731707
partition_prox,CTransPath,f2e31dde97a2,fl,FedProx,adam,0.0003,0.01,20,uniform,labelskew_1.0,raw,mlp,False,,2,0.9555555582046509,0.9170056956875509,0.9063970654611011,0.8990238991953464,0.8929279517332802,0.8929279517332802,351.0,301,0.9170056956875509,0.9063970654611011,0.8990238991953464,0,0.0,0.975,0.9024390243902439
partition_prox,Conch_v15,07b50b2e619c,fl,FedProx,adam,0.0003,0.01,20,uniform,labelskew_1.0,raw,mlp,False,,3,0.9644444584846497,0.9259560618388935,0.9158217398881059,0.9138526312567838,0.9249431445959566,0.9249431445959566,234.0,184,0.9259560618388935,0.9158217398881059,0.9138526312567838,0,0.0,0.9916666666666667,0.926829268292683
partition_prox,Conch_v15,1a89c49d42a5,fl,FedProx,adam,0.0003,0.01,20,uniform,institution,raw,mlp,False,,1,0.9466667175292969,0.9178193653376729,0.8762648000094688,0.8841087303699927,0.9121357768064556,0.9121357768064556,177.0,127,0.9178193653376729,0.8762648000094688,0.8841087303699927,0,0.0,0.9916666666666667,0.8048780487804879
partition_prox,Conch_v15,29d70141e372,fl,FedProx,adam,0.0003,0.01,20,uniform,institution,raw,mlp,False,,0,0.948888897895813,0.9178193653376729,0.8880148171580936,0.8879802756424096,0.9151025170006101,0.9151025170006101,194.0,144,0.9178193653376729,0.8880148171580936,0.8879802756424096,0,0.0,0.9916666666666667,0.8536585365853658
partition_prox,Conch_v15,29d741a112f4,fl,FedProx,adam,0.0003,0.01,20,uniform,labelskew_1.0,raw,mlp,False,,4,0.9600000381469727,0.9170056956875509,0.9081479364864777,0.8995305803312095,0.9091119833621014,0.9091119833621014,164.0,114,0.9170056956875509,0.9081479364864777,0.8995305803312095,0,0.0,0.975,0.9512195121951219
partition_prox,Conch_v15,2cf6cafc6c7b,fl,FedProx,adam,0.0003,0.01,20,uniform,institution,raw,mlp,False,,3,0.9511111378669739,0.9170056956875509,0.8795637065250539,0.8882641819015995,0.9092635956243057,0.9092635956243057,158.0,108,0.9170056956875509,0.8795637065250539,0.8882641819015995,0,0.0,0.9916666666666667,0.8292682926829268
partition_prox,Conch_v15,4d7a31542fb6,fl,FedProx,adam,0.0003,0.01,20,uniform,labelskew_1.0,raw,mlp,False,,2,0.9666666984558105,0.9324654190398698,0.926011182738463,0.9224467716942255,0.9311543698437404,0.9311543698437404,248.0,198,0.9324654190398698,0.926011182738463,0.9224467716942255,0,0.0,0.9916666666666667,0.975609756097561
partition_prox,Conch_v15,7cbe246e0179,fl,FedProx,adam,0.0003,0.01,20,uniform,labelskew_1.0,raw,mlp,False,,0,0.9577777981758118,0.9178193653376729,0.9043596812629553,0.9063402562876433,0.9093563576551176,0.9093563576551176,166.0,116,0.9178193653376729,0.9043596812629553,0.9063402562876433,0,0.0,0.9833333333333333,0.9024390243902439
partition_prox,Conch_v15,9d41d453c6f6,fl,FedProx,adam,0.0003,0.01,20,uniform,labelskew_1.0,raw,mlp,False,,1,0.9644444584846497,0.9316517493897477,0.9194688508567831,0.919826410573351,0.9270847563537574,0.9270847563537574,249.0,199,0.9316517493897477,0.9194688508567831,0.919826410573351,0,0.0,0.9916666666666667,0.8780487804878049
partition_prox,Conch_v15,b101c0b88db6,fl,FedProx,adam,0.0003,0.01,20,uniform,institution,raw,mlp,False,,4,0.9466667175292969,0.9121236777868186,0.8817684911055217,0.8805137515804868,0.9096454056488763,0.9096454056488763,162.0,112,0.9121236777868186,0.8817684911055217,0.8805137515804868,0,0.0,0.9916666666666667,0.8536585365853658
partition_prox,Conch_v15,c780a8580568,fl,FedProx,adam,0.0003,0.01,20,uniform,institution,raw,mlp,False,,2,0.9533333778381348,0.9088689991863304,0.8831839461416369,0.8765766690085619,0.9110191220492637,0.9110191220492637,187.0,137,0.9088689991863304,0.8831839461416369,0.8765766690085619,0,0.0,0.9833333333333333,0.8292682926829268
partition_prox,Midnight12k,179c59938cc1,fl,FedProx,adam,0.0003,0.01,20,uniform,labelskew_1.0,raw,mlp,False,,0,0.9399999976158142,0.9178193653376729,0.9056788220569919,0.9061259576852362,0.909373408413611,0.909373408413611,243.0,193,0.9178193653376729,0.9056788220569919,0.9061259576852362,0,0.0,0.9833333333333333,0.9512195121951219
partition_prox,Midnight12k,25f595258f7b,fl,FedProx,adam,0.0003,0.01,20,uniform,institution,raw,mlp,False,,1,0.9222222566604614,0.9096826688364524,0.8959540710700059,0.8960167724563171,0.892955689237243,0.892955689237243,194.0,144,0.9096826688364524,0.8959540710700059,0.8960167724563171,0,0.0,0.9916666666666667,0.926829268292683
partition_prox,Midnight12k,2a7868b36eaf,fl,FedProx,adam,0.0003,0.01,20,uniform,labelskew_1.0,raw,mlp,False,,3,0.944444477558136,0.9186330349877949,0.901001249050739,0.9111002367800735,0.9064152824154463,0.9064152824154463,260.0,210,0.9186330349877949,0.901001249050739,0.9111002367800735,0,0.0,1.0,0.926829268292683
partition_prox,Midnight12k,640594a43839,fl,FedProx,adam,0.0003,0.01,20,uniform,labelskew_1.0,raw,mlp,False,,4,0.948888897895813,0.919446704637917,0.9186430148526976,0.9104837117558056,0.9040981177855899,0.9040981177855899,302.0,252,0.919446704637917,0.9186430148526976,0.9104837117558056,0,0.0,0.975,0.9512195121951219
partition_prox,Midnight12k,7a384d87aceb,fl,FedProx,adam,0.0003,0.01,20,uniform,institution,raw,mlp,False,,2,0.9266666769981384,0.9170056956875509,0.8926844498083398,0.8944174122642858,0.9002376607770757,0.9002376607770757,221.0,171,0.9170056956875509,0.8926844498083398,0.8944174122642858,0,0.0,0.9916666666666667,0.8048780487804879
partition_prox,Midnight12k,950fa286c513,fl,FedProx,adam,0.0003,0.01,20,uniform,institution,raw,mlp,False,,3,0.9311111569404602,0.9259560618388935,0.9188091212187213,0.9167639195240098,0.9137433786509366,0.9137433786509366,254.0,204,0.9259560618388935,0.9188091212187213,0.9167639195240098,0,0.0,1.0,0.9024390243902439
partition_prox,Midnight12k,9b9af5866acf,fl,FedProx,adam,0.0003,0.01,20,uniform,institution,raw,mlp,False,,4,0.944444477558136,0.9227013832384052,0.9096461284994829,0.9121874261337332,0.9125196254801429,0.9125196254801429,312.0,262,0.9227013832384052,0.9096461284994829,0.9121874261337332,0,0.0,1.0,0.9024390243902439
partition_prox,Midnight12k,b27602a60eed,fl,FedProx,adam,0.0003,0.01,20,uniform,labelskew_1.0,raw,mlp,False,,1,0.9422222375869751,0.9251423921887714,0.9148755299420509,0.9170057958974372,0.9177739104790582,0.9177739104790582,248.0,198,0.9251423921887714,0.9148755299420509,0.9170057958974372,0,0.0,0.9916666666666667,0.926829268292683
partition_prox,Midnight12k,db3668e3f24c,fl,FedProx,adam,0.0003,0.01,20,uniform,labelskew_1.0,raw,mlp,False,,2,0.9355555772781372,0.9170056956875509,0.9133136024752742,0.9094353228793539,0.9109991235274342,0.9109991235274342,211.0,161,0.9170056956875509,0.9133136024752742,0.9094353228793539,0,0.0,0.9833333333333333,0.9512195121951219
partition_prox,Midnight12k,e4c38b1b96f0,fl,FedProx,adam,0.0003,0.01,20,uniform,institution,raw,mlp,False,,0,0.9155555963516235,0.9096826688364524,0.8910274762517394,0.8931319751218703,0.8978379661333744,0.8978379661333744,201.0,151,0.9096826688364524,0.8910274762517394,0.8931319751218703,0,0.0,1.0,0.8780487804878049
partition_prox,Phikon_v2,11bd65dc34b5,fl,FedProx,adam,0.0003,0.01,20,uniform,institution,raw,mlp,False,,4,0.9555555582046509,0.9259560618388935,0.8806413929411564,0.8938253296502461,0.9098759034896108,0.9098759034896108,131.0,81,0.9259560618388935,0.8806413929411564,0.8938253296502461,0,0.0,0.8916666666666667,0.5365853658536586
partition_prox,Phikon_v2,1e4f457145f2,fl,FedProx,adam,0.0003,0.01,20,uniform,labelskew_1.0,raw,mlp,False,,2,0.9866666793823242,0.9707078925956062,0.9676352489896343,0.9691576431897941,0.9682181813801752,0.9682181813801752,211.0,161,0.9707078925956062,0.9676352489896343,0.9691576431897941,0,0.0,1.0,0.975609756097561
partition_prox,Phikon_v2,64f0bffa7dd4,fl,FedProx,adam,0.0003,0.01,20,uniform,institution,raw,mlp,False,,0,0.9688889384269714,0.951993490642799,0.9347626795416691,0.9403401159452515,0.9518884499024686,0.9518884499024686,202.0,152,0.951993490642799,0.9347626795416691,0.9403401159452515,0,0.0,0.975,0.7804878048780488
partition_prox,Phikon_v2,6872c6d6fea2,fl,FedProx,adam,0.0003,0.01,20,uniform,labelskew_1.0,raw,mlp,False,,3,0.9844444394111633,0.9641985353946297,0.9604494745493414,0.961790579525387,0.9626798853044959,0.9626798853044959,194.0,144,0.9641985353946297,0.9604494745493414,0.961790579525387,0,0.0,1.0,0.975609756097561
partition_prox,Phikon_v2,7d60e11d6fc0,fl,FedProx,adam,0.0003,0.01,20,uniform,institution,raw,mlp,False,,2,0.9600000381469727,0.9349064279902359,0.8981241635663157,0.9118392903209016,0.9198691091993274,0.9198691091993274,150.0,100,0.9349064279902359,0.8981241635663157,0.9118392903209016,0,0.0,0.9583333333333334,0.7317073170731707
partition_prox,Phikon_v2,8f92e24d2909,fl,FedProx,adam,0.0003,0.01,20,uniform,labelskew_1.0,raw,mlp,False,,0,0.9844444394111633,0.9601301871440195,0.957708185839842,0.9565296468436083,0.9549571952219927,0.9549571952219927,135.0,85,0.9601301871440195,0.957708185839842,0.9565296468436083,0,0.0,1.0,0.975609756097561
partition_prox,Phikon_v2,9ab63195820b,fl,FedProx,adam,0.0003,0.01,20,uniform,institution,raw,mlp,False,,3,0.9688889384269714,0.9454841334418226,0.915180072681811,0.923595407168775,0.9315100715022833,0.9315100715022833,150.0,100,0.9454841334418226,0.915180072681811,0.923595407168775,0,0.0,0.9666666666666667,0.7073170731707317
partition_prox,Phikon_v2,c0abe1a07294,fl,FedProx,adam,0.0003,0.01,20,uniform,institution,raw,mlp,False,,1,0.9666666984558105,0.9381611065907242,0.8989193275713466,0.9151182316464285,0.9251656039818034,0.9251656039818034,187.0,137,0.9381611065907242,0.8989193275713466,0.9151182316464285,0,0.0,0.9916666666666667,0.6341463414634146
partition_prox,Phikon_v2,c2f0a494886a,fl,FedProx,adam,0.0003,0.01,20,uniform,labelskew_1.0,raw,mlp,False,,1,0.9844444394111633,0.9658258746948739,0.9618818786043835,0.9631484309912235,0.9637288622880524,0.9637288622880524,193.0,143,0.9658258746948739,0.9618818786043835,0.9631484309912235,0,0.0,1.0,0.975609756097561
partition_prox,Phikon_v2,d3c2a4d02b0f,fl,FedProx,adam,0.0003,0.01,20,uniform,labelskew_1.0,raw,mlp,False,,4,0.9800000190734863,0.9625711960943857,0.9601158770908947,0.9608013361048577,0.9581948454222597,0.9581948454222597,148.0,98,0.9625711960943857,0.9601158770908947,0.9608013361048577,0,0.0,1.0,0.975609756097561
partition_prox,ResNet50,21f4ef67fdca,fl,FedProx,adam,0.0003,0.01,20,uniform,labelskew_1.0,raw,mlp,False,,1,0.846666693687439,0.8039056143205858,0.7133805961984879,0.7143487386876086,0.7498692606106996,0.7498692606106996,649.0,599,0.8039056143205858,0.7133805961984879,0.7143487386876086,0,0.0,0.9,0.34146341463414637
partition_prox,ResNet50,6473519b9f98,fl,FedProx,adam,0.0003,0.01,20,uniform,labelskew_1.0,raw,mlp,False,,0,0.8799999952316284,0.8323840520748577,0.7769613094209639,0.7717173232600847,0.7946512873340553,0.7946512873340553,836.0,786,0.8323840520748577,0.7769613094209639,0.7717173232600847,0,0.0,0.95,0.7804878048780488
partition_prox,ResNet50,67b8985d7e89,fl,FedProx,adam,0.0003,0.01,20,uniform,institution,raw,mlp,False,,4,0.6533333659172058,0.613506916192026,0.5007717508349478,0.4283968108636518,0.5513592294760982,0.5513592294760982,327.0,277,0.613506916192026,0.5007717508349478,0.4283968108636518,0,0.0,0.8916666666666667,0.0
partition_prox,ResNet50,6ce70e47d45f,fl,FedProx,adam,0.0003,0.01,20,uniform,institution,raw,mlp,False,,0,0.6311111450195312,0.5760781122864117,0.44986230431003904,0.35132736542049275,0.5044040194101322,0.5044040194101322,334.0,284,0.5760781122864117,0.44986230431003904,0.35132736542049275,0,0.0,0.9333333333333333,0.0
partition_prox,ResNet50,74812ae7218a,fl,FedProx,adam,0.0003,0.01,20,uniform,labelskew_1.0,raw,mlp,False,,2,0.7177777886390686,0.694060211554109,0.5347204203555167,0.5215890933108229,0.6181871270047216,0.6181871270047216,238.0,188,0.694060211554109,0.5347204203555167,0.5215324584436571,1,0.0,0.7916666666666666,0.1951219512195122
partition_prox,ResNet50,8d2e8bf78f51,fl,FedProx,adam,0.0003,0.01,20,uniform,institution,raw,mlp,False,,1,0.6133333444595337,0.549227013832384,0.4273530194462063,0.3336141630938753,0.4696987728814672,0.4696987728814672,244.0,194,0.549227013832384,0.4273530194462063,0.3336141630938753,0,0.0,0.8166666666666667,0.0
partition_prox,ResNet50,9898123c8df1,fl,FedProx,adam,0.0003,0.01,20,uniform,labelskew_1.0,raw,mlp,False,,4,0.8555555939674377,0.8096013018714402,0.7461894485997024,0.7395663361199156,0.7707273762934039,0.7707273762934039,653.0,603,0.8096013018714402,0.7461894485997024,0.7395663361199156,0,0.0,0.9083333333333333,0.6585365853658537
partition_prox,ResNet50,a326ed103019,fl,FedProx,adam,0.0003,0.01,20,uniform,institution,raw,mlp,False,,3,0.644444465637207,0.6094385679414158,0.41232223359238884,0.36687754598849864,0.5240860318564562,0.5240860318564562,123.0,73,0.6094385679414158,0.41232223359238884,0.36687754598849864,0,0.0,0.175,0.0
partition_prox,ResNet50,dcf3d8cb4a36,fl,FedProx,adam,0.0003,0.01,20,uniform,labelskew_1.0,raw,mlp,False,,3,0.7377777695655823,0.7078925956061839,0.5504322889141808,0.5346234335041554,0.6427876372606399,0.6427876372606399,245.0,195,0.7078925956061839,0.5504322889141808,0.5346234335041554,0,0.0,0.825,0.17073170731707318
partition_prox,ResNet50,fea716bd8f19,fl,FedProx,adam,0.0003,0.01,20,uniform,institution,raw,mlp,False,,2,0.6066666841506958,0.5402766476810414,0.4203378911898131,0.32965636039132207,0.464323524734622,0.464323524734622,277.0,227,0.5402766476810414,0.4203378911898131,0.32965636039132207,0,0.0,0.7416666666666667,0.0
partition_prox,UNI_v2,0d0b478db6fa,fl,FedProx,adam,0.0003,0.01,20,uniform,institution,raw,mlp,False,,3,0.9600000381469727,0.9381611065907242,0.9102836187676419,0.9142636854257691,0.9295698450559904,0.9295698450559904,341.0,291,0.9381611065907242,0.9102836187676419,0.9142636854257691,0,0.0,0.9916666666666667,0.8536585365853658
partition_prox,UNI_v2,3159fda91249,fl,FedProx,adam,0.0003,0.01,20,uniform,labelskew_1.0,raw,mlp,False,,4,0.9711111187934875,0.950366151342555,0.9492251915603176,0.9448062585006802,0.9471111558338973,0.9471111558338973,243.0,193,0.950366151342555,0.9492251915603176,0.9448062585006802,0,0.0,0.9916666666666667,0.9512195121951219
partition_prox,UNI_v2,624385756bb1,fl,FedProx,adam,0.0003,0.01,20,uniform,labelskew_1.0,raw,mlp,False,,1,0.9688889384269714,0.9585028478437754,0.9552793855695138,0.9521146531081234,0.9551459890634347,0.9551459890634347,261.0,211,0.9585028478437754,0.9552793855695138,0.9521146531081234,0,0.0,0.9916666666666667,0.9512195121951219
partition_prox,UNI_v2,849b7e5e8c4f,fl,FedProx,adam,0.0003,0.01,20,uniform,institution,raw,mlp,False,,1,0.9466667175292969,0.9349064279902359,0.9141944412599048,0.9129137144555054,0.9289908838072471,0.9289908838072471,238.0,188,0.9349064279902359,0.9141944412599048,0.9129137144555054,0,0.0,0.9916666666666667,0.926829268292683
partition_prox,UNI_v2,afe4ea7ee7a3,fl,FedProx,adam,0.0003,0.01,20,uniform,labelskew_1.0,raw,mlp,False,,3,0.9711111187934875,0.9585028478437754,0.9560808192852703,0.951829585305176,0.9560041680368785,0.9560041680368785,303.0,253,0.9585028478437754,0.9560808192852703,0.951829585305176,0,0.0,0.9916666666666667,0.9512195121951219
partition_prox,UNI_v2,c9b0fe2245ae,fl,FedProx,adam,0.0003,0.01,20,uniform,institution,raw,mlp,False,,4,0.9577777981758118,0.9462978030919447,0.9186618485320197,0.9258722882039412,0.9403353400893981,0.9403353400893981,413.0,363,0.9462978030919447,0.9186618485320197,0.9258722882039412,0,0.0,0.9916666666666667,0.8536585365853658
partition_prox,UNI_v2,e74d56d93fe2,fl,FedProx,adam,0.0003,0.01,20,uniform,institution,raw,mlp,False,,0,0.9511111378669739,0.9259560618388935,0.8944374061206763,0.8915222328711158,0.9193580711370513,0.9193580711370513,236.0,186,0.9259560618388935,0.8944374061206763,0.8915222328711158,0,0.0,0.9916666666666667,0.7804878048780488
partition_prox,UNI_v2,f82284217fe8,fl,FedProx,adam,0.0003,0.01,20,uniform,institution,raw,mlp,False,,2,0.9222222566604614,0.8812042310821806,0.7909880867104438,0.781196168226763,0.8527235705851053,0.8527235705851053,133.0,83,0.8812042310821806,0.7909880867104438,0.781196168226763,0,0.0,0.9916666666666667,0.24390243902439024
partition_prox,UNI_v2,fa1f6767eb8c,fl,FedProx,adam,0.0003,0.01,20,uniform,labelskew_1.0,raw,mlp,False,,2,0.9688889384269714,0.9585028478437754,0.9549546435734177,0.9534695826671259,0.9553441971666272,0.9553441971666272,237.0,187,0.9585028478437754,0.9549546435734177,0.9534695826671259,0,0.0,0.9916666666666667,0.9512195121951219
partition_prox,UNI_v2,ff69599cbf3e,fl,FedProx,adam,0.0003,0.01,20,uniform,labelskew_1.0,raw,mlp,False,,0,0.9733333587646484,0.9593165174938975,0.956190883212104,0.9499481524370597,0.9513160702802449,0.9513160702802449,278.0,228,0.9593165174938975,0.956190883212104,0.9499481524370597,0,0.0,0.9916666666666667,0.975609756097561
partition_prox,Virchow2,0f7cf09572c1,fl,FedProx,adam,0.0003,0.01,20,uniform,institution,raw,mlp,False,,3,0.9555555582046509,0.9283970707892596,0.9052256857525016,0.9064232905743373,0.925933719729834,0.925933719729834,238.0,188,0.9283970707892596,0.9052256857525016,0.9064232905743373,0,0.0,0.9916666666666667,0.9024390243902439
partition_prox,Virchow2,4d75bcc18195,fl,FedProx,adam,0.0003,0.01,20,uniform,institution,raw,mlp,False,,2,0.9533333778381348,0.9324654190398698,0.9201521979980714,0.9148233946846845,0.9335012012848545,0.9335012012848545,346.0,296,0.9324654190398698,0.9201521979980714,0.9148233946846845,0,0.0,0.9916666666666667,0.9512195121951219
partition_prox,Virchow2,7c1568f56b34,fl,FedProx,adam,0.0003,0.01,20,uniform,labelskew_1.0,raw,mlp,False,,4,0.9622222185134888,0.9373474369406021,0.9355512346706626,0.9265574999503827,0.9303124099853073,0.9303124099853073,214.0,164,0.9373474369406021,0.9355512346706626,0.9265574999503827,0,0.0,0.9916666666666667,0.9512195121951219
partition_prox,Virchow2,7fc56506beb3,fl,FedProx,adam,0.0003,0.01,20,uniform,labelskew_1.0,raw,mlp,False,,0,0.9644444584846497,0.9454841334418226,0.9393390767811,0.931642490478588,0.9350669637274,0.9350669637274,247.0,197,0.9454841334418226,0.9393390767811,0.931642490478588,0,0.0,0.9833333333333333,0.975609756097561
partition_prox,Virchow2,a83f7ffd0fe1,fl,FedProx,adam,0.0003,0.01,20,uniform,institution,raw,mlp,False,,4,0.9533333778381348,0.9235150528885273,0.8992985436965886,0.8946466694689182,0.9241932195469662,0.9241932195469662,303.0,253,0.9235150528885273,0.8992985436965886,0.8946466694689182,0,0.0,0.9916666666666667,0.8536585365853658
partition_prox,Virchow2,ae93cb7fab42,fl,FedProx,adam,0.0003,0.01,20,uniform,labelskew_1.0,raw,mlp,False,,1,0.9666666984558105,0.9462978030919447,0.9440247055658139,0.9366554395451548,0.9349359795621479,0.9349359795621479,273.0,223,0.9462978030919447,0.9440247055658139,0.9366554395451548,0,0.0,0.9916666666666667,0.975609756097561
partition_prox,Virchow2,c3d7116fbe4e,fl,FedProx,adam,0.0003,0.01,20,uniform,labelskew_1.0,raw,mlp,False,,2,0.9600000381469727,0.9292107404393816,0.9201463924173827,0.9126605218577174,0.9083581181712024,0.9083581181712024,157.0,107,0.9292107404393816,0.9201463924173827,0.9126605218577174,0,0.0,0.9916666666666667,0.9024390243902439
partition_prox,Virchow2,e8446b46e63a,fl,FedProx,adam,0.0003,0.01,20,uniform,institution,raw,mlp,False,,1,0.9466667175292969,0.9202603742880391,0.876739040868795,0.8842810549594429,0.9090135048345411,0.9090135048345411,196.0,146,0.9202603742880391,0.876739040868795,0.8842810549594429,0,0.0,0.9916666666666667,0.7073170731707317
partition_prox,Virchow2,ea65a14cc986,fl,FedProx,adam,0.0003,0.01,20,uniform,labelskew_1.0,raw,mlp,False,,3,0.9711111187934875,0.9414157851912124,0.9380656620750325,0.9297756430322833,0.9308415479755043,0.9308415479755043,275.0,225,0.9414157851912124,0.9380656620750325,0.9297756430322833,0,0.0,0.9916666666666667,0.975609756097561
partition_prox,Virchow2,fbeb4d3d2cb8,fl,FedProx,adam,0.0003,0.01,20,uniform,institution,raw,mlp,False,,0,0.9422222375869751,0.8999186330349878,0.8800293184231268,0.8625957299463397,0.9000918348926219,0.9000918348926219,153.0,103,0.8999186330349878,0.8800293184231268,0.8625957299463397,0,0.0,0.975,0.926829268292683
partition_prox2,CTransPath,244087188ae4,fl,FedProx,adam,0.0003,0.01,20,uniform,labelskew_0.1,raw,mlp,False,,1,0.8688889145851135,0.8299430431244914,0.7667091599005759,0.7605339926096506,0.7722294529057893,0.7722294529057893,151.0,101,0.8299430431244914,0.7667091599005759,0.7605339926096506,0,0.0,0.7166666666666667,0.5121951219512195
partition_prox2,CTransPath,35488828d89c,fl,FedProx,adam,0.0003,0.01,20,uniform,labelskew_0.1,raw,mlp,False,,3,0.9155555963516235,0.8917819365337672,0.8606366366464907,0.8630591033926684,0.8447438415752719,0.8447438415752719,245.0,195,0.8917819365337672,0.8606366366464907,0.8630591033926684,0,0.0,0.9083333333333333,0.6829268292682927
partition_prox2,CTransPath,45f2da905a54,fl,FedProx,adam,0.0003,0.01,20,uniform,iid,raw,mlp,False,,4,0.9355555772781372,0.9007323026851098,0.8798366741995982,0.8768203661429141,0.8628946898052042,0.8628946898052042,213.0,163,0.9007323026851098,0.8798366741995982,0.8768203661429141,0,0.0,0.9666666666666667,0.8780487804878049
partition_prox2,CTransPath,46e616e01e3d,fl,FedProx,adam,0.0003,0.01,20,uniform,project_tss,raw,mlp,False,,0,0.6133333444595337,0.5760781122864117,0.3338197123218849,0.28333068442000353,0.40847269349910553,0.40847269349910553,141.0,91,0.5760781122864117,0.3338197123218849,0.28333068442000353,0,0.0,0.0,0.0
partition_prox2,CTransPath,4fa42e82f859,fl,FedProx,adam,0.0003,0.01,20,uniform,project_tss,raw,mlp,False,,1,0.5955555438995361,0.5671277461350691,0.323435679610711,0.2737273716321129,0.40462108292427945,0.40462108292427945,100.0,40,0.5671277461350691,0.323435679610711,0.2737273716321129,0,0.0,0.0,0.0
partition_prox2,CTransPath,59501b751b45,fl,FedProx,adam,0.0003,0.01,20,uniform,iid,raw,mlp,False,,3,0.944444477558136,0.9104963384865744,0.8941374217090383,0.8904557878917654,0.8778232192197152,0.8778232192197152,254.0,204,0.9104963384865744,0.8941374217090383,0.8904557878917654,0,0.0,0.95,0.9024390243902439
partition_prox2,CTransPath,5a058ad0b128,fl,FedProx,adam,0.0003,0.01,20,uniform,iid,raw,mlp,False,,2,0.944444477558136,0.9161920260374288,0.905061010343556,0.9005354355783874,0.8888105658836158,0.8888105658836158,287.0,237,0.9161920260374288,0.905061010343556,0.9005354355783874,0,0.0,0.975,0.9512195121951219
partition_prox2,CTransPath,640623db6320,fl,FedProx,adam,0.0003,0.01,20,uniform,iid,raw,mlp,False,,0,0.9422222375869751,0.9129373474369405,0.9071599954442475,0.8960834587719221,0.8960833368567797,0.8960833368567797,288.0,238,0.9129373474369405,0.9071599954442475,0.8960834587719221,0,0.0,0.975,0.9024390243902439
partition_prox2,CTransPath,67140a714164,fl,FedProx,adam,0.0003,0.01,20,uniform,iid,raw,mlp,False,,1,0.944444477558136,0.9048006509357202,0.8931440579839595,0.8837707928126172,0.874699551610066,0.874699551610066,224.0,174,0.9048006509357202,0.8931440579839595,0.8837707928126172,0,0.0,0.9666666666666667,0.9512195121951219
partition_prox2,CTransPath,6e71349d8a07,fl,FedProx,adam,0.0003,0.01,20,uniform,project_tss,raw,mlp,False,,2,0.6399999856948853,0.6037428803905615,0.35001343096522575,0.28880403027745644,0.4316333086125176,0.4316333086125176,248.0,198,0.6037428803905615,0.35001343096522575,0.28880403027745644,0,0.0,0.0,0.0
partition_prox2,CTransPath,9115d591ef91,fl,FedProx,adam,0.0003,0.01,20,uniform,project_tss,raw,mlp,False,,4,0.6022222638130188,0.580960130187144,0.3231044856843457,0.24182133113382706,0.4289363391185144,0.4289363391185144,173.0,123,0.580960130187144,0.3231044856843457,0.24182133113382706,0,0.0,0.0,0.0
partition_prox2,CTransPath,91a4740e1d25,fl,FedProx,adam,0.0003,0.01,20,uniform,labelskew_0.1,raw,mlp,False,,4,0.9155555963516235,0.8763222131814483,0.8362717424520913,0.8396478494198567,0.8264693256333056,0.8264693256333056,255.0,205,0.8763222131814483,0.8362717424520913,0.8396478494198567,0,0.0,0.9416666666666667,0.6341463414634146
partition_prox2,CTransPath,98db26b74a3d,fl,FedProx,adam,0.0003,0.01,20,uniform,project_tss,raw,mlp,False,,3,0.6088889241218567,0.5703824247355573,0.3374547546778078,0.3079797835566038,0.4070503680461744,0.4070503680461744,153.0,103,0.5703824247355573,0.3374547546778078,0.3079797835566038,0,0.0,0.0,0.0
partition_prox2,CTransPath,a28c76c5e87c,fl,FedProx,adam,0.0003,0.01,20,uniform,labelskew_0.1,raw,mlp,False,,2,0.9200000166893005,0.8982912937347437,0.8686648415119279,0.873067873484626,0.8600230849496721,0.8600230849496721,291.0,241,0.8982912937347437,0.8686648415119279,0.873067873484626,0,0.0,0.95,0.7317073170731707
partition_prox2,CTransPath,c6bf0e616654,fl,FedProx,adam,0.0003,0.01,20,uniform,labelskew_0.1,raw,mlp,False,,0,0.9155555963516235,0.8828315703824248,0.8255865159399352,0.831953547877815,0.8464171599722241,0.8464171599722241,316.0,266,0.8828315703824248,0.8255865159399352,0.831953547877815,0,0.0,0.9333333333333333,0.4634146341463415
partition_prox2,Conch_v15,00e9eee2e36f,fl,FedProx,adam,0.0003,0.01,20,uniform,labelskew_0.1,raw,mlp,False,,2,0.9555555582046509,0.9121236777868186,0.8965835695320408,0.8995848070755729,0.8981819159678598,0.8981819159678598,256.0,206,0.9121236777868186,0.8965835695320408,0.8995848070755729,0,0.0,0.9916666666666667,0.9024390243902439
partition_prox2,Conch_v15,12f1f56b91b9,fl,FedProx,adam,0.0003,0.01,20,uniform,iid,raw,mlp,False,,0,0.9622222185134888,0.9275834011391375,0.9133257987258866,0.9164904671449219,0.9158589876558347,0.9158589876558347,207.0,157,0.9275834011391375,0.9133257987258866,0.9164904671449219,0,0.0,0.9916666666666667,0.975609756097561
partition_prox2,Conch_v15,1c37ffe7c729,fl,FedProx,adam,0.0003,0.01,20,uniform,iid,raw,mlp,False,,2,0.9644444584846497,0.9300244100895037,0.925408806929226,0.922036782219496,0.9288038958110233,0.9288038958110233,208.0,158,0.9300244100895037,0.925408806929226,0.922036782219496,0,0.0,0.9916666666666667,0.975609756097561
partition_prox2,Conch_v15,25cf50df6b85,fl,FedProx,adam,0.0003,0.01,20,uniform,project_tss,raw,mlp,False,,0,0.6822222471237183,0.6647681041497152,0.4380779277031312,0.36391046346129624,0.5428320482448208,0.5428320482448208,203.0,153,0.6647681041497152,0.4380779277031312,0.36391046346129624,0,0.0,0.0,0.0
partition_prox2,Conch_v15,4befc213a767,fl,FedProx,adam,0.0003,0.01,20,uniform,labelskew_0.1,raw,mlp,False,,0,0.9622222185134888,0.9235150528885273,0.9092319948095581,0.9108624208175665,0.9068025168392395,0.9068025168392395,334.0,284,0.9235150528885273,0.9092319948095581,0.9108624208175665,0,0.0,0.9833333333333333,0.8780487804878049
partition_prox2,Conch_v15,4f2e30bb17c6,fl,FedProx,adam,0.0003,0.01,20,uniform,project_tss,raw,mlp,False,,4,0.6600000262260437,0.6167615947925142,0.3730665409497356,0.30995115888323466,0.44648831882807394,0.44648831882807394,261.0,211,0.6167615947925142,0.3730665409497356,0.30995115888323466,0,0.0,0.0,0.0
partition_prox2,Conch_v15,5a3f25b57bc7,fl,FedProx,adam,0.0003,0.01,20,uniform,project_tss,raw,mlp,False,,1,0.648888885974884,0.6126932465419039,0.38732070220509524,0.3224938575327071,0.4941650912834713,0.4941650912834713,180.0,130,0.6126932465419039,0.38732070220509524,0.3224938575327071,0,0.0,0.0,0.0
partition_prox2,Conch_v15,8ff9c766fa89,fl,FedProx,adam,0.0003,0.01,20,uniform,iid,raw,mlp,False,,1,0.9688889384269714,0.9324654190398698,0.9291637051726531,0.9237733669913718,0.9248794013024167,0.9248794013024167,288.0,238,0.9324654190398698,0.9291637051726531,0.9237733669913718,0,0.0,0.9916666666666667,1.0
partition_prox2,Conch_v15,9ecee44500a8,fl,FedProx,adam,0.0003,0.01,20,uniform,labelskew_0.1,raw,mlp,False,,4,0.9644444584846497,0.9227013832384052,0.9105425316946469,0.9053347791366103,0.9092558561617377,0.9092558561617377,367.0,317,0.9227013832384052,0.9105425316946469,0.9053347791366103,0,0.0,0.9916666666666667,0.8536585365853658
partition_prox2,Conch_v15,a366845c0e72,fl,FedProx,adam,0.0003,0.01,20,uniform,iid,raw,mlp,False,,3,0.9644444584846497,0.9275834011391375,0.923205396146138,0.9162434680445699,0.9250357764987487,0.9250357764987487,204.0,154,0.9275834011391375,0.923205396146138,0.9162434680445699,0,0.0,0.9916666666666667,0.9512195121951219
partition_prox2,Conch_v15,cd5bdbe331c2,fl,FedProx,adam,0.0003,0.01,20,uniform,project_tss,raw,mlp,False,,3,0.6800000071525574,0.6314076484947111,0.43996107170415166,0.35942766142093024,0.5285195326817177,0.5285195326817177,133.0,83,0.6305939788445891,0.43937627638251425,0.3585091932783282,1,0.08136696501219731,0.0,0.0
partition_prox2,Conch_v15,e1b213e64258,fl,FedProx,adam,0.0003,0.01,20,uniform,iid,raw,mlp,False,,4,0.9622222185134888,0.9227013832384052,0.9109184107978048,0.9103809356216692,0.9114129107720633,0.9114129107720633,181.0,131,0.9227013832384052,0.9109184107978048,0.9103809356216692,0,0.0,0.9916666666666667,0.926829268292683
partition_prox2,Conch_v15,e6b3d98ad535,fl,FedProx,adam,0.0003,0.01,20,uniform,labelskew_0.1,raw,mlp,False,,3,0.948888897895813,0.9056143205858421,0.8919855169599011,0.8877025815460334,0.8842220039092751,0.8842220039092751,205.0,155,0.9056143205858421,0.8919855169599011,0.8877025815460334,0,0.0,0.9833333333333333,0.8536585365853658
partition_prox2,Conch_v15,f013d6b5bcde,fl,FedProx,adam,0.0003,0.01,20,uniform,labelskew_0.1,raw,mlp,False,,1,0.9666666984558105,0.9316517493897477,0.9190079185397342,0.9206305050588983,0.9195356905537215,0.9195356905537215,378.0,328,0.9316517493897477,0.9190079185397342,0.9206305050588983,0,0.0,0.9916666666666667,0.926829268292683
partition_prox2,Conch_v15,f45a83908a4a,fl,FedProx,adam,0.0003,0.01,20,uniform,project_tss,raw,mlp,False,,2,0.6644444465637207,0.6183889340927583,0.3710758422479591,0.3096229603113543,0.44232266735712655,0.44232266735712655,179.0,129,0.6183889340927583,0.3710758422479591,0.3096229603113543,0,0.0,0.0,0.0
partition_prox2,Midnight12k,032df24d895f,fl,FedProx,adam,0.0003,0.01,20,uniform,project_tss,raw,mlp,False,,4,0.597777783870697,0.5777054515866559,0.3226109589967211,0.2404668344892504,0.42450860225537346,0.42450860225537346,186.0,136,0.5785191212367778,0.3231957543183585,0.24088602848301122,1,-0.08136696501219731,0.0,0.0
partition_prox2,Midnight12k,100630320ab6,fl,FedProx,adam,0.0003,0.01,20,uniform,labelskew_0.1,raw,mlp,False,,3,0.9044444561004639,0.8820179007323027,0.8760503619275962,0.8759118645767788,0.8799336994330389,0.8799336994330389,152.0,102,0.8820179007323027,0.8760503619275962,0.8759118645767788,0,0.0,0.9916666666666667,0.8780487804878049
partition_prox2,Midnight12k,2bdf47a7bfcd,fl,FedProx,adam,0.0003,0.01,20,uniform,labelskew_0.1,raw,mlp,False,,2,0.9155555963516235,0.8999186330349878,0.8842770070494965,0.8867083940213051,0.8934044989217969,0.8934044989217969,235.0,185,0.8999186330349878,0.8842770070494965,0.8867083940213051,0,0.0,0.975,0.8048780487804879
partition_prox2,Midnight12k,3d6451b1e81f,fl,FedProx,adam,0.0003,0.01,20,uniform,project_tss,raw,mlp,False,,3,0.6311111450195312,0.6069975589910497,0.3829846674328725,0.3192734395961324,0.4863397419941531,0.4863397419941531,134.0,84,0.6069975589910497,0.3829846674328725,0.3192734395961324,0,0.0,0.0,0.0
partition_prox2,Midnight12k,425a879e4aea,fl,FedProx,adam,0.0003,0.01,20,uniform,iid,raw,mlp,False,,0,0.9333333373069763,0.919446704637917,0.9100019483695431,0.9105926894422764,0.9064659598080972,0.9064659598080972,206.0,156,0.919446704637917,0.9100019483695431,0.9105926894422764,0,0.0,0.9833333333333333,0.926829268292683
partition_prox2,Midnight12k,77b7a69f74c7,fl,FedProx,adam,0.0003,0.01,20,uniform,labelskew_0.1,raw,mlp,False,,4,0.9222222566604614,0.8958502847843776,0.8761176058639518,0.8834069562900817,0.8873458509238965,0.8873458509238965,265.0,215,0.8958502847843776,0.8761176058639518,0.8834069562900817,0,0.0,0.9833333333333333,0.7804878048780488
partition_prox2,Midnight12k,7a58e5c0c4cf,fl,FedProx,adam,0.0003,0.01,20,uniform,iid,raw,mlp,False,,2,0.9333333373069763,0.9202603742880391,0.9128623885911762,0.9085894374530601,0.9057947592537192,0.9057947592537192,193.0,143,0.9202603742880391,0.9128623885911762,0.9085894374530601,0,0.0,0.9833333333333333,0.926829268292683
partition_prox2,Midnight12k,7df7427f5856,fl,FedProx,adam,0.0003,0.01,20,uniform,iid,raw,mlp,False,,1,0.9355555772781372,0.9170056956875509,0.9091028739502099,0.9079652396086999,0.9092224973715703,0.9092224973715703,222.0,172,0.9170056956875509,0.9091028739502099,0.9079652396086999,0,0.0,0.9833333333333333,0.9512195121951219
partition_prox2,Midnight12k,7e1ac1a51f3c,fl,FedProx,adam,0.0003,0.01,20,uniform,iid,raw,mlp,False,,4,0.9577777981758118,0.9292107404393816,0.9218359730908703,0.9197652811378556,0.9113626868689174,0.9113626868689174,528.0,478,0.9292107404393816,0.9218359730908703,0.9197652811378556,0,0.0,0.9833333333333333,0.926829268292683
partition_prox2,Midnight12k,8a247258af40,fl,FedProx,adam,0.0003,0.01,20,uniform,iid,raw,mlp,False,,3,0.948888897895813,0.9292107404393816,0.9205199191265164,0.9217856248119757,0.9152457645769986,0.9152457645769986,377.0,327,0.9292107404393816,0.9205199191265164,0.9217856248119757,0,0.0,0.9833333333333333,0.926829268292683
partition_prox2,Midnight12k,a604eecb367e,fl,FedProx,adam,0.0003,0.01,20,uniform,project_tss,raw,mlp,False,,2,0.7622222304344177,0.74206672091131,0.5337639413462051,0.5076687900629197,0.6496025137257307,0.6496025137257307,500.0,450,0.7428803905614321,0.5346121177669005,0.5086143629197223,1,-0.08136696501220841,0.8916666666666667,0.0
partition_prox2,Midnight12k,b5dfadccdf44,fl,FedProx,adam,0.0003,0.01,20,uniform,project_tss,raw,mlp,False,,1,0.6066666841506958,0.596419853539463,0.34954830476963117,0.2973759184534276,0.4545844918897879,0.4545844918897879,249.0,199,0.596419853539463,0.34954830476963117,0.2973759184534276,0,0.0,0.0,0.0
partition_prox2,Midnight12k,dad0c8e1bea0,fl,FedProx,adam,0.0003,0.01,20,uniform,labelskew_0.1,raw,mlp,False,,0,0.9066666960716248,0.8893409275834011,0.866637434208133,0.8693442877404711,0.8823257892861878,0.8823257892861878,175.0,125,0.8893409275834011,0.866637434208133,0.8693442877404711,0,0.0,0.975,0.7560975609756098
partition_prox2,Midnight12k,e0e2133efb9b,fl,FedProx,adam,0.0003,0.01,20,uniform,labelskew_0.1,raw,mlp,False,,1,0.9177777767181396,0.8966639544344996,0.8878251485335078,0.8902216346348459,0.8899341591196814,0.8899341591196814,259.0,209,0.8966639544344996,0.8878251485335078,0.8902216346348459,0,0.0,0.975,0.8536585365853658
partition_prox2,Midnight12k,eb0ede891ed1,fl,FedProx,adam,0.0003,0.01,20,uniform,project_tss,raw,mlp,False,,0,0.59333336353302,0.5736371033360456,0.3178413277896089,0.23999298861999088,0.4228361685092569,0.4228361685092569,157.0,107,0.5736371033360456,0.3178413277896089,0.23999298861999088,0,0.0,0.0,0.0
partition_prox2,Phikon_v2,0136efe3b440,fl,FedProx,adam,0.0003,0.01,20,uniform,iid,raw,mlp,False,,4,0.9844444394111633,0.9568755085435313,0.9563033062373686,0.9567639913318531,0.9551097094321395,0.9551097094321395,141.0,91,0.9568755085435313,0.9563033062373686,0.9567639913318531,0,0.0,1.0,1.0
partition_prox2,Phikon_v2,1221f3ba70df,fl,FedProx,adam,0.0003,0.01,20,uniform,project_tss,raw,mlp,False,,4,0.644444465637207,0.6029292107404394,0.3499548301544135,0.29463511685410343,0.43311155931872447,0.43311155931872447,151.0,101,0.6029292107404394,0.3499548301544135,0.29463511685410343,0,0.0,0.0,0.0
partition_prox2,Phikon_v2,1918d295e8c5,fl,FedProx,adam,0.0003,0.01,20,uniform,labelskew_0.1,raw,mlp,False,,0,0.9800000190734863,0.9609438567941416,0.9599194014871268,0.9577538098833696,0.9537537387615269,0.9537537387615269,213.0,163,0.9609438567941416,0.9599194014871268,0.9577538098833696,0,0.0,1.0,0.975609756097561
partition_prox2,Phikon_v2,19ee9fcacc52,fl,FedProx,adam,0.0003,0.01,20,uniform,labelskew_0.1,raw,mlp,False,,1,0.9755555987358093,0.9585028478437754,0.9573147258933979,0.9567296695555717,0.9460661698979456,0.9460661698979456,202.0,152,0.9585028478437754,0.9573147258933979,0.9567296695555717,0,0.0,0.9833333333333333,0.975609756097561
partition_prox2,Phikon_v2,35121c36637b,fl,FedProx,adam,0.0003,0.01,20,uniform,iid,raw,mlp,False,,0,0.9844444394111633,0.9585028478437754,0.9526218704924759,0.956525209881335,0.9496535583373589,0.9496535583373589,227.0,177,0.9585028478437754,0.9526218704924759,0.956525209881335,0,0.0,1.0,0.975609756097561
partition_prox2,Phikon_v2,54e44daada83,fl,FedProx,adam,0.0003,0.01,20,uniform,iid,raw,mlp,False,,3,0.9866666793823242,0.9609438567941416,0.953994374155056,0.9572920927213416,0.9445953737620405,0.9445953737620405,192.0,142,0.9609438567941416,0.953994374155056,0.9572920927213416,0,0.0,1.0,0.975609756097561
partition_prox2,Phikon_v2,608bf2863f34,fl,FedProx,adam,0.0003,0.01,20,uniform,project_tss,raw,mlp,False,,0,0.7044444680213928,0.6704637917005696,0.4356883394407024,0.3977842055652502,0.5023930681640962,0.5023930681640962,257.0,207,0.6704637917005696,0.4356883394407024,0.3977842055652502,0,0.0,0.0,0.0
partition_prox2,Phikon_v2,6ba67f7a2e05,fl,FedProx,adam,0.0003,0.01,20,uniform,project_tss,raw,mlp,False,,3,0.6044444441795349,0.5752644426362896,0.32527376719608664,0.2794664295453516,0.40506546950573774,0.40506546950573774,103.0,53,0.5752644426362896,0.32527376719608664,0.2794664295453516,0,0.0,0.0,0.0
partition_prox2,Phikon_v2,6f20bacfdc5f,fl,FedProx,adam,0.0003,0.01,20,uniform,iid,raw,mlp,False,,2,0.9866666793823242,0.9593165174938975,0.958050515791049,0.9589171521469058,0.9562040618894202,0.9562040618894202,199.0,149,0.9593165174938975,0.958050515791049,0.9589171521469058,0,0.0,1.0,0.975609756097561
partition_prox2,Phikon_v2,716312bd2978,fl,FedProx,adam,0.0003,0.01,20,uniform,labelskew_0.1,raw,mlp,False,,4,0.9800000190734863,0.9625711960943857,0.958570433809263,0.9612378642628578,0.9587226636292057,0.9587226636292057,262.0,212,0.9625711960943857,0.958570433809263,0.9612378642628578,0,0.0,1.0,0.975609756097561
partition_prox2,Phikon_v2,a8a2a9c15404,fl,FedProx,adam,0.0003,0.01,20,uniform,project_tss,raw,mlp,False,,1,0.7200000286102295,0.7021969080553295,0.46293861100596,0.4452940599207169,0.5298892441292835,0.5298892441292835,314.0,264,0.7021969080553295,0.46293861100596,0.4452940599207169,0,0.0,0.5916666666666667,0.0
partition_prox2,Phikon_v2,c2a2b3320dae,fl,FedProx,adam,0.0003,0.01,20,uniform,project_tss,raw,mlp,False,,2,0.644444465637207,0.6094385679414158,0.3535791006439897,0.29692182908611203,0.43587393050009876,0.43587393050009876,153.0,103,0.6094385679414158,0.3535791006439897,0.29692182908611203,0,0.0,0.0,0.0
partition_prox2,Phikon_v2,cfbcc14a2635,fl,FedProx,adam,0.0003,0.01,20,uniform,iid,raw,mlp,False,,1,0.9844444394111633,0.9552481692432873,0.9517447584406461,0.9534438429325599,0.9425410994336227,0.9425410994336227,167.0,117,0.9552481692432873,0.9517447584406461,0.9534438429325599,0,0.0,1.0,0.975609756097561
partition_prox2,Phikon_v2,ece2c00b7c18,fl,FedProx,adam,0.0003,0.01,20,uniform,labelskew_0.1,raw,mlp,False,,3,0.9711111187934875,0.9585028478437754,0.9493399089590606,0.95313246465357,0.9437717526502573,0.9437717526502573,180.0,130,0.9585028478437754,0.9493399089590606,0.95313246465357,0,0.0,0.975,0.975609756097561
partition_prox2,Phikon_v2,ef396340617a,fl,FedProx,adam,0.0003,0.01,20,uniform,labelskew_0.1,raw,mlp,False,,2,0.9822222590446472,0.9633848657445078,0.9590852586618214,0.9607383801360305,0.9578748354449289,0.9578748354449289,309.0,259,0.9633848657445078,0.9590852586618214,0.9607383801360305,0,0.0,1.0,0.975609756097561
partition_prox2,ResNet50,0c8f4d31e4ac,fl,FedProx,adam,0.0003,0.01,20,uniform,iid,raw,mlp,False,,1,0.8888888955116272,0.8299430431244914,0.7824547603177769,0.775179565045306,0.7863729117360101,0.7863729117360101,797.0,747,0.8299430431244914,0.7824547603177769,0.775179565045306,0,0.0,0.8416666666666667,0.6829268292682927
partition_prox2,ResNet50,110d4df8827a,fl,FedProx,adam,0.0003,0.01,20,uniform,labelskew_0.1,raw,mlp,False,,2,0.6066666841506958,0.5890968266883645,0.39650247659640725,0.3282243841166502,0.4870243670732879,0.4870243670732879,233.0,183,0.5890968266883645,0.39650247659640725,0.3282243841166502,0,0.0,0.0,0.0
partition_prox2,ResNet50,120117f35660,fl,FedProx,adam,0.0003,0.01,20,uniform,iid,raw,mlp,False,,3,0.897777795791626,0.8405207485760781,0.80320441008961,0.7953163078639813,0.8167758583742049,0.8167758583742049,884.0,834,0.8405207485760781,0.80320441008961,0.7953163078639813,0,0.0,0.9333333333333333,0.7560975609756098
partition_prox2,ResNet50,20bd481ec372,fl,FedProx,adam,0.0003,0.01,20,uniform,iid,raw,mlp,False,,0,0.8711111545562744,0.8340113913751017,0.7765716134209144,0.7726747964160424,0.7983082186863009,0.7983082186863009,655.0,605,0.8340113913751017,0.7765716134209144,0.7726747964160424,0,0.0,0.925,0.6341463414634146
partition_prox2,ResNet50,2abdf6eeb376,fl,FedProx,adam,0.0003,0.01,20,uniform,iid,raw,mlp,False,,2,0.8799999952316284,0.8331977217249796,0.8003701097715131,0.7868794001074553,0.8018147021489658,0.8018147021489658,794.0,744,0.8331977217249796,0.8003701097715131,0.7868794001074553,0,0.0,0.925,0.7804878048780488
partition_prox2,ResNet50,3992436b9a1d,fl,FedProx,adam,0.0003,0.01,20,uniform,iid,raw,mlp,False,,4,0.8777778148651123,0.8291293734743694,0.7636843066389439,0.7649799643984292,0.7908036731808357,0.7908036731808357,667.0,617,0.8291293734743694,0.7636843066389439,0.7649799643984292,0,0.0,0.9083333333333333,0.5121951219512195
partition_prox2,ResNet50,69b81a16b901,fl,FedProx,adam,0.0003,0.01,20,uniform,project_tss,raw,mlp,False,,0,0.3199999928474426,0.28152969894222946,0.1111111111111111,0.04881834215167549,0.18691588785046728,0.18691588785046728,100.0,10,0.28152969894222946,0.1111111111111111,0.04881834215167549,0,0.0,0.0,0.0
partition_prox2,ResNet50,6bf06d4a2950,fl,FedProx,adam,0.0003,0.01,20,uniform,labelskew_0.1,raw,mlp,False,,3,0.5688889026641846,0.549227013832384,0.34631111336465764,0.2714842831125541,0.4572555796706759,0.4572555796706759,186.0,136,0.5500406834825061,0.34689590868629505,0.27211481756486294,1,-0.08136696501220841,0.0,0.0
partition_prox2,ResNet50,a70c8063eba5,fl,FedProx,adam,0.0003,0.01,20,uniform,project_tss,raw,mlp,False,,4,0.3199999928474426,0.28152969894222946,0.1111111111111111,0.04881834215167549,0.18691588785046728,0.18691588785046728,100.0,13,0.28152969894222946,0.1111111111111111,0.04881834215167549,0,0.0,0.0,0.0
partition_prox2,ResNet50,a98e8d8e0f6b,fl,FedProx,adam,0.0003,0.01,20,uniform,labelskew_0.1,raw,mlp,False,,1,0.4466666877269745,0.4369406021155411,0.21769107257546563,0.1367995982388796,0.32353011202406023,0.32353011202406023,120.0,70,0.4369406021155411,0.21769107257546563,0.1367995982388796,0,0.0,0.0,0.0
partition_prox2,ResNet50,c0042566c089,fl,FedProx,adam,0.0003,0.01,20,uniform,project_tss,raw,mlp,False,,2,0.3199999928474426,0.28152969894222946,0.1111111111111111,0.04881834215167549,0.18691588785046728,0.18691588785046728,100.0,1,0.28152969894222946,0.1111111111111111,0.04881834215167549,0,0.0,0.0,0.0
partition_prox2,ResNet50,ce8b4cf53288,fl,FedProx,adam,0.0003,0.01,20,uniform,project_tss,raw,mlp,False,,1,0.3199999928474426,0.28152969894222946,0.1111111111111111,0.04881834215167549,0.18691588785046728,0.18691588785046728,100.0,1,0.28152969894222946,0.1111111111111111,0.04881834215167549,0,0.0,0.0,0.0
partition_prox2,ResNet50,d35f73b88aed,fl,FedProx,adam,0.0003,0.01,20,uniform,labelskew_0.1,raw,mlp,False,,4,0.5177778005599976,0.5044751830756713,0.3142247377435239,0.21584160122783544,0.42418479329770886,0.42418479329770886,207.0,157,0.5044751830756713,0.3142247377435239,0.21584160122783544,0,0.0,0.0,0.0
partition_prox2,ResNet50,df877d2221a6,fl,FedProx,adam,0.0003,0.01,20,uniform,project_tss,raw,mlp,False,,3,0.3199999928474426,0.28152969894222946,0.1111111111111111,0.04881834215167549,0.18691588785046728,0.18691588785046728,100.0,1,0.28152969894222946,0.1111111111111111,0.04881834215167549,0,0.0,0.0,0.0
partition_prox2,ResNet50,fb8e851b2a3f,fl,FedProx,adam,0.0003,0.01,20,uniform,labelskew_0.1,raw,mlp,False,,0,0.4466666877269745,0.4369406021155411,0.21769107257546563,0.13504388530039393,0.32353011202406023,0.32353011202406023,100.0,14,0.4369406021155411,0.21769107257546563,0.13504388530039393,0,0.0,0.0,0.0
partition_prox2,UNI_v2,2227cfb3af32,fl,FedProx,adam,0.0003,0.01,20,uniform,iid,raw,mlp,False,,3,0.9777777791023254,0.9585028478437754,0.955055529477814,0.9541543097762014,0.9564889296119826,0.9564889296119826,308.0,258,0.9585028478437754,0.955055529477814,0.9541543097762014,0,0.0,0.9916666666666667,0.926829268292683
partition_prox2,UNI_v2,2ce145b93e44,fl,FedProx,adam,0.0003,0.01,20,uniform,iid,raw,mlp,False,,2,0.9733333587646484,0.9528071602929211,0.948281449817181,0.9470209337268659,0.9500645238573587,0.9500645238573587,218.0,168,0.9528071602929211,0.948281449817181,0.9470209337268659,0,0.0,0.9916666666666667,0.926829268292683
partition_prox2,UNI_v2,3b6a590bd20d,fl,FedProx,adam,0.0003,0.01,20,uniform,project_tss,raw,mlp,False,,0,0.6244444847106934,0.5915378356387306,0.34466715849029245,0.29514072443208356,0.4315144011405694,0.4315144011405694,152.0,102,0.5915378356387306,0.34466715849029245,0.29514072443208356,0,0.0,0.0,0.0
partition_prox2,UNI_v2,3f88dc5e9e24,fl,FedProx,adam,0.0003,0.01,20,uniform,labelskew_0.1,raw,mlp,False,,0,0.9622222185134888,0.9365337672904801,0.9286511620631224,0.9253886262199035,0.9189443081911471,0.9189443081911471,301.0,251,0.9365337672904801,0.9286511620631224,0.9253886262199035,0,0.0,1.0,0.8536585365853658
partition_prox2,UNI_v2,472bbf399780,fl,FedProx,adam,0.0003,0.01,20,uniform,labelskew_0.1,raw,mlp,False,,3,0.9600000381469727,0.9292107404393816,0.9042624909582911,0.9113348402858175,0.9073337243119176,0.9073337243119176,261.0,211,0.9292107404393816,0.9042624909582911,0.9113348402858175,0,0.0,0.9916666666666667,0.7560975609756098
partition_prox2,UNI_v2,5c1138b4ce64,fl,FedProx,adam,0.0003,0.01,20,uniform,project_tss,raw,mlp,False,,1,0.6000000238418579,0.5834011391375101,0.32564986647736877,0.2614543047212156,0.4287634310998797,0.4287634310998797,161.0,111,0.5834011391375101,0.32564986647736877,0.2614543047212156,0,0.0,0.0,0.0
partition_prox2,UNI_v2,785d9fd75921,fl,FedProx,adam,0.0003,0.01,20,uniform,labelskew_0.1,raw,mlp,False,,4,0.9511111378669739,0.9324654190398698,0.9136099074027401,0.9182906781964396,0.9189964414263482,0.9189964414263482,248.0,198,0.9324654190398698,0.9136099074027401,0.9182906781964396,0,0.0,0.9916666666666667,0.8536585365853658
partition_prox2,UNI_v2,83b50ec4c703,fl,FedProx,adam,0.0003,0.01,20,uniform,project_tss,raw,mlp,False,,2,0.6622222661972046,0.611879576891782,0.3695577690199111,0.3157149965774635,0.4448738898115845,0.4448738898115845,267.0,217,0.611879576891782,0.3695577690199111,0.3157149965774635,0,0.0,0.0,0.0
partition_prox2,UNI_v2,8a903f224c64,fl,FedProx,adam,0.0003,0.01,20,uniform,project_tss,raw,mlp,False,,4,0.6333333253860474,0.5866558177379984,0.35722548513394714,0.2976859472895531,0.42664972474162505,0.42664972474162505,157.0,107,0.5866558177379984,0.35722548513394714,0.2976859472895531,0,0.0,0.0,0.0
partition_prox2,UNI_v2,921ccecc55c8,fl,FedProx,adam,0.0003,0.01,20,uniform,labelskew_0.1,raw,mlp,False,,1,0.9577777981758118,0.9259560618388935,0.916082910114219,0.9134202850967337,0.9075730646992329,0.9075730646992329,290.0,240,0.9259560618388935,0.916082910114219,0.9134202850967337,0,0.0,0.9916666666666667,0.8780487804878049
partition_prox2,UNI_v2,9af5ac72e41a,fl,FedProx,adam,0.0003,0.01,20,uniform,labelskew_0.1,raw,mlp,False,,2,0.9466667175292969,0.9308380797396257,0.919745180381625,0.9166017992430372,0.9074372581381928,0.9074372581381928,235.0,185,0.9308380797396257,0.919745180381625,0.9166017992430372,0,0.0,0.9916666666666667,0.8536585365853658
partition_prox2,UNI_v2,9f238855c97e,fl,FedProx,adam,0.0003,0.01,20,uniform,iid,raw,mlp,False,,0,0.9711111187934875,0.9536208299430431,0.9517821879019172,0.9491102037896728,0.9464749229079448,0.9464749229079448,218.0,168,0.9536208299430431,0.9517821879019172,0.9491102037896728,0,0.0,0.9916666666666667,0.9512195121951219
partition_prox2,UNI_v2,a66c5f033a55,fl,FedProx,adam,0.0003,0.01,20,uniform,iid,raw,mlp,False,,4,0.9711111187934875,0.9544344995931652,0.946126981654349,0.9484910639239101,0.9477276631871647,0.9477276631871647,204.0,154,0.9544344995931652,0.946126981654349,0.9484910639239101,0,0.0,0.9916666666666667,0.9024390243902439
partition_prox2,UNI_v2,e78b18ec27b2,fl,FedProx,adam,0.0003,0.01,20,uniform,project_tss,raw,mlp,False,,3,0.6466667056083679,0.6061838893409276,0.3486080952723777,0.2831006375704715,0.4394623865807666,0.4394623865807666,200.0,150,0.6061838893409276,0.3486080952723777,0.2831006375704715,0,0.0,0.0,0.0
partition_prox2,UNI_v2,ef760bb5fb32,fl,FedProx,adam,0.0003,0.01,20,uniform,iid,raw,mlp,False,,1,0.9733333587646484,0.9536208299430431,0.9493843888951368,0.9500775067604619,0.9504589243685818,0.9504589243685818,267.0,217,0.9536208299430431,0.9493843888951368,0.9500775067604619,0,0.0,0.9916666666666667,0.9512195121951219
partition_prox2,Virchow2,007dfb880a26,fl,FedProx,adam,0.0003,0.01,20,uniform,project_tss,raw,mlp,False,,3,0.6622222661972046,0.6354759967453214,0.41232140643838244,0.3224367554770257,0.5299766955394749,0.5299766955394749,100.0,50,0.6354759967453214,0.41232140643838244,0.3224367554770257,0,0.0,0.0,0.0
partition_prox2,Virchow2,092c7efd4308,fl,FedProx,adam,0.0003,0.01,20,uniform,iid,raw,mlp,False,,2,0.9622222185134888,0.9324654190398698,0.9248830888670673,0.9173215067819664,0.9224957199256265,0.9224957199256265,188.0,138,0.9324654190398698,0.9248830888670673,0.9173215067819664,0,0.0,0.9916666666666667,0.9024390243902439
partition_prox2,Virchow2,2275c375afcf,fl,FedProx,adam,0.0003,0.01,20,uniform,iid,raw,mlp,False,,0,0.9622222185134888,0.9414157851912124,0.9370335621463366,0.9309865939075481,0.9328328665043701,0.9328328665043701,244.0,194,0.9414157851912124,0.9370335621463366,0.9309865939075481,0,0.0,0.9833333333333333,0.975609756097561
partition_prox2,Virchow2,4a1c8b8d2b96,fl,FedProx,adam,0.0003,0.01,20,uniform,labelskew_0.1,raw,mlp,False,,4,0.9555555582046509,0.9292107404393816,0.9112220724124049,0.9101992987350881,0.9044445473183791,0.9044445473183791,261.0,211,0.9292107404393816,0.9112220724124049,0.9101992987350881,0,0.0,1.0,0.8536585365853658
partition_prox2,Virchow2,4a590372dc1b,fl,FedProx,adam,0.0003,0.01,20,uniform,project_tss,raw,mlp,False,,1,0.8288888931274414,0.8022782750203418,0.5896493936411625,0.5451289102264029,0.7128614952602492,0.7128614952602492,489.0,439,0.8022782750203418,0.5896493936411625,0.5451289102264029,0,0.0,0.9666666666666667,0.0
partition_prox2,Virchow2,5852c13a3511,fl,FedProx,adam,0.0003,0.01,20,uniform,iid,raw,mlp,False,,4,0.9644444584846497,0.9430431244914564,0.9391196952101732,0.9318878419859717,0.9374493199136584,0.9374493199136584,201.0,151,0.9430431244914564,0.9391196952101732,0.9318878419859717,0,0.0,0.9833333333333333,0.975609756097561
partition_prox2,Virchow2,67ca781c8f62,fl,FedProx,adam,0.0003,0.01,20,uniform,labelskew_0.1,raw,mlp,False,,0,0.944444477558136,0.9121236777868186,0.9000862607809376,0.898967874706201,0.8916121050343874,0.8916121050343874,231.0,181,0.9121236777868186,0.9000862607809376,0.898967874706201,0,0.0,0.9833333333333333,0.8780487804878049
partition_prox2,Virchow2,75d75dedcbd6,fl,FedProx,adam,0.0003,0.01,20,uniform,iid,raw,mlp,False,,1,0.9644444584846497,0.9462978030919447,0.9431092985198342,0.9369481015992933,0.9414148690239035,0.9414148690239035,267.0,217,0.9462978030919447,0.9431092985198342,0.9369481015992933,0,0.0,0.9916666666666667,0.975609756097561
partition_prox2,Virchow2,7774ad1a99e1,fl,FedProx,adam,0.0003,0.01,20,uniform,labelskew_0.1,raw,mlp,False,,2,0.9555555582046509,0.9332790886899919,0.9222006485496311,0.9238430896559523,0.9112070994080341,0.9112070994080341,291.0,241,0.9332790886899919,0.9222006485496311,0.9238430896559523,0,0.0,0.9916666666666667,0.9024390243902439
partition_prox2,Virchow2,9f2c862ae1df,fl,FedProx,adam,0.0003,0.01,20,uniform,project_tss,raw,mlp,False,,0,0.644444465637207,0.628966639544345,0.4187249997183067,0.3300258619327908,0.526701326805069,0.526701326805069,100.0,22,0.628966639544345,0.4187249997183067,0.3300258619327908,0,0.0,0.0,0.0
partition_prox2,Virchow2,9f659e9c2b46,fl,FedProx,adam,0.0003,0.01,20,uniform,project_tss,raw,mlp,False,,4,0.6822222471237183,0.6623270951993491,0.4339536795339872,0.3456125550551493,0.5480784402513375,0.5480784402513375,208.0,158,0.6623270951993491,0.4339536795339872,0.3456125550551493,0,0.0,0.0,0.0
partition_prox2,Virchow2,b519f8356644,fl,FedProx,adam,0.0003,0.01,20,uniform,labelskew_0.1,raw,mlp,False,,3,0.9622222185134888,0.9381611065907242,0.9296481583334205,0.9247487677937767,0.9218191638752388,0.9218191638752388,370.0,320,0.9381611065907242,0.9296481583334205,0.9247487677937767,0,0.0,0.9916666666666667,0.9024390243902439
partition_prox2,Virchow2,c4ce268381fa,fl,FedProx,adam,0.0003,0.01,20,uniform,iid,raw,mlp,False,,3,0.9644444584846497,0.9422294548413345,0.9377533248281834,0.9278203181848494,0.9412104702090766,0.9412104702090766,245.0,195,0.9422294548413345,0.9377533248281834,0.9278203181848494,0,0.0,0.9666666666666667,0.975609756097561
partition_prox2,Virchow2,dd9cffdc30eb,fl,FedProx,adam,0.0003,0.01,20,uniform,project_tss,raw,mlp,False,,2,0.6422222256660461,0.6248982912937348,0.4037096896866444,0.3176540434776325,0.5178309517873381,0.5178309517873381,140.0,90,0.6248982912937348,0.4037096896866444,0.3176540434776325,0,0.0,0.0,0.0
partition_prox2,Virchow2,fad0fd8659c2,fl,FedProx,adam,0.0003,0.01,20,uniform,labelskew_0.1,raw,mlp,False,,1,0.944444477558136,0.9275834011391375,0.9186819990707316,0.914264124950602,0.9081928398127775,0.9081928398127775,209.0,159,0.9275834011391375,0.9186819990707316,0.914264124950602,0,0.0,1.0,0.8780487804878049
pilot_sgd,UNI_v2,1bed38729c24,fl,FedAvg,sgd,0.003,0.01,20,stratified,project_tss,raw,mlp,False,,100,0.9088889360427856,0.8836452400325467,0.8621185181593227,0.8581451815292177,0.8743885109170403,0.8743885109170403,353.0,303,0.8836452400325467,0.8621185181593227,0.8581451815292177,0,0.0,0.975,0.7804878048780488
pilot_sgd,UNI_v2,325eaf9f1b68,fl,FedAvg,sgd,0.01,0.01,20,stratified,project_tss,raw,mlp,False,,100,0.9088889360427856,0.8934092758340114,0.878081830453369,0.8694738662587028,0.8869633346801736,0.8869633346801736,202.0,152,0.8925956061838893,0.8769244230459616,0.8680114300536468,1,0.08136696501220841,0.9833333333333333,0.8536585365853658
pilot_sgd,UNI_v2,828d291b83d7,fl,FedAvg,sgd,0.001,0.01,20,stratified,project_tss,raw,mlp,False,,100,0.6288889050483704,0.595606183889341,0.3633954202601917,0.3084828163764713,0.4365453362260216,0.4365453362260216,156.0,106,0.595606183889341,0.3633954202601917,0.3084828163764713,0,0.0,0.0,0.0
pilot_sgd,UNI_v2,c5d0cabb3d27,fl,FedAvg,sgd,0.3,0.01,20,stratified,project_tss,raw,mlp,False,,100,0.4444444477558136,0.43612693246541906,0.21830764290301863,0.1318358017191296,0.3213698933210194,0.3213698933210194,100.0,36,0.43612693246541906,0.21830764290301863,0.1318358017191296,0,0.0,0.0,0.0
pilot_sgd,UNI_v2,ca1325b23fef,fl,FedAvg,sgd,0.1,0.01,20,stratified,project_tss,raw,mlp,False,,100,0.7911111116409302,0.7762408462164361,0.6581929421068783,0.6389827739728301,0.7341190830205422,0.7341190830205422,208.0,158,0.7762408462164361,0.6581929421068783,0.6389827739728301,0,0.0,0.9666666666666667,0.04878048780487805
pilot_sgd,UNI_v2,ddf705fc188b,fl,SCAFFOLD,sgd,0.001,0.01,20,stratified,project_tss,raw,mlp,False,,100,0.5088889002799988,0.5223759153783564,0.3171590665810319,0.22429572053469096,0.43605800659416005,0.43605800659416005,100.0,46,0.5231895850284785,0.3180849925069578,0.2248766345376697,1,-0.08136696501220841,0.8833333333333333,0.0
pilot_sgd,UNI_v2,e9c7b7ba0469,fl,FedAvg,sgd,0.03,0.01,20,stratified,project_tss,raw,mlp,False,,100,0.9266666769981384,0.9104963384865744,0.9072169572632658,0.8980659405519346,0.9088568429833392,0.9088568429833392,224.0,174,0.9104963384865744,0.9072169572632658,0.8980659405519346,0,0.0,0.9916666666666667,0.9024390243902439
selection,Conch_v15,089d1ead21f1,fl,FedAvg,adam,0.0003,0.01,20,uniform,project_tss,raw,mlp,False,,0,0.8422222137451172,0.8177379983726607,0.7139572293389175,0.6741159409232378,0.7530061782496881,0.7530061782496881,130.0,80,0.8177379983726607,0.7139572293389175,0.6741159409232378,0,0.0,0.9833333333333333,0.0
selection,Conch_v15,1350674592f7,fl,FedAvg,adam,0.0003,0.01,20,uniform,project_tss,raw,mlp,False,,1,0.8711111545562744,0.8413344182262001,0.7390422932524916,0.7310021613922895,0.7964350740667798,0.7964350740667798,145.0,95,0.8413344182262001,0.7390422932524916,0.7310021613922895,0,0.0,0.9833333333333333,0.0
selection,Conch_v15,16d786170a86,fl,FedAvg,adam,0.0003,0.01,20,ucb,project_tss,raw,mlp,False,,4,0.8311111330986023,0.7982099267697315,0.5918339250046304,0.5471732548773841,0.7086612606228888,0.7086612606228888,214.0,164,0.7982099267697315,0.5918339250046304,0.5471732548773841,0,0.0,0.975,0.0
selection,Conch_v15,23d0ac3235ce,fl,FedAvg,adam,0.0003,0.01,20,pathology_aware,project_tss,raw,mlp,False,,0,0.8955555558204651,0.8616761594792515,0.7776316521191631,0.7976587082030289,0.8141397960878975,0.8141397960878975,225.0,175,0.8616761594792515,0.7776316521191631,0.7976587082030289,0,0.0,0.9916666666666667,0.4634146341463415
selection,Conch_v15,3a10a7dc1796,fl,FedAvg,adam,0.0003,0.01,20,ucb,project_tss,raw,mlp,False,,1,0.7111111283302307,0.6753458096013019,0.4512668307454964,0.3944816830458088,0.5521212831444289,0.5521212831444289,123.0,73,0.6753458096013019,0.4512668307454964,0.3944816830458088,0,0.0,0.7916666666666666,0.0
selection,Conch_v15,48190d037628,fl,FedAvg,adam,0.0003,0.01,20,stratified,project_tss,raw,mlp,False,,0,0.9355555772781372,0.9039869812855981,0.8849202705899839,0.8918777174836483,0.8813314651610228,0.8813314651610228,289.0,239,0.9039869812855981,0.8849202705899839,0.8918777174836483,0,0.0,0.9916666666666667,0.8292682926829268
selection,Conch_v15,4c7c6897cb69,fl,FedAvg,adam,0.0003,0.01,20,pathology_aware,project_tss,raw,mlp,False,,3,0.8844444751739502,0.8478437754271766,0.7786948572167185,0.8005516533028589,0.81125539381401,0.81125539381401,136.0,86,0.8478437754271766,0.7786948572167185,0.8005516533028589,0,0.0,0.9666666666666667,0.5121951219512195
selection,Conch_v15,6edbbbe91c2a,fl,FedAvg,adam,0.0003,0.01,20,pathology_aware,project_tss,raw,mlp,False,,4,0.893333375453949,0.8616761594792515,0.8031464246736297,0.8150876728835255,0.834727451016624,0.834727451016624,191.0,141,0.8616761594792515,0.8031464246736297,0.8150876728835255,0,0.0,0.975,0.3902439024390244
selection,Conch_v15,7e63a1ecf7fe,fl,FedAvg,adam,0.0003,0.01,20,uniform,project_tss,raw,mlp,False,,4,0.8688889145851135,0.8372660699755899,0.7197231643602728,0.7167485267681322,0.7867037627759009,0.7867037627759009,158.0,108,0.8372660699755899,0.7197231643602728,0.7167485267681322,0,0.0,0.9583333333333334,0.0
selection,Conch_v15,84757def3f2e,fl,FedAvg,adam,0.0003,0.01,20,ucb,project_tss,raw,mlp,False,,3,0.7400000095367432,0.6883645240032547,0.4802845268055488,0.410872031204337,0.5637242467707118,0.5637242467707118,183.0,133,0.6883645240032547,0.4802845268055488,0.410872031204337,0,0.0,0.0,0.0
selection,Conch_v15,a8f80362f915,fl,FedAvg,adam,0.0003,0.01,20,ucb,project_tss,raw,mlp,False,,2,0.8355555534362793,0.7998372660699756,0.5906518503724244,0.5458868837813043,0.7087398645443359,0.7087398645443359,263.0,213,0.7998372660699756,0.5906518503724244,0.5458868837813043,0,0.0,0.975,0.0
selection,Conch_v15,aa40a07f3c13,fl,FedAvg,adam,0.0003,0.01,20,pathology_aware,project_tss,raw,mlp,False,,1,0.9244444370269775,0.8934092758340114,0.8539478125148713,0.8661710926659387,0.8640508449018313,0.8640508449018313,261.0,211,0.8934092758340114,0.8539478125148713,0.8661710926659387,0,0.0,0.9916666666666667,0.7804878048780488
selection,Conch_v15,d051af06fa16,fl,FedAvg,adam,0.0003,0.01,20,uniform,project_tss,raw,mlp,False,,3,0.8311111330986023,0.807160292921074,0.6417336780364188,0.6355944681565632,0.7274419182822472,0.7274419182822472,103.0,53,0.807160292921074,0.6417336780364188,0.6355944681565632,0,0.0,0.9833333333333333,0.0
selection,Conch_v15,d243545ab70e,fl,FedAvg,adam,0.0003,0.01,20,uniform,project_tss,raw,mlp,False,,2,0.8711111545562744,0.8356387306753458,0.6907523273575956,0.6590598041864008,0.7671838648183402,0.7671838648183402,153.0,103,0.8356387306753458,0.6907523273575956,0.6590598041864008,0,0.0,0.9916666666666667,0.0
selection,Conch_v15,d2f6dc6d9c3c,fl,FedAvg,adam,0.0003,0.01,20,stratified,project_tss,raw,mlp,False,,4,0.8799999952316284,0.8405207485760781,0.738760465630655,0.7390645683464107,0.7901505331387553,0.7901505331387553,162.0,112,0.8405207485760781,0.738760465630655,0.7390645683464107,0,0.0,0.975,0.04878048780487805
selection,Conch_v15,d4b7e81ed792,fl,FedAvg,adam,0.0003,0.01,20,stratified,project_tss,raw,mlp,False,,3,0.8911111354827881,0.853539462978031,0.7841963025203165,0.798585350926618,0.8192292904051341,0.8192292904051341,146.0,96,0.8527257933279089,0.7836115071986789,0.7979851862595141,1,0.08136696501220841,0.9333333333333333,0.43902439024390244
selection,Conch_v15,e19c6698855b,fl,FedAvg,adam,0.0003,0.01,20,stratified,project_tss,raw,mlp,False,,2,0.9066666960716248,0.870626525630594,0.8296008592621332,0.8363659733113469,0.8393382756842563,0.8393382756842563,129.0,79,0.870626525630594,0.8296008592621332,0.8363659733113469,0,0.0,0.9666666666666667,0.7317073170731707
selection,Conch_v15,e7e84555baf4,fl,FedAvg,adam,0.0003,0.01,20,pathology_aware,project_tss,raw,mlp,False,,2,0.9088889360427856,0.8689991863303499,0.7991724418618961,0.8241688718657041,0.829203371239192,0.829203371239192,135.0,85,0.8689991863303499,0.7991724418618961,0.8241688718657041,0,0.0,0.9666666666666667,0.5609756097560976
selection,Conch_v15,e9ec436f1537,fl,FedAvg,adam,0.0003,0.01,20,stratified,project_tss,raw,mlp,False,,1,0.9244444370269775,0.8844589096826688,0.8332590299286888,0.8414442284294226,0.849496046694385,0.849496046694385,226.0,176,0.8844589096826688,0.8332590299286888,0.8414442284294226,0,0.0,0.975,0.6829268292682927
selection,Conch_v15,fdb9d8de5f77,fl,FedAvg,adam,0.0003,0.01,20,ucb,project_tss,raw,mlp,False,,0,0.753333330154419,0.7550854353132628,0.5708775147794376,0.5203187401395469,0.6829143943629925,0.6829143943629925,167.0,117,0.7550854353132628,0.5708775147794376,0.5203187401395469,0,0.0,1.0,0.0
selection,Phikon_v2,039510598c06,fl,FedAvg,adam,0.0003,0.01,20,pathology_aware,project_tss,raw,mlp,False,,2,0.9288889169692993,0.9332790886899919,0.9173273529267578,0.9295677837915814,0.9148729783997862,0.9148729783997862,397.0,347,0.9332790886899919,0.9173273529267578,0.9295677837915814,0,0.0,0.8666666666666667,0.8780487804878049
selection,Phikon_v2,0415eff88eac,fl,FedAvg,adam,0.0003,0.01,20,pathology_aware,project_tss,raw,mlp,False,,4,0.9399999976158142,0.9267697314890154,0.9142341403854003,0.9261175212652214,0.9202288308207311,0.9202288308207311,415.0,365,0.9267697314890154,0.9142341403854003,0.9261175212652214,0,0.0,0.9666666666666667,0.9024390243902439
selection,Phikon_v2,09578168cec5,fl,FedAvg,adam,0.0003,0.01,20,pathology_aware,project_tss,raw,mlp,False,,3,0.948888897895813,0.9373474369406021,0.9286704499974099,0.9363372516826741,0.9280077211930795,0.9280077211930795,520.0,470,0.9373474369406021,0.9286704499974099,0.9363372516826741,0,0.0,0.9833333333333333,0.926829268292683
selection,Phikon_v2,2c623ed62b3e,fl,FedAvg,adam,0.0003,0.01,20,stratified,project_tss,raw,mlp,False,,1,0.9466667175292969,0.9332790886899919,0.9229430358579093,0.9328403357162922,0.9144863256623381,0.9144863256623381,427.0,377,0.9332790886899919,0.9229430358579093,0.9328403357162922,0,0.0,0.975,0.9512195121951219
selection,Phikon_v2,2dda723535c0,fl,FedAvg,adam,0.0003,0.01,20,pathology_aware,project_tss,raw,mlp,False,,0,0.753333330154419,0.7127746135069162,0.5265403103348589,0.5057029639787315,0.5585877009286585,0.5585877009286585,149.0,99,0.7119609438567941,0.5259555150132216,0.5052024829621606,1,0.08136696501220841,0.016666666666666666,0.0
selection,Phikon_v2,38816c7a7f3b,fl,FedAvg,adam,0.0003,0.01,20,ucb,project_tss,raw,mlp,False,,1,0.8844444751739502,0.8494711147274207,0.6960843920701311,0.6793041253243255,0.7624473181716173,0.7624473181716173,554.0,504,0.8494711147274207,0.6960843920701311,0.6793041253243255,0,0.0,1.0,0.0
selection,Phikon_v2,3b37663a7e81,fl,FedAvg,adam,0.0003,0.01,20,stratified,project_tss,raw,mlp,False,,2,0.9555555582046509,0.9381611065907242,0.9295657918585012,0.938517717332932,0.9321491765416999,0.9321491765416999,459.0,409,0.9381611065907242,0.9295657918585012,0.938517717332932,0,0.0,0.9416666666666667,0.926829268292683
selection,Phikon_v2,3ce737c3caff,fl,FedAvg,adam,0.0003,0.01,20,ucb,project_tss,raw,mlp,False,,0,0.6399999856948853,0.6069975589910497,0.35027395169445624,0.29393356384822433,0.4415914332580999,0.4415914332580999,112.0,62,0.6069975589910497,0.35027395169445624,0.29393356384822433,0,0.0,0.0,0.0
selection,Phikon_v2,4696f722d517,fl,FedAvg,adam,0.0003,0.01,20,ucb,project_tss,raw,mlp,False,,4,0.648888885974884,0.6126932465419039,0.36013436642098706,0.2981092950437709,0.4528412341818139,0.4528412341818139,100.0,48,0.6126932465419039,0.36013436642098706,0.2981092950437709,0,0.0,0.0,0.0
selection,Phikon_v2,5d3ed660c5d1,fl,FedAvg,adam,0.0003,0.01,20,uniform,project_tss,raw,mlp,False,,1,0.8688889145851135,0.8462164361269324,0.7151366936184762,0.7357525071638242,0.7846096815046643,0.7846096815046643,271.0,221,0.8462164361269324,0.7151366936184762,0.7357525071638242,0,0.0,1.0,0.14634146341463414
selection,Phikon_v2,662ac1205a75,fl,FedAvg,adam,0.0003,0.01,20,stratified,project_tss,raw,mlp,False,,4,0.8644444942474365,0.8234336859235151,0.7038245165815591,0.7292158141988829,0.7453491778545065,0.7453491778545065,162.0,112,0.8234336859235151,0.7038245165815591,0.7292158141988829,0,0.0,0.6,0.04878048780487805
selection,Phikon_v2,a6541e967171,fl,FedAvg,adam,0.0003,0.01,20,uniform,project_tss,raw,mlp,False,,3,0.9044444561004639,0.8633034987794955,0.7391758601369173,0.7536880475017171,0.7881627154643223,0.7881627154643223,377.0,327,0.8633034987794955,0.7391758601369173,0.7536880475017171,0,0.0,0.95,0.024390243902439025
selection,Phikon_v2,a84cae5e5f05,fl,FedAvg,adam,0.0003,0.01,20,pathology_aware,project_tss,raw,mlp,False,,1,0.9466667175292969,0.9397884458909682,0.9281103647515114,0.9366945092724284,0.9326441773871681,0.9326441773871681,499.0,449,0.9397884458909682,0.9281103647515114,0.9366945092724284,0,0.0,0.9833333333333333,0.975609756097561
selection,Phikon_v2,a97e099bbe65,fl,FedAvg,adam,0.0003,0.01,20,ucb,project_tss,raw,mlp,False,,2,0.7644444704055786,0.7298616761594793,0.5607323430544621,0.5239294829082558,0.6085807336196744,0.6085807336196744,402.0,352,0.7298616761594793,0.5607323430544621,0.5239294829082558,0,0.0,0.0,0.0
selection,Phikon_v2,aa43046a3486,fl,FedAvg,adam,0.0003,0.01,20,uniform,project_tss,raw,mlp,False,,0,0.8866667151451111,0.8779495524816925,0.7748508159535203,0.7838501355181046,0.8140814912498796,0.8140814912498796,303.0,253,0.8779495524816925,0.7748508159535203,0.7838501355181046,0,0.0,0.9,0.0
selection,Phikon_v2,dac7b4f26b78,fl,FedAvg,adam,0.0003,0.01,20,ucb,project_tss,raw,mlp,False,,3,0.7111111283302307,0.6802278275020341,0.45870018415001607,0.4466474826765751,0.5499989529092661,0.5499989529092661,136.0,86,0.6802278275020341,0.45870018415001607,0.4466474826765751,0,0.0,0.275,0.0
selection,Phikon_v2,dddf2cc47b23,fl,FedAvg,adam,0.0003,0.01,20,stratified,project_tss,raw,mlp,False,,0,0.8088889122009277,0.7615947925142392,0.6171335781411446,0.6190241836152109,0.6573284683077272,0.6573284683077272,133.0,83,0.7615947925142392,0.6171335781411446,0.6188925099761386,1,0.0,0.10833333333333334,0.07317073170731707
selection,Phikon_v2,e89d9eb96555,fl,FedAvg,adam,0.0003,0.01,20,uniform,project_tss,raw,mlp,False,,2,0.8355555534362793,0.7778681855166802,0.6286683202767994,0.6268346535953735,0.6902964939179892,0.6902964939179892,226.0,176,0.7778681855166802,0.6286683202767994,0.6268346535953735,0,0.0,0.38333333333333336,0.0
selection,Phikon_v2,f55bec47e7d6,fl,FedAvg,adam,0.0003,0.01,20,stratified,project_tss,raw,mlp,False,,3,0.8222222328186035,0.7860048820179008,0.6219725503411758,0.6196778184873448,0.658914086420645,0.658914086420645,191.0,141,0.7860048820179008,0.6219725503411758,0.6196778184873448,0,0.0,0.625,0.0
selection,Phikon_v2,f9c026e8755b,fl,FedAvg,adam,0.0003,0.01,20,uniform,project_tss,raw,mlp,False,,4,0.7577778100967407,0.7160292921074044,0.4979599642193582,0.44688351241651136,0.5832524369292692,0.5832524369292692,134.0,84,0.7168429617575265,0.49880814064005363,0.4476193885266045,1,-0.08136696501220841,0.14166666666666666,0.0
selection,UNI_v2,02cf77984979,fl,FedAvg,adam,0.0003,0.01,20,uniform,project_tss,raw,mlp,False,,3,0.7888889312744141,0.774613506916192,0.5839119038778117,0.560427210931587,0.6998432339553834,0.6998432339553834,200.0,150,0.774613506916192,0.5839119038778117,0.560427210931587,0,0.0,0.9916666666666667,0.0
selection,UNI_v2,0e1a1ccf86eb,fl,FedAvg,adam,0.0003,0.01,20,pathology_aware,project_tss,raw,mlp,False,,6,0.800000011920929,0.7819365337672904,0.611918953828718,0.5952325696669293,0.7238987390036742,0.7238987390036742,159.0,109,0.7819365337672904,0.611918953828718,0.5952325696669293,0,0.0,0.9916666666666667,0.0
selection,UNI_v2,11e125f45a47,fl,FedAvg,adam,0.0003,0.01,20,stratified,project_tss,raw,mlp,False,,1,0.8022222518920898,0.7998372660699756,0.6747234390454646,0.673103568861601,0.742564480162857,0.742564480162857,119.0,69,0.7998372660699756,0.6747234390454646,0.673103568861601,0,0.0,0.9916666666666667,0.0
selection,UNI_v2,171f56e64e53,fl,FedAvg,adam,0.0003,0.01,20,ucb,project_tss,raw,mlp,False,,3,0.6600000262260437,0.6192026037428804,0.4108524284845183,0.3583833345706942,0.5148065657145015,0.5148065657145015,159.0,109,0.6192026037428804,0.4108524284845183,0.3583833345706942,0,0.0,0.03333333333333333,0.0
selection,UNI_v2,19cbfbcd5b00,fl,FedAvg,adam,0.0003,0.01,20,stratified,project_tss,raw,mlp,False,,8,0.8666666746139526,0.8372660699755899,0.7434580838373103,0.7411608480069847,0.7920983157927739,0.7920983157927739,234.0,184,0.8372660699755899,0.7434580838373103,0.7411608480069847,0,0.0,0.975,0.0
selection,UNI_v2,1d8cba10419a,fl,FedAvg,adam,0.0003,0.01,20,pathology_aware,project_tss,raw,mlp,False,,2,0.8488889336585999,0.8169243287225386,0.724969885831283,0.7163409778797897,0.7704247516737269,0.7704247516737269,121.0,71,0.8169243287225386,0.724969885831283,0.7163409778797897,0,0.0,0.9916666666666667,0.0
selection,UNI_v2,2807c397c98b,fl,FedAvg,adam,0.0003,0.01,20,pathology_aware,project_tss,raw,mlp,False,,9,0.8777778148651123,0.8502847843775427,0.7704043754939749,0.7575882468684684,0.8079349498885489,0.8079349498885489,281.0,231,0.8502847843775427,0.7704043754939749,0.7575882468684684,0,0.0,0.9916666666666667,0.0
selection,UNI_v2,2a7f83531c92,fl,FedAvg,adam,0.0003,0.01,20,stratified,project_tss,raw,mlp,False,,3,0.9355555772781372,0.9104963384865744,0.8846607710272697,0.8957074857647588,0.8880568178731812,0.8880568178731812,448.0,398,0.9104963384865744,0.8846607710272697,0.8957074857647588,0,0.0,0.9916666666666667,0.7560975609756098
selection,UNI_v2,43ac1d9fb107,fl,FedAvg,adam,0.0003,0.01,20,uniform,project_tss,raw,mlp,False,,7,0.7711111307144165,0.7461350691619203,0.6134608366906055,0.5744160263489729,0.6791451416266958,0.6791451416266958,104.0,54,0.7461350691619203,0.6134608366906055,0.5740421549866549,1,0.0,0.6083333333333333,0.0
selection,UNI_v2,43d5da09d7f8,fl,FedAvg,adam,0.0003,0.01,20,stratified,project_tss,raw,mlp,False,,9,0.8311111330986023,0.8161106590724166,0.692375145556859,0.6989273738363772,0.746287844799896,0.746287844799896,185.0,135,0.8161106590724166,0.692375145556859,0.6989273738363772,0,0.0,0.95,0.0
selection,UNI_v2,4e1e57b9b0cd,fl,FedAvg,adam,0.0003,0.01,20,pathology_aware,project_tss,raw,mlp,False,,4,0.8311111330986023,0.8152969894222946,0.7013818363028501,0.6889485062556171,0.7560232480198869,0.7560232480198869,116.0,66,0.8161106590724166,0.7022300127235456,0.6899046623848835,1,-0.08136696501220841,0.7416666666666667,0.0
selection,UNI_v2,5d90f00fc564,fl,FedAvg,adam,0.0003,0.01,20,stratified,project_tss,raw,mlp,False,,2,0.9266666769981384,0.887713588283157,0.8191966817861955,0.829847844521388,0.8590784296924646,0.8590784296924646,406.0,356,0.887713588283157,0.8191966817861955,0.829847844521388,0,0.0,0.9916666666666667,0.1951219512195122
selection,UNI_v2,62e4c3d52ab4,fl,FedAvg,adam,0.0003,0.01,20,stratified,project_tss,raw,mlp,False,,0,0.7666667103767395,0.7493897477624084,0.630877744260245,0.6443740981690765,0.6702612965483928,0.6702612965483928,105.0,55,0.7493897477624084,0.630877744260245,0.6443740981690765,0,0.0,0.8666666666666667,0.0975609756097561
selection,UNI_v2,6541ea84a1be,fl,FedAvg,adam,0.0003,0.01,20,ucb,project_tss,raw,mlp,False,,5,0.7622222304344177,0.7558991049633849,0.5347966720450736,0.4958173634035367,0.657596516786548,0.657596516786548,309.0,259,0.7567127746135069,0.5353814673667111,0.49625215401585787,1,-0.08136696501220841,0.975,0.0
selection,UNI_v2,6fee455389d0,fl,FedAvg,adam,0.0003,0.01,20,ucb,project_tss,raw,mlp,False,,9,0.7088888883590698,0.6810414971521562,0.4885281799541188,0.43544417968647325,0.5611847783576756,0.5611847783576756,155.0,105,0.6810414971521562,0.4885281799541188,0.43544417968647325,0,0.0,0.0,0.0
selection,UNI_v2,7bab98fc84af,fl,FedAvg,adam,0.0003,0.01,20,ucb,project_tss,raw,mlp,False,,6,0.8355555534362793,0.7957689178193653,0.5899442878358633,0.5466214896332737,0.7134943803168102,0.7134943803168102,451.0,401,0.7957689178193653,0.5899442878358633,0.5466214896332737,0,0.0,0.9916666666666667,0.0
selection,UNI_v2,93103e68e49f,fl,FedAvg,adam,0.0003,0.01,20,pathology_aware,project_tss,raw,mlp,False,,1,0.8422222137451172,0.8218063466232709,0.698050018004523,0.6887008342666784,0.7787213389320292,0.7787213389320292,169.0,119,0.8218063466232709,0.698050018004523,0.6887008342666784,0,0.0,0.9916666666666667,0.0
selection,UNI_v2,957d44f67021,fl,FedAvg,adam,0.0003,0.01,20,uniform,project_tss,raw,mlp,False,,1,0.800000011920929,0.8152969894222946,0.6994370310329229,0.6849343040016875,0.7528592602361206,0.7528592602361206,145.0,95,0.8152969894222946,0.6994370310329229,0.6849343040016875,0,0.0,0.9916666666666667,0.0
selection,UNI_v2,966acab22fb8,fl,FedAvg,adam,0.0003,0.01,20,uniform,project_tss,raw,mlp,False,,9,0.8066666722297668,0.7957689178193653,0.587622830112095,0.5358057776294103,0.7148446943618283,0.7148446943618283,172.0,122,0.7949552481692432,0.5873016997331612,0.5353197071850988,1,0.08136696501220841,0.9916666666666667,0.0
selection,UNI_v2,9d2698bbf58b,fl,FedAvg,adam,0.0003,0.01,20,pathology_aware,project_tss,raw,mlp,False,,5,0.8133333325386047,0.8112286411716843,0.7103612150570456,0.7091461551672585,0.7789285766761583,0.7789285766761583,121.0,71,0.8112286411716843,0.7103612150570456,0.7091461551672585,0,0.0,0.975,0.1951219512195122
selection,UNI_v2,b132adf4d950,fl,FedAvg,adam,0.0003,0.01,20,ucb,project_tss,raw,mlp,False,,1,0.6822222471237183,0.6932465419039869,0.48530415910932956,0.43283172085733845,0.5794787520120087,0.5794787520120087,130.0,80,0.6932465419039869,0.48530415910932956,0.43283172085733845,0,0.0,0.975,0.0
selection,UNI_v2,c56233e1266e,fl,FedAvg,adam,0.0003,0.01,20,uniform,project_tss,raw,mlp,False,,2,0.7355555891990662,0.7347436940602116,0.51910746881655,0.4488168679000787,0.6485013342489977,0.6485013342489977,100.0,45,0.7347436940602116,0.51910746881655,0.4488168679000787,0,0.0,0.9916666666666667,0.0
selection,UNI_v2,d0ed882b8a62,fl,FedAvg,adam,0.0003,0.01,20,pathology_aware,project_tss,raw,mlp,False,,8,0.7488889098167419,0.7306753458096013,0.5840415740841807,0.5428817651097874,0.6361194114436449,0.6361194114436449,100.0,49,0.7306753458096013,0.5840415740841807,0.5428817651097874,0,0.0,0.525,0.0
selection,UNI_v2,d397c02e2637,fl,FedAvg,adam,0.0003,0.01,20,ucb,project_tss,raw,mlp,False,,8,0.6555555462837219,0.6745321399511798,0.4492612324026616,0.40832904954293797,0.5606705774119188,0.5606705774119188,100.0,40,0.6745321399511798,0.4492612324026616,0.40832904954293797,0,0.0,0.95,0.0
selection,UNI_v2,dfbb2265cba3,fl,FedAvg,adam,0.0003,0.01,20,stratified,project_tss,raw,mlp,False,,4,0.8533333539962769,0.8323840520748577,0.7397615166607344,0.7395872801905836,0.7822436327252691,0.7822436327252691,190.0,140,0.8323840520748577,0.7397615166607344,0.7395872801905836,0,0.0,0.975,0.0
selection,UNI_v2,e09498630ea4,fl,FedAvg,adam,0.0003,0.01,20,uniform,project_tss,raw,mlp,False,,4,0.8066666722297668,0.7941415785191213,0.662307378384981,0.6193692251792788,0.7275969338787014,0.7275969338787014,158.0,108,0.7941415785191213,0.662307378384981,0.6193692251792788,0,0.0,0.9166666666666666,0.0
selection,UNI_v2,e1390a3e3ffb,fl,FedAvg,adam,0.0003,0.01,20,stratified,project_tss,raw,mlp,False,,6,0.8022222518920898,0.8022782750203418,0.6516464329545006,0.6477205478469611,0.7419520622115311,0.7419520622115311,130.0,80,0.8022782750203418,0.6516464329545006,0.6477205478469611,0,0.0,0.9916666666666667,0.0
selection,UNI_v2,e3f4e99f18ba,fl,FedAvg,adam,0.0003,0.01,20,uniform,project_tss,raw,mlp,False,,6,0.8244444727897644,0.7925142392188771,0.6365945381355237,0.6480744346669547,0.721765085066446,0.721765085066446,257.0,207,0.7925142392188771,0.6365945381355237,0.6480744346669547,0,0.0,0.9916666666666667,0.0
selection,UNI_v2,e49a1740283d,fl,FedAvg,adam,0.0003,0.01,20,stratified,project_tss,raw,mlp,False,,5,0.9355555772781372,0.8982912937347437,0.8488231541129889,0.8626144649932246,0.8779247409965559,0.8779247409965559,434.0,384,0.8982912937347437,0.8488231541129889,0.8626144649932246,0,0.0,0.9916666666666667,0.4146341463414634
selection,UNI_v2,e51757e23a65,fl,FedAvg,adam,0.0003,0.01,20,ucb,project_tss,raw,mlp,False,,4,0.742222249507904,0.7046379170056957,0.49077141090676946,0.43926200874336097,0.6004531431507166,0.6004531431507166,102.0,52,0.7046379170056957,0.49077141090676946,0.43926200874336097,0,0.0,0.5583333333333333,0.0
selection,UNI_v2,e5e551fb7492,fl,FedAvg,adam,0.0003,0.01,20,pathology_aware,project_tss,raw,mlp,False,,0,0.7888889312744141,0.774613506916192,0.6330564738347102,0.62372121033537,0.6895040935211456,0.6895040935211456,137.0,87,0.774613506916192,0.6330564738347102,0.62372121033537,0,0.0,0.675,0.0
selection,UNI_v2,ea0e6fa505e2,fl,FedAvg,adam,0.0003,0.01,20,uniform,project_tss,raw,mlp,False,,5,0.846666693687439,0.822620016273393,0.6871320434051044,0.6777939937573367,0.751170966087346,0.751170966087346,238.0,188,0.822620016273393,0.6871320434051044,0.6777939937573367,0,0.0,0.9916666666666667,0.0
selection,UNI_v2,ea67faad6a54,fl,FedAvg,adam,0.0003,0.01,20,pathology_aware,project_tss,raw,mlp,False,,3,0.9044444561004639,0.8779495524816925,0.8263188926740105,0.8461903968449355,0.8495895621203048,0.8495895621203048,314.0,264,0.8779495524816925,0.8263188926740105,0.8461903968449355,0,0.0,0.9916666666666667,0.6341463414634146
selection,UNI_v2,eacefdc84258,fl,FedAvg,adam,0.0003,0.01,20,ucb,project_tss,raw,mlp,False,,2,0.6244444847106934,0.6013018714401953,0.35194893497993607,0.30163618089221333,0.4448822450769491,0.4448822450769491,119.0,69,0.6021155410903173,0.35279711140063164,0.3026479438152594,1,-0.08136696501219731,0.0,0.0
selection,UNI_v2,eb905d529c87,fl,FedAvg,adam,0.0003,0.01,20,pathology_aware,project_tss,raw,mlp,False,,7,0.902222216129303,0.8641171684296176,0.7861699209490812,0.778843864259894,0.8324078578505535,0.8324078578505535,396.0,346,0.8641171684296176,0.7861699209490812,0.778843864259894,0,0.0,0.9916666666666667,0.024390243902439025
selection,UNI_v2,f08d72f5178b,fl,FedAvg,adam,0.0003,0.01,20,ucb,project_tss,raw,mlp,False,,0,0.6355555653572083,0.6094385679414158,0.3622752184112342,0.3124756718519275,0.4488230550457965,0.4488230550457965,120.0,70,0.6094385679414158,0.3622752184112342,0.3124756718519275,0,0.0,0.0,0.0
selection,UNI_v2,f204720aef32,fl,FedAvg,adam,0.0003,0.01,20,stratified,project_tss,raw,mlp,False,,7,0.8600000143051147,0.8315703824247356,0.7616978796173934,0.7716378460110992,0.7857568131588464,0.7857568131588464,220.0,170,0.8315703824247356,0.7616978796173934,0.7716378460110992,0,0.0,0.9666666666666667,0.14634146341463414
selection,UNI_v2,f2990a784be5,fl,FedAvg,adam,0.0003,0.01,20,uniform,project_tss,raw,mlp,False,,8,0.7622222304344177,0.7314890154597233,0.5272947941613189,0.4881854126780297,0.6246021379772814,0.6246021379772814,126.0,76,0.7314890154597233,0.5272947941613189,0.4881854126780297,0,0.0,0.55,0.0
selection,UNI_v2,f829b748f0ec,fl,FedAvg,adam,0.0003,0.01,20,ucb,project_tss,raw,mlp,False,,7,0.7733333706855774,0.7542717656631408,0.5394167176510063,0.4962863647106395,0.6752499173838737,0.6752499173838737,277.0,227,0.7542717656631408,0.5394167176510063,0.4962863647106395,0,0.0,0.9916666666666667,0.0
selection,UNI_v2,f9342b1330a4,fl,FedAvg,adam,0.0003,0.01,20,uniform,project_tss,raw,mlp,False,,0,0.7688888907432556,0.772986167615948,0.6089034549941152,0.5620836346749211,0.6999265507709513,0.6999265507709513,168.0,118,0.772986167615948,0.6089034549941152,0.5620836346749211,0,0.0,0.9916666666666667,0.0
sgd,CTransPath,079195f5c558,fl,SCAFFOLD,sgd,0.1,0.01,20,stratified,project_tss,raw,mlp,False,,1,0.6800000071525574,0.6908055329536208,0.5094641066378212,0.4444298300820286,0.6279903079229386,0.6279903079229386,100.0,10,0.6908055329536208,0.5094641066378212,0.44456104133673335,1,0.0,0.8416666666666667,0.0
sgd,CTransPath,092159602086,fl,SCAFFOLD,sgd,0.03,0.01,20,stratified,project_tss,raw,mlp,False,,4,0.8711111545562744,0.8600488201790073,0.8240471649386201,0.8153790879161243,0.8498011301558794,0.8498011301558794,367.0,317,0.8600488201790073,0.8240471649386201,0.8153790879161243,0,0.0,0.9916666666666667,0.975609756097561
sgd,CTransPath,097e58ef295f,fl,SCAFFOLD,sgd,0.1,0.01,20,stratified,project_tss,raw,mlp,False,,3,0.6755555868148804,0.6834825061025224,0.46376197196588126,0.39726633662827626,0.577821480476393,0.577821480476393,100.0,37,0.6842961757526445,0.4649193793732887,0.39801384075905444,2,-0.08136696501220841,0.5583333333333333,0.0
sgd,CTransPath,0aa317f8e2f1,fl,SCAFFOLD,sgd,0.03,0.01,20,stratified,project_tss,raw,mlp,False,,2,0.8666666746139526,0.8494711147274207,0.7927523120338914,0.7951761525576815,0.8222041806582354,0.8222041806582354,309.0,259,0.8494711147274207,0.7927523120338914,0.7951761525576815,0,0.0,0.9666666666666667,0.7560975609756098
sgd,CTransPath,0fff84b2d890,fl,FedAvg,sgd,0.003,0.01,20,stratified,project_tss,raw,mlp,False,,3,0.6022222638130188,0.5736371033360456,0.32021317689935913,0.24456901938076925,0.4244871783220015,0.4244871783220015,169.0,119,0.5736371033360456,0.32021317689935913,0.2445006812021911,2,0.0,0.0,0.0
sgd,CTransPath,108217e60276,fl,FedBN,sgd,0.03,0.01,20,stratified,project_tss,raw,mlp,False,,4,0.290633866392457,0.38323840520748575,0.2289781575003662,0.2000385332727782,0.27889250754649203,0.27889250754649203,143.0,93,0.38323840520748575,0.2289781575003662,0.2000185329440057,1,0.0,0.16666666666666666,0.0
sgd,CTransPath,116d802e6eaf,fl,FedBN,sgd,0.1,0.01,20,stratified,project_tss,raw,mlp,False,,4,1.0,0.983726606997559,0.9893577392421322,0.9813387015861961,0.9895026226801928,0.9895026226801928,318.0,268,0.983726606997559,0.9893577392421322,0.9813387015861961,0,0.0,1.0,1.0
sgd,CTransPath,130eca21d2a1,fl,FedBN,sgd,0.03,0.01,20,stratified,project_tss,raw,mlp,False,,3,0.33804674859858325,0.45077298616761596,0.30824604380799037,0.27988997837848634,0.33163881056961986,0.33163881056961986,184.0,134,0.45077298616761596,0.30824604380799037,0.2799766561875703,1,0.0,0.05,0.0
sgd,CTransPath,14404fac8c32,fl,FedProx,sgd,0.03,0.01,20,stratified,project_tss,raw,mlp,False,,2,0.8422222137451172,0.8144833197721725,0.756554587007964,0.7442847806257014,0.7827422669248888,0.7827422669248888,129.0,79,0.8152969894222946,0.7574027634286594,0.7452551036300297,1,-0.08136696501220841,0.85,0.8292682926829268
sgd,CTransPath,1528f343d3b1,fl,SCAFFOLD,sgd,0.01,0.01,20,stratified,project_tss,raw,mlp,False,,1,0.7822222709655762,0.7737998372660699,0.5763042947834643,0.537508915870877,0.7137803107142168,0.7137803107142168,375.0,325,0.772986167615948,0.5759831644045305,0.5371076945395091,1,0.08136696501219731,0.9916666666666667,0.0
sgd,CTransPath,1b98bf83997d,fl,FedProx,sgd,0.03,0.01,20,stratified,project_tss,raw,mlp,False,,4,0.8222222328186035,0.7917005695687551,0.7122943399216111,0.7020837487489386,0.7485721977943531,0.7485721977943531,110.0,60,0.7917005695687551,0.7122943399216111,0.7020837487489386,0,0.0,0.8583333333333333,0.5365853658536586
sgd,CTransPath,26e142f30d00,fl,SCAFFOLD,sgd,0.03,0.01,20,stratified,project_tss,raw,mlp,False,,3,0.902222216129303,0.887713588283157,0.8607734326469293,0.8610853519850393,0.8818253481820966,0.8818253481820966,557.0,507,0.887713588283157,0.8607734326469293,0.8610853519850393,0,0.0,1.0,0.9512195121951219
sgd,CTransPath,29dd769e6c47,fl,SCAFFOLD,sgd,0.03,0.01,20,stratified,project_tss,raw,mlp,False,,0,0.8844444751739502,0.8600488201790073,0.8290199162900347,0.8261363906500637,0.847828876142744,0.847828876142744,372.0,322,0.8600488201790073,0.8290199162900347,0.8261363906500637,0,0.0,0.9833333333333333,0.926829268292683
sgd,CTransPath,3ab077edcf20,fl,FedBN,sgd,0.1,0.01,20,stratified,project_tss,raw,mlp,False,,1,0.9993811881188119,0.9747762408462164,0.9771637426900585,0.9762742672416659,0.973667852615221,0.973667852615221,301.0,251,0.9747762408462164,0.9771637426900585,0.9762742672416659,0,0.0,0.9666666666666667,1.0
sgd,CTransPath,3c20dd717b57,fl,SCAFFOLD,sgd,0.003,0.01,20,stratified,project_tss,raw,mlp,False,,2,0.7555555701255798,0.7542717656631408,0.5465947324081234,0.4881154909340991,0.688849871784721,0.688849871784721,911.0,861,0.7542717656631408,0.5465947324081234,0.4881154909340991,0,0.0,0.9916666666666667,0.0
sgd,CTransPath,41f9680db036,fl,FedAvg,sgd,0.03,0.01,20,stratified,project_tss,raw,mlp,False,,3,0.8355555534362793,0.8161106590724166,0.7473461524413311,0.7308741377934299,0.7849494107001356,0.7849494107001356,156.0,106,0.8152969894222946,0.7461887450339236,0.7294867230976473,1,0.08136696501220841,0.9,0.8536585365853658
sgd,CTransPath,45316fd81336,fl,SCAFFOLD,sgd,0.1,0.01,20,stratified,project_tss,raw,mlp,False,,2,0.7266666889190674,0.7314890154597233,0.5203802687724081,0.45387938193450633,0.6603994539270054,0.6603994539270054,100.0,27,0.7314890154597233,0.5203802687724081,0.45387938193450633,0,0.0,0.9083333333333333,0.0
sgd,CTransPath,478da6c2ca2b,fl,FedBN,sgd,0.003,0.01,20,stratified,project_tss,raw,mlp,False,,4,0.21018607290593316,0.2807160292921074,0.14084265308139374,0.11239632195949503,0.18690028203005174,0.18690028203005174,100.0,47,0.2807160292921074,0.14084265308139374,0.11237962130855782,1,0.0,0.0,0.0
sgd,CTransPath,4bd9eb79c5ce,fl,FedBN,sgd,0.01,0.01,20,stratified,project_tss,raw,mlp,False,,2,0.21685053298477874,0.2855980471928397,0.15879851973818607,0.11430232613415105,0.18550786340728054,0.18550786340728054,144.0,94,0.28641171684296174,0.1593833150598235,0.11459076897272549,1,-0.08136696501220286,0.0,0.0
sgd,CTransPath,515678dff49e,fl,FedAvg,sgd,0.1,0.01,20,stratified,project_tss,raw,mlp,False,,2,0.9288889169692993,0.8901545972335232,0.8627795826466023,0.8578847946679641,0.8707466249712845,0.8707466249712845,418.0,368,0.8901545972335232,0.8627795826466023,0.8578847946679641,0,0.0,0.925,0.9024390243902439
sgd,CTransPath,58307ce128c5,fl,FedAvg,sgd,0.03,0.01,20,stratified,project_tss,raw,mlp,False,,4,0.8244444727897644,0.7925142392188771,0.7128791352432484,0.702977691599141,0.7493467347838436,0.7493467347838436,110.0,60,0.7925142392188771,0.7128791352432484,0.702977691599141,0,0.0,0.8583333333333333,0.5365853658536586
sgd,CTransPath,6214c42b73b9,fl,SCAFFOLD,sgd,0.1,0.01,20,stratified,project_tss,raw,mlp,False,,0,0.746666669845581,0.7241659886086249,0.5112609571173321,0.4619601491644523,0.6370237593449699,0.6370237593449699,100.0,30,0.7241659886086249,0.5112609571173321,0.4619601491644523,0,0.0,0.7583333333333333,0.0
sgd,CTransPath,628629feafe2,fl,FedAvg,sgd,0.01,0.01,20,stratified,project_tss,raw,mlp,False,,2,0.8377777934074402,0.8185516680227828,0.7518755061531478,0.7482159203308013,0.7767322172287753,0.7767322172287753,223.0,173,0.8185516680227828,0.7518755061531478,0.7482159203308013,0,0.0,0.8666666666666667,0.6341463414634146
sgd,CTransPath,65fd0df6e86f,fl,FedProx,sgd,0.03,0.01,20,stratified,project_tss,raw,mlp,False,,3,0.8355555534362793,0.8152969894222946,0.7464202265154051,0.729797525771056,0.7826129621020047,0.7826129621020047,156.0,106,0.8152969894222946,0.7464202265154051,0.729797525771056,0,0.0,0.8916666666666667,0.8536585365853658
sgd,CTransPath,68a73be98a81,fl,SCAFFOLD,sgd,0.1,0.01,20,stratified,project_tss,raw,mlp,False,,4,0.6688889265060425,0.6533767290480065,0.42968474292668085,0.39010515155849856,0.5841280327317864,0.5841280327317864,100.0,17,0.6533767290480065,0.42968474292668085,0.39010515155849856,0,0.0,0.5,0.0
sgd,CTransPath,69a5ca75207f,fl,FedBN,sgd,0.01,0.01,20,stratified,project_tss,raw,mlp,False,,3,0.22745926580376202,0.30268510984540276,0.14606722114232618,0.09730476033537387,0.20493738555236046,0.20493738555236046,103.0,53,0.30268510984540276,0.14606722114232618,0.09721239763233834,2,0.0,0.0,0.0
sgd,CTransPath,6a09a99232d6,fl,FedProx,sgd,0.003,0.01,20,stratified,project_tss,raw,mlp,False,,1,0.6111111044883728,0.5866558177379984,0.3380585636530987,0.2730987173076249,0.42144160432155336,0.42144160432155336,137.0,87,0.5858421480878763,0.33773743327416483,0.2727449901697553,3,0.08136696501220841,0.0,0.0
sgd,CTransPath,6acfa115ee41,fl,FedProx,sgd,0.01,0.01,20,stratified,project_tss,raw,mlp,False,,4,0.8422222137451172,0.7990235964198535,0.7221558371989693,0.7174244522087242,0.7430548301122998,0.7430548301122998,274.0,224,0.7990235964198535,0.7221558371989693,0.7174244522087242,0,0.0,0.7583333333333333,0.6097560975609756
sgd,CTransPath,6b6550013886,fl,SCAFFOLD,sgd,0.01,0.01,20,stratified,project_tss,raw,mlp,False,,2,0.7844444513320923,0.7624084621643613,0.566493745980299,0.5255463673859796,0.7076176939014527,0.7076176939014527,333.0,283,0.7624084621643613,0.566493745980299,0.5255463673859796,0,0.0,0.9916666666666667,0.0
sgd,CTransPath,6b8418e629e8,fl,FedBN,sgd,0.003,0.01,20,stratified,project_tss,raw,mlp,False,,1,0.20251731152430041,0.2758340113913751,0.14861562487017382,0.12463479835800545,0.19000807098965247,0.19000807098965247,130.0,80,0.27502034174125306,0.14829449449123996,0.12416723278450255,5,0.08136696501220286,0.0,0.0
sgd,CTransPath,708907e89401,fl,FedProx,sgd,0.01,0.01,20,stratified,project_tss,raw,mlp,False,,2,0.8377777934074402,0.8193653376729048,0.756369634427764,0.7519542413709231,0.7775481199138368,0.7775481199138368,223.0,173,0.8193653376729048,0.756369634427764,0.7519542413709231,0,0.0,0.8583333333333333,0.6829268292682927
sgd,CTransPath,70a55583bd50,fl,FedProx,sgd,0.003,0.01,20,stratified,project_tss,raw,mlp,False,,4,0.5911111235618591,0.5760781122864117,0.32202717777101714,0.24859457610419858,0.4245357878629686,0.4245357878629686,160.0,110,0.5760781122864117,0.32202717777101714,0.248743609785271,2,0.0,0.0,0.0
sgd,CTransPath,77b0b881fd81,fl,FedProx,sgd,0.01,0.01,20,stratified,project_tss,raw,mlp,False,,1,0.8355555534362793,0.8144833197721725,0.7636592055200934,0.7506009935221036,0.7767709388474778,0.7767709388474778,316.0,266,0.8144833197721725,0.7636592055200934,0.7506009935221036,0,0.0,0.8666666666666667,0.7560975609756098
sgd,CTransPath,7c639d45cef4,fl,SCAFFOLD,sgd,0.01,0.01,20,stratified,project_tss,raw,mlp,False,,4,0.8866667151451111,0.8681855166802278,0.8175225356532826,0.8241372590957999,0.847485503898423,0.847485503898423,728.0,678,0.8681855166802278,0.8175225356532826,0.8241372590957999,0,0.0,0.9666666666666667,0.8292682926829268
sgd,CTransPath,7e8ffe3ea357,fl,FedProx,sgd,0.1,0.01,20,stratified,project_tss,raw,mlp,False,,1,0.902222216129303,0.8771358828315704,0.8640142274384479,0.8490240571188296,0.8693542829347431,0.8693542829347431,316.0,266,0.8771358828315704,0.8640142274384479,0.8490240571188296,0,0.0,0.9666666666666667,0.9024390243902439
sgd,CTransPath,8363cef4bc39,fl,FedProx,sgd,0.1,0.01,20,stratified,project_tss,raw,mlp,False,,0,0.7933333516120911,0.774613506916192,0.7182047924334182,0.6973689722707997,0.7472693058495701,0.7472693058495701,100.0,36,0.7737998372660699,0.7170473850260107,0.696099197016414,1,0.08136696501220841,0.7166666666666667,0.7804878048780488
sgd,CTransPath,87346eafc768,fl,SCAFFOLD,sgd,0.003,0.01,20,stratified,project_tss,raw,mlp,False,,4,0.5333333611488342,0.5215622457282343,0.3227432562620424,0.2692560836536507,0.47242001127057537,0.47242001127057537,258.0,208,0.5215622457282343,0.3227432562620424,0.26910375708118234,1,0.0,0.6333333333333333,0.0
sgd,CTransPath,8cb2ce1cfee2,fl,FedProx,sgd,0.03,0.01,20,stratified,project_tss,raw,mlp,False,,1,0.8377777934074402,0.7868185516680228,0.7038633285397514,0.6989560020920444,0.7391136660922384,0.7391136660922384,100.0,42,0.7868185516680228,0.7038633285397514,0.6989560020920444,0,0.0,0.8,0.3902439024390244
sgd,CTransPath,913cefb95947,fl,FedProx,sgd,0.003,0.01,20,stratified,project_tss,raw,mlp,False,,0,0.6377778053283691,0.6045565500406835,0.35437498403379497,0.2923292267411625,0.43555664510656733,0.43555664510656733,234.0,184,0.6045565500406835,0.35437498403379497,0.29226882307124336,2,0.0,0.0,0.0
sgd,CTransPath,936ffcb0914e,fl,SCAFFOLD,sgd,0.01,0.01,20,stratified,project_tss,raw,mlp,False,,3,0.8911111354827881,0.8812042310821806,0.8453493180258963,0.8430306232824442,0.8640718963876047,0.8640718963876047,827.0,777,0.8812042310821806,0.8453493180258963,0.8430306232824442,0,0.0,0.9833333333333333,0.9024390243902439
sgd,CTransPath,946a483d850d,fl,FedAvg,sgd,0.03,0.01,20,stratified,project_tss,raw,mlp,False,,1,0.8377777934074402,0.790073230268511,0.7112276056713586,0.7068389625705908,0.7432162271918481,0.7432162271918481,100.0,42,0.789259560618389,0.7103016797454325,0.7056136851121294,1,0.08136696501219731,0.8,0.43902439024390244
sgd,CTransPath,9598d1445ef4,fl,FedBN,sgd,0.1,0.01,20,stratified,project_tss,raw,mlp,False,,0,1.0,0.9780309194467046,0.9849125645453998,0.9735826321617481,0.9852654268542118,0.9852654268542118,317.0,267,0.9780309194467046,0.9849125645453998,0.9735826321617481,0,0.0,1.0,1.0
sgd,CTransPath,963e31ccd296,fl,FedBN,sgd,0.01,0.01,20,stratified,project_tss,raw,mlp,False,,1,0.2064298194525335,0.28803905614320585,0.11900889024101681,0.06651423965141023,0.20317044662161823,0.20317044662161823,100.0,22,0.28803905614320585,0.11900889024101681,0.06651423965141023,0,0.0,0.0,0.0
sgd,CTransPath,971882553a58,fl,SCAFFOLD,sgd,0.003,0.01,20,stratified,project_tss,raw,mlp,False,,1,0.5377777814865112,0.4979658258746949,0.26673325896629824,0.21705137588519036,0.34437392880614043,0.34437392880614043,100.0,19,0.500406834825061,0.26845840516512864,0.2181039182119117,6,-0.2441008950366086,0.0,0.0
sgd,CTransPath,a0c27e9afa49,fl,FedProx,sgd,0.003,0.01,20,stratified,project_tss,raw,mlp,False,,3,0.6022222638130188,0.5736371033360456,0.32021317689935913,0.2445006812021911,0.4244871783220015,0.4244871783220015,169.0,119,0.5736371033360456,0.32021317689935913,0.2445006812021911,0,0.0,0.0,0.0
sgd,CTransPath,a37621e7ee0b,fl,FedProx,sgd,0.1,0.01,20,stratified,project_tss,raw,mlp,False,,3,0.8866667151451111,0.8445890968266884,0.8038661851050196,0.7882921758679391,0.8067761930936047,0.8067761930936047,215.0,165,0.8445890968266884,0.8038661851050196,0.7882921758679391,0,0.0,0.8833333333333333,0.5609756097560976
sgd,CTransPath,a49598c48044,fl,FedAvg,sgd,0.03,0.01,20,stratified,project_tss,raw,mlp,False,,2,0.8377777934074402,0.8161106590724166,0.7580334086379508,0.7461588666495893,0.7836769212863347,0.7836769212863347,129.0,79,0.8152969894222946,0.7568760012305433,0.7448327179609985,1,0.08136696501220841,0.85,0.8292682926829268
sgd,CTransPath,a6b60c9a7fb5,fl,FedAvg,sgd,0.1,0.01,20,stratified,project_tss,raw,mlp,False,,0,0.8377777934074402,0.8397070789259561,0.8214709377111005,0.7944820766502008,0.8321770039404176,0.8321770039404176,163.0,113,0.8397070789259561,0.8214709377111005,0.7944820766502008,0,0.0,0.95,0.975609756097561
sgd,CTransPath,a954ba523540,fl,FedBN,sgd,0.1,0.01,20,stratified,project_tss,raw,mlp,False,,2,1.0,0.9983726606997559,0.998859649122807,0.9986923181461265,0.997982158028887,0.997982158028887,344.0,294,0.9983726606997559,0.998859649122807,0.9986923181461265,0,0.0,1.0,1.0
sgd,CTransPath,b0bf7c7f1a35,fl,FedBN,sgd,0.003,0.01,20,stratified,project_tss,raw,mlp,False,,2,0.16765600154068414,0.19528071602929212,0.12709801998414086,0.0942586885652581,0.1422813485409462,0.1422813485409462,161.0,111,0.19609438567941415,0.1279461964048364,0.0948524259571579,1,-0.08136696501220286,0.0,0.0
sgd,CTransPath,b0f7fa025b2e,fl,SCAFFOLD,sgd,0.03,0.01,20,stratified,project_tss,raw,mlp,False,,1,0.8888888955116272,0.8689991863303499,0.8238644867886544,0.8271129335370723,0.8502404692741272,0.8502404692741272,425.0,375,0.8689991863303499,0.8238644867886544,0.8271129335370723,0,0.0,0.9666666666666667,0.9024390243902439
sgd,CTransPath,b1e21636d6df,fl,FedBN,sgd,0.03,0.01,20,stratified,project_tss,raw,mlp,False,,1,0.2250061644819944,0.31570382424735555,0.15840313693675423,0.10035114766043535,0.22642710342253974,0.22642710342253974,102.0,52,0.31651749389747763,0.15898793225839164,0.1006635878361008,2,-0.08136696501220841,0.0,0.0
sgd,CTransPath,b39f1e0a87e7,fl,FedAvg,sgd,0.003,0.01,20,stratified,project_tss,raw,mlp,False,,2,0.5911111235618591,0.5622457282343368,0.32399640757160664,0.2827734499870338,0.40495831083885414,0.40495831083885414,113.0,63,0.5622457282343368,0.32399640757160664,0.2831671340864152,7,0.0,0.0,0.0
sgd,CTransPath,b66c7c7be4b8,fl,FedProx,sgd,0.01,0.01,20,stratified,project_tss,raw,mlp,False,,3,0.8422222137451172,0.8169243287225386,0.738051734158143,0.7362887120695589,0.7733816724046549,0.7733816724046549,305.0,255,0.8169243287225386,0.738051734158143,0.7362887120695589,0,0.0,0.8916666666666667,0.6097560975609756
sgd,CTransPath,ca483c3bd809,fl,FedProx,sgd,0.1,0.01,20,stratified,project_tss,raw,mlp,False,,4,0.8911111354827881,0.8649308380797396,0.8558873829738592,0.8265558058543964,0.8490252985211001,0.8490252985211001,302.0,252,0.8649308380797396,0.8558873829738592,0.8265558058543964,0,0.0,0.8333333333333334,0.975609756097561
sgd,CTransPath,cad27cdff9c1,fl,FedAvg,sgd,0.01,0.01,20,stratified,project_tss,raw,mlp,False,,0,0.8266667127609253,0.80553295362083,0.7177354063555702,0.7163384402126024,0.753324461254205,0.753324461254205,270.0,220,0.80553295362083,0.7177354063555702,0.7162672381213355,1,0.0,0.8833333333333333,0.5121951219512195
sgd,CTransPath,cc1f0483dde2,fl,FedBN,sgd,0.03,0.01,20,stratified,project_tss,raw,mlp,False,,0,0.31999119094197714,0.26200162733930027,0.23147608492371985,0.18191702148048783,0.2985567422591269,0.2985567422591269,100.0,45,0.26200162733930027,0.23147608492371985,0.181880548067361,2,0.0,0.8333333333333334,0.0
sgd,CTransPath,cfa6266ed798,fl,FedAvg,sgd,0.003,0.01,20,stratified,project_tss,raw,mlp,False,,4,0.5911111235618591,0.5760781122864117,0.32202717777101714,0.248743609785271,0.4245357878629686,0.4245357878629686,160.0,110,0.5760781122864117,0.32202717777101714,0.248743609785271,0,0.0,0.0,0.0
sgd,CTransPath,d0aea348d7b8,fl,FedProx,sgd,0.01,0.01,20,stratified,project_tss,raw,mlp,False,,0,0.8266667127609253,0.8047192839707079,0.7150253792552993,0.7137472213581879,0.7522860396550357,0.7522860396550357,270.0,220,0.80553295362083,0.7177354063555702,0.7164053620163443,1,-0.08136696501220841,0.8833333333333333,0.4878048780487805
sgd,CTransPath,d0cf4be1c81b,fl,FedBN,sgd,0.03,0.01,20,stratified,project_tss,raw,mlp,False,,2,0.6177078635465357,0.7241659886086249,0.6822990236500076,0.6795838572807822,0.620132021952321,0.620132021952321,340.0,290,0.7241659886086249,0.6822990236500076,0.6795838572807822,0,0.0,0.5333333333333333,0.5609756097560976
sgd,CTransPath,d24c65cd97d7,fl,FedBN,sgd,0.003,0.01,20,stratified,project_tss,raw,mlp,False,,0,0.13582402357882847,0.1594792514239219,0.12035578768804964,0.053384228935665495,0.1292221342684802,0.1292221342684802,100.0,31,0.1594792514239219,0.12035578768804964,0.05332375569658889,1,0.0,0.0,0.0
sgd,CTransPath,d30d4135b958,fl,FedBN,sgd,0.01,0.01,20,stratified,project_tss,raw,mlp,False,,4,0.24349744751462862,0.30919446704637915,0.1613210767066809,0.12749548646984546,0.22933908529867778,0.22933908529867778,111.0,61,0.31000813669650124,0.16187663226223645,0.12782180889878217,3,-0.08136696501220841,0.0,0.0
sgd,CTransPath,d4c9151ba51f,fl,FedBN,sgd,0.1,0.01,20,stratified,project_tss,raw,mlp,False,,3,1.0,0.9951179820992677,0.9951118625656592,0.9941742030189098,0.9905318202047173,0.9905318202047173,297.0,247,0.9951179820992677,0.9951118625656592,0.9941742030189098,0,0.0,1.0,1.0
sgd,CTransPath,d70530aa8738,fl,FedAvg,sgd,0.03,0.01,20,stratified,project_tss,raw,mlp,False,,0,0.8422222137451172,0.8177379983726607,0.762249100961489,0.7457552082168879,0.7818744912003923,0.7818744912003923,219.0,169,0.8177379983726607,0.762249100961489,0.7457552082168879,0,0.0,0.8833333333333333,0.8048780487804879
sgd,CTransPath,d71a29f5b91f,fl,SCAFFOLD,sgd,0.01,0.01,20,stratified,project_tss,raw,mlp,False,,0,0.7822222709655762,0.7575264442636289,0.5517241165129998,0.4984333445552232,0.6875016969667286,0.6875016969667286,329.0,279,0.7575264442636289,0.5517241165129998,0.4984333445552232,0,0.0,0.9833333333333333,0.0
sgd,CTransPath,d870e69c6391,fl,FedAvg,sgd,0.01,0.01,20,stratified,project_tss,raw,mlp,False,,1,0.8355555534362793,0.8136696501220505,0.7627332795941675,0.7500110549056008,0.7768952611557648,0.7768952611557648,316.0,266,0.8128559804719284,0.76214848427253,0.749382086177146,1,0.08136696501220841,0.8583333333333333,0.7560975609756098
sgd,CTransPath,d8ee43d8e707,fl,FedAvg,sgd,0.01,0.01,20,stratified,project_tss,raw,mlp,False,,3,0.8444444537162781,0.8185516680227828,0.7421550479982989,0.7390928051289729,0.7769043179833752,0.7769043179833752,305.0,255,0.8185516680227828,0.7421550479982989,0.7390928051289729,0,0.0,0.8833333333333333,0.6097560975609756
sgd,CTransPath,d9d8044c262c,fl,FedAvg,sgd,0.003,0.01,20,stratified,project_tss,raw,mlp,False,,1,0.6111111044883728,0.5866558177379984,0.33779518255404056,0.272361512516034,0.4216363083713976,0.4216363083713976,137.0,87,0.5858421480878763,0.3374740521751068,0.2720380631900725,1,0.08136696501220841,0.0,0.0
sgd,CTransPath,dc74de3e8189,fl,FedBN,sgd,0.003,0.01,20,stratified,project_tss,raw,mlp,False,,3,0.1685449467700487,0.19609438567941415,0.12110116919420048,0.10101716347460726,0.13375266366170394,0.13375266366170394,116.0,66,0.19609438567941415,0.12110116919420048,0.10098425995644866,2,0.0,0.0,0.0
sgd,CTransPath,dfeb9da05975,fl,FedAvg,sgd,0.1,0.01,20,stratified,project_tss,raw,mlp,False,,4,0.7911111116409302,0.7697314890154597,0.655443455164757,0.634317798188334,0.7238656518732639,0.7238656518732639,100.0,49,0.7697314890154597,0.655443455164757,0.634317798188334,0,0.0,0.875,0.0975609756097561
sgd,CTransPath,e1ea9588126b,fl,FedProx,sgd,0.003,0.01,20,stratified,project_tss,raw,mlp,False,,2,0.5911111235618591,0.5630593978844589,0.3243175379505405,0.2827206461941496,0.4053646497254856,0.4053646497254856,113.0,63,0.5630593978844589,0.32484458399230215,0.2837390438863844,13,0.0,0.0,0.0
sgd,CTransPath,e93aee0c677c,fl,FedAvg,sgd,0.003,0.01,20,stratified,project_tss,raw,mlp,False,,0,0.6377778053283691,0.6045565500406835,0.35437498403379497,0.29233310612484253,0.43555664510656733,0.43555664510656733,234.0,184,0.6045565500406835,0.35437498403379497,0.2922670699271326,4,0.0,0.0,0.0
sgd,CTransPath,e9b789be1b35,fl,SCAFFOLD,sgd,0.003,0.01,20,stratified,project_tss,raw,mlp,False,,0,0.5688889026641846,0.5622457282343368,0.37390066366944974,0.30762065598461835,0.5209770930913069,0.5209770930913069,291.0,241,0.5622457282343368,0.37390066366944974,0.3075678517629542,2,0.0,0.875,0.0
sgd,CTransPath,ed93ecc8dcc8,fl,FedAvg,sgd,0.01,0.01,20,stratified,project_tss,raw,mlp,False,,4,0.8422222137451172,0.7990235964198535,0.7221558371989693,0.7174244522087242,0.7430548301122998,0.7430548301122998,274.0,224,0.7990235964198535,0.7221558371989693,0.7174244522087242,0,0.0,0.7583333333333333,0.6097560975609756
sgd,CTransPath,f483b57510c1,fl,FedProx,sgd,0.03,0.01,20,stratified,project_tss,raw,mlp,False,,0,0.8422222137451172,0.8201790073230268,0.7668743003235304,0.7505418803750757,0.783689106722173,0.783689106722173,219.0,169,0.8201790073230268,0.7668743003235304,0.7505443976976042,1,0.0,0.8833333333333333,0.8048780487804879
sgd,CTransPath,f69ee62142d2,fl,FedBN,sgd,0.01,0.01,20,stratified,project_tss,raw,mlp,False,,0,0.2842395020044991,0.3336045565500407,0.23674251025565018,0.20882269761229225,0.21454197198361166,0.21454197198361166,296.0,246,0.3352318958502848,0.23845547321861313,0.2106781020744014,2,-0.16273393002441128,0.008333333333333333,0.0
sgd,CTransPath,f80c0b273494,fl,FedProx,sgd,0.1,0.01,20,stratified,project_tss,raw,mlp,False,,2,0.851111114025116,0.8323840520748577,0.7940522389935102,0.7812581128920244,0.7906697223962176,0.7906697223962176,159.0,109,0.8323840520748577,0.7940522389935102,0.7812581128920244,0,0.0,0.725,0.8292682926829268
sgd,CTransPath,f810e31364fd,fl,FedAvg,sgd,0.1,0.01,20,stratified,project_tss,raw,mlp,False,,3,0.8311111330986023,0.8315703824247356,0.7904040082062956,0.7675002685101456,0.8157834302876572,0.8157834302876572,144.0,94,0.8315703824247356,0.7904040082062956,0.7675002685101456,0,0.0,0.9916666666666667,0.9024390243902439
sgd,CTransPath,ff7e5dab2ad7,fl,FedAvg,sgd,0.1,0.01,20,stratified,project_tss,raw,mlp,False,,1,0.9088889360427856,0.8812042310821806,0.866989160163561,0.8492385360536642,0.8699146631551583,0.8699146631551583,316.0,266,0.8812042310821806,0.866989160163561,0.8492385360536642,0,0.0,1.0,0.926829268292683
sgd,CTransPath,ff9b8b103986,fl,SCAFFOLD,sgd,0.003,0.01,20,stratified,project_tss,raw,mlp,False,,3,0.7066667079925537,0.7078925956061839,0.5019851491284409,0.4320807115120811,0.6506199464509761,0.6506199464509761,621.0,571,0.7078925956061839,0.5019851491284409,0.4320807115120811,0,0.0,1.0,0.0
sgd,Conch_v15,0825d594b18d,fl,FedBN,sgd,0.1,0.01,20,stratified,project_tss,raw,mlp,False,,4,1.0,0.9829129373474369,0.9770176386734968,0.9783211421106685,0.9691715864613062,0.9691715864613062,315.0,265,0.9829129373474369,0.9770176386734968,0.9783211421106685,0,0.0,0.9833333333333333,0.926829268292683
sgd,Conch_v15,0c2c8c4c6dd2,fl,FedAvg,sgd,0.03,0.01,20,stratified,project_tss,raw,mlp,False,,4,0.9600000381469727,0.9186330349877949,0.911831444104272,0.9068036041745001,0.9268354448550334,0.9268354448550334,297.0,247,0.9186330349877949,0.911831444104272,0.9068036041745001,0,0.0,0.9916666666666667,0.975609756097561
sgd,Conch_v15,162baa704980,fl,FedProx,sgd,0.003,0.01,20,stratified,project_tss,raw,mlp,False,,2,0.9133333563804626,0.8795768917819365,0.8522415158038692,0.8448451436644856,0.8628867447135421,0.8628867447135421,196.0,146,0.8795768917819365,0.8522415158038692,0.8448451436644856,0,0.0,0.975,0.926829268292683
sgd,Conch_v15,199a4792184b,fl,FedProx,sgd,0.01,0.01,20,stratified,project_tss,raw,mlp,False,,3,0.9533333778381348,0.919446704637917,0.9130967838052526,0.9077427368256031,0.9209505087932603,0.9209505087932603,445.0,395,0.919446704637917,0.9130967838052526,0.9077427368256031,0,0.0,0.9916666666666667,0.9512195121951219
sgd,Conch_v15,1a1d26153abe,fl,SCAFFOLD,sgd,0.1,0.01,20,stratified,project_tss,raw,mlp,False,,1,0.41777777671813965,0.41253051261187956,0.20055555555555557,0.15348428392502883,0.30531025231117154,0.30531025231117154,100.0,9,0.41253051261187956,0.20055555555555557,0.15348428392502883,0,0.0,0.0,0.0
sgd,Conch_v15,1ccf35d70838,fl,FedAvg,sgd,0.01,0.01,20,stratified,project_tss,raw,mlp,False,,0,0.944444477558136,0.9113100081366965,0.9111775435961188,0.9018589587612453,0.9108072067428745,0.9108072067428745,371.0,321,0.9113100081366965,0.9111775435961188,0.9018589587612453,0,0.0,0.975,0.926829268292683
sgd,Conch_v15,1cd4b56aacd2,fl,FedAvg,sgd,0.1,0.01,20,stratified,project_tss,raw,mlp,False,,4,0.795555591583252,0.7811228641171685,0.662159052988892,0.6119234815422367,0.7382975726458815,0.7382975726458815,100.0,17,0.7811228641171685,0.662159052988892,0.6119234815422367,0,0.0,0.8916666666666667,0.926829268292683
sgd,Conch_v15,20e72e852dab,fl,FedAvg,sgd,0.03,0.01,20,stratified,project_tss,raw,mlp,False,,1,0.9533333778381348,0.9243287225386493,0.9172651859015133,0.9129803267623571,0.93315982458284,0.93315982458284,287.0,237,0.9243287225386493,0.9172651859015133,0.9129803267623571,0,0.0,0.9916666666666667,0.975609756097561
sgd,Conch_v15,223fba5da026,fl,SCAFFOLD,sgd,0.003,0.01,20,stratified,project_tss,raw,mlp,False,,4,0.9177777767181396,0.8917819365337672,0.8682651973633001,0.8695124263168132,0.8917334492390192,0.8917334492390192,400.0,350,0.8917819365337672,0.8682651973633001,0.8695124263168132,0,0.0,0.9916666666666667,0.8780487804878049
sgd,Conch_v15,22f899561e42,fl,FedBN,sgd,0.01,0.01,20,stratified,project_tss,raw,mlp,False,,1,0.2671080978492161,0.32465419039869814,0.19456970570082135,0.17103744238832316,0.2182919047454552,0.2182919047454552,218.0,168,0.32465419039869814,0.19456970570082135,0.17111335618171977,1,0.0,0.0,0.0
sgd,Conch_v15,2f2295f44f5a,fl,FedBN,sgd,0.01,0.01,20,stratified,project_tss,raw,mlp,False,,2,0.24973175468807385,0.33279088689991865,0.17739142916049627,0.14963034838282108,0.2131990679995684,0.2131990679995684,129.0,79,0.33197721724979656,0.17707029878156244,0.14938812067850424,2,0.08136696501220841,0.0,0.0
sgd,Conch_v15,36931dd7490c,fl,SCAFFOLD,sgd,0.03,0.01,20,stratified,project_tss,raw,mlp,False,,0,0.8377777934074402,0.8372660699755899,0.808169235821458,0.7959444576828407,0.8323901033801017,0.8323901033801017,100.0,30,0.8372660699755899,0.808169235821458,0.7959444576828407,0,0.0,0.95,0.7560975609756098
sgd,Conch_v15,382481465849,fl,FedAvg,sgd,0.01,0.01,20,stratified,project_tss,raw,mlp,False,,4,0.948888897895813,0.9137510170870626,0.9067709040125204,0.9021972987236713,0.9151372612354646,0.9151372612354646,362.0,312,0.9137510170870626,0.9067709040125204,0.9021972987236713,0,0.0,0.9916666666666667,0.9512195121951219
sgd,Conch_v15,3a18bc538277,fl,FedProx,sgd,0.01,0.01,20,stratified,project_tss,raw,mlp,False,,4,0.948888897895813,0.9137510170870626,0.9067709040125204,0.9021972987236713,0.9151372612354646,0.9151372612354646,362.0,312,0.9137510170870626,0.9067709040125204,0.9021972987236713,0,0.0,0.9916666666666667,0.9512195121951219
sgd,Conch_v15,3ec03b3bc34b,fl,SCAFFOLD,sgd,0.01,0.01,20,stratified,project_tss,raw,mlp,False,,3,0.9333333373069763,0.9088689991863304,0.894461077421981,0.89341611808269,0.9124654882755295,0.9124654882755295,324.0,274,0.9088689991863304,0.894461077421981,0.89341611808269,0,0.0,0.9916666666666667,0.926829268292683
sgd,Conch_v15,45047e7cb0be,fl,SCAFFOLD,sgd,0.01,0.01,20,stratified,project_tss,raw,mlp,False,,2,0.9333333373069763,0.9048006509357202,0.8815690926753105,0.8854460002262088,0.9074646107211507,0.9074646107211507,325.0,275,0.9048006509357202,0.8815690926753105,0.8854460002262088,0,0.0,0.9916666666666667,0.9024390243902439
sgd,Conch_v15,45d2df152c2e,fl,SCAFFOLD,sgd,0.03,0.01,20,stratified,project_tss,raw,mlp,False,,2,0.8533333539962769,0.8104149715215623,0.7286100497949178,0.7293437524849221,0.7583044543440237,0.7583044543440237,100.0,28,0.8112286411716843,0.7294582262156134,0.7303049746889121,1,-0.08136696501219731,0.675,0.2682926829268293
sgd,Conch_v15,47e0b95494d2,fl,FedAvg,sgd,0.03,0.01,20,stratified,project_tss,raw,mlp,False,,2,0.9555555582046509,0.9161920260374288,0.8958770550907155,0.9018202927018663,0.918135703094544,0.918135703094544,326.0,276,0.9161920260374288,0.8958770550907155,0.9018202927018663,0,0.0,0.9833333333333333,0.8780487804878049
sgd,Conch_v15,49d1d5ebb30f,fl,FedAvg,sgd,0.003,0.01,20,stratified,project_tss,raw,mlp,False,,0,0.9066666960716248,0.8828315703824248,0.8591632730622791,0.8593829975243321,0.8606527128043224,0.8606527128043224,176.0,126,0.8828315703824248,0.8591632730622791,0.8593829975243321,0,0.0,0.9666666666666667,0.9024390243902439
sgd,Conch_v15,543fb97ec55d,fl,FedBN,sgd,0.03,0.01,20,stratified,project_tss,raw,mlp,False,,3,0.34019265404239196,0.41822620016273393,0.2747439502382523,0.25744174365448375,0.34006443020147775,0.34006443020147775,177.0,127,0.41822620016273393,0.2747439502382523,0.25736606062344736,1,0.0,0.0,0.0
sgd,Conch_v15,5b173c5e2ce6,fl,FedAvg,sgd,0.1,0.01,20,stratified,project_tss,raw,mlp,False,,3,0.7866666913032532,0.7656631407648494,0.5861929911278374,0.5461756002322038,0.6894868884734487,0.6894868884734487,136.0,86,0.7656631407648494,0.5861929911278374,0.5461756002322038,0,0.0,0.9583333333333334,0.0
sgd,Conch_v15,5fca32ab3ddd,fl,SCAFFOLD,sgd,0.1,0.01,20,stratified,project_tss,raw,mlp,False,,2,0.6422222256660461,0.6257119609438568,0.5186706115625745,0.4696940165136571,0.5555307287272949,0.5555307287272949,100.0,3,0.6257119609438568,0.5186706115625745,0.4696940165136571,0,0.0,0.9083333333333333,0.7317073170731707
sgd,Conch_v15,5ffc7e32f530,fl,FedAvg,sgd,0.003,0.01,20,stratified,project_tss,raw,mlp,False,,3,0.902222216129303,0.8795768917819365,0.8522543810795613,0.848977537275939,0.8583157200880003,0.8583157200880003,152.0,102,0.8795768917819365,0.8522543810795613,0.848977537275939,0,0.0,0.9666666666666667,0.8536585365853658
sgd,Conch_v15,61d324827258,fl,FedAvg,sgd,0.01,0.01,20,stratified,project_tss,raw,mlp,False,,1,0.8955555558204651,0.8657445077298617,0.8437502215901429,0.8408191745406691,0.8542939263507162,0.8542939263507162,100.0,27,0.8657445077298617,0.8437502215901429,0.8408191745406691,0,0.0,0.9666666666666667,0.9024390243902439
sgd,Conch_v15,6692ec28e1ef,fl,FedAvg,sgd,0.03,0.01,20,stratified,project_tss,raw,mlp,False,,0,0.9533333778381348,0.9137510170870626,0.9056047867983408,0.9002196381999035,0.9162753768985024,0.9162753768985024,268.0,218,0.9137510170870626,0.9056047867983408,0.9002196381999035,0,0.0,0.9833333333333333,0.9512195121951219
sgd,Conch_v15,699f34fb333c,fl,FedAvg,sgd,0.1,0.01,20,stratified,project_tss,raw,mlp,False,,1,0.7644444704055786,0.7021969080553295,0.5408571856707846,0.5182468731540681,0.6218158763098829,0.6218158763098829,155.0,105,0.7021969080553295,0.5408571856707846,0.5182468731540681,0,0.0,0.15,0.0
sgd,Conch_v15,7039aecdcf5e,fl,SCAFFOLD,sgd,0.03,0.01,20,stratified,project_tss,raw,mlp,False,,4,0.8377777934074402,0.8014646053702197,0.6784128060856526,0.647563910867947,0.7583902781547651,0.7583902781547651,100.0,29,0.8014646053702197,0.6784128060856526,0.647563910867947,0,0.0,0.9916666666666667,0.0975609756097561
sgd,Conch_v15,73b01f7b955e,fl,FedBN,sgd,0.03,0.01,20,stratified,project_tss,raw,mlp,False,,2,0.3582243091794636,0.32546786004882017,0.2519694017586217,0.2341440490654024,0.28573064376909885,0.28573064376909885,151.0,101,0.32546786004882017,0.25249644780038344,0.2342497560968767,4,0.0,0.275,0.0
sgd,Conch_v15,7634b7479367,fl,FedAvg,sgd,0.003,0.01,20,stratified,project_tss,raw,mlp,False,,2,0.9133333563804626,0.8795768917819365,0.8522415158038692,0.8448451436644856,0.8628867447135421,0.8628867447135421,196.0,146,0.8795768917819365,0.8522415158038692,0.8448451436644856,0,0.0,0.975,0.926829268292683
sgd,Conch_v15,78fa4a8c938a,fl,FedProx,sgd,0.003,0.01,20,stratified,project_tss,raw,mlp,False,,4,0.9000000357627869,0.8763222131814483,0.8416026511790539,0.8433601060745136,0.8504252117100897,0.8504252117100897,129.0,79,0.8763222131814483,0.8416026511790539,0.8433601060745136,0,0.0,1.0,0.8292682926829268
sgd,Conch_v15,796324640a87,fl,SCAFFOLD,sgd,0.03,0.01,20,stratified,project_tss,raw,mlp,False,,3,0.8555555939674377,0.8429617575264443,0.7958237551140988,0.7748556161042026,0.8236099718595706,0.8236099718595706,100.0,25,0.8429617575264443,0.7958237551140988,0.7748556161042026,0,0.0,0.8583333333333333,0.9024390243902439
sgd,Conch_v15,813ed6d3cd13,fl,FedBN,sgd,0.003,0.01,20,stratified,project_tss,raw,mlp,False,,3,0.18924991982068282,0.24247355573637103,0.12568375439817878,0.10528734125381413,0.15861792108805614,0.15861792108805614,136.0,86,0.24247355573637103,0.12568375439817878,0.10528734125381413,0,0.0,0.008333333333333333,0.0
sgd,Conch_v15,81d71d57000c,fl,FedProx,sgd,0.03,0.01,20,stratified,project_tss,raw,mlp,False,,4,0.9577777981758118,0.919446704637917,0.9122348407233944,0.908667433319682,0.922687774930838,0.922687774930838,304.0,254,0.919446704637917,0.9122348407233944,0.908667433319682,0,0.0,0.9916666666666667,0.9512195121951219
sgd,Conch_v15,8409fb0b6886,fl,FedProx,sgd,0.003,0.01,20,stratified,project_tss,raw,mlp,False,,0,0.9066666960716248,0.8836452400325467,0.8600114494829747,0.8601756418761551,0.8608474168541668,0.8608474168541668,176.0,126,0.8836452400325467,0.8600114494829747,0.8601756418761551,0,0.0,0.9666666666666667,0.9024390243902439
sgd,Conch_v15,849a71eb7ebe,fl,FedAvg,sgd,0.003,0.01,20,stratified,project_tss,raw,mlp,False,,1,0.9000000357627869,0.8592351505288853,0.8318001330631852,0.8344991701464305,0.8464410279173581,0.8464410279173581,136.0,86,0.8584214808787632,0.8314790026842513,0.8341047454421502,1,0.08136696501220841,0.975,0.7560975609756098
sgd,Conch_v15,85f7e1e1152f,fl,FedAvg,sgd,0.003,0.01,20,stratified,project_tss,raw,mlp,False,,4,0.9000000357627869,0.8755085435313262,0.8407544747583584,0.8425864492682976,0.8488675793113358,0.8488675793113358,129.0,79,0.8763222131814483,0.8427746767785603,0.8443308273156899,1,-0.08136696501220841,1.0,0.8292682926829268
sgd,Conch_v15,87728048b461,fl,FedProx,sgd,0.1,0.01,20,stratified,project_tss,raw,mlp,False,,1,0.7777777910232544,0.7550854353132628,0.6875278303607046,0.7146382824904713,0.7372666783425195,0.7372666783425195,100.0,18,0.7550854353132628,0.6875278303607046,0.7146382824904713,0,0.0,0.85,0.6341463414634146
sgd,Conch_v15,89cf4e4bdafe,fl,FedProx,sgd,0.1,0.01,20,stratified,project_tss,raw,mlp,False,,2,0.8422222137451172,0.806346623270952,0.7241903907964937,0.695113665584381,0.7746967794131632,0.7746967794131632,124.0,74,0.806346623270952,0.7241903907964937,0.695113665584381,0,0.0,1.0,0.7317073170731707
sgd,Conch_v15,8a2481a34d4b,fl,SCAFFOLD,sgd,0.01,0.01,20,stratified,project_tss,raw,mlp,False,,1,0.9355555772781372,0.9129373474369405,0.9003509606882714,0.8999607343166409,0.9175975936802206,0.9175975936802206,403.0,353,0.9129373474369405,0.9003509606882714,0.8999607343166409,0,0.0,0.9916666666666667,0.926829268292683
sgd,Conch_v15,8b84fd012b7d,fl,FedBN,sgd,0.1,0.01,20,stratified,project_tss,raw,mlp,False,,0,1.0,0.9975589910496339,0.997962962962963,0.9973940180944665,0.9958368734069669,0.9958368734069669,378.0,328,0.9975589910496339,0.997962962962963,0.9973940180944665,0,0.0,0.9916666666666667,1.0
sgd,Conch_v15,8bcd29c7d6aa,fl,FedBN,sgd,0.003,0.01,20,stratified,project_tss,raw,mlp,False,,0,0.1922329147911559,0.23026851098454026,0.13461642272885735,0.09203576980432483,0.15291203652288907,0.15291203652288907,168.0,118,0.23026851098454026,0.13461642272885735,0.09203576980432483,0,0.0,0.0,0.0
sgd,Conch_v15,8f4207b28b3a,fl,FedBN,sgd,0.003,0.01,20,stratified,project_tss,raw,mlp,False,,1,0.21573780681235544,0.24654190398698128,0.1398379897883378,0.1132144533399043,0.17743721745571545,0.17743721745571545,176.0,126,0.24654190398698128,0.1398379897883378,0.1132143687034194,1,0.0,0.0,0.0
sgd,Conch_v15,904bf7818e90,fl,FedProx,sgd,0.01,0.01,20,stratified,project_tss,raw,mlp,False,,1,0.893333375453949,0.8657445077298617,0.8453876484907277,0.8420004227074751,0.8572938109705386,0.8572938109705386,100.0,27,0.8657445077298617,0.8453876484907277,0.8420004227074751,0,0.0,0.9666666666666667,0.9024390243902439
sgd,Conch_v15,93c610500aff,fl,FedProx,sgd,0.003,0.01,20,stratified,project_tss,raw,mlp,False,,1,0.9000000357627869,0.8592351505288853,0.8323271791049468,0.8348121355021091,0.8465538998303112,0.8465538998303112,136.0,86,0.8592351505288853,0.8323271791049468,0.8348121355021091,0,0.0,0.975,0.7560975609756098
sgd,Conch_v15,9688bb2d1182,fl,FedBN,sgd,0.03,0.01,20,stratified,project_tss,raw,mlp,False,,4,0.3206936897632879,0.34580960130187144,0.18932245833712869,0.15369855961052295,0.29265403209149327,0.29265403209149327,100.0,43,0.34580960130187144,0.18932245833712869,0.15360648215384604,2,0.0,0.008333333333333333,0.0
sgd,Conch_v15,9845c5954c05,fl,FedBN,sgd,0.1,0.01,20,stratified,project_tss,raw,mlp,False,,2,1.0,0.9902359641985354,0.991359649122807,0.9901188013158821,0.9895173362463083,0.9895173362463083,328.0,278,0.9902359641985354,0.991359649122807,0.9901188013158821,0,0.0,0.9833333333333333,1.0
sgd,Conch_v15,9f7539557b7d,fl,FedProx,sgd,0.03,0.01,20,stratified,project_tss,raw,mlp,False,,0,0.9644444584846497,0.9178193653376729,0.9128654146837923,0.9049138399689198,0.9250460055633035,0.9250460055633035,396.0,346,0.9178193653376729,0.9128654146837923,0.9049138399689198,0,0.0,0.975,0.975609756097561
sgd,Conch_v15,a07aa35bd880,fl,SCAFFOLD,sgd,0.1,0.01,20,stratified,project_tss,raw,mlp,False,,3,0.6577777862548828,0.6476810414971521,0.4269748121664676,0.34748439835615463,0.5416128572487998,0.5416128572487998,100.0,21,0.6476810414971521,0.4269748121664676,0.34748439835615463,0,0.0,0.0,0.0
sgd,Conch_v15,a18126f92ade,fl,FedBN,sgd,0.01,0.01,20,stratified,project_tss,raw,mlp,False,,4,0.2847352091382377,0.3417412530512612,0.17732919644121997,0.13944284250558892,0.27090527587865304,0.27090527587865304,100.0,50,0.3417412530512612,0.17732919644121997,0.1394166021147956,1,0.0,0.0,0.0
sgd,Conch_v15,a92f4d472a0d,fl,FedProx,sgd,0.03,0.01,20,stratified,project_tss,raw,mlp,False,,1,0.9577777981758118,0.9218877135882831,0.9125528177792727,0.9146278204417094,0.932799609847969,0.932799609847969,338.0,288,0.9227013832384052,0.9134009941999681,0.9153532953517082,1,-0.08136696501220841,0.9916666666666667,0.9512195121951219
sgd,Conch_v15,aa354a0fd28c,fl,FedProx,sgd,0.01,0.01,20,stratified,project_tss,raw,mlp,False,,0,0.944444477558136,0.9113100081366965,0.9111775435961188,0.9018589587612453,0.9108072067428745,0.9108072067428745,371.0,321,0.9113100081366965,0.9111775435961188,0.9018589587612453,0,0.0,0.975,0.926829268292683
sgd,Conch_v15,aa9f873cc2e7,fl,FedBN,sgd,0.01,0.01,20,stratified,project_tss,raw,mlp,False,,3,0.19538796203472963,0.27176566314076483,0.139279870608584,0.11171130767096432,0.19323991693281634,0.19323991693281634,132.0,82,0.27176566314076483,0.139279870608584,0.1116615954851249,2,0.0,0.0,0.0
sgd,Conch_v15,adaa4743b701,fl,SCAFFOLD,sgd,0.003,0.01,20,stratified,project_tss,raw,mlp,False,,2,0.9200000166893005,0.8901545972335232,0.8689854081447311,0.870962497095435,0.8888662417378551,0.8888662417378551,367.0,317,0.8901545972335232,0.8689854081447311,0.870962497095435,0,0.0,0.9916666666666667,0.8780487804878049
sgd,Conch_v15,aed6c4db6947,fl,FedBN,sgd,0.03,0.01,20,stratified,project_tss,raw,mlp,False,,1,0.31845362089537976,0.3824247355573637,0.21574162541609188,0.17653737250548873,0.2910292108960661,0.2910292108960661,143.0,93,0.3824247355573637,0.21574162541609188,0.17653737250548873,0,0.0,0.008333333333333333,0.0
sgd,Conch_v15,af81a48d94d7,fl,FedBN,sgd,0.003,0.01,20,stratified,project_tss,raw,mlp,False,,4,0.18824011958403336,0.2628152969894223,0.14722275980488417,0.11707662937568426,0.19662491087912626,0.19662491087912626,115.0,65,0.26200162733930027,0.1469016294259503,0.11681971542924814,2,0.08136696501220286,0.008333333333333333,0.0
sgd,Conch_v15,b13fc23eab60,fl,SCAFFOLD,sgd,0.03,0.01,20,stratified,project_tss,raw,mlp,False,,1,0.8622222542762756,0.8462164361269324,0.815040060213452,0.801374988570033,0.8284102296692931,0.8284102296692931,100.0,30,0.8462164361269324,0.815040060213452,0.801374988570033,0,0.0,0.9166666666666666,0.8780487804878049
sgd,Conch_v15,b3c04447eb25,fl,FedProx,sgd,0.1,0.01,20,stratified,project_tss,raw,mlp,False,,0,0.795555591583252,0.774613506916192,0.6908059805832363,0.6807215296137059,0.7260503314467446,0.7260503314467446,101.0,51,0.774613506916192,0.6908059805832363,0.6807215296137059,0,0.0,1.0,0.8780487804878049
sgd,Conch_v15,b902c605e879,fl,FedProx,sgd,0.01,0.01,20,stratified,project_tss,raw,mlp,False,,2,0.9377778172492981,0.9080553295362083,0.9038387934508639,0.8984846096578162,0.9045243987466708,0.9045243987466708,283.0,233,0.9080553295362083,0.9038387934508639,0.8984846096578162,0,0.0,0.9916666666666667,0.926829268292683
sgd,Conch_v15,bc2692be44fb,fl,FedBN,sgd,0.01,0.01,20,stratified,project_tss,raw,mlp,False,,0,0.20923766956527587,0.29454841334418225,0.13121566491793177,0.09480027271179396,0.20764294763289448,0.20764294763289448,124.0,74,0.29454841334418225,0.13121566491793177,0.09475168625982366,2,0.0,0.0,0.0
sgd,Conch_v15,c16bbfdc34ec,fl,SCAFFOLD,sgd,0.1,0.01,20,stratified,project_tss,raw,mlp,False,,4,0.5777778029441833,0.580960130187144,0.3963918325840291,0.32880405590132034,0.5359702714129266,0.5359702714129266,100.0,19,0.580960130187144,0.3963918325840291,0.32880405590132034,0,0.0,0.825,0.0
sgd,Conch_v15,c469db876fa9,fl,SCAFFOLD,sgd,0.01,0.01,20,stratified,project_tss,raw,mlp,False,,0,0.9088889360427856,0.8771358828315704,0.8471201345297337,0.8520540379756637,0.8702718901438588,0.8702718901438588,156.0,106,0.8771358828315704,0.8471201345297337,0.8520540379756637,0,0.0,0.9916666666666667,0.8536585365853658
sgd,Conch_v15,c56f83764c2e,fl,FedProx,sgd,0.03,0.01,20,stratified,project_tss,raw,mlp,False,,3,0.9288889169692993,0.8982912937347437,0.8886016695799566,0.8784553469554156,0.8947827644723263,0.8947827644723263,145.0,95,0.8982912937347437,0.8886016695799566,0.8784553469554156,0,0.0,0.975,0.926829268292683
sgd,Conch_v15,c7d5c5724559,fl,FedAvg,sgd,0.01,0.01,20,stratified,project_tss,raw,mlp,False,,3,0.9533333778381348,0.919446704637917,0.9130967838052526,0.9077427368256031,0.9209505087932603,0.9209505087932603,445.0,395,0.919446704637917,0.9130967838052526,0.9077427368256031,0,0.0,0.9916666666666667,0.9512195121951219
sgd,Conch_v15,c874c80b1cb0,fl,FedAvg,sgd,0.01,0.01,20,stratified,project_tss,raw,mlp,False,,2,0.9377778172492981,0.9072416598860863,0.9029906170301685,0.8976913032419874,0.9043296946968267,0.9043296946968267,283.0,233,0.9072416598860863,0.9029906170301685,0.8976913032419874,0,0.0,0.9916666666666667,0.926829268292683
sgd,Conch_v15,cabbfea77cca,fl,FedBN,sgd,0.003,0.01,20,stratified,project_tss,raw,mlp,False,,2,0.1867117820379323,0.27176566314076483,0.12684805565812632,0.09686635286527125,0.1691478568696153,0.1691478568696153,125.0,75,0.27176566314076483,0.12684805565812632,0.09686635286527125,0,0.0,0.0,0.0
sgd,Conch_v15,cbd45e8902d7,fl,FedProx,sgd,0.1,0.01,20,stratified,project_tss,raw,mlp,False,,4,0.7688888907432556,0.7697314890154597,0.6883700955737048,0.6419077681620572,0.7266045441566019,0.7266045441566019,100.0,42,0.7697314890154597,0.6883700955737048,0.6419077681620572,0,0.0,0.8916666666666667,0.4634146341463415
sgd,Conch_v15,cdce07ff05ec,fl,FedBN,sgd,0.1,0.01,20,stratified,project_tss,raw,mlp,False,,1,1.0,0.9796582587469488,0.9838828768869475,0.9747885690201569,0.9792323897876399,0.9792323897876399,324.0,274,0.9796582587469488,0.9838828768869475,0.9747885690201569,0,0.0,0.9916666666666667,1.0
sgd,Conch_v15,d345f8f952e5,fl,FedProx,sgd,0.003,0.01,20,stratified,project_tss,raw,mlp,False,,3,0.902222216129303,0.8779495524816925,0.8554150132166406,0.8494153999353394,0.8530799857634809,0.8530799857634809,151.0,101,0.8779495524816925,0.8554150132166406,0.8494153999353394,0,0.0,0.975,0.8536585365853658
sgd,Conch_v15,d6abe3868d1f,fl,FedProx,sgd,0.1,0.01,20,stratified,project_tss,raw,mlp,False,,3,0.944444477558136,0.9121236777868186,0.9152596569850355,0.9058186948982012,0.9057897165975668,0.9057897165975668,364.0,314,0.9121236777868186,0.9152596569850355,0.9058186948982012,0,0.0,0.9916666666666667,0.975609756097561
sgd,Conch_v15,d719dd7ec191,fl,FedAvg,sgd,0.03,0.01,20,stratified,project_tss,raw,mlp,False,,3,0.9466667175292969,0.9186330349877949,0.9142783344800738,0.9113893025939438,0.9215193579190091,0.9215193579190091,218.0,168,0.9186330349877949,0.9142783344800738,0.9113893025939438,0,0.0,0.9833333333333333,0.9512195121951219
sgd,Conch_v15,d99c87fbf562,fl,SCAFFOLD,sgd,0.003,0.01,20,stratified,project_tss,raw,mlp,False,,1,0.9244444370269775,0.9023596419853539,0.8862798909486618,0.8867154470329324,0.9052192401346586,0.9052192401346586,516.0,466,0.9023596419853539,0.8862798909486618,0.8867154470329324,0,0.0,0.9916666666666667,0.926829268292683
sgd,Conch_v15,dac93a20afbf,fl,FedBN,sgd,0.1,0.01,20,stratified,project_tss,raw,mlp,False,,3,1.0,0.9829129373474369,0.9810648148148149,0.9836133782027068,0.9796779544443097,0.9796779544443097,344.0,294,0.9829129373474369,0.9810648148148149,0.9836133782027068,0,0.0,1.0,1.0
sgd,Conch_v15,db95524200eb,fl,FedAvg,sgd,0.1,0.01,20,stratified,project_tss,raw,mlp,False,,0,0.8066666722297668,0.8283157038242474,0.7753660381256763,0.7679551076045706,0.8107460022200144,0.8107460022200144,100.0,38,0.8283157038242474,0.7753660381256763,0.7679551076045706,0,0.0,0.9666666666666667,0.8048780487804879
sgd,Conch_v15,dfec51598e69,fl,FedAvg,sgd,0.1,0.01,20,stratified,project_tss,raw,mlp,False,,2,0.7844444513320923,0.7778681855166802,0.6940729121235986,0.6696634906227333,0.7175084352085402,0.7175084352085402,141.0,91,0.7778681855166802,0.6940729121235986,0.6696634906227333,0,0.0,1.0,0.6829268292682927
sgd,Conch_v15,e08e33ae2ee9,fl,SCAFFOLD,sgd,0.01,0.01,20,stratified,project_tss,raw,mlp,False,,4,0.9355555772781372,0.9080553295362083,0.891145418511129,0.8939606407722458,0.9126905703931351,0.9126905703931351,341.0,291,0.9080553295362083,0.891145418511129,0.8939606407722458,0,0.0,0.9916666666666667,0.9024390243902439
sgd,Conch_v15,e1c1e6d2ac56,fl,SCAFFOLD,sgd,0.003,0.01,20,stratified,project_tss,raw,mlp,False,,3,0.9133333563804626,0.8852725793327909,0.8525690861682479,0.8564014348306124,0.8840613294518257,0.8840613294518257,323.0,273,0.8852725793327909,0.8525690861682479,0.8564014348306124,0,0.0,0.9916666666666667,0.8780487804878049
sgd,Conch_v15,e1d5978c5116,fl,FedBN,sgd,0.03,0.01,20,stratified,project_tss,raw,mlp,False,,0,0.2951894475161802,0.34011391375101707,0.1759776581505832,0.1311847286332407,0.2845596752097734,0.2845596752097734,100.0,11,0.33930024410089504,0.17565652777164933,0.13090539700544265,3,0.08136696501220286,0.0,0.0
sgd,Conch_v15,e3f121dcd46d,fl,FedProx,sgd,0.03,0.01,20,stratified,project_tss,raw,mlp,False,,2,0.9511111378669739,0.9145646867371847,0.9056075381411599,0.9015573260908946,0.914482816809259,0.914482816809259,239.0,189,0.9145646867371847,0.9056075381411599,0.9015573260908946,0,0.0,0.9916666666666667,0.926829268292683
sgd,Conch_v15,f9a0626683d6,fl,SCAFFOLD,sgd,0.003,0.01,20,stratified,project_tss,raw,mlp,False,,0,0.9066666960716248,0.8885272579332791,0.8623652003393576,0.8678169741681869,0.8892614548667134,0.8892614548667134,377.0,327,0.8885272579332791,0.8623652003393576,0.8678169741681869,0,0.0,0.9916666666666667,0.8780487804878049
sgd,Conch_v15,ff6e7d77cde9,fl,SCAFFOLD,sgd,0.1,0.01,20,stratified,project_tss,raw,mlp,False,,0,0.3844444453716278,0.4141578519121237,0.36148380426864724,0.2511464856876264,0.4027761716896869,0.4027761716896869,100.0,2,0.4141578519121237,0.36148380426864724,0.25119495718616697,1,0.0,0.975,0.0
sgd,Midnight12k,002a8e4a6b38,fl,FedProx,sgd,0.01,0.01,20,stratified,project_tss,raw,mlp,False,,1,0.8911111354827881,0.8657445077298617,0.8609389166095212,0.8568904789647029,0.8763786788219433,0.8763786788219433,430.0,380,0.8657445077298617,0.8609389166095212,0.8568904789647029,0,0.0,0.975,0.9024390243902439
sgd,Midnight12k,04b3d57df3e3,fl,SCAFFOLD,sgd,0.01,0.01,20,stratified,project_tss,raw,mlp,False,,4,0.8799999952316284,0.869812855980472,0.8538444379410339,0.8539969139653284,0.8829151397174845,0.8829151397174845,507.0,457,0.869812855980472,0.8538444379410339,0.8539969139653284,0,0.0,0.9916666666666667,0.8780487804878049
sgd,Midnight12k,081b149ccaee,fl,FedBN,sgd,0.01,0.01,20,stratified,project_tss,raw,mlp,False,,3,0.25497582046504585,0.4084621643612693,0.23076846291096798,0.19671914066465626,0.2767326178546076,0.2767326178546076,194.0,144,0.4084621643612693,0.23076846291096798,0.19669957433436835,1,0.0,0.0,0.0
sgd,Midnight12k,1781ef9ac72f,fl,FedProx,sgd,0.003,0.01,20,stratified,project_tss,raw,mlp,False,,2,0.8311111330986023,0.8087876322213181,0.7619633390153137,0.7647773543183735,0.8039139336479337,0.8039139336479337,325.0,275,0.8087876322213181,0.7619633390153137,0.7647773543183735,0,0.0,0.9833333333333333,0.43902439024390244
sgd,Midnight12k,19757680bab0,fl,FedProx,sgd,0.1,0.01,20,stratified,project_tss,raw,mlp,False,,2,0.9088889360427856,0.8999186330349878,0.8948529303293048,0.8904931870366943,0.914106777035126,0.914106777035126,279.0,229,0.8999186330349878,0.8948529303293048,0.8904931870366943,0,0.0,0.9833333333333333,0.975609756097561
sgd,Midnight12k,1a9850ca58fb,fl,FedAvg,sgd,0.1,0.01,20,stratified,project_tss,raw,mlp,False,,0,0.9155555963516235,0.9015459723352319,0.9023723158044498,0.901061176103782,0.9144372847643875,0.9144372847643875,365.0,315,0.9015459723352319,0.9023723158044498,0.901061176103782,0,0.0,0.9833333333333333,0.975609756097561
sgd,Midnight12k,29f003b32e35,fl,FedBN,sgd,0.1,0.01,20,stratified,project_tss,raw,mlp,False,,1,1.0,0.9975589910496339,0.9960355750487331,0.9971043023061011,0.993380062305296,0.993380062305296,351.0,301,0.9975589910496339,0.9960355750487331,0.9971043023061011,0,0.0,1.0,1.0
sgd,Midnight12k,2c228277e725,fl,FedProx,sgd,0.03,0.01,20,stratified,project_tss,raw,mlp,False,,2,0.9000000357627869,0.8803905614320586,0.8867314742648097,0.8803817006305088,0.8992026140667497,0.8992026140667497,290.0,240,0.8803905614320586,0.8867314742648097,0.8803817006305088,0,0.0,0.9916666666666667,0.975609756097561
sgd,Midnight12k,3208a61d054e,fl,FedAvg,sgd,0.03,0.01,20,stratified,project_tss,raw,mlp,False,,2,0.9000000357627869,0.8787632221318145,0.8852985025224769,0.8789194276159374,0.898073330577653,0.898073330577653,290.0,240,0.8787632221318145,0.8852985025224769,0.8789194276159374,0,0.0,0.9916666666666667,0.975609756097561
sgd,Midnight12k,34a41f5cf1ca,fl,FedProx,sgd,0.1,0.01,20,stratified,project_tss,raw,mlp,False,,0,0.8911111354827881,0.8763222131814483,0.8762508129174824,0.8715050484808895,0.8898552547651033,0.8898552547651033,172.0,122,0.8763222131814483,0.8762508129174824,0.8715050484808895,0,0.0,0.9833333333333333,0.975609756097561
sgd,Midnight12k,34ec6bb5b2c4,fl,SCAFFOLD,sgd,0.01,0.01,20,stratified,project_tss,raw,mlp,False,,1,0.8777778148651123,0.8600488201790073,0.8376872983468193,0.8345465133392883,0.874575485544497,0.874575485544497,373.0,323,0.8600488201790073,0.8376872983468193,0.8345465133392883,0,0.0,0.9916666666666667,0.8292682926829268
sgd,Midnight12k,359ed99e0c2f,fl,FedBN,sgd,0.003,0.01,20,stratified,project_tss,raw,mlp,False,,1,0.2428535646066223,0.2937347436940602,0.16006101616971236,0.13162103598639635,0.2066123079633605,0.2066123079633605,170.0,120,0.29454841334418225,0.16061657172526794,0.13224170133294735,2,-0.08136696501220286,0.0,0.0
sgd,Midnight12k,392154204ca6,fl,FedProx,sgd,0.01,0.01,20,stratified,project_tss,raw,mlp,False,,3,0.851111114025116,0.8340113913751017,0.835591195930523,0.8214204947396028,0.8469294096752102,0.8469294096752102,165.0,115,0.8348250610252238,0.8364393723512186,0.8221992562734208,1,-0.08136696501220841,0.9666666666666667,0.8780487804878049
sgd,Midnight12k,3dce9f90d1a2,fl,SCAFFOLD,sgd,0.03,0.01,20,stratified,project_tss,raw,mlp,False,,2,0.8177778124809265,0.8039056143205858,0.7331990502605448,0.7432217126294992,0.8034919272519699,0.8034919272519699,113.0,63,0.8039056143205858,0.7331990502605448,0.7432217126294992,0,0.0,0.9916666666666667,0.5609756097560976
sgd,Midnight12k,40a0c40f9f53,fl,SCAFFOLD,sgd,0.01,0.01,20,stratified,project_tss,raw,mlp,False,,3,0.8799999952316284,0.8616761594792515,0.8483048502378533,0.8469815051036053,0.878685584514409,0.878685584514409,471.0,421,0.8616761594792515,0.8483048502378533,0.8469815051036053,0,0.0,0.9916666666666667,0.9024390243902439
sgd,Midnight12k,40ece1a74774,fl,FedBN,sgd,0.1,0.01,20,stratified,project_tss,raw,mlp,False,,4,0.7791118864633715,0.7323026851098454,0.7895399500787609,0.7229659323768717,0.7509637232661711,0.7509637232661711,175.0,125,0.7323026851098454,0.7895399500787609,0.722822888205968,1,0.0,0.9083333333333333,0.9024390243902439
sgd,Midnight12k,4ac95a7c4a94,fl,SCAFFOLD,sgd,0.003,0.01,20,stratified,project_tss,raw,mlp,False,,3,0.5955555438995361,0.6045565500406835,0.4251940162706059,0.34525899940384974,0.5631707856006921,0.5631707856006921,127.0,77,0.6045565500406835,0.4251940162706059,0.34525899940384974,0,0.0,0.9916666666666667,0.0
sgd,Midnight12k,4bf03febd06e,fl,FedAvg,sgd,0.003,0.01,20,stratified,project_tss,raw,mlp,False,,4,0.7599999904632568,0.7477624084621644,0.6207557073645986,0.5689023890063215,0.7011062892904452,0.7011062892904452,234.0,184,0.7477624084621644,0.6207557073645986,0.5688747921742773,1,0.0,0.9583333333333334,0.0
sgd,Midnight12k,4f57b32c0daa,fl,FedBN,sgd,0.1,0.01,20,stratified,project_tss,raw,mlp,False,,3,0.9905540169401557,0.9690805532953621,0.9593916795919131,0.965125288475417,0.9347601126806734,0.9347601126806734,283.0,233,0.9690805532953621,0.9593916795919131,0.965125288475417,0,0.0,0.9166666666666666,1.0
sgd,Midnight12k,4fecf2987cd4,fl,SCAFFOLD,sgd,0.003,0.01,20,stratified,project_tss,raw,mlp,False,,2,0.5244444608688354,0.4792514239218877,0.3140656373592942,0.23490890870435946,0.4284005678726125,0.4284005678726125,100.0,13,0.48006509357200977,0.3154867097094052,0.23590744563144403,6,-0.08136696501220841,1.0,0.0
sgd,Midnight12k,51936571632b,fl,FedProx,sgd,0.003,0.01,20,stratified,project_tss,raw,mlp,False,,3,0.7599999904632568,0.7461350691619203,0.6036035356037556,0.5769421600863017,0.6778064744174216,0.6778064744174216,208.0,158,0.7469487388120423,0.6044517120244511,0.5777517780230372,1,-0.08136696501219731,0.9166666666666666,0.0
sgd,Midnight12k,56207ce42e15,fl,FedProx,sgd,0.03,0.01,20,stratified,project_tss,raw,mlp,False,,4,0.9133333563804626,0.8950366151342555,0.8953144910323295,0.8945038631809149,0.904941618609843,0.904941618609843,434.0,384,0.8950366151342555,0.8953144910323295,0.8945038631809149,0,0.0,0.9833333333333333,0.975609756097561
sgd,Midnight12k,5937d17912d6,fl,FedBN,sgd,0.03,0.01,20,stratified,project_tss,raw,mlp,False,,0,0.3138415549699766,0.35882831570382423,0.19298298903138228,0.1635558139068226,0.2794656662921952,0.2794656662921952,115.0,65,0.3596419853539463,0.1938311654520778,0.16414496625747885,4,-0.08136696501220841,0.008333333333333333,0.0
sgd,Midnight12k,5c429dfc3c51,fl,SCAFFOLD,sgd,0.003,0.01,20,stratified,project_tss,raw,mlp,False,,0,0.5177778005599976,0.5353946297803092,0.3302954399486191,0.23973076863440954,0.46348024921642206,0.46348024921642206,121.0,71,0.5353946297803092,0.3302954399486191,0.23973076863440954,0,0.0,1.0,0.0
sgd,Midnight12k,5e94e89c2284,fl,FedBN,sgd,0.003,0.01,20,stratified,project_tss,raw,mlp,False,,2,0.2518361681029124,0.33116354759967453,0.19249470191760779,0.14560382844992711,0.25493085060681264,0.25493085060681264,100.0,36,0.3303498779495525,0.19217357153867395,0.1452192782983904,3,0.08136696501220286,0.6,0.0
sgd,Midnight12k,61dc3aaccadf,fl,FedAvg,sgd,0.1,0.01,20,stratified,project_tss,raw,mlp,False,,4,0.8866667151451111,0.869812855980472,0.8718658604101934,0.8637351272132519,0.8817518936632999,0.8817518936632999,183.0,133,0.869812855980472,0.8718658604101934,0.8637351272132519,0,0.0,0.975,0.975609756097561
sgd,Midnight12k,6238c640418a,fl,FedBN,sgd,0.003,0.01,20,stratified,project_tss,raw,mlp,False,,4,0.19714342248704508,0.17982099267697316,0.16191011151270687,0.08124392235556177,0.1731248325435897,0.1731248325435897,100.0,4,0.18063466232709519,0.16413233373492908,0.08295799906449869,3,-0.08136696501220286,0.0,0.0
sgd,Midnight12k,62e7a9d6d258,fl,FedAvg,sgd,0.01,0.01,20,stratified,project_tss,raw,mlp,False,,4,0.8799999952316284,0.8584214808787632,0.8500375724177318,0.8436573077696469,0.8721905885498645,0.8721905885498645,357.0,307,0.8584214808787632,0.8500375724177318,0.8436573077696469,0,0.0,0.975,0.8780487804878049
sgd,Midnight12k,630c55dcf111,fl,FedAvg,sgd,0.01,0.01,20,stratified,project_tss,raw,mlp,False,,0,0.8911111354827881,0.8665581773799838,0.8599747572670958,0.8562956380962862,0.878461921596042,0.878461921596042,405.0,355,0.8665581773799838,0.8599747572670958,0.8562956380962862,0,0.0,0.9833333333333333,0.9024390243902439
sgd,Midnight12k,6ad50a297983,fl,FedAvg,sgd,0.003,0.01,20,stratified,project_tss,raw,mlp,False,,1,0.8088889122009277,0.789259560618389,0.7104303305486994,0.6941151587770126,0.7661998669127159,0.7661998669127159,348.0,298,0.789259560618389,0.7104303305486994,0.6941151587770126,0,0.0,0.9333333333333333,0.12195121951219512
sgd,Midnight12k,6f588625ac9d,fl,SCAFFOLD,sgd,0.03,0.01,20,stratified,project_tss,raw,mlp,False,,1,0.8355555534362793,0.8331977217249796,0.793903468209828,0.7900459693944332,0.8324620726264439,0.8324620726264439,131.0,81,0.8323840520748577,0.7933186728881906,0.7895749922772715,1,0.08136696501219731,0.9583333333333334,0.7317073170731707
sgd,Midnight12k,70864eba8b76,fl,FedBN,sgd,0.01,0.01,20,stratified,project_tss,raw,mlp,False,,4,0.231015563094771,0.305939788445891,0.1469345183031414,0.11414407274874584,0.20757356115320325,0.20757356115320325,119.0,69,0.306753458096013,0.14749007385869695,0.11475487006080923,1,-0.08136696501220286,0.0,0.0
sgd,Midnight12k,7597196f40ea,fl,FedAvg,sgd,0.1,0.01,20,stratified,project_tss,raw,mlp,False,,3,0.902222216129303,0.8746948738812043,0.8675148039017581,0.8635950800634966,0.8819907679720765,0.8819907679720765,231.0,181,0.8746948738812043,0.8675148039017581,0.8635950800634966,0,0.0,0.9666666666666667,0.9512195121951219
sgd,Midnight12k,76c4d952d89d,fl,SCAFFOLD,sgd,0.1,0.01,20,stratified,project_tss,raw,mlp,False,,0,0.7444444894790649,0.7200976403580146,0.5837625289503903,0.5117774117872784,0.6636713661490269,0.6636713661490269,100.0,9,0.7209113100081367,0.5843473242720276,0.5122132868329906,1,-0.08136696501220841,0.55,0.0
sgd,Midnight12k,7ab3d14e3ce7,fl,FedProx,sgd,0.003,0.01,20,stratified,project_tss,raw,mlp,False,,4,0.7599999904632568,0.7477624084621644,0.6207557073645986,0.5689023890063215,0.7011062892904452,0.7011062892904452,234.0,184,0.7477624084621644,0.6207557073645986,0.5688747921742773,1,0.0,0.9583333333333334,0.0
sgd,Midnight12k,85a02d894637,fl,FedAvg,sgd,0.1,0.01,20,stratified,project_tss,raw,mlp,False,,1,0.9088889360427856,0.887713588283157,0.887432465469105,0.8852986819665983,0.9061678240416559,0.9061678240416559,240.0,190,0.887713588283157,0.887432465469105,0.8852986819665983,0,0.0,0.9833333333333333,0.975609756097561
sgd,Midnight12k,8a22219c4a7b,fl,SCAFFOLD,sgd,0.03,0.01,20,stratified,project_tss,raw,mlp,False,,0,0.8688889145851135,0.8445890968266884,0.824026179087519,0.820218798382927,0.8535283093860682,0.8535283093860682,164.0,114,0.8445890968266884,0.824026179087519,0.820218798382927,0,0.0,0.9916666666666667,0.8292682926829268
sgd,Midnight12k,8c5b676f1a83,fl,SCAFFOLD,sgd,0.01,0.01,20,stratified,project_tss,raw,mlp,False,,0,0.8755555748939514,0.8633034987794955,0.8503104340659563,0.8493524023165347,0.873873454507575,0.873873454507575,418.0,368,0.8633034987794955,0.8503104340659563,0.8493524023165347,0,0.0,0.9916666666666667,0.9024390243902439
sgd,Midnight12k,905f3414d872,fl,FedBN,sgd,0.01,0.01,20,stratified,project_tss,raw,mlp,False,,2,0.22744145843155741,0.2766476810414972,0.16538993012981454,0.1029216792057031,0.2118726124484123,0.2118726124484123,100.0,5,0.274206672091131,0.16442653899301296,0.10228473711050017,8,0.2441008950366197,0.5666666666666667,0.0
sgd,Midnight12k,92850f5600d2,fl,FedBN,sgd,0.03,0.01,20,stratified,project_tss,raw,mlp,False,,4,0.9966996699669968,0.9943043124491456,0.9920370370370372,0.990449837159109,0.9894765411120552,0.9894765411120552,818.0,768,0.9943043124491456,0.9920370370370372,0.990449837159109,0,0.0,1.0,1.0
sgd,Midnight12k,92be7259c5da,fl,SCAFFOLD,sgd,0.1,0.01,20,stratified,project_tss,raw,mlp,False,,2,0.6000000238418579,0.6094385679414158,0.448270177692143,0.378830360461135,0.575065277401726,0.575065277401726,100.0,9,0.6094385679414158,0.448270177692143,0.378830360461135,0,0.0,0.9666666666666667,0.0
sgd,Midnight12k,952ac33c3942,fl,FedBN,sgd,0.03,0.01,20,stratified,project_tss,raw,mlp,False,,3,0.9014191419141913,0.8982912937347437,0.8663580804184562,0.8646413566377527,0.8113302111676757,0.8113302111676757,519.0,469,0.8982912937347437,0.8663580804184562,0.8646413566377527,0,0.0,0.8,0.7317073170731707
sgd,Midnight12k,99c889709f75,fl,SCAFFOLD,sgd,0.003,0.01,20,stratified,project_tss,raw,mlp,False,,1,0.6466667056083679,0.628152969894223,0.41742090051718894,0.3581675544550347,0.526788737902641,0.526788737902641,100.0,19,0.629780309194467,0.4191952867074558,0.3599934493449368,7,-0.16273393002440573,0.2833333333333333,0.0
sgd,Midnight12k,9a728e40559d,fl,SCAFFOLD,sgd,0.1,0.01,20,stratified,project_tss,raw,mlp,False,,3,0.6600000262260437,0.6501220504475184,0.49527167911751113,0.4637020888444821,0.5909025276590383,0.5909025276590383,100.0,24,0.6501220504475184,0.49527167911751113,0.4637020888444821,0,0.0,0.31666666666666665,0.0
sgd,Midnight12k,9c29ac0be5d7,fl,SCAFFOLD,sgd,0.01,0.01,20,stratified,project_tss,raw,mlp,False,,2,0.8733333349227905,0.8584214808787632,0.8425851764180631,0.8384858663550139,0.8752158167144232,0.8752158167144232,381.0,331,0.8584214808787632,0.8425851764180631,0.8384858663550139,0,0.0,0.9916666666666667,0.8780487804878049
sgd,Midnight12k,9e092096b64c,fl,FedProx,sgd,0.1,0.01,20,stratified,project_tss,raw,mlp,False,,4,0.8866667151451111,0.8738812042310822,0.8742118706092977,0.8699163712936504,0.8824775360211499,0.8824775360211499,183.0,133,0.8738812042310822,0.8742118706092977,0.8699163712936504,0,0.0,0.9833333333333333,0.975609756097561
sgd,Midnight12k,9ee8bdaec91c,fl,FedBN,sgd,0.003,0.01,20,stratified,project_tss,raw,mlp,False,,3,0.19911182294700058,0.28966639544344996,0.11862928032991922,0.06834657830642143,0.1838836080269102,0.1838836080269102,100.0,11,0.28966639544344996,0.11862928032991922,0.06834657830642143,0,0.0,0.0,0.0
sgd,Midnight12k,a02f6724d5fd,fl,FedBN,sgd,0.01,0.01,20,stratified,project_tss,raw,mlp,False,,1,0.27010248503841977,0.31082180634662326,0.16352981506554337,0.13037331273283245,0.2246338251864985,0.2246338251864985,100.0,46,0.3124491456468674,0.16519721198449802,0.1321035081106699,5,-0.16273393002441128,0.0,0.0
sgd,Midnight12k,a778509b44f2,fl,FedAvg,sgd,0.03,0.01,20,stratified,project_tss,raw,mlp,False,,0,0.9044444561004639,0.886899918633035,0.8922185661661648,0.8878890381924438,0.9043993317747212,0.9043993317747212,367.0,317,0.886899918633035,0.8922185661661648,0.8878890381924438,0,0.0,0.9833333333333333,0.975609756097561
sgd,Midnight12k,a80a60a3e650,fl,FedBN,sgd,0.03,0.01,20,stratified,project_tss,raw,mlp,False,,1,0.30982204102763217,0.39137510170870626,0.2289682601734938,0.19772823592702993,0.2912599421478911,0.2912599421478911,100.0,15,0.39056143205858423,0.22864712979455998,0.1974902004770784,3,0.08136696501220286,0.008333333333333333,0.0
sgd,Midnight12k,ac54d7aa6896,fl,FedAvg,sgd,0.1,0.01,20,stratified,project_tss,raw,mlp,False,,2,0.897777795791626,0.8836452400325467,0.8788901838563867,0.8738223069368402,0.8962572848865685,0.8962572848865685,209.0,159,0.8836452400325467,0.8788901838563867,0.8738223069368402,0,0.0,0.9833333333333333,0.9512195121951219
sgd,Midnight12k,b60b7a4450e7,fl,FedProx,sgd,0.003,0.01,20,stratified,project_tss,raw,mlp,False,,0,0.846666693687439,0.8291293734743694,0.8100238023439323,0.8080812392720822,0.8340669788198345,0.8340669788198345,470.0,420,0.8291293734743694,0.8100238023439323,0.8080812392720822,0,0.0,0.9833333333333333,0.7804878048780488
sgd,Midnight12k,b6acb32ab45d,fl,FedBN,sgd,0.1,0.01,20,stratified,project_tss,raw,mlp,False,,0,0.657208083284088,0.6330349877949553,0.5944841058988646,0.5764890554571863,0.6648590514048447,0.6648590514048447,116.0,66,0.6322213181448332,0.5939285503433092,0.5756832063876767,1,0.08136696501220841,0.7583333333333333,0.5609756097560976
sgd,Midnight12k,b7e856cfaa80,fl,FedAvg,sgd,0.01,0.01,20,stratified,project_tss,raw,mlp,False,,1,0.8911111354827881,0.8649308380797396,0.8606177862305873,0.8564858747153958,0.875972339935312,0.875972339935312,430.0,380,0.8649308380797396,0.8606177862305873,0.8564858747153958,0,0.0,0.975,0.9024390243902439
sgd,Midnight12k,bd9b8001bcb1,fl,FedAvg,sgd,0.03,0.01,20,stratified,project_tss,raw,mlp,False,,4,0.9133333563804626,0.8950366151342555,0.8953144910323295,0.8945038631809149,0.904941618609843,0.904941618609843,434.0,384,0.8950366151342555,0.8953144910323295,0.8945038631809149,0,0.0,0.9833333333333333,0.975609756097561
sgd,Midnight12k,be801afacfbf,fl,FedAvg,sgd,0.01,0.01,20,stratified,project_tss,raw,mlp,False,,3,0.851111114025116,0.8331977217249796,0.8347430195098275,0.8205438330043858,0.846734705625366,0.846734705625366,165.0,115,0.8323840520748577,0.8344218891308937,0.8201643406670913,1,0.08136696501219731,0.9666666666666667,0.8780487804878049
sgd,Midnight12k,bf4722a23991,fl,FedBN,sgd,0.003,0.01,20,stratified,project_tss,raw,mlp,False,,0,0.21696651210046666,0.323026851098454,0.17459837048803645,0.1323918694801608,0.1812845440980228,0.1812845440980228,221.0,171,0.323026851098454,0.17459837048803645,0.13243175486164527,1,0.0,0.0,0.0
sgd,Midnight12k,c16b7378f2e0,fl,SCAFFOLD,sgd,0.03,0.01,20,stratified,project_tss,raw,mlp,False,,4,0.8733333349227905,0.8405207485760781,0.8198401406484627,0.8209800249737191,0.8515105706448549,0.8515105706448549,145.0,95,0.8405207485760781,0.8198401406484627,0.8209800249737191,0,0.0,0.9666666666666667,0.7804878048780488
sgd,Midnight12k,c2ebb93ef024,fl,FedAvg,sgd,0.003,0.01,20,stratified,project_tss,raw,mlp,False,,2,0.8311111330986023,0.8096013018714402,0.7639835410355157,0.7666971772558955,0.8057830925264385,0.8057830925264385,325.0,275,0.8087876322213181,0.7619633390153137,0.7647773543183735,1,0.08136696501220841,0.9833333333333333,0.43902439024390244
sgd,Midnight12k,c87ac00fd374,fl,FedBN,sgd,0.03,0.01,20,stratified,project_tss,raw,mlp,False,,2,0.9177439886845827,0.9121236777868186,0.9000432504432858,0.880430993614032,0.8320358367733299,0.8320358367733299,539.0,489,0.9121236777868186,0.9000432504432858,0.880430993614032,0,0.0,0.8083333333333333,0.8292682926829268
sgd,Midnight12k,c8c24eb46b06,fl,FedProx,sgd,0.03,0.01,20,stratified,project_tss,raw,mlp,False,,0,0.9044444561004639,0.8860862489829129,0.8910611587587574,0.886281504303817,0.9030642182900751,0.9030642182900751,367.0,317,0.8860862489829129,0.8910611587587574,0.886281504303817,0,0.0,0.9833333333333333,0.975609756097561
sgd,Midnight12k,d480a5e52c50,fl,SCAFFOLD,sgd,0.03,0.01,20,stratified,project_tss,raw,mlp,False,,3,0.8777778148651123,0.8665581773799838,0.854060514184606,0.8514455019518237,0.8844722087589773,0.8844722087589773,166.0,116,0.8665581773799838,0.854060514184606,0.8514455019518237,0,0.0,0.9916666666666667,0.8536585365853658
sgd,Midnight12k,dce52ed0eb03,fl,FedProx,sgd,0.03,0.01,20,stratified,project_tss,raw,mlp,False,,1,0.902222216129303,0.8795768917819365,0.8791799516876163,0.8770815061784363,0.8850572863056829,0.8850572863056829,340.0,290,0.8795768917819365,0.8791799516876163,0.8770815061784363,0,0.0,0.9833333333333333,0.975609756097561
sgd,Midnight12k,ddc3d4172771,fl,SCAFFOLD,sgd,0.1,0.01,20,stratified,project_tss,raw,mlp,False,,4,0.6755555868148804,0.6411716842961758,0.48571659458087013,0.469969344540718,0.5697629632634229,0.5697629632634229,100.0,16,0.6411716842961758,0.48571659458087013,0.469969344540718,0,0.0,0.0,0.04878048780487805
sgd,Midnight12k,de0a8e79afc5,fl,FedProx,sgd,0.01,0.01,20,stratified,project_tss,raw,mlp,False,,0,0.8911111354827881,0.8665581773799838,0.8599747572670958,0.8562956380962862,0.878461921596042,0.878461921596042,405.0,355,0.8665581773799838,0.8599747572670958,0.8562956380962862,0,0.0,0.9833333333333333,0.9024390243902439
sgd,Midnight12k,e127f54c9997,fl,SCAFFOLD,sgd,0.1,0.01,20,stratified,project_tss,raw,mlp,False,,1,0.6711111068725586,0.6729048006509357,0.4800158311642948,0.41378613367397465,0.6093330131424403,0.6093330131424403,100.0,4,0.6737184703010578,0.48060062648593216,0.4143507710423915,3,-0.08136696501220841,0.975,0.0
sgd,Midnight12k,e3709928c5d6,fl,FedProx,sgd,0.1,0.01,20,stratified,project_tss,raw,mlp,False,,1,0.9222222566604614,0.8950366151342555,0.890987283147138,0.8899975593819592,0.9045765587821663,0.9045765587821663,303.0,253,0.8950366151342555,0.890987283147138,0.8899975593819592,0,0.0,0.9916666666666667,0.9512195121951219
sgd,Midnight12k,e383d453eb06,fl,FedBN,sgd,0.01,0.01,20,stratified,project_tss,raw,mlp,False,,0,0.24057561929431465,0.290480065093572,0.16479356051662641,0.13827870024387165,0.22572213909613476,0.22572213909613476,125.0,75,0.290480065093572,0.16479356051662641,0.1382128762028703,2,0.0,0.0,0.0
sgd,Midnight12k,e47905532606,fl,FedProx,sgd,0.003,0.01,20,stratified,project_tss,raw,mlp,False,,1,0.8088889122009277,0.789259560618389,0.7104303305486994,0.6941151587770126,0.7661998669127159,0.7661998669127159,348.0,298,0.789259560618389,0.7104303305486994,0.6941151587770126,0,0.0,0.9333333333333333,0.12195121951219512
sgd,Midnight12k,e5a01d4d4354,fl,FedProx,sgd,0.1,0.01,20,stratified,project_tss,raw,mlp,False,,3,0.9000000357627869,0.8852725793327909,0.8872162061782789,0.8840870057150795,0.9012160923286244,0.9012160923286244,188.0,138,0.8852725793327909,0.8872162061782789,0.8840870057150795,0,0.0,0.9833333333333333,0.975609756097561
sgd,Midnight12k,e71ebb3a9172,fl,SCAFFOLD,sgd,0.003,0.01,20,stratified,project_tss,raw,mlp,False,,4,0.5777778029441833,0.5947925142392189,0.411305127381717,0.3380394016160568,0.549451068142657,0.549451068142657,100.0,47,0.5947925142392189,0.411305127381717,0.3378136504972518,1,0.0,0.9916666666666667,0.0
sgd,Midnight12k,ea972c63b498,fl,FedBN,sgd,0.1,0.01,20,stratified,project_tss,raw,mlp,False,,2,0.9915888731730316,0.9886086248982913,0.9891813851423679,0.9851528656445689,0.9849943922617633,0.9849943922617633,315.0,265,0.9886086248982913,0.9891813851423679,0.9851528656445689,0,0.0,0.9833333333333333,1.0
sgd,Midnight12k,ed43912fd680,fl,FedProx,sgd,0.01,0.01,20,stratified,project_tss,raw,mlp,False,,4,0.8799999952316284,0.8584214808787632,0.8500375724177318,0.8436573077696469,0.8721905885498645,0.8721905885498645,357.0,307,0.8584214808787632,0.8500375724177318,0.8436573077696469,0,0.0,0.975,0.8780487804878049
sgd,Midnight12k,ee12f42afa8d,fl,FedAvg,sgd,0.01,0.01,20,stratified,project_tss,raw,mlp,False,,2,0.8577777743339539,0.8348250610252238,0.8360400274091805,0.820876808258603,0.8520294805563154,0.8520294805563154,158.0,108,0.8348250610252238,0.8360400274091805,0.820876808258603,0,0.0,0.9833333333333333,0.8780487804878049
sgd,Midnight12k,f10ad82ce39b,fl,FedProx,sgd,0.03,0.01,20,stratified,project_tss,raw,mlp,False,,3,0.9000000357627869,0.8836452400325467,0.8873283938739321,0.8803171610281141,0.8963417279137615,0.8963417279137615,326.0,276,0.8836452400325467,0.8873283938739321,0.8803171610281141,0,0.0,0.9833333333333333,0.975609756097561
sgd,Midnight12k,f1350014be06,fl,FedAvg,sgd,0.03,0.01,20,stratified,project_tss,raw,mlp,False,,1,0.902222216129303,0.8795768917819365,0.8791799516876163,0.8770815061784363,0.8850572863056829,0.8850572863056829,340.0,290,0.8795768917819365,0.8791799516876163,0.8770815061784363,0,0.0,0.9833333333333333,0.975609756097561
sgd,Midnight12k,f512c096be38,fl,FedAvg,sgd,0.03,0.01,20,stratified,project_tss,raw,mlp,False,,3,0.9000000357627869,0.8828315703824248,0.8856895064687714,0.8764302775537769,0.895417778084636,0.895417778084636,315.0,265,0.8828315703824248,0.8856895064687714,0.8764302775537769,0,0.0,0.9833333333333333,0.975609756097561
sgd,Midnight12k,f77efb698e60,fl,FedAvg,sgd,0.003,0.01,20,stratified,project_tss,raw,mlp,False,,3,0.5555555820465088,0.5459723352318958,0.30876826566113763,0.22819223664345786,0.40597088987501406,0.40597088987501406,123.0,73,0.5459723352318958,0.30876826566113763,0.22805575333227435,4,0.0,0.0,0.0
sgd,Midnight12k,f7a1abf29d46,fl,FedAvg,sgd,0.003,0.01,20,stratified,project_tss,raw,mlp,False,,0,0.846666693687439,0.8275020341741253,0.8089453300213134,0.8080774843427577,0.8282091295040411,0.8282091295040411,430.0,380,0.8275020341741253,0.8089453300213134,0.8080774843427577,0,0.0,0.9666666666666667,0.7560975609756098
sgd,Midnight12k,f83bf4358f39,fl,FedProx,sgd,0.01,0.01,20,stratified,project_tss,raw,mlp,False,,2,0.8555555939674377,0.8348250610252238,0.8374140732107073,0.82193808127631,0.8526135927058484,0.8526135927058484,158.0,108,0.8348250610252238,0.8374140732107073,0.82193808127631,0,0.0,0.9833333333333333,0.8780487804878049
sgd,Phikon_v2,01f35f09b19c,fl,FedAvg,sgd,0.003,0.01,20,stratified,project_tss,raw,mlp,False,,2,0.5533333420753479,0.5052888527257934,0.2865759553983578,0.24368306281624946,0.3533560299391475,0.3533560299391475,107.0,57,0.5061025223759154,0.287658556995675,0.24479047204291401,5,-0.08136696501219731,0.0,0.0
sgd,Phikon_v2,061a4d47a20c,fl,SCAFFOLD,sgd,0.01,0.01,20,stratified,project_tss,raw,mlp,False,,3,0.9511111378669739,0.9349064279902359,0.9338081318966471,0.9331836022129399,0.9426294326995263,0.9426294326995263,555.0,505,0.9349064279902359,0.9338081318966471,0.9331836022129399,0,0.0,1.0,0.975609756097561
sgd,Phikon_v2,10a78f22f87c,fl,FedBN,sgd,0.1,0.01,20,stratified,project_tss,raw,mlp,False,,3,0.9636280386280387,0.9422294548413345,0.9351410594033219,0.9323193318611831,0.8932515861040853,0.8932515861040853,278.0,228,0.9422294548413345,0.9351410594033219,0.9323193318611831,0,0.0,0.9833333333333333,1.0
sgd,Phikon_v2,145713ae933a,fl,FedAvg,sgd,0.03,0.01,20,stratified,project_tss,raw,mlp,False,,3,0.9733333587646484,0.9487388120423108,0.9490297001388094,0.9470593100605065,0.94188527665942,0.94188527665942,335.0,285,0.9487388120423108,0.9490297001388094,0.9470593100605065,0,0.0,1.0,0.975609756097561
sgd,Phikon_v2,147a9a78c8f7,fl,FedAvg,sgd,0.03,0.01,20,stratified,project_tss,raw,mlp,False,,4,0.9800000190734863,0.9601301871440195,0.9612878727767272,0.9594518502642487,0.9607284344823286,0.9607284344823286,430.0,380,0.9601301871440195,0.9612878727767272,0.9594518502642487,0,0.0,1.0,1.0
sgd,Phikon_v2,200c99411339,fl,FedProx,sgd,0.1,0.01,20,stratified,project_tss,raw,mlp,False,,3,0.9600000381469727,0.9381611065907242,0.9457444487363422,0.939988726915189,0.9359561777786077,0.9359561777786077,213.0,163,0.9381611065907242,0.9457444487363422,0.939988726915189,0,0.0,1.0,0.975609756097561
sgd,Phikon_v2,2140d6c98ef8,fl,FedProx,sgd,0.03,0.01,20,stratified,project_tss,raw,mlp,False,,1,0.9733333587646484,0.9487388120423108,0.9522479813210337,0.9473818389052412,0.9425355162894105,0.9425355162894105,296.0,246,0.9487388120423108,0.9522479813210337,0.9473818389052412,0,0.0,1.0,0.975609756097561
sgd,Phikon_v2,2237ba49640e,fl,FedProx,sgd,0.003,0.01,20,stratified,project_tss,raw,mlp,False,,3,0.6511111259460449,0.6175752644426363,0.3668335189928815,0.29947753087508294,0.45801347915156665,0.45801347915156665,214.0,164,0.6175752644426363,0.3668335189928815,0.2994196342097388,4,0.0,0.0,0.0
sgd,Phikon_v2,2555bcff29e0,fl,SCAFFOLD,sgd,0.01,0.01,20,stratified,project_tss,raw,mlp,False,,1,0.944444477558136,0.9283970707892596,0.9267021991257889,0.9262894347630161,0.9361982989319437,0.9361982989319437,458.0,408,0.9283970707892596,0.9267021991257889,0.9262894347630161,0,0.0,1.0,0.975609756097561
sgd,Phikon_v2,26f79a5d6c09,fl,SCAFFOLD,sgd,0.01,0.01,20,stratified,project_tss,raw,mlp,False,,0,0.9600000381469727,0.9373474369406021,0.9393185678168368,0.9369380391093934,0.9443658582677275,0.9443658582677275,554.0,504,0.9373474369406021,0.9393185678168368,0.9369380391093934,0,0.0,1.0,0.975609756097561
sgd,Phikon_v2,27b73b635292,fl,SCAFFOLD,sgd,0.01,0.01,20,stratified,project_tss,raw,mlp,False,,4,0.9577777981758118,0.9365337672904801,0.9371532020572053,0.9356193612886806,0.9435242385398149,0.9435242385398149,568.0,518,0.9365337672904801,0.9371532020572053,0.9356193612886806,0,0.0,1.0,0.975609756097561
sgd,Phikon_v2,296f12378334,fl,FedBN,sgd,0.01,0.01,20,stratified,project_tss,raw,mlp,False,,0,0.21740712532791742,0.31163547599674535,0.1338346889447803,0.08201477023887761,0.207721114285347,0.207721114285347,100.0,9,0.3124491456468674,0.13439024450033585,0.08251550062618546,3,-0.08136696501220286,0.0,0.0
sgd,Phikon_v2,29afeef642e6,fl,FedProx,sgd,0.003,0.01,20,stratified,project_tss,raw,mlp,False,,1,0.6377778053283691,0.6053702196908055,0.35490016444868666,0.2942674952960797,0.4440063543967784,0.4440063543967784,220.0,170,0.6053702196908055,0.35490016444868666,0.2942674952960797,0,0.0,0.0,0.0
sgd,Phikon_v2,2ce10c033da5,fl,FedAvg,sgd,0.01,0.01,20,stratified,project_tss,raw,mlp,False,,2,0.9200000166893005,0.9039869812855981,0.8969255693292997,0.8947473129487462,0.9026091453983232,0.9026091453983232,207.0,157,0.903173311635476,0.8957681619218923,0.8933013343484121,1,0.08136696501220841,0.9083333333333333,0.9024390243902439
sgd,Phikon_v2,2e3418f08fde,fl,FedBN,sgd,0.003,0.01,20,stratified,project_tss,raw,mlp,False,,3,0.21477353698524346,0.2807160292921074,0.14307246167014118,0.11468052135130513,0.19161666036210717,0.19161666036210717,126.0,76,0.2807160292921074,0.14307246167014118,0.11466498897212994,2,0.0,0.0,0.0
sgd,Phikon_v2,2e6702624c52,fl,FedProx,sgd,0.01,0.01,20,stratified,project_tss,raw,mlp,False,,4,0.9200000166893005,0.8812042310821806,0.8692803256464414,0.873354330763938,0.8796772865507406,0.8796772865507406,174.0,124,0.8812042310821806,0.8692803256464414,0.873354330763938,0,0.0,0.7083333333333334,0.9024390243902439
sgd,Phikon_v2,32444924e10c,fl,SCAFFOLD,sgd,0.003,0.01,20,stratified,project_tss,raw,mlp,False,,1,0.3377777934074402,0.2847843775427177,0.14401839513254594,0.08537721012366042,0.1987546253946274,0.1987546253946274,100.0,12,0.2855980471928397,0.14486657155324145,0.08586269045171553,4,-0.08136696501220286,0.0,0.0
sgd,Phikon_v2,34325a9d70b6,fl,SCAFFOLD,sgd,0.03,0.01,20,stratified,project_tss,raw,mlp,False,,0,0.8955555558204651,0.8763222131814483,0.8748204023851129,0.8801410436109989,0.9100097610878067,0.9100097610878067,162.0,112,0.8763222131814483,0.8748204023851129,0.8801410436109989,0,0.0,0.7583333333333333,0.975609756097561
sgd,Phikon_v2,34befc9b247f,fl,FedProx,sgd,0.003,0.01,20,stratified,project_tss,raw,mlp,False,,2,0.5577777624130249,0.5077298616761595,0.287773771711781,0.24478567151329939,0.35494913636768666,0.35494913636768666,107.0,57,0.5069161920260374,0.28821411255123053,0.2453123690554358,6,0.08136696501220841,0.0,0.0
sgd,Phikon_v2,354845263822,fl,SCAFFOLD,sgd,0.003,0.01,20,stratified,project_tss,raw,mlp,False,,3,0.35555556416511536,0.322213181448332,0.15460265440297644,0.11320340932575244,0.23507172457261058,0.23507172457261058,100.0,8,0.322213181448332,0.15460265440297644,0.11304068184064489,4,0.0,0.008333333333333333,0.12195121951219512
sgd,Phikon_v2,3ab096986391,fl,FedBN,sgd,0.003,0.01,20,stratified,project_tss,raw,mlp,False,,1,0.20184710326236244,0.20260374288039057,0.11743755808287437,0.10633625907575278,0.1357777345783547,0.1357777345783547,158.0,108,0.2017900732302685,0.11711642770394051,0.1060940670307053,3,0.08136696501220564,0.0,0.0
sgd,Phikon_v2,4058dc0c27fc,fl,FedBN,sgd,0.1,0.01,20,stratified,project_tss,raw,mlp,False,,1,1.0,0.983726606997559,0.9830054632700774,0.9831934282568313,0.966984486610655,0.966984486610655,360.0,310,0.983726606997559,0.9830054632700774,0.9831934282568313,0,0.0,0.9583333333333334,0.9512195121951219
sgd,Phikon_v2,42d6ef5a212a,fl,FedAvg,sgd,0.003,0.01,20,stratified,project_tss,raw,mlp,False,,4,0.5800000429153442,0.5459723352318958,0.2973109556164013,0.23119821050094855,0.3899953196682169,0.3899953196682169,145.0,95,0.54759967453214,0.2984220667275124,0.23176616152882032,5,-0.16273393002441683,0.0,0.0
sgd,Phikon_v2,42fe26c1f1ef,fl,SCAFFOLD,sgd,0.1,0.01,20,stratified,project_tss,raw,mlp,False,,4,0.6755555868148804,0.6346623270951993,0.5367484691248762,0.539687465453896,0.6371762808109536,0.6371762808109536,100.0,32,0.6346623270951993,0.5367484691248762,0.539687465453896,0,0.0,0.31666666666666665,0.0
sgd,Phikon_v2,49aba1d81e76,fl,FedAvg,sgd,0.03,0.01,20,stratified,project_tss,raw,mlp,False,,2,0.9666666984558105,0.9471114727420668,0.9486496851054179,0.9465165353275099,0.9420618869995816,0.9420618869995816,283.0,233,0.9471114727420668,0.9486496851054179,0.9465165353275099,0,0.0,1.0,0.975609756097561
sgd,Phikon_v2,4b30f6db269f,fl,SCAFFOLD,sgd,0.03,0.01,20,stratified,project_tss,raw,mlp,False,,1,0.9066666960716248,0.9015459723352319,0.8931363076037057,0.890424998395039,0.9215980151727816,0.9215980151727816,177.0,127,0.9007323026851098,0.8925515122820682,0.8897731984666256,1,0.08136696501220841,0.9166666666666666,0.8048780487804879
sgd,Phikon_v2,4be7825ef2ca,fl,FedProx,sgd,0.01,0.01,20,stratified,project_tss,raw,mlp,False,,0,0.944444477558136,0.9251423921887714,0.9243734703521618,0.9192453654565674,0.924315097517048,0.924315097517048,354.0,304,0.9251423921887714,0.9243734703521618,0.9192453654565674,0,0.0,1.0,0.975609756097561
sgd,Phikon_v2,58a258eeae7d,fl,FedAvg,sgd,0.01,0.01,20,stratified,project_tss,raw,mlp,False,,3,0.9244444370269775,0.9064279902359642,0.9022188753145772,0.8969518054734356,0.9025075321736571,0.9025075321736571,204.0,154,0.9072416598860863,0.9028036706362147,0.8974282632982198,1,-0.08136696501220841,0.9666666666666667,0.926829268292683
sgd,Phikon_v2,5ab75d7ebd1e,fl,FedBN,sgd,0.01,0.01,20,stratified,project_tss,raw,mlp,False,,3,0.25306241338419555,0.26851098454027666,0.14844473263123337,0.11295061968035913,0.22256715728801196,0.22256715728801196,100.0,21,0.26851098454027666,0.14844473263123337,0.1129222118006292,1,0.0,0.35,0.0975609756097561
sgd,Phikon_v2,5ff527a67599,fl,SCAFFOLD,sgd,0.1,0.01,20,stratified,project_tss,raw,mlp,False,,3,0.6666666865348816,0.6810414971521562,0.44317481416392934,0.3731192358249108,0.5772863447572237,0.5772863447572237,100.0,24,0.6810414971521562,0.44317481416392934,0.3730193044829616,1,0.0,1.0,0.0
sgd,Phikon_v2,689fd78567c5,fl,FedProx,sgd,0.01,0.01,20,stratified,project_tss,raw,mlp,False,,1,0.9577777981758118,0.9324654190398698,0.9346743942108383,0.929281777804519,0.9302102175544543,0.9302102175544543,422.0,372,0.9324654190398698,0.9346743942108383,0.929281777804519,0,0.0,0.975,0.975609756097561
sgd,Phikon_v2,6bf6c6f0f89e,fl,FedProx,sgd,0.01,0.01,20,stratified,project_tss,raw,mlp,False,,3,0.9244444370269775,0.9064279902359642,0.9019554942155192,0.8965391975004321,0.9002864637532116,0.9002864637532116,204.0,154,0.9064279902359642,0.9019554942155192,0.8965391975004321,0,0.0,0.9666666666666667,0.926829268292683
sgd,Phikon_v2,6ec29142553c,fl,FedBN,sgd,0.003,0.01,20,stratified,project_tss,raw,mlp,False,,2,0.16007237827855184,0.2115541090317331,0.12188836661658116,0.09967790018812488,0.13718135789506727,0.13718135789506727,162.0,112,0.2115541090317331,0.12188836661658116,0.09970308531937984,1,0.0,0.0,0.0
sgd,Phikon_v2,6f95a41e7887,fl,FedProx,sgd,0.03,0.01,20,stratified,project_tss,raw,mlp,False,,0,0.9777777791023254,0.9536208299430431,0.9505219876768949,0.9508937948028257,0.9577931140625846,0.9577931140625846,407.0,357,0.9536208299430431,0.9505219876768949,0.9508937948028257,0,0.0,1.0,0.975609756097561
sgd,Phikon_v2,726fc70cabaa,fl,FedBN,sgd,0.03,0.01,20,stratified,project_tss,raw,mlp,False,,1,0.26072822828501335,0.28152969894222946,0.1992852176312621,0.15314466023518122,0.22578880689744218,0.22578880689744218,115.0,65,0.2823433685923515,0.20130541965146412,0.15704469786832653,3,-0.08136696501220286,0.0,0.04878048780487805
sgd,Phikon_v2,7451bd0a8ef4,fl,FedBN,sgd,0.01,0.01,20,stratified,project_tss,raw,mlp,False,,1,0.22452247955888024,0.28803905614320585,0.1658421196430054,0.12276953547850065,0.19596886092403784,0.19596886092403784,113.0,63,0.2872253864930838,0.16552098926407155,0.12250079210863525,3,0.08136696501220286,0.0,0.0
sgd,Phikon_v2,779423dc387d,fl,FedBN,sgd,0.1,0.01,20,stratified,project_tss,raw,mlp,False,,0,0.9826732673267327,0.9739625711960944,0.9736453796247118,0.9701675492270737,0.9711672156308483,0.9711672156308483,308.0,258,0.9739625711960944,0.9736453796247118,0.9701675492270737,0,0.0,0.9833333333333333,0.926829268292683
sgd,Phikon_v2,7b2aa075bbcb,fl,FedProx,sgd,0.003,0.01,20,stratified,project_tss,raw,mlp,False,,4,0.5800000429153442,0.5459723352318958,0.2973109556164013,0.23104026877386852,0.3899953196682169,0.3899953196682169,145.0,95,0.54759967453214,0.2984220667275124,0.23176616152882032,4,-0.16273393002441683,0.0,0.0
sgd,Phikon_v2,8083d2b4c8c4,fl,FedAvg,sgd,0.1,0.01,20,stratified,project_tss,raw,mlp,False,,4,0.8711111545562744,0.8543531326281529,0.8262895278607184,0.8394750698122423,0.8519698975306451,0.8519698975306451,100.0,31,0.8543531326281529,0.8262895278607184,0.8394750698122423,0,0.0,0.6833333333333333,0.926829268292683
sgd,Phikon_v2,87cbfa1d08c2,fl,FedBN,sgd,0.1,0.01,20,stratified,project_tss,raw,mlp,False,,4,1.0,0.9918633034987795,0.9919683661984787,0.9900387139697343,0.9859529878221467,0.9859529878221467,390.0,340,0.9918633034987795,0.9919683661984787,0.9900387139697343,0,0.0,1.0,1.0
sgd,Phikon_v2,89fa187dae3d,fl,FedAvg,sgd,0.01,0.01,20,stratified,project_tss,raw,mlp,False,,0,0.944444477558136,0.9251423921887714,0.9243734703521618,0.918696297634834,0.924315097517048,0.924315097517048,354.0,304,0.9251423921887714,0.9243734703521618,0.918696297634834,0,0.0,1.0,0.975609756097561
sgd,Phikon_v2,8b561d0c4403,fl,FedAvg,sgd,0.1,0.01,20,stratified,project_tss,raw,mlp,False,,0,0.9777777791023254,0.9536208299430431,0.9544735556937027,0.9526044517844868,0.9489740313338444,0.9489740313338444,308.0,258,0.9536208299430431,0.9544735556937027,0.9526044517844868,0,0.0,1.0,0.975609756097561
sgd,Phikon_v2,904898ca8703,fl,FedProx,sgd,0.01,0.01,20,stratified,project_tss,raw,mlp,False,,2,0.9200000166893005,0.903173311635476,0.8957681619218923,0.8933013343484121,0.8994938806008155,0.8994938806008155,207.0,157,0.903173311635476,0.8957681619218923,0.8933013343484121,0,0.0,0.9083333333333333,0.9024390243902439
sgd,Phikon_v2,9106ec090096,fl,FedBN,sgd,0.003,0.01,20,stratified,project_tss,raw,mlp,False,,0,0.20305661335364308,0.3018714401952807,0.13252512725871807,0.09128804800393375,0.19056295643011248,0.19056295643011248,100.0,37,0.3018714401952807,0.13252512725871807,0.09132560317372623,1,0.0,0.0,0.0
sgd,Phikon_v2,91095dad8d70,fl,FedAvg,sgd,0.003,0.01,20,stratified,project_tss,raw,mlp,False,,1,0.6377778053283691,0.6053702196908055,0.35490016444868666,0.2943793778552102,0.4440063543967784,0.4440063543967784,220.0,170,0.6053702196908055,0.35490016444868666,0.2943793778552102,0,0.0,0.0,0.0
sgd,Phikon_v2,9651be97ef85,fl,FedBN,sgd,0.03,0.01,20,stratified,project_tss,raw,mlp,False,,3,0.3621415785728541,0.36859235150528885,0.2417525304250479,0.23775799097451072,0.2645984516297345,0.2645984516297345,151.0,101,0.36859235150528885,0.2417525304250479,0.2374800561616146,2,0.0,0.15833333333333333,0.0
sgd,Phikon_v2,9cf9f07170c2,fl,FedAvg,sgd,0.1,0.01,20,stratified,project_tss,raw,mlp,False,,3,0.9888889193534851,0.9544344995931652,0.9486907870630014,0.9504638934179872,0.961695174273056,0.961695174273056,472.0,422,0.9544344995931652,0.9486907870630014,0.9504638934179872,0,0.0,1.0,0.975609756097561
sgd,Phikon_v2,9f675ae11bbd,fl,FedBN,sgd,0.01,0.01,20,stratified,project_tss,raw,mlp,False,,4,0.29186470473162374,0.37021969080553296,0.23713170426863858,0.21421940156009708,0.24165672681476674,0.24165672681476674,266.0,216,0.371033360455655,0.2376872598241941,0.2146673897952706,3,-0.08136696501220286,0.0,0.0
sgd,Phikon_v2,a22db86a9db2,fl,FedAvg,sgd,0.003,0.01,20,stratified,project_tss,raw,mlp,False,,3,0.6511111259460449,0.6175752644426363,0.3668335189928815,0.29947753087508294,0.45801347915156665,0.45801347915156665,214.0,164,0.6175752644426363,0.3668335189928815,0.29947753087508294,0,0.0,0.0,0.0
sgd,Phikon_v2,a38007210553,fl,FedAvg,sgd,0.03,0.01,20,stratified,project_tss,raw,mlp,False,,0,0.9755555987358093,0.9536208299430431,0.9510490337186567,0.9506011240235672,0.9575630092764049,0.9575630092764049,372.0,322,0.9536208299430431,0.9510490337186567,0.9506011240235672,0,0.0,1.0,0.975609756097561
sgd,Phikon_v2,a3efe3bcc69c,fl,FedProx,sgd,0.003,0.01,20,stratified,project_tss,raw,mlp,False,,0,0.9422222375869751,0.9210740439381611,0.9156857210996482,0.917604362082548,0.9112946956214205,0.9112946956214205,683.0,633,0.9210740439381611,0.9156857210996482,0.917604362082548,0,0.0,0.9333333333333333,0.9512195121951219
sgd,Phikon_v2,a551b81819e3,fl,SCAFFOLD,sgd,0.003,0.01,20,stratified,project_tss,raw,mlp,False,,4,0.3199999928474426,0.2807160292921074,0.11269107257546564,0.05501630738445145,0.18886720755879638,0.18886720755879638,100.0,3,0.2807160292921074,0.11269107257546564,0.05501630738445145,0,0.0,0.0,0.0
sgd,Phikon_v2,a57c07c3198e,fl,FedAvg,sgd,0.01,0.01,20,stratified,project_tss,raw,mlp,False,,4,0.9177777767181396,0.8812042310821806,0.8692803256464414,0.8726119645565142,0.8796772865507406,0.8796772865507406,174.0,124,0.8812042310821806,0.8692803256464414,0.8724599906423107,1,0.0,0.7083333333333334,0.9024390243902439
sgd,Phikon_v2,a79f78e33e5e,fl,FedAvg,sgd,0.1,0.01,20,stratified,project_tss,raw,mlp,False,,1,0.9822222590446472,0.9609438567941416,0.9602741985178471,0.958725405195051,0.9603338754818505,0.9603338754818505,340.0,290,0.9609438567941416,0.9602741985178471,0.958725405195051,0,0.0,1.0,0.975609756097561
sgd,Phikon_v2,a7c672bf5770,fl,SCAFFOLD,sgd,0.01,0.01,20,stratified,project_tss,raw,mlp,False,,2,0.944444477558136,0.935720097640358,0.9343929272182846,0.9340847049600592,0.9432126371378708,0.9432126371378708,470.0,420,0.935720097640358,0.9343929272182846,0.9340847049600592,0,0.0,1.0,0.975609756097561
sgd,Phikon_v2,add9a26d5955,fl,FedProx,sgd,0.1,0.01,20,stratified,project_tss,raw,mlp,False,,1,0.9822222590446472,0.9593165174938975,0.9596313700726884,0.9573904560389273,0.9580303926487728,0.9580303926487728,340.0,290,0.9593165174938975,0.9596313700726884,0.9573904560389273,0,0.0,1.0,0.975609756097561
sgd,Phikon_v2,b161b25f0550,fl,FedAvg,sgd,0.003,0.01,20,stratified,project_tss,raw,mlp,False,,0,0.948888897895813,0.9267697314890154,0.9252631110611552,0.9208097748794393,0.9199115542505764,0.9199115542505764,775.0,725,0.9267697314890154,0.9252631110611552,0.9208097748794393,0,0.0,0.975,0.975609756097561
sgd,Phikon_v2,b17c204327dd,fl,FedProx,sgd,0.03,0.01,20,stratified,project_tss,raw,mlp,False,,2,0.9666666984558105,0.9462978030919447,0.9480648897837803,0.9458333473609591,0.9407267735149355,0.9407267735149355,283.0,233,0.9462978030919447,0.9480648897837803,0.9458333473609591,0,0.0,1.0,0.975609756097561
sgd,Phikon_v2,b27e78f0dfd5,fl,FedBN,sgd,0.03,0.01,20,stratified,project_tss,raw,mlp,False,,4,0.9650715071507151,0.9601301871440195,0.9576829103399036,0.9527020942450891,0.928291732952333,0.928291732952333,655.0,605,0.9601301871440195,0.9576829103399036,0.9527020942450891,0,0.0,0.9666666666666667,0.9512195121951219
sgd,Phikon_v2,b4697a33ab88,fl,FedAvg,sgd,0.01,0.01,20,stratified,project_tss,raw,mlp,False,,1,0.9577777981758118,0.9332790886899919,0.9356003201367642,0.9303059680722348,0.9333254823519621,0.9333254823519621,422.0,372,0.9324654190398698,0.9346743942108383,0.929281777804519,1,0.08136696501220841,0.9833333333333333,0.975609756097561
sgd,Phikon_v2,b477540f480b,fl,FedProx,sgd,0.03,0.01,20,stratified,project_tss,raw,mlp,False,,3,0.9733333587646484,0.9487388120423108,0.9490297001388094,0.9470593100605065,0.94188527665942,0.94188527665942,335.0,285,0.9487388120423108,0.9490297001388094,0.9470593100605065,0,0.0,1.0,0.975609756097561
sgd,Phikon_v2,b6bf58d123e1,fl,SCAFFOLD,sgd,0.03,0.01,20,stratified,project_tss,raw,mlp,False,,3,0.8799999952316284,0.8844589096826688,0.8671797853124338,0.875562904665148,0.895407714230472,0.895407714230472,141.0,91,0.8844589096826688,0.8671797853124338,0.875562904665148,0,0.0,0.9833333333333333,0.8292682926829268
sgd,Phikon_v2,b8a5e62e1f8c,fl,SCAFFOLD,sgd,0.1,0.01,20,stratified,project_tss,raw,mlp,False,,0,0.7311111092567444,0.7445077298616761,0.5437690318825928,0.5166404098479709,0.6836171834546477,0.6836171834546477,100.0,24,0.7445077298616761,0.5443416439683628,0.5170520449839854,2,0.0,0.9833333333333333,0.0
sgd,Phikon_v2,bbf4c69ce5fc,fl,FedBN,sgd,0.01,0.01,20,stratified,project_tss,raw,mlp,False,,2,0.24480902114128675,0.3148901545972335,0.20000632802235285,0.17824610423513979,0.22443955626986978,0.22443955626986978,201.0,151,0.3140764849471115,0.19942153270071544,0.17794791290523454,3,0.08136696501220286,0.09166666666666666,0.0
sgd,Phikon_v2,be3156d883bd,fl,FedAvg,sgd,0.03,0.01,20,stratified,project_tss,raw,mlp,False,,1,0.9733333587646484,0.9487388120423108,0.9522479813210337,0.9473818389052412,0.9425355162894105,0.9425355162894105,296.0,246,0.9487388120423108,0.9522479813210337,0.9473818389052412,0,0.0,1.0,0.975609756097561
sgd,Phikon_v2,c0362351f20f,fl,SCAFFOLD,sgd,0.003,0.01,20,stratified,project_tss,raw,mlp,False,,2,0.3266666829586029,0.28803905614320585,0.12355573042044384,0.07133165156900967,0.2043753844241451,0.2043753844241451,100.0,16,0.28803905614320585,0.12355573042044384,0.07134082723701535,1,0.0,0.041666666666666664,0.0
sgd,Phikon_v2,c1100b14e133,fl,FedProx,sgd,0.1,0.01,20,stratified,project_tss,raw,mlp,False,,2,0.9755555987358093,0.9568755085435313,0.9590780343087053,0.9542163421184594,0.9504141021664386,0.9504141021664386,280.0,230,0.9568755085435313,0.9590780343087053,0.9542163421184594,0,0.0,0.9916666666666667,1.0
sgd,Phikon_v2,c81ddac81e00,fl,SCAFFOLD,sgd,0.1,0.01,20,stratified,project_tss,raw,mlp,False,,2,0.6933333277702332,0.6973148901545972,0.5759166888776274,0.5474545402748987,0.666665589698054,0.666665589698054,100.0,21,0.6973148901545972,0.5759166888776274,0.5472668330460496,1,0.0,0.8416666666666667,0.0
sgd,Phikon_v2,ca709f961305,fl,FedProx,sgd,0.03,0.01,20,stratified,project_tss,raw,mlp,False,,4,0.9800000190734863,0.9601301871440195,0.9612878727767272,0.9594518502642487,0.9607284344823286,0.9607284344823286,430.0,380,0.9601301871440195,0.9612878727767272,0.9594518502642487,0,0.0,1.0,1.0
sgd,Phikon_v2,ca8473d89656,fl,SCAFFOLD,sgd,0.03,0.01,20,stratified,project_tss,raw,mlp,False,,2,0.8799999952316284,0.869812855980472,0.8468395625093251,0.8583172474506728,0.8937928720639001,0.8937928720639001,133.0,83,0.869812855980472,0.8468395625093251,0.8583172474506728,0,0.0,0.8166666666666667,0.8292682926829268
sgd,Phikon_v2,cb076a2a8b11,fl,FedProx,sgd,0.1,0.01,20,stratified,project_tss,raw,mlp,False,,0,0.9711111187934875,0.9462978030919447,0.9485927873564788,0.9453594799244809,0.943980653014921,0.943980653014921,243.0,193,0.9462978030919447,0.9485927873564788,0.9453594799244809,0,0.0,1.0,0.975609756097561
sgd,Phikon_v2,d86e42ede2d2,fl,FedAvg,sgd,0.1,0.01,20,stratified,project_tss,raw,mlp,False,,2,0.9800000190734863,0.9568755085435313,0.955769651471666,0.9556894008384655,0.9572645567193855,0.9572645567193855,304.0,254,0.9568755085435313,0.955769651471666,0.9556894008384655,0,0.0,1.0,0.975609756097561
sgd,Phikon_v2,db7c56a77bf7,fl,FedBN,sgd,0.1,0.01,20,stratified,project_tss,raw,mlp,False,,2,1.0,0.9918633034987795,0.9921732976790472,0.9909456429663099,0.9864745586708203,0.9864745586708203,394.0,344,0.9918633034987795,0.9921732976790472,0.9909456429663099,0,0.0,1.0,0.975609756097561
sgd,Phikon_v2,dfd1ce1b4089,fl,FedBN,sgd,0.03,0.01,20,stratified,project_tss,raw,mlp,False,,2,0.29972949945285415,0.2969894222945484,0.1772294789287554,0.1468418100016688,0.23180749397487585,0.23180749397487585,139.0,89,0.2969894222945484,0.1772294789287554,0.14686940350439237,1,0.0,0.016666666666666666,0.024390243902439025
sgd,Phikon_v2,e4d534d8b001,fl,FedProx,sgd,0.1,0.01,20,stratified,project_tss,raw,mlp,False,,4,0.8755555748939514,0.8527257933279089,0.7653868821824965,0.7694568533443157,0.8194239721430565,0.8194239721430565,100.0,44,0.8527257933279089,0.7653868821824965,0.7694568533443157,0,0.0,0.95,0.3170731707317073
sgd,Phikon_v2,e5fa4f5e0860,fl,SCAFFOLD,sgd,0.03,0.01,20,stratified,project_tss,raw,mlp,False,,4,0.8911111354827881,0.8576078112286412,0.8398112889922695,0.8479293676610654,0.8741999542786557,0.8741999542786557,155.0,105,0.8576078112286412,0.8398112889922695,0.8479293676610654,0,0.0,0.6,0.7560975609756098
sgd,Phikon_v2,eb6cfe0ad34c,fl,SCAFFOLD,sgd,0.1,0.01,20,stratified,project_tss,raw,mlp,False,,1,0.7044444680213928,0.6973148901545972,0.5151776947038584,0.4914543294123259,0.6555279558598455,0.6555279558598455,100.0,15,0.6973148901545972,0.5151776947038584,0.4914543294123259,0,0.0,0.7166666666666667,0.0
sgd,Phikon_v2,fbc1bc5c829e,fl,FedBN,sgd,0.03,0.01,20,stratified,project_tss,raw,mlp,False,,0,0.30095795342300874,0.33848657445077296,0.21802860019848203,0.20544598629678704,0.2642662995352782,0.2642662995352782,175.0,125,0.33767290480065093,0.2177074698195482,0.20520239371379095,1,0.08136696501220286,0.06666666666666667,0.024390243902439025
sgd,Phikon_v2,fcbbb8f9666f,fl,SCAFFOLD,sgd,0.003,0.01,20,stratified,project_tss,raw,mlp,False,,0,0.3466666638851166,0.29292107404393813,0.1329737847169808,0.08746718294009663,0.19595670839225868,0.19595670839225868,100.0,3,0.2921074043938161,0.13265265433804696,0.0872604029190066,4,0.08136696501220286,0.0,0.0
sgd,Phikon_v2,ff7cf66d9ebc,fl,FedBN,sgd,0.003,0.01,20,stratified,project_tss,raw,mlp,False,,4,0.19224422442244227,0.28641171684296174,0.11861758478904266,0.06426648735321161,0.19185072471356146,0.19185072471356146,100.0,2,0.28641171684296174,0.11861758478904266,0.06429834382590288,2,0.0,0.0,0.0
sgd,ResNet50,0038a95f42c9,fl,FedAvg,sgd,0.03,0.01,20,stratified,project_tss,raw,mlp,False,,4,0.648888885974884,0.6248982912937348,0.42063262812692387,0.344948150812011,0.5207998018191735,0.5207998018191735,171.0,121,0.6240846216436127,0.41947522071951643,0.34428764489576036,3,0.08136696501220841,0.0,0.0
sgd,ResNet50,00bfa1b5f2c0,fl,SCAFFOLD,sgd,0.01,0.01,20,stratified,project_tss,raw,mlp,False,,3,0.4399999976158142,0.4304312449145647,0.2127777777777778,0.14586421087020265,0.31541345480751026,0.31541345480751026,100.0,26,0.43287225386493083,0.21444444444444447,0.14561873015054796,12,-0.24410089503661414,0.0,0.0
sgd,ResNet50,00ef90167c49,fl,FedAvg,sgd,0.1,0.01,20,stratified,project_tss,raw,mlp,False,,3,0.6733333468437195,0.6558177379983726,0.49388452918957415,0.4877199682358,0.5902211246574405,0.5902211246574405,117.0,67,0.6566314076484947,0.49610675141179633,0.4911636380526219,3,-0.08136696501220841,0.6333333333333333,0.21951219512195122
sgd,ResNet50,0121d5c7da67,fl,FedAvg,sgd,0.01,0.01,20,stratified,project_tss,raw,mlp,False,,3,0.47333335876464844,0.4727420667209113,0.26562890849474363,0.20120626058585744,0.3403023643111616,0.3403023643111616,140.0,90,0.46867371847030104,0.26428692154277794,0.20051468337755665,14,0.4068348250610254,0.0,0.0
sgd,ResNet50,01e364909177,fl,FedProx,sgd,0.01,0.01,20,stratified,project_tss,raw,mlp,False,,3,0.47333335876464844,0.4735557363710334,0.2656863739309739,0.2015686758114868,0.34209735021829707,0.34209735021829707,140.0,90,0.4662327095199349,0.26226887063516213,0.1989345316079686,14,0.732302685109848,0.0,0.0
sgd,ResNet50,03a51cf5e7a1,fl,FedAvg,sgd,0.01,0.01,20,stratified,project_tss,raw,mlp,False,,4,0.5666666626930237,0.5524816924328723,0.30817310617584426,0.22817908552815266,0.40377455561725417,0.40377455561725417,315.0,265,0.5516680227827502,0.3078519757969104,0.2280183988427985,3,0.08136696501220841,0.0,0.0
sgd,ResNet50,04b1a85938b9,fl,SCAFFOLD,sgd,0.03,0.01,20,stratified,project_tss,raw,mlp,False,,1,0.7377777695655823,0.7135882831570383,0.5604946665521544,0.5489212736157255,0.6825619222884318,0.6825619222884318,950.0,900,0.7144019528071603,0.5625148685723563,0.5515600803413778,1,-0.08136696501220841,0.8916666666666667,0.24390243902439024
sgd,ResNet50,093e7fc1665e,fl,FedAvg,sgd,0.1,0.01,20,stratified,project_tss,raw,mlp,False,,0,0.6133333444595337,0.5703824247355573,0.38061991624204083,0.3193874081005989,0.4877411868004145,0.4877411868004145,113.0,63,0.5695687550854354,0.380298785863107,0.3190335489971458,1,0.08136696501219731,0.0,0.0
sgd,ResNet50,1587a5532b56,fl,FedBN,sgd,0.01,0.01,20,stratified,project_tss,raw,mlp,False,,2,0.2228575855323089,0.3572009764035802,0.19454233824718292,0.1554979296055776,0.22440979209003997,0.22440979209003997,125.0,75,0.3580146460537022,0.1953905146678784,0.15595004176211827,3,-0.08136696501220286,0.0,0.0
sgd,ResNet50,16659f36a0c2,fl,FedAvg,sgd,0.1,0.01,20,stratified,project_tss,raw,mlp,False,,1,0.7133333683013916,0.6989422294548413,0.6203056039236436,0.5992417439448862,0.6726421980209631,0.6726421980209631,398.0,348,0.6989422294548413,0.6203056039236436,0.5992417439448862,0,0.0,0.5583333333333333,0.4878048780487805
sgd,ResNet50,184b12301dab,fl,FedProx,sgd,0.003,0.01,20,stratified,project_tss,raw,mlp,False,,0,0.3199999928474426,0.28152969894222946,0.1111111111111111,0.04881834215167549,0.18691588785046728,0.18691588785046728,100.0,1,0.28152969894222946,0.1111111111111111,0.04881834215167549,0,0.0,0.0,0.0
sgd,ResNet50,19a60feaa470,fl,FedAvg,sgd,0.01,0.01,20,stratified,project_tss,raw,mlp,False,,2,0.3755555748939514,0.3270951993490643,0.1606007834600695,0.09303857385834857,0.22884833898915874,0.22884833898915874,124.0,74,0.3270951993490643,0.16270896762711617,0.09401211873638343,32,0.0,0.0,0.0
sgd,ResNet50,19ee00608e38,fl,FedAvg,sgd,0.003,0.01,20,stratified,project_tss,raw,mlp,False,,3,0.2777777910232544,0.3018714401952807,0.2116374269005848,0.1284487073280177,0.23997705206913114,0.23997705206913114,138.0,88,0.30431244914564687,0.21327485380116962,0.1282918141152174,11,-0.24410089503661414,0.0,0.0
sgd,ResNet50,1c8ee9020d26,fl,FedAvg,sgd,0.1,0.01,20,stratified,project_tss,raw,mlp,False,,4,0.6533333659172058,0.6354759967453214,0.45008345164452557,0.39797694070942397,0.5434235240415909,0.5434235240415909,120.0,70,0.6354759967453214,0.45057859806871065,0.39762594906902554,4,0.0,0.275,0.0
sgd,ResNet50,2db6a93e2d0c,fl,SCAFFOLD,sgd,0.1,0.01,20,stratified,project_tss,raw,mlp,False,,3,0.6399999856948853,0.6175752644426363,0.4268928523138289,0.3659504953928595,0.5560785336015633,0.5560785336015633,123.0,73,0.6175752644426363,0.4268928523138289,0.3659504953928595,0,0.0,0.8,0.0
sgd,ResNet50,2e1813adc2f2,fl,FedBN,sgd,0.01,0.01,20,stratified,project_tss,raw,mlp,False,,4,0.2874032396775554,0.4320585842148088,0.2482082576309429,0.20926887597119329,0.27253393910309104,0.27253393910309104,305.0,255,0.4312449145646867,0.2476234623093055,0.20887877736385113,3,0.08136696501220841,0.0,0.0
sgd,ResNet50,3023cdc089d9,fl,FedBN,sgd,0.01,0.01,20,stratified,project_tss,raw,mlp,False,,3,0.2907085131590082,0.41253051261187956,0.21935918684472436,0.17406447793576774,0.29572653505240587,0.29572653505240587,114.0,64,0.41334418226200165,0.21991474240027994,0.17447189047960507,5,-0.08136696501220841,0.0,0.0
sgd,ResNet50,3ccea6c74f51,fl,SCAFFOLD,sgd,0.01,0.01,20,stratified,project_tss,raw,mlp,False,,2,0.35777777433395386,0.30105777054515864,0.14042712791775142,0.07847396460427089,0.20915382114386583,0.20915382114386583,100.0,17,0.31000813669650124,0.1529193447959719,0.0853610874229431,52,-0.8950366151342593,0.0,0.0
sgd,ResNet50,40092c878a08,fl,FedAvg,sgd,0.03,0.01,20,stratified,project_tss,raw,mlp,False,,0,0.648888885974884,0.611879576891782,0.4140351640071651,0.35610047835923303,0.5186593666591948,0.5186593666591948,251.0,201,0.613506916192026,0.41573151684855614,0.3581184224422139,2,-0.16273393002440573,0.0,0.0
sgd,ResNet50,4053d3886a6f,fl,FedBN,sgd,0.03,0.01,20,stratified,project_tss,raw,mlp,False,,4,0.42035562816139405,0.4816924328722539,0.2692313397961951,0.22607643618591522,0.388879587990039,0.388879587990039,149.0,99,0.4808787632221318,0.26891020941726124,0.22574301386578158,5,0.08136696501220841,0.0,0.0
sgd,ResNet50,43163dfa25ca,fl,SCAFFOLD,sgd,0.01,0.01,20,stratified,project_tss,raw,mlp,False,,1,0.3199999928474426,0.28315703824247357,0.11280746395250213,0.05320960120084158,0.1882510013351135,0.1882510013351135,100.0,14,0.28315703824247357,0.11280746395250213,0.05330012910714056,4,0.0,0.0,0.0
sgd,ResNet50,47aa9d9eb3cb,fl,FedBN,sgd,0.003,0.01,20,stratified,project_tss,raw,mlp,False,,0,0.1941857545483055,0.3075671277461351,0.13506657294665572,0.09540014825853674,0.19076914601645206,0.19076914601645206,153.0,103,0.3083807973962571,0.13562212850221128,0.09637867125234983,1,-0.08136696501220286,0.0,0.0
sgd,ResNet50,47e6ef98d326,fl,FedAvg,sgd,0.003,0.01,20,stratified,project_tss,raw,mlp,False,,2,0.12444444745779037,0.10659072416598861,0.1111111111111111,0.02140522875816993,0.09345794392523364,0.09345794392523364,100.0,1,0.10659072416598861,0.1111111111111111,0.02140522875816993,0,0.0,0.0,0.0
sgd,ResNet50,4b21a42c4f5b,fl,FedProx,sgd,0.1,0.01,20,stratified,project_tss,raw,mlp,False,,2,0.6311111450195312,0.6175752644426363,0.47104067302426356,0.43367827080032184,0.5310769172983618,0.5310769172983618,133.0,83,0.6192026037428804,0.4724736447665965,0.43590513886358984,2,-0.16273393002440573,0.475,0.7317073170731707
sgd,ResNet50,4bad00a1f0f9,fl,FedProx,sgd,0.01,0.01,20,stratified,project_tss,raw,mlp,False,,4,0.5666666626930237,0.5516680227827502,0.3073246459115032,0.22767155307751144,0.4029582408601294,0.4029582408601294,315.0,265,0.5524816924328723,0.3079094412331407,0.22806379302420834,3,-0.08136696501220841,0.0,0.0
sgd,ResNet50,4c9ffeeb3dcc,fl,FedBN,sgd,0.1,0.01,20,stratified,project_tss,raw,mlp,False,,3,1.0,0.9983726606997559,0.9976851851851851,0.9979468916942604,0.998947314367875,0.998947314367875,293.0,243,0.9983726606997559,0.9976851851851851,0.9979468916942604,0,0.0,1.0,1.0
sgd,ResNet50,4dc6a7647933,fl,FedAvg,sgd,0.03,0.01,20,stratified,project_tss,raw,mlp,False,,2,0.6288889050483704,0.6126932465419039,0.40299624502811304,0.31800571465570404,0.5068789653416016,0.5068789653416016,148.0,98,0.6126932465419039,0.40299624502811304,0.31800571465570404,0,0.0,0.0,0.0
sgd,ResNet50,5bd62a84c4dd,fl,FedProx,sgd,0.1,0.01,20,stratified,project_tss,raw,mlp,False,,0,0.6133333444595337,0.580960130187144,0.4196264410621302,0.3700279137104737,0.5139976118455659,0.5139976118455659,109.0,59,0.580146460537022,0.4189960796964844,0.37015476082186555,4,0.08136696501219731,0.0,0.0975609756097561
sgd,ResNet50,5e03fcf1d432,fl,SCAFFOLD,sgd,0.003,0.01,20,stratified,project_tss,raw,mlp,False,,0,0.3199999928474426,0.28152969894222946,0.1111111111111111,0.04881834215167549,0.18691588785046728,0.18691588785046728,100.0,1,0.28152969894222946,0.1111111111111111,0.04881834215167549,0,0.0,0.0,0.0
sgd,ResNet50,64ff29e3291c,fl,SCAFFOLD,sgd,0.003,0.01,20,stratified,project_tss,raw,mlp,False,,1,0.3222222328186035,0.2847843775427177,0.11450381679389314,0.05779582369605888,0.18864040943480195,0.18864040943480195,100.0,36,0.2855980471928397,0.11535199321458862,0.058803317370295566,10,-0.08136696501220286,0.0,0.0
sgd,ResNet50,68ff4b6624c3,fl,SCAFFOLD,sgd,0.01,0.01,20,stratified,project_tss,raw,mlp,False,,4,0.3199999928474426,0.28152969894222946,0.1111111111111111,0.04931936426484214,0.18691588785046728,0.18691588785046728,100.0,5,0.2807160292921074,0.11078998073217726,0.04936681691350075,6,0.08136696501220286,0.0,0.0
sgd,ResNet50,6c125c2bf934,fl,SCAFFOLD,sgd,0.03,0.01,20,stratified,project_tss,raw,mlp,False,,4,0.7511111497879028,0.724979658258747,0.5642465828171654,0.555088005428344,0.6846565658788258,0.6846565658788258,1000.0,961,0.724979658258747,0.5642465828171654,0.555088005428344,0,0.0,0.8333333333333334,0.0975609756097561
sgd,ResNet50,6d0239e588ea,fl,FedProx,sgd,0.03,0.01,20,stratified,project_tss,raw,mlp,False,,0,0.644444465637207,0.6167615947925142,0.41886055758863455,0.3623804045482906,0.5240245058317293,0.5240245058317293,251.0,201,0.6159479251423922,0.4182757622669971,0.3619062982582557,4,0.08136696501220841,0.0,0.0
sgd,ResNet50,6d1a831424c2,fl,FedBN,sgd,0.03,0.01,20,stratified,project_tss,raw,mlp,False,,0,0.31242472776689434,0.41903986981285596,0.22660539901578508,0.1873578487007871,0.3197540252949833,0.3197540252949833,138.0,88,0.41903986981285596,0.22660539901578508,0.1873578487007871,0,0.0,0.0,0.0
sgd,ResNet50,6fa407306940,fl,FedProx,sgd,0.01,0.01,20,stratified,project_tss,raw,mlp,False,,1,0.54666668176651,0.5223759153783564,0.281789710306595,0.20957838871058376,0.383509290570217,0.383509290570217,223.0,173,0.5231895850284785,0.282638170570936,0.21012611592636743,9,-0.08136696501220841,0.0,0.0
sgd,ResNet50,702555e76037,fl,FedBN,sgd,0.1,0.01,20,stratified,project_tss,raw,mlp,False,,1,1.0,0.9975589910496339,0.9979047672744448,0.9981041675177837,0.9988032954092964,0.9988032954092964,281.0,231,0.9975589910496339,0.9979047672744448,0.9981041675177837,0,0.0,0.9916666666666667,1.0
sgd,ResNet50,7da5b2935509,fl,SCAFFOLD,sgd,0.03,0.01,20,stratified,project_tss,raw,mlp,False,,2,0.7444444894790649,0.7233523189585028,0.5585415806011128,0.5476716595486822,0.6867529031784617,0.6867529031784617,943.0,893,0.7233523189585028,0.5585415806011128,0.5476716595486822,0,0.0,0.9083333333333333,0.0975609756097561
sgd,ResNet50,7dd7d8f7d152,fl,FedProx,sgd,0.003,0.01,20,stratified,project_tss,raw,mlp,False,,3,0.2777777910232544,0.3018714401952807,0.2116374269005848,0.1284487073280177,0.23997705206913114,0.23997705206913114,138.0,88,0.30431244914564687,0.21327485380116962,0.1282918141152174,11,-0.24410089503661414,0.0,0.0
sgd,ResNet50,83ca538507fc,fl,FedBN,sgd,0.1,0.01,20,stratified,project_tss,raw,mlp,False,,4,0.9993811881188119,0.9739625711960944,0.9802794202003265,0.9761006969369233,0.9863262817050322,0.9863262817050322,246.0,196,0.9731489015459723,0.9799582898213927,0.9750053470068557,1,0.08136696501220841,0.9833333333333333,1.0
sgd,ResNet50,84ed4e653e1b,fl,FedProx,sgd,0.1,0.01,20,stratified,project_tss,raw,mlp,False,,3,0.6622222661972046,0.6525630593978845,0.48992783324470346,0.48479071661147394,0.5860681379642833,0.5860681379642833,117.0,67,0.6517493897477624,0.48934303792306605,0.48402336109926886,1,0.08136696501220841,0.5666666666666667,0.1951219512195122
sgd,ResNet50,857d093a291b,fl,SCAFFOLD,sgd,0.1,0.01,20,stratified,project_tss,raw,mlp,False,,4,0.6111111044883728,0.596419853539463,0.41053482292758225,0.3515937335550696,0.5377507963776911,0.5377507963776911,125.0,75,0.595606183889341,0.40960889700165637,0.3509469722393818,1,0.08136696501220841,0.7916666666666666,0.0
sgd,ResNet50,8a79ead3d572,fl,FedProx,sgd,0.01,0.01,20,stratified,project_tss,raw,mlp,False,,2,0.3755555748939514,0.32628152969894225,0.16027965308113568,0.09285138696903401,0.22829858637783385,0.22829858637783385,124.0,74,0.3270951993490643,0.16270896762711617,0.0940130431242051,33,-0.08136696501220286,0.0,0.0
sgd,ResNet50,8e7c3cbf90f7,fl,FedProx,sgd,0.03,0.01,20,stratified,project_tss,raw,mlp,False,,4,0.6533333659172058,0.6224572823433686,0.4146173042666806,0.33767928359968946,0.5146762397921847,0.5146762397921847,171.0,121,0.6224572823433686,0.4146173042666806,0.33770350130707766,2,0.0,0.0,0.0
sgd,ResNet50,90b253b962a5,fl,FedBN,sgd,0.03,0.01,20,stratified,project_tss,raw,mlp,False,,2,0.9521452145214521,0.9430431244914564,0.938708232563952,0.9279248007334832,0.9071487448067986,0.9071487448067986,599.0,549,0.9430431244914564,0.938708232563952,0.9279248007334832,0,0.0,0.9333333333333333,1.0
sgd,ResNet50,9854d8567948,fl,FedAvg,sgd,0.03,0.01,20,stratified,project_tss,raw,mlp,False,,3,0.5377777814865112,0.5223759153783564,0.2883792450429933,0.23080071324115684,0.3702758785835176,0.3702758785835176,100.0,38,0.5215622457282343,0.2888198697260883,0.23093267324915448,13,0.08136696501220841,0.0,0.0
sgd,ResNet50,9af3f4474dc5,fl,FedAvg,sgd,0.03,0.01,20,stratified,project_tss,raw,mlp,False,,1,0.6333333253860474,0.6110659072416599,0.42507942033836726,0.3625807391557028,0.5163925856829581,0.5163925856829581,208.0,158,0.6110659072416599,0.42507942033836726,0.3624115147587213,1,0.0,0.0,0.12195121951219512
sgd,ResNet50,9e9c8955234a,fl,FedAvg,sgd,0.003,0.01,20,stratified,project_tss,raw,mlp,False,,1,0.324444442987442,0.28803905614320585,0.12105879872724509,0.06726705653021442,0.19483273994956238,0.19483273994956238,117.0,67,0.28885272579332794,0.12190697514794059,0.06843008205992424,20,-0.08136696501220841,0.0,0.0
sgd,ResNet50,9f7b34752a87,fl,SCAFFOLD,sgd,0.1,0.01,20,stratified,project_tss,raw,mlp,False,,1,0.5911111235618591,0.5882831570382425,0.3965476653258065,0.3423074410204339,0.5356910273190152,0.5356910273190152,126.0,76,0.5882831570382425,0.3965476653258065,0.3423074410204339,0,0.0,0.9,0.0
sgd,ResNet50,aa09823e47af,fl,FedBN,sgd,0.1,0.01,20,stratified,project_tss,raw,mlp,False,,0,1.0,0.9894222945484134,0.9881450435789527,0.990583619349142,0.9948185001677379,0.9948185001677379,260.0,210,0.9894222945484134,0.9881450435789527,0.990583619349142,0,0.0,0.9833333333333333,1.0
sgd,ResNet50,aa30c827bf9a,fl,SCAFFOLD,sgd,0.003,0.01,20,stratified,project_tss,raw,mlp,False,,2,0.35555556416511536,0.29536208299430433,0.12779379344044217,0.07257300210853876,0.2008027924749839,0.2008027924749839,100.0,43,0.2969894222945484,0.13114903391234856,0.07622030507198568,36,-0.16273393002440573,0.016666666666666666,0.0
sgd,ResNet50,aaae240a0459,fl,SCAFFOLD,sgd,0.03,0.01,20,stratified,project_tss,raw,mlp,False,,3,0.4444444477558136,0.4377542717656631,0.2182466281310212,0.14087934197758675,0.3250406160579288,0.3250406160579288,100.0,13,0.4385679414157852,0.21880218368657672,0.14029819060683257,11,-0.08136696501220841,0.0,0.0
sgd,ResNet50,b348b50c833a,fl,FedProx,sgd,0.01,0.01,20,stratified,project_tss,raw,mlp,False,,0,0.5222222208976746,0.5134255492270138,0.28127353547645606,0.23050524479759668,0.370689292675755,0.370689292675755,177.0,127,0.5117982099267697,0.28115860460399555,0.23074088107976218,12,0.16273393002440573,0.0,0.0
sgd,ResNet50,b4fca05d0d3c,fl,FedAvg,sgd,0.003,0.01,20,stratified,project_tss,raw,mlp,False,,4,0.3222222328186035,0.2823433685923515,0.11310479554699208,0.05348489369672868,0.19039460020768434,0.19039460020768434,100.0,26,0.2823433685923515,0.11310479554699208,0.053710201429499664,13,0.0,0.0,0.0
sgd,ResNet50,bd9d19727e5e,fl,FedBN,sgd,0.01,0.01,20,stratified,project_tss,raw,mlp,False,,0,0.21916391412896946,0.36126932465419037,0.18541436032953043,0.16810489027395564,0.22146141384027734,0.22146141384027734,177.0,127,0.36208299430431246,0.18596991588508596,0.1685672668287672,2,-0.08136696501220841,0.0,0.0
sgd,ResNet50,bf1bba875aac,fl,FedProx,sgd,0.003,0.01,20,stratified,project_tss,raw,mlp,False,,1,0.324444442987442,0.28803905614320585,0.12105879872724509,0.06730052167189622,0.19483273994956238,0.19483273994956238,117.0,67,0.28885272579332794,0.12190697514794059,0.06843008205992424,19,-0.08136696501220841,0.0,0.0
sgd,ResNet50,c08d201e263f,fl,FedProx,sgd,0.03,0.01,20,stratified,project_tss,raw,mlp,False,,2,0.6288889050483704,0.6110659072416599,0.40182665438483817,0.317017550533381,0.5055953608648507,0.5055953608648507,148.0,98,0.611879576891782,0.4024114497064756,0.3174414464526487,1,-0.08136696501220841,0.0,0.0
sgd,ResNet50,c348e3b9de69,fl,FedBN,sgd,0.003,0.01,20,stratified,project_tss,raw,mlp,False,,3,0.21561682073184693,0.3433685923515053,0.17779731654217543,0.1369731381005368,0.22455666955606712,0.22455666955606712,113.0,63,0.33930024410089504,0.17642608982412789,0.1359906883117869,10,0.4068348250610254,0.0,0.0
sgd,ResNet50,c68eebb5d344,fl,FedProx,sgd,0.003,0.01,20,stratified,project_tss,raw,mlp,False,,2,0.12444444745779037,0.10659072416598861,0.1111111111111111,0.02140522875816993,0.09345794392523364,0.09345794392523364,100.0,1,0.10659072416598861,0.1111111111111111,0.02140522875816993,0,0.0,0.0,0.0
sgd,ResNet50,c6bba3ab5f13,fl,SCAFFOLD,sgd,0.01,0.01,20,stratified,project_tss,raw,mlp,False,,0,0.3199999928474426,0.28152969894222946,0.1111111111111111,0.04881834215167549,0.18691588785046728,0.18691588785046728,100.0,1,0.28152969894222946,0.1111111111111111,0.04881834215167549,0,0.0,0.0,0.0
sgd,ResNet50,c710e85881fd,fl,SCAFFOLD,sgd,0.1,0.01,20,stratified,project_tss,raw,mlp,False,,2,0.5600000023841858,0.5541090317331163,0.37189824674080835,0.29662205884337944,0.48072101124641314,0.48072101124641314,123.0,73,0.5541090317331163,0.37189824674080835,0.29662205884337944,0,0.0,0.48333333333333334,0.0
sgd,ResNet50,c87f32d49180,fl,FedBN,sgd,0.03,0.01,20,stratified,project_tss,raw,mlp,False,,1,0.34580056648198754,0.44751830756712774,0.2564187964499276,0.22702303415808878,0.36978678815202004,0.36978678815202004,149.0,99,0.4483319772172498,0.25697435200548324,0.22752439815958253,3,-0.08136696501220841,0.0,0.0
sgd,ResNet50,cf4820b5e409,fl,FedProx,sgd,0.003,0.01,20,stratified,project_tss,raw,mlp,False,,4,0.3222222328186035,0.2823433685923515,0.11310479554699208,0.05348489369672868,0.19039460020768434,0.19039460020768434,100.0,26,0.2823433685923515,0.11310479554699208,0.053710201429499664,13,0.0,0.0,0.0
sgd,ResNet50,d0ce9e67aec0,fl,SCAFFOLD,sgd,0.003,0.01,20,stratified,project_tss,raw,mlp,False,,3,0.4444444477558136,0.45890968266883647,0.25236780132733894,0.18005183867221486,0.3486566451740806,0.3486566451740806,123.0,73,0.4597233523189585,0.25752729608220937,0.1827205798943155,33,-0.08136696501220286,0.35833333333333334,0.0
sgd,ResNet50,d58bbe69dce8,fl,FedProx,sgd,0.03,0.01,20,stratified,project_tss,raw,mlp,False,,3,0.5400000214576721,0.5191212367778681,0.2865673936418507,0.22965487469703172,0.3689257207224563,0.3689257207224563,100.0,38,0.5199349064279902,0.28817760896822064,0.23032250839751597,14,-0.08136696501220841,0.0,0.0
sgd,ResNet50,d6cb060ab64c,fl,FedAvg,sgd,0.1,0.01,20,stratified,project_tss,raw,mlp,False,,2,0.6311111450195312,0.6192026037428804,0.4734651369618853,0.43744724363327353,0.5362282301599551,0.5362282301599551,133.0,83,0.6183889340927583,0.47253921103595936,0.43622395431319194,2,0.08136696501220841,0.49166666666666664,0.7317073170731707
sgd,ResNet50,d74771e8f054,fl,FedBN,sgd,0.003,0.01,20,stratified,project_tss,raw,mlp,False,,4,0.09900990099009901,0.11065907241659886,0.11271676300578035,0.02469944207755656,0.102803738317757,0.102803738317757,100.0,16,0.11065907241659886,0.11271676300578035,0.02469944207755656,0,0.0,0.0,0.0
sgd,ResNet50,da2ae8f8cda5,fl,FedAvg,sgd,0.01,0.01,20,stratified,project_tss,raw,mlp,False,,0,0.5222222208976746,0.5126118795768918,0.28095240509752223,0.23035669988304872,0.3696508710765857,0.3696508710765857,177.0,127,0.515052888527258,0.28343930635838155,0.23195185687568845,14,-0.24410089503661414,0.0,0.0
sgd,ResNet50,dbd489d7c952,fl,FedBN,sgd,0.01,0.01,20,stratified,project_tss,raw,mlp,False,,1,0.26986889736161723,0.3726606997558991,0.19697290428560038,0.15875768631631815,0.2566263259778606,0.2566263259778606,147.0,97,0.3742880390561432,0.1980840153967115,0.1594863849570164,4,-0.16273393002441128,0.0,0.0
sgd,ResNet50,dc1f58b023df,fl,FedProx,sgd,0.03,0.01,20,stratified,project_tss,raw,mlp,False,,1,0.6333333253860474,0.6102522375915378,0.4228571981161451,0.3609291481452408,0.5156137694835812,0.5156137694835812,208.0,158,0.6110659072416599,0.42487740013634706,0.3646844448968066,4,-0.08136696501220841,0.0,0.12195121951219512
sgd,ResNet50,dfb46b376c9b,fl,FedBN,sgd,0.003,0.01,20,stratified,project_tss,raw,mlp,False,,1,0.19774620739384866,0.24003254678600489,0.15349886144683833,0.09599483659179527,0.16499035319618088,0.16499035319618088,100.0,43,0.24084621643612694,0.15408365676847574,0.09647989510969314,7,-0.08136696501220564,0.0,0.0
sgd,ResNet50,e24031d18a42,fl,FedAvg,sgd,0.003,0.01,20,stratified,project_tss,raw,mlp,False,,0,0.3199999928474426,0.28152969894222946,0.1111111111111111,0.04881834215167549,0.18691588785046728,0.18691588785046728,100.0,1,0.28152969894222946,0.1111111111111111,0.04881834215167549,0,0.0,0.0,0.0
sgd,ResNet50,e91af8c21789,fl,FedBN,sgd,0.1,0.01,20,stratified,project_tss,raw,mlp,False,,2,0.9996191926884995,0.9918633034987795,0.9926732857929633,0.9912184819972908,0.9970679248134032,0.9970679248134032,301.0,251,0.9918633034987795,0.9926732857929633,0.9912184819972908,0,0.0,0.975,1.0
sgd,ResNet50,ed7ba5dc3e6e,fl,SCAFFOLD,sgd,0.1,0.01,20,stratified,project_tss,raw,mlp,False,,0,0.6266666650772095,0.613506916192026,0.41776625340322077,0.36489303660111755,0.557685084641909,0.557685084641909,178.0,128,0.613506916192026,0.41776625340322077,0.36489303660111755,0,0.0,0.675,0.0
sgd,ResNet50,ee030ffa3b1f,fl,FedProx,sgd,0.1,0.01,20,stratified,project_tss,raw,mlp,False,,4,0.6533333659172058,0.6338486574450773,0.4482637832538959,0.3958671589981029,0.5409802005634577,0.5409802005634577,120.0,70,0.6346623270951993,0.45261123725475166,0.40121397584348856,6,-0.08136696501219731,0.26666666666666666,0.0
sgd,ResNet50,f005e1e5375c,fl,FedAvg,sgd,0.01,0.01,20,stratified,project_tss,raw,mlp,False,,1,0.5488889217376709,0.5231895850284785,0.282638170570936,0.2101965094824619,0.38333371203895644,0.38333371203895644,223.0,173,0.5231895850284785,0.282638170570936,0.21020096762351204,7,0.0,0.0,0.0
sgd,ResNet50,f00d1f0eb3a8,fl,FedProx,sgd,0.1,0.01,20,stratified,project_tss,raw,mlp,False,,1,0.5866667032241821,0.5500406834825061,0.3572241377367632,0.28135962486147353,0.46536905267511464,0.46536905267511464,110.0,60,0.548413344182262,0.3560545470934884,0.28000627540435724,3,0.16273393002441683,0.0,0.0
sgd,ResNet50,f054cadf0243,fl,SCAFFOLD,sgd,0.003,0.01,20,stratified,project_tss,raw,mlp,False,,4,0.3266666829586029,0.28641171684296174,0.1214006636694498,0.0629061375702118,0.19966747686373854,0.19966747686373854,100.0,17,0.2847843775427177,0.12243095696852922,0.06404118732100383,23,0.16273393002440573,0.0,0.0
sgd,ResNet50,f6bc32719593,fl,SCAFFOLD,sgd,0.03,0.01,20,stratified,project_tss,raw,mlp,False,,0,0.35555556416511536,0.3417412530512612,0.15274926826398388,0.10025077268405622,0.24180749766777038,0.24180749766777038,100.0,3,0.34662327095199347,0.1560826015973172,0.10259177701266708,18,-0.4882017900732283,0.0,0.0
sgd,ResNet50,f918aae1219d,fl,FedBN,sgd,0.003,0.01,20,stratified,project_tss,raw,mlp,False,,2,0.12751100417087605,0.1969080553295362,0.12728988409631795,0.09268543195012585,0.12017011892233834,0.12017011892233834,155.0,105,0.19772172497965826,0.12787467941795538,0.093656591589072,2,-0.08136696501220564,0.0,0.0
sgd,ResNet50,fe06365391c4,fl,FedBN,sgd,0.03,0.01,20,stratified,project_tss,raw,mlp,False,,3,0.37999128516600844,0.42961757526444266,0.26432895010716034,0.21516620287054306,0.36592890941919287,0.36592890941919287,147.0,97,0.4255492270138324,0.2621959683270839,0.21347482675607202,5,0.4068348250610254,0.0,0.0
sgd,UNI_v2,02f60a052ea6,fl,FedBN,sgd,0.03,0.01,20,stratified,project_tss,raw,mlp,False,,2,0.5593371067876017,0.6232709519934907,0.5609481618355129,0.5605690338085458,0.485145763151328,0.485145763151328,335.0,285,0.6232709519934907,0.5609481618355129,0.5605690338085458,0,0.0,0.43333333333333335,0.34146341463414637
sgd,UNI_v2,05eb284f86f0,fl,FedProx,sgd,0.01,0.01,20,stratified,project_tss,raw,mlp,False,,0,0.9066666960716248,0.8901545972335232,0.8741964558648766,0.8626395624763562,0.887724571084548,0.887724571084548,209.0,159,0.8901545972335232,0.8741964558648766,0.8626395624763562,0,0.0,0.9833333333333333,0.8780487804878049
sgd,UNI_v2,09996adc59e3,fl,FedAvg,sgd,0.01,0.01,20,stratified,project_tss,raw,mlp,False,,2,0.9111111164093018,0.8917819365337672,0.8779085976569971,0.8656788924519235,0.8850587184186954,0.8850587184186954,236.0,186,0.8925956061838893,0.8787567740776927,0.8665798535328686,1,-0.08136696501220841,0.9916666666666667,0.9024390243902439
sgd,UNI_v2,0b992e6f4e08,fl,FedBN,sgd,0.1,0.01,20,stratified,project_tss,raw,mlp,False,,2,1.0,0.9975589910496339,0.9979044834307993,0.9956243954069285,0.9962616822429906,0.9962616822429906,372.0,322,0.9975589910496339,0.9979044834307993,0.9956243954069285,0,0.0,0.9916666666666667,1.0
sgd,UNI_v2,0c541d3e6767,fl,FedProx,sgd,0.03,0.01,20,stratified,project_tss,raw,mlp,False,,2,0.948888897895813,0.9300244100895037,0.932005219092213,0.9192445805974037,0.9341718328400572,0.9341718328400572,307.0,257,0.9300244100895037,0.932005219092213,0.9192445805974037,0,0.0,0.9916666666666667,0.9512195121951219
sgd,UNI_v2,0deef8e7aa1b,fl,FedProx,sgd,0.003,0.01,20,stratified,project_tss,raw,mlp,False,,2,0.9044444561004639,0.8917819365337672,0.8790168742263265,0.8711269159801361,0.8929821509916608,0.8929821509916608,372.0,322,0.8917819365337672,0.8790168742263265,0.8711269159801361,0,0.0,0.9916666666666667,0.8780487804878049
sgd,UNI_v2,0fb1f947b721,fl,SCAFFOLD,sgd,0.1,0.01,20,stratified,project_tss,raw,mlp,False,,2,0.5222222208976746,0.5020341741253052,0.3103761883049709,0.21552662408632706,0.38232125028855884,0.38232125028855884,100.0,12,0.5020341741253052,0.3103761883049709,0.21552662408632706,0,0.0,0.0,0.0
sgd,UNI_v2,18ef8361cdc1,fl,FedProx,sgd,0.01,0.01,20,stratified,project_tss,raw,mlp,False,,1,0.9422222375869751,0.9235150528885273,0.9270393548386302,0.9067831928431921,0.9307016758996592,0.9307016758996592,421.0,371,0.9235150528885273,0.9270393548386302,0.9067831928431921,0,0.0,0.9916666666666667,0.9512195121951219
sgd,UNI_v2,1a39a52f0f74,fl,SCAFFOLD,sgd,0.1,0.01,20,stratified,project_tss,raw,mlp,False,,1,0.6311111450195312,0.6419853539462979,0.4776362371929165,0.3949905015370482,0.5518596009110445,0.5518596009110445,100.0,4,0.6411716842961758,0.4767103112669906,0.39427694659407786,1,0.08136696501220841,0.7,0.926829268292683
sgd,UNI_v2,1ba1535b3b47,fl,FedBN,sgd,0.01,0.01,20,stratified,project_tss,raw,mlp,False,,2,0.23798849632862448,0.290480065093572,0.2138419555669124,0.16946821196342549,0.23474858909033583,0.23474858909033583,100.0,9,0.290480065093572,0.2138419555669124,0.16954958408261733,4,0.0,0.6,0.0
sgd,UNI_v2,1c131086a8cf,fl,SCAFFOLD,sgd,0.1,0.01,20,stratified,project_tss,raw,mlp,False,,4,0.6022222638130188,0.6013018714401953,0.4470328679759772,0.3754271792392351,0.5166687885828218,0.5166687885828218,100.0,15,0.5996745321399511,0.4459217568648661,0.37463051053122487,2,0.16273393002441683,0.6416666666666667,0.0
sgd,UNI_v2,23d66af8881c,fl,SCAFFOLD,sgd,0.003,0.01,20,stratified,project_tss,raw,mlp,False,,3,0.8955555558204651,0.8860862489829129,0.8542699161003193,0.8515970151942298,0.8886132880558196,0.8886132880558196,669.0,619,0.8860862489829129,0.8542699161003193,0.8515970151942298,0,0.0,0.9916666666666667,0.8536585365853658
sgd,UNI_v2,24070cb85028,fl,FedProx,sgd,0.01,0.01,20,stratified,project_tss,raw,mlp,False,,3,0.9000000357627869,0.8966639544344996,0.8897671181683697,0.8761781886147973,0.8984000269313435,0.8984000269313435,188.0,138,0.8966639544344996,0.8897671181683697,0.8761781886147973,0,0.0,0.9833333333333333,0.926829268292683
sgd,UNI_v2,242648d0ea79,fl,SCAFFOLD,sgd,0.003,0.01,20,stratified,project_tss,raw,mlp,False,,4,0.9066666960716248,0.8942229454841334,0.8810452241425797,0.8743836892407616,0.9040576855874447,0.9040576855874447,718.0,668,0.8942229454841334,0.8810452241425797,0.8743836892407616,0,0.0,0.9916666666666667,0.8780487804878049
sgd,UNI_v2,2510285ffc2e,fl,FedAvg,sgd,0.01,0.01,20,stratified,project_tss,raw,mlp,False,,1,0.9333333373069763,0.9145646867371847,0.9148748861571327,0.901080295961467,0.9151026677772865,0.9151026677772865,343.0,293,0.9145646867371847,0.9148748861571327,0.901080295961467,0,0.0,0.9916666666666667,0.9024390243902439
sgd,UNI_v2,2a88773890bc,fl,FedAvg,sgd,0.01,0.01,20,stratified,project_tss,raw,mlp,False,,3,0.9000000357627869,0.8950366151342555,0.8866967195254519,0.8732201361254072,0.8953626437537734,0.8953626437537734,188.0,138,0.8950366151342555,0.8866967195254519,0.8732201361254072,0,0.0,0.9833333333333333,0.926829268292683
sgd,UNI_v2,2bb387214df0,fl,SCAFFOLD,sgd,0.003,0.01,20,stratified,project_tss,raw,mlp,False,,1,0.9044444561004639,0.8942229454841334,0.8710283037125611,0.8695110601243905,0.8981759634674049,0.8981759634674049,698.0,648,0.8942229454841334,0.8710283037125611,0.8695110601243905,0,0.0,0.9916666666666667,0.8048780487804879
sgd,UNI_v2,2fe2f5b078bc,fl,FedProx,sgd,0.03,0.01,20,stratified,project_tss,raw,mlp,False,,0,0.9244444370269775,0.9153783563873068,0.918717981536843,0.8997283665662038,0.9235805634825967,0.9235805634825967,235.0,185,0.9153783563873068,0.918717981536843,0.8997283665662038,0,0.0,0.9916666666666667,0.9512195121951219
sgd,UNI_v2,3052601de311,fl,FedBN,sgd,0.003,0.01,20,stratified,project_tss,raw,mlp,False,,1,0.2076883232925749,0.3002441008950366,0.15783811906621634,0.13332423053635917,0.20003653764475204,0.20003653764475204,201.0,151,0.3002441008950366,0.15783811906621634,0.13333098737154672,1,0.0,0.0,0.0
sgd,UNI_v2,320329b8184e,fl,FedAvg,sgd,0.003,0.01,20,stratified,project_tss,raw,mlp,False,,3,0.8866667151451111,0.8673718470301057,0.8417057343230127,0.8426174418025432,0.849908650129998,0.849908650129998,203.0,153,0.8673718470301057,0.8417057343230127,0.8426174418025432,0,0.0,0.975,0.6341463414634146
sgd,UNI_v2,33cfcb090b2c,fl,FedProx,sgd,0.1,0.01,20,stratified,project_tss,raw,mlp,False,,3,0.8066666722297668,0.807160292921074,0.7311171088841574,0.6969895370634267,0.7940615344042136,0.7940615344042136,146.0,96,0.807160292921074,0.7311171088841574,0.6969895370634267,0,0.0,0.9833333333333333,0.8292682926829268
sgd,UNI_v2,354d2de1826b,fl,SCAFFOLD,sgd,0.03,0.01,20,stratified,project_tss,raw,mlp,False,,1,0.7866666913032532,0.772986167615948,0.6878771504484869,0.6458097192313137,0.7526628523052394,0.7526628523052394,100.0,39,0.772986167615948,0.6878771504484869,0.6458097192313137,0,0.0,0.9916666666666667,0.17073170731707318
sgd,UNI_v2,3635bafca89f,fl,FedAvg,sgd,0.03,0.01,20,stratified,project_tss,raw,mlp,False,,1,0.9555555582046509,0.9365337672904801,0.9302833046441462,0.925666515114716,0.9337574721920519,0.9337574721920519,295.0,245,0.9365337672904801,0.9302833046441462,0.925666515114716,0,0.0,0.9916666666666667,0.9024390243902439
sgd,UNI_v2,37d8daf94aaf,fl,FedProx,sgd,0.003,0.01,20,stratified,project_tss,raw,mlp,False,,0,0.9088889360427856,0.8901545972335232,0.8819037899933162,0.8702313693397785,0.8837706056430438,0.8837706056430438,431.0,381,0.8901545972335232,0.8819037899933162,0.8702313693397785,0,0.0,0.9833333333333333,0.8780487804878049
sgd,UNI_v2,391936f1bb9b,fl,SCAFFOLD,sgd,0.03,0.01,20,stratified,project_tss,raw,mlp,False,,3,0.7844444513320923,0.7973962571196095,0.7628923906337385,0.741448638186545,0.7891097270648767,0.7891097270648767,100.0,42,0.7965825874694874,0.7625712602548046,0.7410557132640472,1,0.08136696501220841,0.8416666666666667,0.8536585365853658
sgd,UNI_v2,3af9ba22ccc2,fl,FedProx,sgd,0.01,0.01,20,stratified,project_tss,raw,mlp,False,,4,0.948888897895813,0.9308380797396257,0.9302215587897665,0.9193430549506559,0.930827432801117,0.930827432801117,541.0,491,0.9308380797396257,0.9302215587897665,0.9193430549506559,0,0.0,0.9916666666666667,0.9512195121951219
sgd,UNI_v2,3e9b3f76c17f,fl,SCAFFOLD,sgd,0.03,0.01,20,stratified,project_tss,raw,mlp,False,,2,0.7688888907432556,0.7689178193653377,0.5942660893056245,0.5636644525919664,0.7234463462123734,0.7234463462123734,100.0,37,0.7689178193653377,0.5942660893056245,0.5636644525919664,0,0.0,0.9916666666666667,0.0
sgd,UNI_v2,3f09fba3537d,fl,SCAFFOLD,sgd,0.03,0.01,20,stratified,project_tss,raw,mlp,False,,4,0.7733333706855774,0.7664768104149715,0.6963733577498352,0.6287642068138619,0.7412883741905081,0.7412883741905081,100.0,26,0.7656631407648494,0.6954474318239093,0.6279214167992606,2,0.08136696501220841,0.8416666666666667,0.024390243902439025
sgd,UNI_v2,440c44925724,fl,FedBN,sgd,0.03,0.01,20,stratified,project_tss,raw,mlp,False,,0,0.25351267269584105,0.2855980471928397,0.1944905288843008,0.15124775151669784,0.24742508573040412,0.24742508573040412,100.0,26,0.2855980471928397,0.1944905288843008,0.15125686084116918,4,0.0,0.19166666666666668,0.0
sgd,UNI_v2,4982097dc8b7,fl,FedAvg,sgd,0.1,0.01,20,stratified,project_tss,raw,mlp,False,,0,0.7733333706855774,0.7721724979658259,0.6850814177375947,0.6339502108029625,0.7508886495890835,0.7508886495890835,124.0,74,0.7721724979658259,0.6850814177375947,0.6339502108029625,0,0.0,0.975,0.1951219512195122
sgd,UNI_v2,4b1647dfb3cb,fl,FedProx,sgd,0.003,0.01,20,stratified,project_tss,raw,mlp,False,,3,0.8866667151451111,0.8673718470301057,0.840153114630149,0.8416670118502179,0.8511547560490009,0.8511547560490009,203.0,153,0.8681855166802278,0.84286314173042,0.8441146294637701,1,-0.08136696501220841,0.975,0.6097560975609756
sgd,UNI_v2,4db4cc373d4c,fl,SCAFFOLD,sgd,0.01,0.01,20,stratified,project_tss,raw,mlp,False,,4,0.9066666960716248,0.8909682668836453,0.8710115721859908,0.8720473539249596,0.8927759089240481,0.8927759089240481,289.0,239,0.8909682668836453,0.8710115721859908,0.8720473539249596,0,0.0,0.9916666666666667,0.8536585365853658
sgd,UNI_v2,5225821a10b8,fl,FedBN,sgd,0.1,0.01,20,stratified,project_tss,raw,mlp,False,,3,0.9977151561309977,0.985353946297803,0.9902773693224712,0.9822058444850474,0.981342800501679,0.981342800501679,382.0,332,0.985353946297803,0.9902773693224712,0.9822058444850474,0,0.0,1.0,1.0
sgd,UNI_v2,531166851bdb,fl,FedProx,sgd,0.003,0.01,20,stratified,project_tss,raw,mlp,False,,1,0.9177777767181396,0.8999186330349878,0.8896185880653324,0.8786225298671198,0.8994277346568706,0.8994277346568706,487.0,437,0.8999186330349878,0.8896185880653324,0.8786225298671198,0,0.0,0.9916666666666667,0.8292682926829268
sgd,UNI_v2,5989fb5acc48,fl,FedProx,sgd,0.1,0.01,20,stratified,project_tss,raw,mlp,False,,2,0.746666669845581,0.7233523189585028,0.6188613262944129,0.5511949592915816,0.6493714855114361,0.6493714855114361,130.0,80,0.7225386493083807,0.6177039188870055,0.5504489525619567,1,0.08136696501220841,0.016666666666666666,0.7804878048780488
sgd,UNI_v2,5a9ae148f593,fl,FedProx,sgd,0.01,0.01,20,stratified,project_tss,raw,mlp,False,,2,0.893333375453949,0.8795768917819365,0.8636806235719205,0.8601805590026359,0.8814669945777507,0.8814669945777507,130.0,80,0.8795768917819365,0.8636806235719205,0.8601805590026359,0,0.0,0.9916666666666667,0.8292682926829268
sgd,UNI_v2,5c30422fce99,fl,FedBN,sgd,0.01,0.01,20,stratified,project_tss,raw,mlp,False,,1,0.2519604838635124,0.3213995117982099,0.1552638339586925,0.09812869744668552,0.22988757773253912,0.22988757773253912,100.0,26,0.322213181448332,0.15584862928032991,0.09847086542415356,2,-0.08136696501220841,0.0,0.0
sgd,UNI_v2,5f794406c0f1,fl,FedProx,sgd,0.03,0.01,20,stratified,project_tss,raw,mlp,False,,3,0.9622222185134888,0.9462978030919447,0.945156274624236,0.9386411308886902,0.9489464037750642,0.9489464037750642,392.0,342,0.9462978030919447,0.945156274624236,0.9386411308886902,0,0.0,0.9916666666666667,0.9512195121951219
sgd,UNI_v2,5feb19268557,fl,FedProx,sgd,0.1,0.01,20,stratified,project_tss,raw,mlp,False,,0,0.7733333706855774,0.7624084621643613,0.6452813716785517,0.6098118164167855,0.7041058874023296,0.7041058874023296,100.0,49,0.7632221318144833,0.6490562135936375,0.61525247328066,3,-0.08136696501219731,0.7666666666666667,0.2926829268292683
sgd,UNI_v2,60f100dce9d6,fl,SCAFFOLD,sgd,0.003,0.01,20,stratified,project_tss,raw,mlp,False,,0,0.8844444751739502,0.8519121236777868,0.7760683310018762,0.7810986972258949,0.8343497968907873,0.8343497968907873,540.0,490,0.8519121236777868,0.7760683310018762,0.7810986972258949,0,0.0,0.9916666666666667,0.7073170731707317
sgd,UNI_v2,646365e57e4f,fl,FedBN,sgd,0.1,0.01,20,stratified,project_tss,raw,mlp,False,,0,1.0,0.9934906427990235,0.9934194085669596,0.9924527531027114,0.9867301182721744,0.9867301182721744,403.0,353,0.9934906427990235,0.9934194085669596,0.9924527531027114,0,0.0,0.975,1.0
sgd,UNI_v2,65f26d812bf2,fl,FedAvg,sgd,0.03,0.01,20,stratified,project_tss,raw,mlp,False,,3,0.9622222185134888,0.9471114727420668,0.946440081155031,0.9397322764128463,0.9490847288744486,0.9490847288744486,410.0,360,0.9471114727420668,0.946440081155031,0.9397322764128463,0,0.0,0.9916666666666667,0.9512195121951219
sgd,UNI_v2,66ae729adc05,fl,SCAFFOLD,sgd,0.1,0.01,20,stratified,project_tss,raw,mlp,False,,0,0.5577777624130249,0.5703824247355573,0.39985388567758506,0.29629281305818633,0.5330402033810563,0.5330402033810563,100.0,3,0.5703824247355573,0.39985388567758506,0.29633223601111897,2,0.0,0.9583333333333334,0.0
sgd,UNI_v2,68be14540dea,fl,FedProx,sgd,0.03,0.01,20,stratified,project_tss,raw,mlp,False,,1,0.948888897895813,0.935720097640358,0.9332269764637751,0.9268599780244197,0.9402909698470449,0.9402909698470449,310.0,260,0.935720097640358,0.9332269764637751,0.9268599780244197,0,0.0,0.9916666666666667,0.9512195121951219
sgd,UNI_v2,6fac89b4a80a,fl,FedAvg,sgd,0.01,0.01,20,stratified,project_tss,raw,mlp,False,,4,0.948888897895813,0.9308380797396257,0.9302215587897665,0.9193430549506559,0.930827432801117,0.930827432801117,541.0,491,0.9308380797396257,0.9302215587897665,0.9193430549506559,0,0.0,0.9916666666666667,0.9512195121951219
sgd,UNI_v2,72a8daacb085,fl,FedProx,sgd,0.003,0.01,20,stratified,project_tss,raw,mlp,False,,4,0.897777795791626,0.870626525630594,0.846204562080654,0.8394740661919813,0.8569747566898741,0.8569747566898741,304.0,254,0.870626525630594,0.846204562080654,0.8394740661919813,0,0.0,0.9583333333333334,0.6097560975609756
sgd,UNI_v2,79953b63185c,fl,FedAvg,sgd,0.003,0.01,20,stratified,project_tss,raw,mlp,False,,1,0.9000000357627869,0.8795768917819365,0.861664172826181,0.853239679831873,0.8699430953202064,0.8699430953202064,346.0,296,0.8795768917819365,0.861664172826181,0.853239679831873,0,0.0,0.9583333333333334,0.7073170731707317
sgd,UNI_v2,7d3e907942b3,fl,FedAvg,sgd,0.003,0.01,20,stratified,project_tss,raw,mlp,False,,0,0.9088889360427856,0.8901545972335232,0.8795212181522745,0.8705591324056223,0.8832406449495317,0.8832406449495317,432.0,382,0.8901545972335232,0.8795212181522745,0.8705591324056223,0,0.0,0.9833333333333333,0.8780487804878049
sgd,UNI_v2,7f21d1686f3e,fl,FedBN,sgd,0.03,0.01,20,stratified,project_tss,raw,mlp,False,,4,0.47386420995040673,0.5524816924328723,0.45597259868790363,0.448706764929818,0.3732223442652619,0.3732223442652619,299.0,249,0.5524816924328723,0.45597259868790363,0.448706764929818,0,0.0,0.6833333333333333,0.0975609756097561
sgd,UNI_v2,82e3549391f2,fl,FedBN,sgd,0.03,0.01,20,stratified,project_tss,raw,mlp,False,,3,0.2542350159385687,0.26200162733930027,0.15970113243481776,0.13729655136002672,0.22062113191810462,0.22062113191810462,123.0,73,0.2628152969894223,0.16025668799037335,0.13775334084534238,1,-0.08136696501220286,0.0,0.04878048780487805
sgd,UNI_v2,8ec54c589cd1,fl,SCAFFOLD,sgd,0.01,0.01,20,stratified,project_tss,raw,mlp,False,,0,0.9222222566604614,0.9161920260374288,0.9111845481267972,0.9100777790722684,0.9198521095204979,0.9198521095204979,426.0,376,0.9161920260374288,0.9111845481267972,0.9100777790722684,0,0.0,0.9916666666666667,0.9024390243902439
sgd,UNI_v2,929b139121b4,fl,SCAFFOLD,sgd,0.03,0.01,20,stratified,project_tss,raw,mlp,False,,0,0.7355555891990662,0.7217249796582588,0.5144638249445064,0.445826988133684,0.6447708184378675,0.6447708184378675,100.0,14,0.7217249796582588,0.5144638249445064,0.445826988133684,0,0.0,0.8583333333333333,0.0
sgd,UNI_v2,95d49e79732d,fl,FedBN,sgd,0.03,0.01,20,stratified,project_tss,raw,mlp,False,,1,0.29217527295715995,0.371033360455655,0.2743694925439415,0.25730467238348625,0.2755544240243376,0.2755544240243376,150.0,100,0.371033360455655,0.2743694925439415,0.25730467238348625,0,0.0,0.0,0.34146341463414637
sgd,UNI_v2,9feb11fbb2ff,fl,FedProx,sgd,0.03,0.01,20,stratified,project_tss,raw,mlp,False,,4,0.9111111164093018,0.8852725793327909,0.8551281944806942,0.8457021183191161,0.8803298514624143,0.8803298514624143,182.0,132,0.8852725793327909,0.8551281944806942,0.8457021183191161,0,0.0,0.9916666666666667,0.4878048780487805
sgd,UNI_v2,a302ebe9c700,fl,FedProx,sgd,0.1,0.01,20,stratified,project_tss,raw,mlp,False,,1,0.7644444704055786,0.7656631407648494,0.7155603299656842,0.6842343456719431,0.7180149731952095,0.7180149731952095,100.0,42,0.7648494711147275,0.7152391995867504,0.6838904491658919,1,0.08136696501219731,0.9416666666666667,0.7804878048780488
sgd,UNI_v2,a32e4884b0e0,fl,FedAvg,sgd,0.1,0.01,20,stratified,project_tss,raw,mlp,False,,2,0.7666667103767395,0.7697314890154597,0.7034443849349258,0.6332038722819968,0.708604409487751,0.708604409487751,108.0,58,0.7697314890154597,0.7034443849349258,0.6332038722819968,0,0.0,0.8666666666666667,0.926829268292683
sgd,UNI_v2,a3a4f5ba13cc,fl,FedAvg,sgd,0.03,0.01,20,stratified,project_tss,raw,mlp,False,,0,0.944444477558136,0.9259560618388935,0.9309438007299009,0.9156360477187742,0.9218003508446975,0.9218003508446975,316.0,266,0.9259560618388935,0.9309438007299009,0.9156360477187742,0,0.0,0.9916666666666667,0.975609756097561
sgd,UNI_v2,a503da8deb15,fl,FedBN,sgd,0.1,0.01,20,stratified,project_tss,raw,mlp,False,,1,0.9987623762376238,0.9910496338486574,0.9926125928179472,0.9903534264274173,0.9841451902199566,0.9841451902199566,353.0,303,0.9910496338486574,0.9926125928179472,0.9903534264274173,0,0.0,0.9666666666666667,1.0
sgd,UNI_v2,a559dc50282c,fl,FedBN,sgd,0.003,0.01,20,stratified,project_tss,raw,mlp,False,,3,0.19725669399519136,0.24410089503661514,0.13804786532806002,0.1133296683246679,0.19740546922131647,0.19740546922131647,100.0,4,0.24572823433685922,0.13976082829102301,0.11445392794793682,4,-0.1627339300244085,0.0,0.0
sgd,UNI_v2,a7c42613be06,fl,FedProx,sgd,0.1,0.01,20,stratified,project_tss,raw,mlp,False,,4,0.7888889312744141,0.7957689178193653,0.6256916154391681,0.6096354965893933,0.7345849783487195,0.7345849783487195,132.0,82,0.7957689178193653,0.6256916154391681,0.6096354965893933,0,0.0,0.975,0.2682926829268293
sgd,UNI_v2,b42d7ee4b9ad,fl,FedAvg,sgd,0.003,0.01,20,stratified,project_tss,raw,mlp,False,,2,0.8911111354827881,0.8763222131814483,0.8532914673687536,0.8512414443936203,0.8626034291020356,0.8626034291020356,254.0,204,0.8763222131814483,0.8532914673687536,0.8512414443936203,0,0.0,0.9583333333333334,0.7073170731707317
sgd,UNI_v2,b4a1add591cb,fl,FedBN,sgd,0.1,0.01,20,stratified,project_tss,raw,mlp,False,,4,1.0,1.0,1.0,1.0,1.0,1.0,369.0,319,1.0,1.0,1.0,0,0.0,1.0,1.0
sgd,UNI_v2,b93855405766,fl,FedAvg,sgd,0.1,0.01,20,stratified,project_tss,raw,mlp,False,,1,0.7733333706855774,0.772986167615948,0.7339152488873489,0.6984881797026672,0.7647186457633394,0.7647186457633394,181.0,131,0.772986167615948,0.7339152488873489,0.6984881797026672,0,0.0,0.9666666666666667,0.6097560975609756
sgd,UNI_v2,be7611d84efb,fl,FedAvg,sgd,0.1,0.01,20,stratified,project_tss,raw,mlp,False,,4,0.7800000309944153,0.7558991049633849,0.6413748311432834,0.593566785565012,0.7045222923645617,0.7045222923645617,100.0,49,0.7558991049633849,0.6413748311432834,0.593566785565012,0,0.0,0.6083333333333333,0.4634146341463415
sgd,UNI_v2,c2276d0300ed,fl,FedBN,sgd,0.01,0.01,20,stratified,project_tss,raw,mlp,False,,3,0.2138473259090615,0.30919446704637915,0.14311990097469326,0.10017134204177974,0.21300036992346724,0.21300036992346724,100.0,26,0.3083807973962571,0.14279877059575943,0.0998847833483842,2,0.08136696501220286,0.0,0.0
sgd,UNI_v2,c356db35dc53,fl,FedBN,sgd,0.003,0.01,20,stratified,project_tss,raw,mlp,False,,0,0.18571893630862765,0.21480878763222133,0.11634510106080971,0.09656621250884359,0.14840263733460082,0.14840263733460082,119.0,69,0.21643612693246542,0.11769063734854253,0.09830635860345767,4,-0.1627339300244085,0.008333333333333333,0.0
sgd,UNI_v2,c57ab2121f22,fl,SCAFFOLD,sgd,0.01,0.01,20,stratified,project_tss,raw,mlp,False,,3,0.9177777767181396,0.9007323026851098,0.8856729485499327,0.8897261340278819,0.9050682563020652,0.9050682563020652,366.0,316,0.9007323026851098,0.8856729485499327,0.8897261340278819,0,0.0,0.9916666666666667,0.8780487804878049
sgd,UNI_v2,c6c46da1a506,fl,FedAvg,sgd,0.03,0.01,20,stratified,project_tss,raw,mlp,False,,2,0.9200000166893005,0.9056143205858421,0.9002401060450462,0.8931268147449172,0.9108779104762055,0.9108779104762055,213.0,163,0.9056143205858421,0.9002401060450462,0.8931268147449172,0,0.0,0.9916666666666667,0.8536585365853658
sgd,UNI_v2,c7eaabd9a392,fl,FedAvg,sgd,0.01,0.01,20,stratified,project_tss,raw,mlp,False,,0,0.9333333373069763,0.9104963384865744,0.9070342309961954,0.8945749210890869,0.9175645447718739,0.9175645447718739,377.0,327,0.9104963384865744,0.9070342309961954,0.8945749210890869,0,0.0,0.9916666666666667,0.926829268292683
sgd,UNI_v2,cbd4c66efac7,fl,FedBN,sgd,0.01,0.01,20,stratified,project_tss,raw,mlp,False,,0,0.20195706157558224,0.2758340113913751,0.11959922965264679,0.080514472280214,0.18758556028248102,0.18758556028248102,126.0,76,0.2758340113913751,0.11959922965264679,0.080514472280214,0,0.0,0.0,0.0
sgd,UNI_v2,d060e2f2bdd8,fl,SCAFFOLD,sgd,0.01,0.01,20,stratified,project_tss,raw,mlp,False,,2,0.902222216129303,0.8950366151342555,0.8889416357749546,0.8823896257207661,0.9062523453755624,0.9062523453755624,292.0,242,0.8950366151342555,0.8889416357749546,0.8823896257207661,0,0.0,0.9916666666666667,0.9024390243902439
sgd,UNI_v2,d258611c439e,fl,FedAvg,sgd,0.003,0.01,20,stratified,project_tss,raw,mlp,False,,4,0.897777795791626,0.870626525630594,0.846204562080654,0.8394740661919813,0.8569747566898741,0.8569747566898741,304.0,254,0.870626525630594,0.846204562080654,0.8394740661919813,0,0.0,0.9583333333333334,0.6097560975609756
sgd,UNI_v2,dcb4bce65812,fl,SCAFFOLD,sgd,0.01,0.01,20,stratified,project_tss,raw,mlp,False,,1,0.9288889169692993,0.9202603742880391,0.912908030096056,0.9119923732421833,0.9234544809577604,0.9234544809577604,432.0,382,0.9202603742880391,0.912908030096056,0.9119923732421833,0,0.0,0.9916666666666667,0.8536585365853658
sgd,UNI_v2,e0b944aa9bf2,fl,FedBN,sgd,0.003,0.01,20,stratified,project_tss,raw,mlp,False,,2,0.22047837540703003,0.24003254678600489,0.154160452308837,0.11862875531505443,0.2066981731757225,0.2066981731757225,100.0,28,0.23840520748576077,0.15291339600397721,0.11790187032315151,2,0.16273393002441128,0.55,0.0
sgd,UNI_v2,e0e8eb8d04a4,fl,FedBN,sgd,0.01,0.01,20,stratified,project_tss,raw,mlp,False,,4,0.26200059000728776,0.3083807973962571,0.1656830761838925,0.13435771651099016,0.23616556065045208,0.23616556065045208,104.0,54,0.3075671277461351,0.16509828086225506,0.1338611344212691,2,0.08136696501220286,0.0,0.0
sgd,UNI_v2,e595cc4e448f,fl,FedBN,sgd,0.003,0.01,20,stratified,project_tss,raw,mlp,False,,4,0.21579898810824844,0.28315703824247357,0.14570967878446797,0.11674914517673446,0.22306806020624662,0.22306806020624662,113.0,63,0.2823433685923515,0.1453885484055341,0.11650319923017324,1,0.08136696501220841,0.0,0.0
sgd,UNI_v2,e8a8466ef09e,fl,FedAvg,sgd,0.1,0.01,20,stratified,project_tss,raw,mlp,False,,3,0.7311111092567444,0.7404393816110659,0.6554998163852209,0.6244574812622975,0.7375803441170579,0.7375803441170579,100.0,19,0.7404393816110659,0.6554998163852209,0.6244574812622975,0,0.0,0.9916666666666667,0.0
sgd,UNI_v2,f663566a1969,fl,SCAFFOLD,sgd,0.1,0.01,20,stratified,project_tss,raw,mlp,False,,3,0.5644444823265076,0.563873067534581,0.39745745022479123,0.3205293402954736,0.52059893507805,0.52059893507805,100.0,2,0.5630593978844589,0.3969018946692357,0.32022328887282936,3,0.08136696501220841,0.7083333333333334,0.0
sgd,UNI_v2,fcf5ca752a8f,fl,SCAFFOLD,sgd,0.003,0.01,20,stratified,project_tss,raw,mlp,False,,2,0.6266666650772095,0.6061838893409276,0.38247308420376563,0.32516444463027816,0.4945500250209592,0.4945500250209592,100.0,9,0.6078112286411717,0.384556417537099,0.3274055460136703,4,-0.16273393002440573,0.7583333333333333,0.0
sgd,UNI_v2,fe2bfd04e808,fl,FedAvg,sgd,0.03,0.01,20,stratified,project_tss,raw,mlp,False,,4,0.9711111187934875,0.9536208299430431,0.9533166246086117,0.9486115925214814,0.9558194372836117,0.9558194372836117,516.0,466,0.9536208299430431,0.9533166246086117,0.9486115925214814,0,0.0,0.9916666666666667,0.9512195121951219
sgd,Virchow2,012a457a8097,fl,FedAvg,sgd,0.003,0.01,20,stratified,project_tss,raw,mlp,False,,0,0.9066666960716248,0.8681855166802278,0.8548740648285676,0.8419900957302806,0.8669432358371031,0.8669432358371031,158.0,108,0.8681855166802278,0.8548740648285676,0.8419900957302806,0,0.0,0.9666666666666667,0.9024390243902439
sgd,Virchow2,01c7c0cca63a,fl,SCAFFOLD,sgd,0.003,0.01,20,stratified,project_tss,raw,mlp,False,,3,0.9200000166893005,0.9048006509357202,0.8980428855577784,0.8943235871506471,0.9163132159115109,0.9163132159115109,415.0,365,0.9048006509357202,0.8980428855577784,0.8943235871506471,0,0.0,0.9916666666666667,0.975609756097561
sgd,Virchow2,027529495645,fl,FedAvg,sgd,0.1,0.01,20,stratified,project_tss,raw,mlp,False,,3,0.4444444477558136,0.4743694060211554,0.2542303011864922,0.21535929211203797,0.3528380161238421,0.3528380161238421,121.0,71,0.4735557363710334,0.25390917080755837,0.2151580583414964,1,0.08136696501220286,0.0,0.0
sgd,Virchow2,082d9c96915a,fl,FedBN,sgd,0.1,0.01,20,stratified,project_tss,raw,mlp,False,,3,0.9966996699669967,0.9918633034987795,0.9937814532089342,0.991349584297892,0.9868835214629607,0.9868835214629607,361.0,311,0.9918633034987795,0.9937814532089342,0.991349584297892,0,0.0,0.9916666666666667,1.0
sgd,Virchow2,0a525d0a32fa,fl,FedAvg,sgd,0.1,0.01,20,stratified,project_tss,raw,mlp,False,,4,0.5111111402511597,0.532953620829943,0.3259377007064868,0.23866396483218175,0.4571428963468508,0.4571428963468508,100.0,41,0.532953620829943,0.3259377007064868,0.23866396483218175,0,0.0,0.95,0.0
sgd,Virchow2,16d47e93db7f,fl,SCAFFOLD,sgd,0.01,0.01,20,stratified,project_tss,raw,mlp,False,,3,0.8733333349227905,0.8600488201790073,0.8323041729495442,0.8138851212889826,0.8522820608617597,0.8522820608617597,117.0,67,0.8600488201790073,0.8323041729495442,0.8138851212889826,0,0.0,0.9666666666666667,0.926829268292683
sgd,Virchow2,205eda87d20b,fl,SCAFFOLD,sgd,0.01,0.01,20,stratified,project_tss,raw,mlp,False,,2,0.7888889312744141,0.7835638730675346,0.6140710019393505,0.6044286341311205,0.7340995242331527,0.7340995242331527,100.0,34,0.7835638730675346,0.6140710019393505,0.6044286341311205,0,0.0,0.975,0.24390243902439024
sgd,Virchow2,251531333514,fl,FedAvg,sgd,0.03,0.01,20,stratified,project_tss,raw,mlp,False,,4,0.9577777981758118,0.9349064279902359,0.9367711876757004,0.9342241210447094,0.9403197377841035,0.9403197377841035,425.0,375,0.9349064279902359,0.9367711876757004,0.9342241210447094,0,0.0,0.9916666666666667,0.975609756097561
sgd,Virchow2,2f77e89481b5,fl,FedBN,sgd,0.1,0.01,20,stratified,project_tss,raw,mlp,False,,4,1.0,0.9869812855980472,0.9868914058939188,0.9809375149540599,0.971904419567971,0.971904419567971,357.0,307,0.9869812855980472,0.9868914058939188,0.9809375149540599,0,0.0,0.9083333333333333,1.0
sgd,Virchow2,31ac075c909f,fl,SCAFFOLD,sgd,0.01,0.01,20,stratified,project_tss,raw,mlp,False,,1,0.8533333539962769,0.8421480878763222,0.7917797338477931,0.7982076629792243,0.8392563691280693,0.8392563691280693,114.0,64,0.8421480878763222,0.7917797338477931,0.7982076629792243,0,0.0,1.0,0.6829268292682927
sgd,Virchow2,383af6f1ec01,fl,FedBN,sgd,0.1,0.01,20,stratified,project_tss,raw,mlp,False,,1,1.0,0.9934906427990235,0.9934722222222222,0.9903124051080918,0.9839988671764373,0.9839988671764373,336.0,286,0.9934906427990235,0.9934722222222222,0.9903124051080918,0,0.0,0.9666666666666667,1.0
sgd,Virchow2,3973a15bf7f4,fl,FedProx,sgd,0.003,0.01,20,stratified,project_tss,raw,mlp,False,,0,0.9088889360427856,0.8925956061838893,0.8806626138510513,0.8632016491419435,0.8864161720601125,0.8864161720601125,226.0,176,0.8925956061838893,0.8806626138510513,0.8632016491419435,0,0.0,0.975,0.9024390243902439
sgd,Virchow2,39793e072cf2,fl,SCAFFOLD,sgd,0.1,0.01,20,stratified,project_tss,raw,mlp,False,,1,0.4466666877269745,0.43368592351505286,0.290803628773282,0.18743273582973066,0.3774674310268841,0.3774674310268841,100.0,2,0.43368592351505286,0.290803628773282,0.18743273582973066,0,0.0,0.0,0.0
sgd,Virchow2,3a0bcc967740,fl,SCAFFOLD,sgd,0.1,0.01,20,stratified,project_tss,raw,mlp,False,,0,0.3199999928474426,0.28152969894222946,0.1111111111111111,0.04881834215167549,0.18691588785046728,0.18691588785046728,100.0,9,0.28152969894222946,0.1111111111111111,0.04881834215167549,0,0.0,0.0,0.0
sgd,Virchow2,3aa76d11955c,fl,SCAFFOLD,sgd,0.1,0.01,20,stratified,project_tss,raw,mlp,False,,2,0.3199999928474426,0.28152969894222946,0.1111111111111111,0.048849357616829035,0.18691588785046728,0.18691588785046728,100.0,2,0.28152969894222946,0.1111111111111111,0.048849357616829035,0,0.0,0.0,0.0
sgd,Virchow2,3b7c1435bc95,fl,SCAFFOLD,sgd,0.01,0.01,20,stratified,project_tss,raw,mlp,False,,4,0.8622222542762756,0.853539462978031,0.8190783156623059,0.8161879511114296,0.8624691987886774,0.8624691987886774,121.0,71,0.853539462978031,0.8190783156623059,0.8161879511114296,0,0.0,0.9916666666666667,0.8292682926829268
sgd,Virchow2,3cbb582e2e37,fl,FedProx,sgd,0.03,0.01,20,stratified,project_tss,raw,mlp,False,,4,0.9333333373069763,0.9015459723352319,0.9093577950379679,0.8905886747864652,0.9102957013714835,0.9102957013714835,295.0,245,0.9015459723352319,0.9093577950379679,0.8905886747864652,0,0.0,0.9916666666666667,0.975609756097561
sgd,Virchow2,3deb92923938,fl,FedAvg,sgd,0.01,0.01,20,stratified,project_tss,raw,mlp,False,,3,0.948888897895813,0.9267697314890154,0.9287188460825244,0.9236375226186468,0.9228669944279061,0.9228669944279061,326.0,276,0.9259560618388935,0.9275614386751173,0.9221397515556582,1,0.08136696501219731,0.9916666666666667,0.975609756097561
sgd,Virchow2,430e91d030fa,fl,FedAvg,sgd,0.03,0.01,20,stratified,project_tss,raw,mlp,False,,0,0.9333333373069763,0.9137510170870626,0.9149978803063191,0.8995596111364252,0.9185361403385124,0.9185361403385124,321.0,271,0.9137510170870626,0.9149978803063191,0.8995596111364252,0,0.0,0.975,0.975609756097561
sgd,Virchow2,4929cb8f67a8,fl,FedProx,sgd,0.1,0.01,20,stratified,project_tss,raw,mlp,False,,0,0.4466666877269745,0.44426362896663957,0.2222222222222222,0.16540543733526192,0.32710280373831774,0.32710280373831774,100.0,30,0.44426362896663957,0.2222222222222222,0.16540543733526192,0,0.0,0.0,0.0
sgd,Virchow2,4a5dd57c803f,fl,FedAvg,sgd,0.01,0.01,20,stratified,project_tss,raw,mlp,False,,0,0.8844444751739502,0.8454027664768105,0.8063427031763261,0.7972060873158449,0.8600087663179795,0.8600087663179795,100.0,45,0.8454027664768105,0.8063427031763261,0.7972060873158449,0,0.0,0.9583333333333334,0.5365853658536586
sgd,Virchow2,4c1873b60972,fl,FedAvg,sgd,0.01,0.01,20,stratified,project_tss,raw,mlp,False,,4,0.9222222566604614,0.9039869812855981,0.8993626603415241,0.8888519083374083,0.9061236385231946,0.9061236385231946,190.0,140,0.9039869812855981,0.8993626603415241,0.8888519083374083,0,0.0,0.9583333333333334,0.9512195121951219
sgd,Virchow2,532e142c67db,fl,FedAvg,sgd,0.01,0.01,20,stratified,project_tss,raw,mlp,False,,1,0.9511111378669739,0.9308380797396257,0.9335758020262865,0.9261593247727231,0.934603061355398,0.934603061355398,359.0,309,0.9308380797396257,0.9335758020262865,0.9261593247727231,0,0.0,0.9916666666666667,0.9512195121951219
sgd,Virchow2,549055719557,fl,FedBN,sgd,0.003,0.01,20,stratified,project_tss,raw,mlp,False,,3,0.17226580964495936,0.2554922701383238,0.11480182036671052,0.07665609987870728,0.17562448833397257,0.17562448833397257,136.0,86,0.2546786004882018,0.11448068998777666,0.07648928733400435,1,0.08136696501220286,0.0,0.0
sgd,Virchow2,5838e8dcf9e7,fl,FedBN,sgd,0.003,0.01,20,stratified,project_tss,raw,mlp,False,,0,0.23801117862271037,0.2847843775427177,0.15804002350225382,0.12027462429184561,0.17774086154675459,0.17774086154675459,205.0,155,0.2847843775427177,0.15804002350225382,0.12027462429184561,0,0.0,0.0,0.0
sgd,Virchow2,5cd47daed851,fl,FedProx,sgd,0.003,0.01,20,stratified,project_tss,raw,mlp,False,,2,0.9111111164093018,0.8982912937347437,0.8885843058163637,0.8739319339917544,0.893881278656224,0.893881278656224,302.0,252,0.8982912937347437,0.8885843058163637,0.8739319339917544,0,0.0,0.975,0.926829268292683
sgd,Virchow2,5ea245b5b345,fl,FedProx,sgd,0.1,0.01,20,stratified,project_tss,raw,mlp,False,,1,0.5022222399711609,0.49389747762408465,0.32209377007064866,0.22662803745347476,0.42738635431802396,0.42738635431802396,100.0,2,0.49389747762408465,0.32209377007064866,0.22662803745347476,0,0.0,0.0,0.0
sgd,Virchow2,62147e5a08b8,fl,FedBN,sgd,0.03,0.01,20,stratified,project_tss,raw,mlp,False,,4,0.31514604256159295,0.3433685923515053,0.225575214337726,0.20421399678455465,0.3017748124745069,0.3017748124745069,136.0,86,0.3433685923515053,0.225575214337726,0.20421399678455465,0,0.0,0.5083333333333333,0.0
sgd,Virchow2,63b7cee8384c,fl,FedProx,sgd,0.03,0.01,20,stratified,project_tss,raw,mlp,False,,2,0.9333333373069763,0.9121236777868186,0.9176883520741571,0.9126483039133073,0.9107423656399444,0.9107423656399444,337.0,287,0.9121236777868186,0.9176883520741571,0.9126483039133073,0,0.0,0.9916666666666667,0.9512195121951219
sgd,Virchow2,6542a34ee475,fl,FedBN,sgd,0.003,0.01,20,stratified,project_tss,raw,mlp,False,,4,0.22743220492055666,0.2847843775427177,0.13797157847773622,0.10152011378141562,0.19253552794184262,0.19253552794184262,100.0,49,0.2847843775427177,0.13797157847773622,0.10152011378141562,0,0.0,0.0,0.0
sgd,Virchow2,66ae06de3dff,fl,FedBN,sgd,0.003,0.01,20,stratified,project_tss,raw,mlp,False,,2,0.20120857932593517,0.2758340113913751,0.14011259561337708,0.11074038653528083,0.18509731022200412,0.18509731022200412,143.0,93,0.2758340113913751,0.14011259561337708,0.11071611096050901,1,0.0,0.0,0.0
sgd,Virchow2,6d49efb56749,fl,FedAvg,sgd,0.003,0.01,20,stratified,project_tss,raw,mlp,False,,1,0.9355555772781372,0.903173311635476,0.9045011748337694,0.8872277007131814,0.9074550987200602,0.9074550987200602,469.0,419,0.903173311635476,0.9045011748337694,0.8872277007131814,0,0.0,0.975,0.975609756097561
sgd,Virchow2,6e7cbf32d98a,fl,FedBN,sgd,0.03,0.01,20,stratified,project_tss,raw,mlp,False,,1,0.3095382248308865,0.3140764849471115,0.2134050047244443,0.18363222659657208,0.3079603546616996,0.3079603546616996,100.0,45,0.3140764849471115,0.2134050047244443,0.18370853453538843,2,0.0,0.016666666666666666,0.04878048780487805
sgd,Virchow2,7066b43afa27,fl,SCAFFOLD,sgd,0.1,0.01,20,stratified,project_tss,raw,mlp,False,,4,0.5488889217376709,0.5549227013832384,0.3035995335158706,0.24492483551225736,0.411490251374578,0.411490251374578,100.0,2,0.5549227013832384,0.3035995335158706,0.24492483551225736,0,0.0,0.0,0.0
sgd,Virchow2,707a2e4d10c7,fl,FedBN,sgd,0.01,0.01,20,stratified,project_tss,raw,mlp,False,,0,0.20781498738109108,0.20423108218063465,0.10612536049218144,0.07863527128118958,0.1547510018274292,0.1547510018274292,110.0,60,0.20423108218063465,0.10612536049218144,0.0787231177575455,3,0.0,0.016666666666666666,0.0
sgd,Virchow2,7178201917f0,fl,FedProx,sgd,0.003,0.01,20,stratified,project_tss,raw,mlp,False,,3,0.9155555963516235,0.8901545972335232,0.8718999191981361,0.8619857717002677,0.8784827722208761,0.8784827722208761,228.0,178,0.8901545972335232,0.8718999191981361,0.8619857717002677,0,0.0,0.9666666666666667,0.9024390243902439
sgd,Virchow2,7332182a040a,fl,FedProx,sgd,0.1,0.01,20,stratified,project_tss,raw,mlp,False,,4,0.6222222447395325,0.597233523189585,0.3998519419937126,0.3193890304122664,0.497897132369169,0.497897132369169,100.0,8,0.5939788445890968,0.39804009059257006,0.31817955120132435,6,0.32546786004882255,0.016666666666666666,0.0
sgd,Virchow2,795eceba600a,fl,FedProx,sgd,0.03,0.01,20,stratified,project_tss,raw,mlp,False,,3,0.8733333349227905,0.8437754271765663,0.817971289892397,0.8024974371191615,0.8363720273063928,0.8363720273063928,160.0,110,0.8437754271765663,0.817971289892397,0.8024974371191615,0,0.0,0.9083333333333333,0.5853658536585366
sgd,Virchow2,7da44eaaee52,fl,FedBN,sgd,0.01,0.01,20,stratified,project_tss,raw,mlp,False,,1,0.24458603552662958,0.2790886899918633,0.1452675382257828,0.10619688428199067,0.24398450962480125,0.24398450962480125,145.0,95,0.2790886899918633,0.1452675382257828,0.10619688428199067,0,0.0,0.0,0.0
sgd,Virchow2,7f2896dd7e20,fl,FedProx,sgd,0.03,0.01,20,stratified,project_tss,raw,mlp,False,,0,0.9577777981758118,0.9389747762408462,0.9399448636891662,0.9341504568725824,0.9421273502659797,0.9421273502659797,528.0,478,0.9389747762408462,0.9399448636891662,0.9341504568725824,0,0.0,0.9916666666666667,0.975609756097561
sgd,Virchow2,89d361d100d8,fl,FedProx,sgd,0.01,0.01,20,stratified,project_tss,raw,mlp,False,,3,0.9266666769981384,0.9056143205858421,0.9112029452181941,0.8952510580390466,0.8979949516363185,0.8979949516363185,219.0,169,0.9056143205858421,0.9112029452181941,0.8952510580390466,0,0.0,0.975,0.975609756097561
sgd,Virchow2,8a8009cee137,fl,FedBN,sgd,0.1,0.01,20,stratified,project_tss,raw,mlp,False,,2,1.0,0.9967453213995118,0.9963162965216509,0.995742544304043,0.994405905620859,0.994405905620859,343.0,293,0.9967453213995118,0.9963162965216509,0.995742544304043,0,0.0,1.0,1.0
sgd,Virchow2,93cc2ec3db60,fl,FedBN,sgd,0.003,0.01,20,stratified,project_tss,raw,mlp,False,,1,0.24899228998530107,0.30349877949552484,0.1651084753843714,0.13103138001831688,0.22298462852702175,0.22298462852702175,100.0,1,0.3018714401952807,0.16423178944988198,0.12972549575123124,4,0.16273393002441128,0.09166666666666666,0.0
sgd,Virchow2,94ca5d0bd137,fl,FedBN,sgd,0.03,0.01,20,stratified,project_tss,raw,mlp,False,,0,0.25762019899468935,0.31570382424735555,0.18615667446720616,0.1531728568872872,0.23791301195659648,0.23791301195659648,100.0,49,0.31570382424735555,0.18615667446720616,0.1530857501171594,2,0.0,0.125,0.0
sgd,Virchow2,952a520473a1,fl,FedAvg,sgd,0.01,0.01,20,stratified,project_tss,raw,mlp,False,,2,0.9533333778381348,0.9308380797396257,0.9358682106942235,0.9253818647934501,0.9287684494460196,0.9287684494460196,410.0,360,0.9308380797396257,0.9358682106942235,0.9253818647934501,0,0.0,0.9916666666666667,0.975609756097561
sgd,Virchow2,95b3e0156209,fl,FedBN,sgd,0.03,0.01,20,stratified,project_tss,raw,mlp,False,,2,0.2867114575064487,0.3938161106590724,0.2621066631997977,0.2670563279618994,0.24787865752822366,0.24787865752822366,150.0,100,0.3938161106590724,0.26237032814250133,0.2674444196545783,2,0.0,0.09166666666666666,0.04878048780487805
sgd,Virchow2,987269280cfe,fl,FedAvg,sgd,0.03,0.01,20,stratified,project_tss,raw,mlp,False,,1,0.9422222375869751,0.9178193653376729,0.9223811647376148,0.9047045581179055,0.9220171808590355,0.9220171808590355,399.0,349,0.9178193653376729,0.9223811647376148,0.9047045581179055,0,0.0,0.9833333333333333,0.975609756097561
sgd,Virchow2,9a3fe40e415c,fl,FedProx,sgd,0.003,0.01,20,stratified,project_tss,raw,mlp,False,,4,0.9133333563804626,0.8812042310821806,0.8804941197180641,0.8599487419930401,0.886538606428156,0.886538606428156,254.0,204,0.8812042310821806,0.8804941197180641,0.8599487419930401,0,0.0,0.95,0.9024390243902439
sgd,Virchow2,9fc5613f7eb4,fl,FedProx,sgd,0.1,0.01,20,stratified,project_tss,raw,mlp,False,,2,0.495555579662323,0.5207485760781123,0.34808000061210137,0.31516780269486755,0.4377823800348111,0.4377823800348111,104.0,54,0.5207485760781123,0.3486847961590935,0.3156484684915806,4,0.0,0.8166666666666667,0.0
sgd,Virchow2,a1020737051f,fl,FedAvg,sgd,0.003,0.01,20,stratified,project_tss,raw,mlp,False,,3,0.9155555963516235,0.8901545972335232,0.8718999191981361,0.8619857717002677,0.8784827722208761,0.8784827722208761,228.0,178,0.8901545972335232,0.8718999191981361,0.8619857717002677,0,0.0,0.9666666666666667,0.9024390243902439
sgd,Virchow2,a1932b58c2df,fl,FedAvg,sgd,0.1,0.01,20,stratified,project_tss,raw,mlp,False,,0,0.5066666603088379,0.500406834825061,0.30268518518518517,0.23572402955271088,0.40945447229344883,0.40945447229344883,100.0,18,0.500406834825061,0.30268518518518517,0.23532956138701758,2,0.0,0.0,0.0
sgd,Virchow2,a3db8736cef9,fl,FedBN,sgd,0.01,0.01,20,stratified,project_tss,raw,mlp,False,,2,0.27038503268555686,0.4141578519121237,0.2508624992355574,0.22831871683757615,0.2587415552877411,0.2587415552877411,281.0,231,0.4149715215622457,0.2514472945571949,0.2286680929428488,2,-0.08136696501220286,0.025,0.0
sgd,Virchow2,a4dd39987d50,fl,FedAvg,sgd,0.03,0.01,20,stratified,project_tss,raw,mlp,False,,3,0.8866667151451111,0.8657445077298617,0.8348738611758061,0.8286949627770633,0.8613206448228405,0.8613206448228405,161.0,111,0.8657445077298617,0.8348738611758061,0.8286949627770633,0,0.0,0.9916666666666667,0.7804878048780488
sgd,Virchow2,a60be04bcba7,fl,FedProx,sgd,0.01,0.01,20,stratified,project_tss,raw,mlp,False,,4,0.9466667175292969,0.9283970707892596,0.9328917025834775,0.9210337929034961,0.9274950461019812,0.9274950461019812,332.0,282,0.9283970707892596,0.9328917025834775,0.9210337929034961,0,0.0,0.9833333333333333,0.975609756097561
sgd,Virchow2,a7a166a5dc8c,fl,SCAFFOLD,sgd,0.01,0.01,20,stratified,project_tss,raw,mlp,False,,0,0.8600000143051147,0.8421480878763222,0.7883225714421844,0.7952827898595204,0.8389019709256634,0.8389019709256634,117.0,67,0.8421480878763222,0.7883225714421844,0.7952827898595204,0,0.0,1.0,0.7073170731707317
sgd,Virchow2,a88e448b5094,fl,FedBN,sgd,0.1,0.01,20,stratified,project_tss,raw,mlp,False,,0,1.0,0.9804719283970708,0.9859770955165692,0.9737794574478982,0.982627678655716,0.982627678655716,360.0,310,0.9804719283970708,0.9859770955165692,0.9737794574478982,0,0.0,1.0,1.0
sgd,Virchow2,ae9ea05e470c,fl,FedBN,sgd,0.03,0.01,20,stratified,project_tss,raw,mlp,False,,3,0.37094700937449915,0.42961757526444266,0.3638244366381301,0.34572285471736025,0.3196455984746826,0.3196455984746826,184.0,134,0.42961757526444266,0.3638244366381301,0.34572285471736025,0,0.0,0.6166666666666667,0.04878048780487805
sgd,Virchow2,b0dc30f7a14f,fl,SCAFFOLD,sgd,0.03,0.01,20,stratified,project_tss,raw,mlp,False,,3,0.5911111235618591,0.5980471928397071,0.4198633193931698,0.3435952639647126,0.5319366250481651,0.5319366250481651,100.0,16,0.5980471928397071,0.4198633193931698,0.3435952639647126,0,0.0,0.9916666666666667,0.0
sgd,Virchow2,bf3552e2306f,fl,FedProx,sgd,0.003,0.01,20,stratified,project_tss,raw,mlp,False,,1,0.9355555772781372,0.903173311635476,0.9045011748337694,0.8872277007131814,0.9074550987200602,0.9074550987200602,469.0,419,0.903173311635476,0.9045011748337694,0.8872277007131814,0,0.0,0.975,0.975609756097561
sgd,Virchow2,c1ab335da9b5,fl,SCAFFOLD,sgd,0.03,0.01,20,stratified,project_tss,raw,mlp,False,,1,0.5622222423553467,0.5508543531326282,0.41722007708169073,0.2989097284835375,0.46382634994445177,0.46382634994445177,100.0,18,0.5516680227827502,0.4180682535023862,0.29944479094562926,1,-0.08136696501219731,0.0,0.0
sgd,Virchow2,c53b5d709657,fl,SCAFFOLD,sgd,0.003,0.01,20,stratified,project_tss,raw,mlp,False,,2,0.9177777767181396,0.9015459723352319,0.8944531020613566,0.8820018027027189,0.9090502863232,0.9090502863232,464.0,414,0.9015459723352319,0.8944531020613566,0.8820018027027189,0,0.0,0.9833333333333333,0.975609756097561
sgd,Virchow2,c66b98895c96,fl,FedAvg,sgd,0.003,0.01,20,stratified,project_tss,raw,mlp,False,,4,0.9133333563804626,0.8812042310821806,0.8804941197180641,0.8599487419930401,0.886538606428156,0.886538606428156,254.0,204,0.8812042310821806,0.8804941197180641,0.8599487419930401,0,0.0,0.95,0.9024390243902439
sgd,Virchow2,c7973dd85c29,fl,FedProx,sgd,0.03,0.01,20,stratified,project_tss,raw,mlp,False,,1,0.9044444561004639,0.8942229454841334,0.8794739823419508,0.8832677513306169,0.8860582836593432,0.8860582836593432,312.0,262,0.8942229454841334,0.8794739823419508,0.8832677513306169,0,0.0,1.0,0.8536585365853658
sgd,Virchow2,ca4fe8838fd0,fl,FedProx,sgd,0.1,0.01,20,stratified,project_tss,raw,mlp,False,,3,0.5133333206176758,0.5223759153783564,0.31594947548704777,0.2246466108245008,0.44826790687587537,0.44826790687587537,100.0,14,0.5223759153783564,0.31594947548704777,0.22470123100167458,1,0.0,0.8666666666666667,0.0
sgd,Virchow2,cd558d9a230d,fl,SCAFFOLD,sgd,0.03,0.01,20,stratified,project_tss,raw,mlp,False,,0,0.6600000262260437,0.6647681041497152,0.4177613268881903,0.357855316084326,0.553652336970941,0.553652336970941,100.0,16,0.6647681041497152,0.4177613268881903,0.3577634991341988,1,0.0,0.8666666666666667,0.0
sgd,Virchow2,cfd5d18f81c0,fl,SCAFFOLD,sgd,0.003,0.01,20,stratified,project_tss,raw,mlp,False,,0,0.9222222566604614,0.8982912937347437,0.8865239446419916,0.8813838327546892,0.9082034504029913,0.9082034504029913,402.0,352,0.8982912937347437,0.8865239446419916,0.8813838327546892,0,0.0,0.9916666666666667,0.975609756097561
sgd,Virchow2,d21fdbc41197,fl,FedBN,sgd,0.01,0.01,20,stratified,project_tss,raw,mlp,False,,3,0.27092273141341283,0.31733116354759966,0.18347035490441044,0.151905939761278,0.2512446616091645,0.2512446616091645,140.0,90,0.31733116354759966,0.18347035490441044,0.151905939761278,0,0.0,0.058333333333333334,0.0
sgd,Virchow2,d3c329ee2459,fl,FedProx,sgd,0.01,0.01,20,stratified,project_tss,raw,mlp,False,,1,0.9222222566604614,0.9080553295362083,0.8893290020362152,0.8915128558655881,0.9012389284394853,0.9012389284394853,170.0,120,0.9080553295362083,0.8893290020362152,0.8915128558655881,0,0.0,1.0,0.9024390243902439
sgd,Virchow2,d4c6fc2a0898,fl,SCAFFOLD,sgd,0.1,0.01,20,stratified,project_tss,raw,mlp,False,,3,0.3199999928474426,0.28152969894222946,0.1111111111111111,0.04881834215167549,0.18691588785046728,0.18691588785046728,100.0,3,0.28152969894222946,0.1111111111111111,0.04881834215167549,0,0.0,0.0,0.0
sgd,Virchow2,dafb18e51914,fl,FedAvg,sgd,0.003,0.01,20,stratified,project_tss,raw,mlp,False,,2,0.944444477558136,0.9251423921887714,0.9299961318724697,0.9163634106949539,0.9291683670120621,0.9291683670120621,609.0,559,0.9251423921887714,0.9299961318724697,0.9163634106949539,0,0.0,0.9833333333333333,0.975609756097561
sgd,Virchow2,e0cfc1bbb703,fl,FedBN,sgd,0.01,0.01,20,stratified,project_tss,raw,mlp,False,,4,0.23332806842416629,0.31000813669650124,0.17703368553168947,0.1437130498053768,0.22388208379175337,0.22388208379175337,125.0,75,0.30919446704637915,0.1767125551527556,0.1434474656907385,1,0.08136696501220841,0.0,0.0
sgd,Virchow2,e80cbcba548f,fl,SCAFFOLD,sgd,0.003,0.01,20,stratified,project_tss,raw,mlp,False,,1,0.9311111569404602,0.9113100081366965,0.9130272660935361,0.9025079757088863,0.9189043625057727,0.9189043625057727,501.0,451,0.9113100081366965,0.9130272660935361,0.9025079757088863,0,0.0,0.9916666666666667,0.975609756097561
sgd,Virchow2,ef1b2eb7da91,fl,SCAFFOLD,sgd,0.03,0.01,20,stratified,project_tss,raw,mlp,False,,4,0.6422222256660461,0.6631407648494712,0.42735236453368486,0.3458067694918712,0.558051295393702,0.558051295393702,100.0,10,0.6631407648494712,0.42735236453368486,0.3458067694918712,0,0.0,1.0,0.0
sgd,Virchow2,f294a05fdb1a,fl,FedAvg,sgd,0.1,0.01,20,stratified,project_tss,raw,mlp,False,,1,0.5222222208976746,0.5085435313262815,0.32536528580603724,0.22141328368378554,0.43688658174639483,0.43688658174639483,100.0,2,0.5085435313262815,0.32536528580603724,0.22141328368378554,0,0.0,0.0,0.0
sgd,Virchow2,f46f230d9a28,fl,SCAFFOLD,sgd,0.003,0.01,20,stratified,project_tss,raw,mlp,False,,4,0.9244444370269775,0.8974776240846216,0.8974973183955982,0.8883676109266954,0.9122413892150735,0.9122413892150735,470.0,420,0.8974776240846216,0.8974973183955982,0.8883676109266954,0,0.0,0.9916666666666667,0.975609756097561
sgd,Virchow2,f52e7f33ce3c,fl,FedAvg,sgd,0.1,0.01,20,stratified,project_tss,raw,mlp,False,,2,0.5133333206176758,0.49959316517493896,0.34045240458535253,0.26355731020960105,0.4393403711994785,0.4393403711994785,100.0,27,0.49959316517493896,0.34045240458535253,0.2635663492555821,2,0.0,0.35833333333333334,0.0
sgd,Virchow2,f53c0c851165,fl,SCAFFOLD,sgd,0.03,0.01,20,stratified,project_tss,raw,mlp,False,,2,0.5288888812065125,0.5280716029292107,0.36886250780169283,0.28927298468261836,0.4691367635587193,0.4691367635587193,100.0,12,0.5280716029292107,0.36886250780169283,0.28920801691684916,1,0.0,0.0,0.0
sgd,Virchow2,f59f4c702f8f,fl,FedProx,sgd,0.01,0.01,20,stratified,project_tss,raw,mlp,False,,2,0.8844444751739502,0.8576078112286412,0.8313856768131738,0.8242461577333415,0.8593190012865057,0.8593190012865057,115.0,65,0.8576078112286412,0.8313856768131738,0.8242461577333415,0,0.0,0.9666666666666667,0.6829268292682927
sgd,Virchow2,f6572ea54693,fl,FedProx,sgd,0.01,0.01,20,stratified,project_tss,raw,mlp,False,,0,0.9311111569404602,0.8950366151342555,0.8926775253781933,0.8831673898988863,0.8841235282154332,0.8841235282154332,179.0,129,0.8950366151342555,0.8926775253781933,0.8831673898988863,0,0.0,0.9916666666666667,0.8780487804878049
sgd,Virchow2,fecadf1a7af1,fl,FedAvg,sgd,0.03,0.01,20,stratified,project_tss,raw,mlp,False,,2,0.902222216129303,0.8795768917819365,0.8513895822625294,0.8488591482959937,0.8818756996525803,0.8818756996525803,211.0,161,0.8795768917819365,0.8513895822625294,0.8488591482959937,0,0.0,0.9833333333333333,0.6341463414634146
sgd_mu,Conch_v15,0555d078dd2a,fl,FedProx,sgd,0.01,1.0,20,stratified,project_tss,raw,mlp,False,,1,0.897777795791626,0.8681855166802278,0.84714203445564,0.8436642440634018,0.8582325860526158,0.8582325860526158,100.0,27,0.8673718470301057,0.8468209040767061,0.8432277405058495,1,0.08136696501220841,0.9666666666666667,0.9024390243902439
sgd_mu,Conch_v15,06e2c43b92ad,fl,FedProx,sgd,0.1,0.001,20,stratified,project_tss,raw,mlp,False,,4,0.8533333539962769,0.8486574450772986,0.7983247671378954,0.7924643730422434,0.8371706008753339,0.8371706008753339,181.0,131,0.8486574450772986,0.7983247671378954,0.7924643730422434,0,0.0,0.9833333333333333,0.9024390243902439
sgd_mu,Conch_v15,09db1da004b0,fl,FedProx,sgd,0.01,0.001,20,stratified,project_tss,raw,mlp,False,,4,0.948888897895813,0.9137510170870626,0.9067709040125204,0.9021972987236713,0.9151372612354646,0.9151372612354646,362.0,312,0.9137510170870626,0.9067709040125204,0.9021972987236713,0,0.0,0.9916666666666667,0.9512195121951219
sgd_mu,Conch_v15,1748ec6a2500,fl,FedProx,sgd,0.003,1.0,20,stratified,project_tss,raw,mlp,False,,1,0.9000000357627869,0.8600488201790073,0.8323849283848226,0.8350708723536928,0.8468304360170464,0.8468304360170464,136.0,86,0.8608624898291294,0.8346071506070448,0.836994875602234,1,-0.08136696501220841,0.975,0.7560975609756098
sgd_mu,Conch_v15,17537f11f76c,fl,FedProx,sgd,0.003,0.1,20,stratified,project_tss,raw,mlp,False,,1,0.9000000357627869,0.8608624898291294,0.8329694398628145,0.8356740629716592,0.847679145977906,0.847679145977906,136.0,86,0.8600488201790073,0.8326483094838806,0.8352774434805528,1,0.08136696501220841,0.975,0.7560975609756098
sgd_mu,Conch_v15,19ce6a8fccea,fl,FedProx,sgd,0.1,0.1,20,stratified,project_tss,raw,mlp,False,,2,0.9000000357627869,0.8730675345809601,0.818243688036612,0.8149512850536438,0.8511245500328183,0.8511245500328183,264.0,214,0.8738812042310822,0.8190918644573075,0.8158208754267132,1,-0.08136696501220841,0.9916666666666667,0.926829268292683
sgd_mu,Conch_v15,1e727630c9e7,fl,FedProx,sgd,0.01,0.1,20,stratified,project_tss,raw,mlp,False,,0,0.944444477558136,0.9113100081366965,0.9111775435961188,0.9022121518855228,0.9108072067428745,0.9108072067428745,371.0,321,0.9113100081366965,0.9111775435961188,0.9022121518855228,0,0.0,0.975,0.926829268292683
sgd_mu,Conch_v15,21d35aa4ce95,fl,FedProx,sgd,0.003,0.001,20,stratified,project_tss,raw,mlp,False,,1,0.9000000357627869,0.8592351505288853,0.8318001330631852,0.8344293732507746,0.8464410279173581,0.8464410279173581,136.0,86,0.8592351505288853,0.8318001330631852,0.8344293732507746,0,0.0,0.975,0.7560975609756098
sgd_mu,Conch_v15,22357908dcee,fl,FedProx,sgd,0.1,0.001,20,stratified,project_tss,raw,mlp,False,,3,0.7911111116409302,0.8039056143205858,0.7282120592043093,0.6676923645707,0.772111096984829,0.772111096984829,100.0,29,0.8039056143205858,0.7282120592043093,0.6676923645707,0,0.0,0.875,0.926829268292683
sgd_mu,Conch_v15,23067d0b6778,fl,FedProx,sgd,0.003,1.0,20,stratified,project_tss,raw,mlp,False,,2,0.9111111164093018,0.8755085435313262,0.8499276643026171,0.8425045666753498,0.8513127772595124,0.8513127772595124,152.0,102,0.8755085435313262,0.8499276643026171,0.8425045666753498,0,0.0,0.9666666666666667,0.9024390243902439
sgd_mu,Conch_v15,23e938ed0f71,fl,FedProx,sgd,0.003,0.001,20,stratified,project_tss,raw,mlp,False,,2,0.9133333563804626,0.8795768917819365,0.8522415158038692,0.8448451436644856,0.8628867447135421,0.8628867447135421,196.0,146,0.8795768917819365,0.8522415158038692,0.8448451436644856,0,0.0,0.975,0.926829268292683
sgd_mu,Conch_v15,2449dd98e09b,fl,FedProx,sgd,0.01,0.001,20,stratified,project_tss,raw,mlp,False,,3,0.9533333778381348,0.9267697314890154,0.9194028873295671,0.9188057902735223,0.9352417702029018,0.9352417702029018,452.0,402,0.9267697314890154,0.9194028873295671,0.9188057902735223,0,0.0,0.9916666666666667,0.9512195121951219
sgd_mu,Conch_v15,28e7325f3cee,fl,FedProx,sgd,0.1,1.0,20,stratified,project_tss,raw,mlp,False,,3,0.8644444942474365,0.8502847843775427,0.8350034064741879,0.8144732403348203,0.8489709322662264,0.8489709322662264,146.0,96,0.8502847843775427,0.8350034064741879,0.8144732403348203,0,0.0,0.975,0.9024390243902439
sgd_mu,Conch_v15,2acddb5436b1,fl,FedProx,sgd,0.003,0.1,20,stratified,project_tss,raw,mlp,False,,2,0.9133333563804626,0.8803905614320586,0.8531674417297951,0.8462493244158336,0.863378628628938,0.863378628628938,196.0,146,0.8795768917819365,0.8522415158038692,0.8448451436644856,1,0.08136696501220841,0.9833333333333333,0.926829268292683
sgd_mu,Conch_v15,2d666cf994a9,fl,FedProx,sgd,0.003,0.1,20,stratified,project_tss,raw,mlp,False,,4,0.9000000357627869,0.8771358828315704,0.8436228531992559,0.8451044841219059,0.8509170956254857,0.8509170956254857,129.0,79,0.8771358828315704,0.8436228531992559,0.8451044841219059,0,0.0,1.0,0.8292682926829268
sgd_mu,Conch_v15,2e46fa22e9a0,fl,FedProx,sgd,0.03,1.0,20,stratified,project_tss,raw,mlp,False,,3,0.9600000381469727,0.9243287225386493,0.9227955007684092,0.9131247850230676,0.9274120734301045,0.9274120734301045,347.0,297,0.9243287225386493,0.9227955007684092,0.9131247850230676,0,0.0,0.9916666666666667,0.975609756097561
sgd_mu,Conch_v15,3897358cb4e7,fl,FedProx,sgd,0.03,0.001,20,stratified,project_tss,raw,mlp,False,,2,0.9533333778381348,0.9178193653376729,0.9090189944974019,0.9047210670883025,0.9236374425471724,0.9236374425471724,300.0,250,0.9178193653376729,0.9090189944974019,0.9047210670883025,0,0.0,0.9916666666666667,0.9512195121951219
sgd_mu,Conch_v15,41930682ce5a,fl,FedProx,sgd,0.1,1.0,20,stratified,project_tss,raw,mlp,False,,1,0.8088889122009277,0.7941415785191213,0.7362389747059817,0.7034519257892888,0.7593050319559036,0.7593050319559036,166.0,116,0.7941415785191213,0.7362389747059817,0.7034519257892888,0,0.0,0.8,0.9024390243902439
sgd_mu,Conch_v15,5031f4a0c366,fl,FedProx,sgd,0.1,0.001,20,stratified,project_tss,raw,mlp,False,,0,0.7977777719497681,0.7876322213181448,0.7237217215649809,0.7114803198315129,0.7614537166346108,0.7614537166346108,100.0,48,0.7876322213181448,0.7237217215649809,0.7114803198315129,0,0.0,0.85,0.7560975609756098
sgd_mu,Conch_v15,524fff233d22,fl,FedProx,sgd,0.01,0.1,20,stratified,project_tss,raw,mlp,False,,3,0.9333333373069763,0.8999186330349878,0.9011667829114914,0.8924653661381261,0.893334449316846,0.893334449316846,231.0,181,0.8999186330349878,0.9011667829114914,0.8924653661381261,0,0.0,0.9833333333333333,0.926829268292683
sgd_mu,Conch_v15,57849a8aecc2,fl,FedProx,sgd,0.1,0.001,20,stratified,project_tss,raw,mlp,False,,2,0.8111111521720886,0.8161106590724166,0.736746593553323,0.7225139954772752,0.7966884803087458,0.7966884803087458,100.0,40,0.8161106590724166,0.736746593553323,0.7225139954772752,0,0.0,0.9916666666666667,0.7073170731707317
sgd_mu,Conch_v15,5a3868908b7c,fl,FedProx,sgd,0.03,1.0,20,stratified,project_tss,raw,mlp,False,,0,0.9577777981758118,0.9121236777868186,0.9055269450491702,0.8998043103743968,0.92019783560839,0.92019783560839,311.0,261,0.9121236777868186,0.9055269450491702,0.8998043103743968,0,0.0,0.9916666666666667,0.975609756097561
sgd_mu,Conch_v15,5abd73397150,fl,FedProx,sgd,0.03,0.001,20,stratified,project_tss,raw,mlp,False,,1,0.9600000381469727,0.9308380797396257,0.9224660932239845,0.9238143423128956,0.9354698368172613,0.9354698368172613,338.0,288,0.9308380797396257,0.9224660932239845,0.9238143423128956,0,0.0,0.9916666666666667,0.9512195121951219
sgd_mu,Conch_v15,5ef3021ab882,fl,FedProx,sgd,0.01,0.1,20,stratified,project_tss,raw,mlp,False,,2,0.9377778172492981,0.9072416598860863,0.9029906170301685,0.8976913032419874,0.9043296946968267,0.9043296946968267,283.0,233,0.9072416598860863,0.9029906170301685,0.8976913032419874,0,0.0,0.9916666666666667,0.926829268292683
sgd_mu,Conch_v15,6033a237e336,fl,FedProx,sgd,0.003,0.001,20,stratified,project_tss,raw,mlp,False,,0,0.9066666960716248,0.8836452400325467,0.8600114494829747,0.8601756418761551,0.8608474168541668,0.8608474168541668,176.0,126,0.8836452400325467,0.8600114494829747,0.8601756418761551,0,0.0,0.9666666666666667,0.9024390243902439
sgd_mu,Conch_v15,637ee51093b7,fl,FedProx,sgd,0.03,1.0,20,stratified,project_tss,raw,mlp,False,,1,0.9511111378669739,0.9186330349877949,0.9096675388492166,0.9049508455012474,0.924073503543981,0.924073503543981,282.0,232,0.9186330349877949,0.9096675388492166,0.9049508455012474,0,0.0,0.9916666666666667,0.975609756097561
sgd_mu,Conch_v15,647cbb19102b,fl,FedProx,sgd,0.003,1.0,20,stratified,project_tss,raw,mlp,False,,0,0.9044444561004639,0.8689991863303499,0.8478058390732662,0.8452629423763114,0.8465375934711347,0.8465375934711347,140.0,90,0.8689991863303499,0.8478058390732662,0.8452629423763114,0,0.0,0.975,0.9024390243902439
sgd_mu,Conch_v15,67df77e5f91d,fl,FedProx,sgd,0.003,0.001,20,stratified,project_tss,raw,mlp,False,,4,0.9000000357627869,0.8763222131814483,0.8427746767785603,0.8443308273156899,0.8493594632267317,0.8493594632267317,129.0,79,0.8771358828315704,0.8436228531992559,0.8451044841219059,1,-0.08136696501220841,1.0,0.8292682926829268
sgd_mu,Conch_v15,6a7fa0eff852,fl,FedProx,sgd,0.03,0.1,20,stratified,project_tss,raw,mlp,False,,3,0.9622222185134888,0.9251423921887714,0.92178843523347,0.9147860656429779,0.9266559221264912,0.9266559221264912,356.0,306,0.9251423921887714,0.92178843523347,0.9147860656429779,0,0.0,0.9916666666666667,0.975609756097561
sgd_mu,Conch_v15,74351087c779,fl,FedProx,sgd,0.03,0.1,20,stratified,project_tss,raw,mlp,False,,1,0.9511111378669739,0.9129373474369405,0.9062361931119202,0.9058426371920293,0.9187369536957947,0.9187369536957947,255.0,205,0.9129373474369405,0.9062361931119202,0.9058426371920293,0,0.0,0.9916666666666667,0.926829268292683
sgd_mu,Conch_v15,7580c3b9c45f,fl,FedProx,sgd,0.03,0.001,20,stratified,project_tss,raw,mlp,False,,4,0.9644444584846497,0.9235150528885273,0.9134670749359386,0.9133344109283272,0.9295777570599626,0.9295777570599626,363.0,313,0.9235150528885273,0.9134670749359386,0.9133344109283272,0,0.0,0.9916666666666667,0.9512195121951219
sgd_mu,Conch_v15,781c1ea504fc,fl,FedProx,sgd,0.1,0.1,20,stratified,project_tss,raw,mlp,False,,3,0.7622222304344177,0.7184703010577705,0.6431445888855775,0.5788616847589493,0.6351754453675484,0.6351754453675484,101.0,51,0.7176566314076485,0.6425597935639399,0.5782546381527844,1,0.08136696501220841,0.2833333333333333,0.926829268292683
sgd_mu,Conch_v15,79ed7e24d284,fl,FedProx,sgd,0.01,0.001,20,stratified,project_tss,raw,mlp,False,,2,0.9377778172492981,0.9072416598860863,0.9029906170301685,0.8976913032419874,0.9043296946968267,0.9043296946968267,283.0,233,0.9072416598860863,0.9029906170301685,0.8976913032419874,0,0.0,0.9916666666666667,0.926829268292683
sgd_mu,Conch_v15,7c1831cd0cd2,fl,FedProx,sgd,0.1,0.001,20,stratified,project_tss,raw,mlp,False,,1,0.8155555725097656,0.8079739625711961,0.6998425712587379,0.6660838602749056,0.7619333131669805,0.7619333131669805,158.0,108,0.8079739625711961,0.6998425712587379,0.6660838602749056,0,0.0,0.8416666666666667,0.024390243902439025
sgd_mu,Conch_v15,7e8fdddff026,fl,FedProx,sgd,0.003,0.1,20,stratified,project_tss,raw,mlp,False,,3,0.902222216129303,0.8771358828315704,0.8584989157209931,0.8498132722002782,0.8589518556151015,0.8589518556151015,166.0,116,0.8771358828315704,0.8584989157209931,0.8498132722002782,0,0.0,0.9583333333333334,0.8536585365853658
sgd_mu,Conch_v15,7ed24396345b,fl,FedProx,sgd,0.03,1.0,20,stratified,project_tss,raw,mlp,False,,2,0.9644444584846497,0.9292107404393816,0.9250700612514142,0.9225803528925525,0.936816864371454,0.936816864371454,429.0,379,0.9292107404393816,0.9250700612514142,0.9225803528925525,0,0.0,0.9916666666666667,0.9512195121951219
sgd_mu,Conch_v15,8ba9aefbaf4e,fl,FedProx,sgd,0.01,0.1,20,stratified,project_tss,raw,mlp,False,,4,0.948888897895813,0.9137510170870626,0.9067709040125204,0.9021972987236713,0.9151372612354646,0.9151372612354646,362.0,312,0.9137510170870626,0.9067709040125204,0.9021972987236713,0,0.0,0.9916666666666667,0.9512195121951219
sgd_mu,Conch_v15,8c3df2609aba,fl,FedProx,sgd,0.1,1.0,20,stratified,project_tss,raw,mlp,False,,2,0.8377777934074402,0.7973962571196095,0.7169437401253348,0.6970384489903061,0.7736236919783255,0.7736236919783255,171.0,121,0.7973962571196095,0.7169437401253348,0.6970384489903061,0,0.0,0.775,0.14634146341463414
sgd_mu,Conch_v15,8cba07bc2d75,fl,FedProx,sgd,0.01,1.0,20,stratified,project_tss,raw,mlp,False,,4,0.948888897895813,0.9145646867371847,0.9073556993341578,0.9028410467121957,0.9160718406747168,0.9160718406747168,362.0,312,0.9145646867371847,0.9073556993341578,0.9028410467121957,0,0.0,0.9916666666666667,0.9512195121951219
sgd_mu,Conch_v15,8ec02d3d350a,fl,FedProx,sgd,0.1,0.1,20,stratified,project_tss,raw,mlp,False,,0,0.8288888931274414,0.7998372660699756,0.710030769392822,0.6913332160223045,0.776826137678987,0.776826137678987,101.0,51,0.7998372660699756,0.710030769392822,0.6913332160223045,0,0.0,0.7083333333333334,0.5853658536585366
sgd_mu,Conch_v15,97b28a54dada,fl,FedProx,sgd,0.003,0.001,20,stratified,project_tss,raw,mlp,False,,3,0.902222216129303,0.8787632221318145,0.856572420624048,0.850869829102901,0.8554164343616117,0.8554164343616117,151.0,101,0.8779495524816925,0.8554150132166406,0.8494153999353394,1,0.08136696501219731,0.975,0.8536585365853658
sgd_mu,Conch_v15,a4047a6d5eb0,fl,FedProx,sgd,0.03,0.1,20,stratified,project_tss,raw,mlp,False,,4,0.9577777981758118,0.9202603742880391,0.9125559711023283,0.9091623830623656,0.9229473803306304,0.9229473803306304,304.0,254,0.9202603742880391,0.9125559711023283,0.9091623830623656,0,0.0,0.9916666666666667,0.9512195121951219
sgd_mu,Conch_v15,a69145851ee9,fl,FedProx,sgd,0.01,0.1,20,stratified,project_tss,raw,mlp,False,,1,0.893333375453949,0.8641171684296176,0.8406801067908707,0.8376702298810286,0.8516985178363046,0.8516985178363046,100.0,27,0.8633034987794955,0.8400953114692332,0.837095353559826,1,0.08136696501220841,0.9666666666666667,0.9024390243902439
sgd_mu,Conch_v15,a7b0d8ea6d31,fl,FedProx,sgd,0.003,1.0,20,stratified,project_tss,raw,mlp,False,,3,0.902222216129303,0.8779495524816925,0.8548424011308706,0.8486030815126625,0.8530799857634809,0.8530799857634809,151.0,101,0.8779495524816925,0.8548424011308706,0.8486030815126625,0,0.0,0.975,0.8536585365853658
sgd_mu,Conch_v15,ac2e20b8174c,fl,FedProx,sgd,0.03,0.001,20,stratified,project_tss,raw,mlp,False,,0,0.9644444584846497,0.9210740439381611,0.9108309898631813,0.9100747154266509,0.9281815267284198,0.9281815267284198,379.0,329,0.9210740439381611,0.9108309898631813,0.9100747154266509,0,0.0,0.9916666666666667,0.9512195121951219
sgd_mu,Conch_v15,ac883d81e0bf,fl,FedProx,sgd,0.01,1.0,20,stratified,project_tss,raw,mlp,False,,0,0.9422222375869751,0.9096826688364524,0.9068990370497811,0.8981904348308727,0.904865446011394,0.904865446011394,314.0,264,0.9096826688364524,0.9068990370497811,0.8981904348308727,0,0.0,0.9916666666666667,0.926829268292683
sgd_mu,Conch_v15,af4265c2afe4,fl,FedProx,sgd,0.01,0.001,20,stratified,project_tss,raw,mlp,False,,0,0.944444477558136,0.9113100081366965,0.9111775435961188,0.9018589587612453,0.9108072067428745,0.9108072067428745,371.0,321,0.9113100081366965,0.9111775435961188,0.9018589587612453,0,0.0,0.975,0.926829268292683
sgd_mu,Conch_v15,b0519ec8d520,fl,FedProx,sgd,0.03,0.1,20,stratified,project_tss,raw,mlp,False,,0,0.9511111378669739,0.9113100081366965,0.9035414536903621,0.8974496250385998,0.9147221821988901,0.9147221821988901,268.0,218,0.9113100081366965,0.9035414536903621,0.8974496250385998,0,0.0,0.9833333333333333,0.9512195121951219
sgd_mu,Conch_v15,b4e8d815fa0d,fl,FedProx,sgd,0.03,1.0,20,stratified,project_tss,raw,mlp,False,,4,0.9577777981758118,0.9218877135882831,0.9154243495432257,0.9112959351648559,0.9282433304863936,0.9282433304863936,304.0,254,0.9218877135882831,0.9154243495432257,0.9112959351648559,0,0.0,0.9916666666666667,0.9512195121951219
sgd_mu,Conch_v15,c52fddc766a5,fl,FedProx,sgd,0.03,0.1,20,stratified,project_tss,raw,mlp,False,,2,0.9533333778381348,0.9178193653376729,0.9087556133983438,0.9045243286729592,0.9235581186750136,0.9235581186750136,300.0,250,0.9178193653376729,0.9087556133983438,0.9045243286729592,0,0.0,0.9916666666666667,0.9512195121951219
sgd_mu,Conch_v15,c7f3421fbb20,fl,FedProx,sgd,0.003,0.1,20,stratified,project_tss,raw,mlp,False,,0,0.9066666960716248,0.8828315703824248,0.8591632730622791,0.8593829975243321,0.8606527128043224,0.8606527128043224,176.0,126,0.8828315703824248,0.8591632730622791,0.8593829975243321,0,0.0,0.9666666666666667,0.9024390243902439
sgd_mu,Conch_v15,c808424e8a40,fl,FedProx,sgd,0.1,1.0,20,stratified,project_tss,raw,mlp,False,,0,0.7777777910232544,0.7762408462164361,0.7057862048433422,0.6697549740319352,0.7306600989998313,0.7306600989998313,100.0,43,0.774613506916192,0.7039343529914903,0.6669954557749761,2,0.16273393002440573,0.45,0.926829268292683
sgd_mu,Conch_v15,c92c5196ca82,fl,FedProx,sgd,0.01,1.0,20,stratified,project_tss,raw,mlp,False,,2,0.9377778172492981,0.9088689991863304,0.9046869698715595,0.8992749772628341,0.9054719584559128,0.9054719584559128,283.0,233,0.9088689991863304,0.9046869698715595,0.8992749772628341,0,0.0,0.9916666666666667,0.926829268292683
sgd_mu,Conch_v15,d2fab3a566a0,fl,FedProx,sgd,0.1,0.1,20,stratified,project_tss,raw,mlp,False,,1,0.8288888931274414,0.7982099267697315,0.7320124223008082,0.7350567016060141,0.7739843682596866,0.7739843682596866,141.0,91,0.7982099267697315,0.7320124223008082,0.7350567016060141,0,0.0,0.9666666666666667,0.7317073170731707
sgd_mu,Conch_v15,d3e81bfac45e,fl,FedProx,sgd,0.003,1.0,20,stratified,project_tss,raw,mlp,False,,4,0.9000000357627869,0.8746948738812043,0.8398285488324325,0.8411726680079892,0.846998420432831,0.846998420432831,129.0,79,0.8746948738812043,0.8398285488324325,0.8411726680079892,0,0.0,0.9916666666666667,0.8292682926829268
sgd_mu,Conch_v15,d6fd131f9037,fl,FedProx,sgd,0.01,0.001,20,stratified,project_tss,raw,mlp,False,,1,0.897777795791626,0.8665581773799838,0.845972443812365,0.8426176770568572,0.857409191148224,0.857409191148224,100.0,27,0.8665581773799838,0.845972443812365,0.8426176770568572,0,0.0,0.9666666666666667,0.9024390243902439
sgd_mu,Conch_v15,f383a3d88880,fl,FedProx,sgd,0.03,0.001,20,stratified,project_tss,raw,mlp,False,,3,0.9622222185134888,0.9251423921887714,0.9209524420486418,0.9138157649162001,0.9256873942888045,0.9256873942888045,356.0,306,0.9251423921887714,0.9209524420486418,0.9138157649162001,0,0.0,0.9916666666666667,0.975609756097561
sgd_mu,Conch_v15,f3d5c0553c85,fl,FedProx,sgd,0.1,1.0,20,stratified,project_tss,raw,mlp,False,,4,0.800000011920929,0.7615947925142392,0.7504564292788864,0.7070100847983756,0.7743892321146192,0.7743892321146192,100.0,44,0.7599674532139952,0.7495505035783152,0.7057215012698816,2,0.16273393002440573,0.9583333333333334,0.8536585365853658
sgd_mu,Conch_v15,f917b472bcb7,fl,FedProx,sgd,0.1,0.1,20,stratified,project_tss,raw,mlp,False,,4,0.7866666913032532,0.7786818551668023,0.6583202580532987,0.6580480532627617,0.7327134309057401,0.7327134309057401,100.0,16,0.7794955248169243,0.6594776654607061,0.6588075597677245,1,-0.08136696501219731,0.7,0.7317073170731707
sgd_mu,Conch_v15,fc2eae212286,fl,FedProx,sgd,0.01,1.0,20,stratified,project_tss,raw,mlp,False,,3,0.9466667175292969,0.9210740439381611,0.9136831835961028,0.9124792546730487,0.9266660909496525,0.9266660909496525,365.0,315,0.9210740439381611,0.9136831835961028,0.9124792546730487,0,0.0,0.9916666666666667,0.9512195121951219
sgd_mu,Phikon_v2,05787fc9cb47,fl,FedProx,sgd,0.03,0.001,20,stratified,project_tss,raw,mlp,False,,3,0.9733333587646484,0.9487388120423108,0.9490297001388094,0.9470593100605065,0.94188527665942,0.94188527665942,335.0,285,0.9487388120423108,0.9490297001388094,0.9470593100605065,0,0.0,1.0,0.975609756097561
sgd_mu,Phikon_v2,094ae0b32979,fl,FedProx,sgd,0.1,0.1,20,stratified,project_tss,raw,mlp,False,,3,0.9866666793823242,0.9552481692432873,0.9537527772249805,0.9532347655561826,0.9527099242052514,0.9527099242052514,386.0,336,0.9552481692432873,0.9537527772249805,0.9532347655561826,0,0.0,1.0,0.975609756097561
sgd_mu,Phikon_v2,0c887fd15e8b,fl,FedProx,sgd,0.1,1.0,20,stratified,project_tss,raw,mlp,False,,2,0.9666666984558105,0.9471114727420668,0.9462441280575327,0.9446628111457278,0.9484045390976855,0.9484045390976855,225.0,175,0.9471114727420668,0.9462441280575327,0.9446628111457278,0,0.0,1.0,0.975609756097561
sgd_mu,Phikon_v2,0d2d15d65e2f,fl,FedProx,sgd,0.1,1.0,20,stratified,project_tss,raw,mlp,False,,4,0.9644444584846497,0.9381611065907242,0.9375798950705835,0.9351624478631501,0.9332979671764718,0.9332979671764718,208.0,158,0.9381611065907242,0.9375798950705835,0.9351624478631501,0,0.0,1.0,0.975609756097561
sgd_mu,Phikon_v2,0eadcfc28906,fl,FedProx,sgd,0.03,0.001,20,stratified,project_tss,raw,mlp,False,,1,0.9555555582046509,0.9316517493897477,0.9348498934466538,0.9302418375485446,0.9309852417261331,0.9309852417261331,219.0,169,0.9316517493897477,0.9348498934466538,0.9302418375485446,0,0.0,1.0,0.975609756097561
sgd_mu,Phikon_v2,0f2cd27a3d2e,fl,FedProx,sgd,0.1,1.0,20,stratified,project_tss,raw,mlp,False,,0,0.9777777791023254,0.9576891781936534,0.9581983983303556,0.9556638630395705,0.9621706867033969,0.9621706867033969,350.0,300,0.9576891781936534,0.9581983983303556,0.9556638630395705,0,0.0,1.0,0.975609756097561
sgd_mu,Phikon_v2,12e6a902244f,fl,FedProx,sgd,0.03,0.001,20,stratified,project_tss,raw,mlp,False,,2,0.9666666984558105,0.9471114727420668,0.9486496851054179,0.9465165353275099,0.9420618869995816,0.9420618869995816,283.0,233,0.9471114727420668,0.9486496851054179,0.9465165353275099,0,0.0,1.0,0.975609756097561
sgd_mu,Phikon_v2,13f2983a5c32,fl,FedProx,sgd,0.1,0.001,20,stratified,project_tss,raw,mlp,False,,3,0.9666666984558105,0.9365337672904801,0.9442661947936466,0.938469855478651,0.9317785553699139,0.9317785553699139,213.0,163,0.9365337672904801,0.9442661947936466,0.938469855478651,0,0.0,1.0,0.975609756097561
sgd_mu,Phikon_v2,16d08265d309,fl,FedProx,sgd,0.003,0.001,20,stratified,project_tss,raw,mlp,False,,1,0.6377778053283691,0.6061838893409276,0.3557483408693821,0.2950589430379108,0.4442010584466226,0.4442010584466226,220.0,170,0.6061838893409276,0.3557483408693821,0.2951085272439326,1,0.0,0.0,0.0
sgd_mu,Phikon_v2,18e599bf73a8,fl,FedProx,sgd,0.01,0.001,20,stratified,project_tss,raw,mlp,False,,3,0.9244444370269775,0.9064279902359642,0.9019554942155192,0.8965391975004321,0.9002864637532116,0.9002864637532116,204.0,154,0.9064279902359642,0.9019554942155192,0.8965391975004321,0,0.0,0.9666666666666667,0.926829268292683
sgd_mu,Phikon_v2,22c4df9094fd,fl,FedProx,sgd,0.003,1.0,20,stratified,project_tss,raw,mlp,False,,0,0.948888897895813,0.9267697314890154,0.9252631110611552,0.9208097748794393,0.9199115542505764,0.9199115542505764,775.0,725,0.9267697314890154,0.9252631110611552,0.9208097748794393,0,0.0,0.975,0.975609756097561
sgd_mu,Phikon_v2,240907cbb4b0,fl,FedProx,sgd,0.003,0.001,20,stratified,project_tss,raw,mlp,False,,0,0.948888897895813,0.9267697314890154,0.9252631110611552,0.9208097748794393,0.9199115542505764,0.9199115542505764,775.0,725,0.9267697314890154,0.9252631110611552,0.9208097748794393,0,0.0,0.975,0.975609756097561
sgd_mu,Phikon_v2,251659a2cf44,fl,FedProx,sgd,0.003,0.1,20,stratified,project_tss,raw,mlp,False,,3,0.648888885974884,0.6175752644426363,0.3668335189928815,0.2994628587858347,0.45801347915156665,0.45801347915156665,214.0,164,0.6175752644426363,0.3668335189928815,0.2994084424479154,3,0.0,0.0,0.0
sgd_mu,Phikon_v2,3630548d4683,fl,FedProx,sgd,0.01,0.1,20,stratified,project_tss,raw,mlp,False,,4,0.9177777767181396,0.8812042310821806,0.8692803256464414,0.873354330763938,0.8796772865507406,0.8796772865507406,174.0,124,0.8812042310821806,0.8692803256464414,0.873354330763938,0,0.0,0.7083333333333334,0.9024390243902439
sgd_mu,Phikon_v2,3898b25f7d3a,fl,FedProx,sgd,0.1,0.001,20,stratified,project_tss,raw,mlp,False,,0,0.9644444584846497,0.9381611065907242,0.9406366499730576,0.9380323455428403,0.9421511294174846,0.9421511294174846,227.0,177,0.9381611065907242,0.9406366499730576,0.9380323455428403,0,0.0,1.0,0.975609756097561
sgd_mu,Phikon_v2,3fce4ac25dba,fl,FedProx,sgd,0.03,0.1,20,stratified,project_tss,raw,mlp,False,,0,0.9777777791023254,0.9544344995931652,0.9513701640975906,0.9516948321292334,0.9583123248621691,0.9583123248621691,407.0,357,0.9544344995931652,0.9513701640975906,0.9516948321292334,0,0.0,1.0,0.975609756097561
sgd_mu,Phikon_v2,404d0ac59f87,fl,FedProx,sgd,0.003,0.001,20,stratified,project_tss,raw,mlp,False,,2,0.5533333420753479,0.5069161920260374,0.28721821615622545,0.24418901281543054,0.3542815796253635,0.3542815796253635,107.0,57,0.5061025223759154,0.28742413181905335,0.2444700988387396,5,0.08136696501220841,0.0,0.0
sgd_mu,Phikon_v2,41b348bee667,fl,FedProx,sgd,0.01,0.001,20,stratified,project_tss,raw,mlp,False,,1,0.9577777981758118,0.9332790886899919,0.9356003201367642,0.9303059680722348,0.9333254823519621,0.9333254823519621,422.0,372,0.9332790886899919,0.9356003201367642,0.9303059680722348,0,0.0,0.9833333333333333,0.975609756097561
sgd_mu,Phikon_v2,4924db27c420,fl,FedProx,sgd,0.01,0.1,20,stratified,project_tss,raw,mlp,False,,1,0.9577777981758118,0.9316517493897477,0.9335169868034308,0.928230287019281,0.9283410586759496,0.9283410586759496,422.0,372,0.9316517493897477,0.9335169868034308,0.928230287019281,0,0.0,0.975,0.975609756097561
sgd_mu,Phikon_v2,4d15e70406bc,fl,FedProx,sgd,0.01,0.001,20,stratified,project_tss,raw,mlp,False,,2,0.9200000166893005,0.903173311635476,0.8957681619218923,0.8933013343484121,0.8994938806008155,0.8994938806008155,207.0,157,0.903173311635476,0.8957681619218923,0.8933013343484121,0,0.0,0.9083333333333333,0.9024390243902439
sgd_mu,Phikon_v2,542667f380f7,fl,FedProx,sgd,0.003,1.0,20,stratified,project_tss,raw,mlp,False,,3,0.6511111259460449,0.6175752644426363,0.3671261398580214,0.29988455789721946,0.45746830781200276,0.45746830781200276,214.0,164,0.6183889340927583,0.3676816954135769,0.30028750608143034,1,-0.08136696501219731,0.0,0.0
sgd_mu,Phikon_v2,57ccb074e8bf,fl,FedProx,sgd,0.1,0.1,20,stratified,project_tss,raw,mlp,False,,1,0.9622222185134888,0.9422294548413345,0.9477862984284021,0.9424166930165955,0.935238057200674,0.935238057200674,220.0,170,0.9422294548413345,0.9477862984284021,0.9424166930165955,0,0.0,1.0,0.975609756097561
sgd_mu,Phikon_v2,59fc39787993,fl,FedProx,sgd,0.1,0.001,20,stratified,project_tss,raw,mlp,False,,2,0.9800000190734863,0.9585028478437754,0.9579927665111734,0.9572770891375024,0.9579279927410768,0.9579279927410768,305.0,255,0.9585028478437754,0.9579927665111734,0.9572770891375024,0,0.0,1.0,0.975609756097561
sgd_mu,Phikon_v2,5d8b318f98ba,fl,FedProx,sgd,0.03,1.0,20,stratified,project_tss,raw,mlp,False,,0,0.9644444584846497,0.9373474369406021,0.9388854688609428,0.9346015945309046,0.9344181476190822,0.9344181476190822,259.0,209,0.9373474369406021,0.9388854688609428,0.9346015945309046,0,0.0,1.0,0.975609756097561
sgd_mu,Phikon_v2,60c04e712af2,fl,FedProx,sgd,0.01,1.0,20,stratified,project_tss,raw,mlp,False,,0,0.944444477558136,0.9251423921887714,0.9241100892531039,0.9190090226462222,0.9244000592842526,0.9244000592842526,354.0,304,0.9259560618388935,0.9263323114753261,0.9207582886986394,1,-0.08136696501220841,1.0,0.975609756097561
sgd_mu,Phikon_v2,666524853c68,fl,FedProx,sgd,0.1,0.001,20,stratified,project_tss,raw,mlp,False,,4,0.9888889193534851,0.9633848657445078,0.9630821088789917,0.960334261482563,0.961350382339479,0.961350382339479,418.0,368,0.9633848657445078,0.9630821088789917,0.960334261482563,0,0.0,1.0,0.975609756097561
sgd_mu,Phikon_v2,6fd6328238ba,fl,FedProx,sgd,0.03,0.001,20,stratified,project_tss,raw,mlp,False,,0,0.9755555987358093,0.9528071602929211,0.950727903339723,0.9495231484412316,0.9571382004403811,0.9571382004403811,372.0,322,0.9528071602929211,0.950727903339723,0.9495231484412316,0,0.0,1.0,0.975609756097561
sgd_mu,Phikon_v2,6fe0cddbb9bd,fl,FedProx,sgd,0.003,0.1,20,stratified,project_tss,raw,mlp,False,,2,0.5577777624130249,0.5069161920260374,0.2869548350571674,0.24372628560955562,0.35502145501477167,0.35502145501477167,107.0,57,0.5061025223759154,0.28742413181905335,0.2444700988387396,6,0.08136696501220841,0.0,0.0
sgd_mu,Phikon_v2,728da01c409b,fl,FedProx,sgd,0.01,1.0,20,stratified,project_tss,raw,mlp,False,,3,0.9244444370269775,0.9137510170870626,0.912716412965088,0.9089528783238153,0.9158139283850378,0.9158139283850378,205.0,155,0.9137510170870626,0.912716412965088,0.9089528783238153,0,0.0,0.9916666666666667,0.926829268292683
sgd_mu,Phikon_v2,7844a3b4c213,fl,FedProx,sgd,0.03,0.1,20,stratified,project_tss,raw,mlp,False,,1,0.9733333587646484,0.9495524816924329,0.9530961577417294,0.9481356216457052,0.9430547270889951,0.9430547270889951,296.0,246,0.9495524816924329,0.9530961577417294,0.9481356216457052,0,0.0,1.0,0.975609756097561
sgd_mu,Phikon_v2,7d54d9fff0c2,fl,FedProx,sgd,0.1,0.1,20,stratified,project_tss,raw,mlp,False,,2,0.8600000143051147,0.8177379983726607,0.7389066950527362,0.7535137322197334,0.8113520930376152,0.8113520930376152,100.0,43,0.8177379983726607,0.7389066950527362,0.7535137322197334,0,0.0,0.6583333333333333,0.2682926829268293
sgd_mu,Phikon_v2,7f5ea30d0859,fl,FedProx,sgd,0.003,1.0,20,stratified,project_tss,raw,mlp,False,,4,0.5800000429153442,0.5459723352318958,0.2973109556164013,0.23111894524754215,0.3899953196682169,0.3899953196682169,145.0,95,0.5467860048820179,0.2978665111719569,0.23160411987468832,3,-0.08136696501220841,0.0,0.0
sgd_mu,Phikon_v2,81757155a394,fl,FedProx,sgd,0.01,0.1,20,stratified,project_tss,raw,mlp,False,,3,0.9244444370269775,0.9064279902359642,0.9022966248198077,0.8968776226056563,0.9004542894662088,0.9004542894662088,204.0,154,0.9072416598860863,0.9031448012405031,0.8977679217154731,1,-0.08136696501220841,0.975,0.926829268292683
sgd_mu,Phikon_v2,8478d8dc1212,fl,FedProx,sgd,0.1,1.0,20,stratified,project_tss,raw,mlp,False,,3,0.9844444394111633,0.9528071602929211,0.9515472361980031,0.9517572422353907,0.9607237893063438,0.9607237893063438,427.0,377,0.9528071602929211,0.9515472361980031,0.9517572422353907,0,0.0,1.0,1.0
sgd_mu,Phikon_v2,8d9efc3d53a1,fl,FedProx,sgd,0.1,0.001,20,stratified,project_tss,raw,mlp,False,,1,0.9800000190734863,0.950366151342555,0.946877475157283,0.9470801927007962,0.9611989083951701,0.9611989083951701,328.0,278,0.950366151342555,0.946877475157283,0.9470801927007962,0,0.0,1.0,0.975609756097561
sgd_mu,Phikon_v2,9a9aebf3c5db,fl,FedProx,sgd,0.03,0.001,20,stratified,project_tss,raw,mlp,False,,4,0.9800000190734863,0.9601301871440195,0.9612878727767272,0.9594518502642487,0.9607284344823286,0.9607284344823286,430.0,380,0.9601301871440195,0.9612878727767272,0.9594518502642487,0,0.0,1.0,1.0
sgd_mu,Phikon_v2,9b580d9a74de,fl,FedProx,sgd,0.03,0.1,20,stratified,project_tss,raw,mlp,False,,2,0.9666666984558105,0.9471114727420668,0.9486496851054179,0.9465165353275099,0.9420618869995816,0.9420618869995816,283.0,233,0.9471114727420668,0.9486496851054179,0.9465165353275099,0,0.0,1.0,0.975609756097561
sgd_mu,Phikon_v2,9e109eaf9026,fl,FedProx,sgd,0.01,0.1,20,stratified,project_tss,raw,mlp,False,,2,0.9200000166893005,0.9015459723352319,0.8942574406743289,0.8913365625221199,0.8980433869384837,0.8980433869384837,207.0,157,0.9015459723352319,0.8942574406743289,0.8913365625221199,0,0.0,0.9,0.9024390243902439
sgd_mu,Phikon_v2,9e163c10e2df,fl,FedProx,sgd,0.03,1.0,20,stratified,project_tss,raw,mlp,False,,3,0.9800000190734863,0.951993490642799,0.9519387834546585,0.9500572200175343,0.9589617403480332,0.9589617403480332,494.0,444,0.951993490642799,0.9519387834546585,0.9500572200175343,0,0.0,0.9916666666666667,1.0
sgd_mu,Phikon_v2,a48e94596561,fl,FedProx,sgd,0.003,0.1,20,stratified,project_tss,raw,mlp,False,,0,0.948888897895813,0.9267697314890154,0.9252631110611552,0.9208097748794393,0.9199115542505764,0.9199115542505764,775.0,725,0.9267697314890154,0.9252631110611552,0.9208097748794393,0,0.0,0.975,0.975609756097561
sgd_mu,Phikon_v2,acde78576ab6,fl,FedProx,sgd,0.003,0.1,20,stratified,project_tss,raw,mlp,False,,1,0.6377778053283691,0.6053702196908055,0.35490016444868666,0.2943793778552102,0.4440063543967784,0.4440063543967784,220.0,170,0.6053702196908055,0.35490016444868666,0.2943793778552102,0,0.0,0.0,0.0
sgd_mu,Phikon_v2,b7423dea3c11,fl,FedProx,sgd,0.003,0.1,20,stratified,project_tss,raw,mlp,False,,4,0.5800000429153442,0.54759967453214,0.2984220667275124,0.23186151301793811,0.3912697461762883,0.3912697461762883,145.0,95,0.54759967453214,0.2984220667275124,0.23189209278253722,1,0.0,0.0,0.0
sgd_mu,Phikon_v2,bd4337b8aa97,fl,FedProx,sgd,0.1,0.1,20,stratified,project_tss,raw,mlp,False,,4,0.9844444394111633,0.9617575264442636,0.9611226587821883,0.9584749532350432,0.9634137395430231,0.9634137395430231,412.0,362,0.9617575264442636,0.9611226587821883,0.9584749532350432,0,0.0,1.0,0.975609756097561
sgd_mu,Phikon_v2,bf3f4cdf3a6d,fl,FedProx,sgd,0.01,1.0,20,stratified,project_tss,raw,mlp,False,,1,0.9577777981758118,0.9349064279902359,0.9352522880462616,0.9326796719453423,0.9365795030514655,0.9365795030514655,424.0,374,0.9349064279902359,0.9352522880462616,0.9326796719453423,0,0.0,1.0,0.975609756097561
sgd_mu,Phikon_v2,c0091aed2aaf,fl,FedProx,sgd,0.03,1.0,20,stratified,project_tss,raw,mlp,False,,1,0.9800000190734863,0.9593165174938975,0.9572037998749295,0.9568329320776381,0.9558181837776853,0.9558181837776853,434.0,384,0.9593165174938975,0.9572037998749295,0.9568329320776381,0,0.0,1.0,0.975609756097561
sgd_mu,Phikon_v2,c25de3619306,fl,FedProx,sgd,0.03,1.0,20,stratified,project_tss,raw,mlp,False,,4,0.9133333563804626,0.8787632221318145,0.8513036001673046,0.8605668553173121,0.8749259532892095,0.8749259532892095,100.0,37,0.8787632221318145,0.8513036001673046,0.8605668553173121,0,0.0,0.7,0.9512195121951219
sgd_mu,Phikon_v2,c58599dc58c2,fl,FedProx,sgd,0.03,0.1,20,stratified,project_tss,raw,mlp,False,,4,0.9800000190734863,0.9601301871440195,0.9612878727767272,0.9594518502642487,0.9607284344823286,0.9607284344823286,430.0,380,0.9601301871440195,0.9612878727767272,0.9594518502642487,0,0.0,1.0,1.0
sgd_mu,Phikon_v2,c692a997273e,fl,FedProx,sgd,0.003,0.001,20,stratified,project_tss,raw,mlp,False,,4,0.5800000429153442,0.5459723352318958,0.2973109556164013,0.23119821050094855,0.3899953196682169,0.3899953196682169,145.0,95,0.54759967453214,0.2984220667275124,0.23176616152882032,5,-0.16273393002441683,0.0,0.0
sgd_mu,Phikon_v2,c839b39f05cf,fl,FedProx,sgd,0.1,1.0,20,stratified,project_tss,raw,mlp,False,,1,0.9644444584846497,0.9462978030919447,0.9505838759132017,0.9474467487382374,0.9474194894755642,0.9474194894755642,226.0,176,0.9462978030919447,0.9505838759132017,0.9474467487382374,0,0.0,1.0,0.975609756097561
sgd_mu,Phikon_v2,cc2e205c3ced,fl,FedProx,sgd,0.01,0.1,20,stratified,project_tss,raw,mlp,False,,0,0.944444477558136,0.9251423921887714,0.9243734703521618,0.9193500195854281,0.924315097517048,0.924315097517048,354.0,304,0.9251423921887714,0.9243734703521618,0.9193500195854281,0,0.0,1.0,0.975609756097561
sgd_mu,Phikon_v2,cfde8d7a5fd1,fl,FedProx,sgd,0.1,0.1,20,stratified,project_tss,raw,mlp,False,,0,0.9822222590446472,0.9568755085435313,0.9567663194053075,0.955030624067088,0.9557454530585371,0.9557454530585371,353.0,303,0.9568755085435313,0.9567663194053075,0.955030624067088,0,0.0,1.0,0.975609756097561
sgd_mu,Phikon_v2,d41587e0d337,fl,FedProx,sgd,0.03,1.0,20,stratified,project_tss,raw,mlp,False,,2,0.9666666984558105,0.9462978030919447,0.9483282708828386,0.945899315161648,0.9414054562029639,0.9414054562029639,283.0,233,0.9462978030919447,0.9483282708828386,0.945899315161648,0,0.0,1.0,0.975609756097561
sgd_mu,Phikon_v2,d485403df414,fl,FedProx,sgd,0.01,1.0,20,stratified,project_tss,raw,mlp,False,,4,0.9177777767181396,0.886899918633035,0.870363154533708,0.8726857794893064,0.8977168359444142,0.8977168359444142,202.0,152,0.886899918633035,0.870363154533708,0.8726857794893064,0,0.0,0.7833333333333333,0.9024390243902439
sgd_mu,Phikon_v2,d9260febce0e,fl,FedProx,sgd,0.003,0.001,20,stratified,project_tss,raw,mlp,False,,3,0.6511111259460449,0.6175752644426363,0.3668335189928815,0.29946280608714126,0.45801347915156665,0.45801347915156665,214.0,164,0.6175752644426363,0.3668335189928815,0.2994377918555904,2,0.0,0.0,0.0
sgd_mu,Phikon_v2,de902b3bac7d,fl,FedProx,sgd,0.003,1.0,20,stratified,project_tss,raw,mlp,False,,2,0.5555555820465088,0.5093572009764036,0.28847422815816703,0.24504087477821324,0.3561881781387694,0.3561881781387694,107.0,57,0.5101708706265257,0.28958578567792054,0.24630360620785455,6,-0.08136696501220841,0.0,0.0
sgd_mu,Phikon_v2,e10f828d40ef,fl,FedProx,sgd,0.01,0.001,20,stratified,project_tss,raw,mlp,False,,0,0.944444477558136,0.9251423921887714,0.9243734703521618,0.9192453654565674,0.924315097517048,0.924315097517048,354.0,304,0.9251423921887714,0.9243734703521618,0.9192453654565674,0,0.0,1.0,0.975609756097561
sgd_mu,Phikon_v2,e7ceb1a9c8fb,fl,FedProx,sgd,0.01,0.001,20,stratified,project_tss,raw,mlp,False,,4,0.9200000166893005,0.8820179007323027,0.8702062515723673,0.8733345321855996,0.8827925513482483,0.8827925513482483,174.0,124,0.8812042310821806,0.8696214562507298,0.8727486180601662,1,0.08136696501220841,0.7166666666666667,0.9024390243902439
sgd_mu,Phikon_v2,e95d6a781516,fl,FedProx,sgd,0.003,1.0,20,stratified,project_tss,raw,mlp,False,,1,0.6377778053283691,0.6053702196908055,0.35490016444868666,0.29455778770644164,0.4440063543967784,0.4440063543967784,220.0,170,0.6053702196908055,0.35490016444868666,0.2944925144352617,1,0.0,0.0,0.0
sgd_mu,Phikon_v2,f6f6de3e2cab,fl,FedProx,sgd,0.01,1.0,20,stratified,project_tss,raw,mlp,False,,2,0.9377778172492981,0.9178193653376729,0.9139321057350462,0.9096576117777787,0.9165621676846788,0.9165621676846788,303.0,253,0.9178193653376729,0.9139321057350462,0.9096576117777787,0,0.0,0.9833333333333333,0.9512195121951219
sgd_mu,Phikon_v2,fab0859ffaca,fl,FedProx,sgd,0.03,0.1,20,stratified,project_tss,raw,mlp,False,,3,0.9733333587646484,0.9495524816924329,0.9498778765595048,0.9478252451422355,0.9424044874590046,0.9424044874590046,335.0,285,0.9495524816924329,0.9498778765595048,0.9478252451422355,0,0.0,1.0,0.975609756097561
sgd_mu,UNI_v2,01ed347772de,fl,FedProx,sgd,0.1,0.1,20,stratified,project_tss,raw,mlp,False,,2,0.7377777695655823,0.7550854353132628,0.6902681730682336,0.6678364479093817,0.6991319187088985,0.6991319187088985,107.0,57,0.7550854353132628,0.6902681730682336,0.6678364479093817,0,0.0,0.8416666666666667,0.7560975609756098
sgd_mu,UNI_v2,04955475b276,fl,FedProx,sgd,0.1,0.001,20,stratified,project_tss,raw,mlp,False,,4,0.7888889312744141,0.7933279088689992,0.7107823245440343,0.6682338080929738,0.7774488504519937,0.7774488504519937,180.0,130,0.7933279088689992,0.7107823245440343,0.6680260699788124,1,0.0,0.975,0.7073170731707317
sgd_mu,UNI_v2,0c806be2140a,fl,FedProx,sgd,0.01,0.1,20,stratified,project_tss,raw,mlp,False,,0,0.9066666960716248,0.8893409275834011,0.8730390484574692,0.8612182582636991,0.8861669386857941,0.8861669386857941,209.0,159,0.8893409275834011,0.8730390484574692,0.8612182582636991,0,0.0,0.9833333333333333,0.8780487804878049
sgd_mu,UNI_v2,0e58d827988d,fl,FedProx,sgd,0.003,0.001,20,stratified,project_tss,raw,mlp,False,,2,0.8911111354827881,0.8755085435313262,0.8524432909480582,0.8504531091377758,0.862084218302451,0.862084218302451,254.0,204,0.8755085435313262,0.8524432909480582,0.8504531091377758,0,0.0,0.9583333333333334,0.7073170731707317
sgd_mu,UNI_v2,0ef38039d87e,fl,FedProx,sgd,0.003,0.1,20,stratified,project_tss,raw,mlp,False,,1,0.9177777767181396,0.8999186330349878,0.8896185880653324,0.8788839789237495,0.8994277346568706,0.8994277346568706,487.0,437,0.8999186330349878,0.8896185880653324,0.8786225298671198,1,0.0,0.9916666666666667,0.8292682926829268
sgd_mu,UNI_v2,0fd6e784e6f9,fl,FedProx,sgd,0.01,0.1,20,stratified,project_tss,raw,mlp,False,,1,0.9333333373069763,0.9129373474369405,0.9134419144147999,0.8996183689181447,0.9137397394283769,0.9137397394283769,343.0,293,0.9129373474369405,0.9134419144147999,0.8996183689181447,0,0.0,0.9916666666666667,0.9024390243902439
sgd_mu,UNI_v2,14a0d457ea6e,fl,FedProx,sgd,0.003,0.1,20,stratified,project_tss,raw,mlp,False,,3,0.8866667151451111,0.8681855166802278,0.8410012910508445,0.8426099517511654,0.852835111000384,0.852835111000384,203.0,153,0.8681855166802278,0.8410012910508445,0.8426099517511654,0,0.0,0.975,0.6097560975609756
sgd_mu,UNI_v2,166db606e4f8,fl,FedProx,sgd,0.1,1.0,20,stratified,project_tss,raw,mlp,False,,3,0.7577778100967407,0.7347436940602116,0.6021600628780921,0.5563668011888456,0.6629869106520434,0.6629869106520434,103.0,53,0.7347436940602116,0.6021600628780921,0.5563668011888456,0,0.0,0.5166666666666667,0.0
sgd_mu,UNI_v2,234affcd9250,fl,FedProx,sgd,0.01,0.001,20,stratified,project_tss,raw,mlp,False,,2,0.9111111164093018,0.8909682668836453,0.8758883956367951,0.8636722163878355,0.8803858212224338,0.8803858212224338,236.0,186,0.8909682668836453,0.8758883956367951,0.8636722163878355,0,0.0,0.9916666666666667,0.9024390243902439
sgd_mu,UNI_v2,248183322c7f,fl,FedProx,sgd,0.1,1.0,20,stratified,project_tss,raw,mlp,False,,4,0.7800000309944153,0.7949552481692432,0.7108119069860455,0.6987439136500628,0.770581121079659,0.770581121079659,102.0,52,0.7957689178193653,0.7128321090062475,0.7005512366849392,1,-0.08136696501220841,0.9833333333333333,0.12195121951219512
sgd_mu,UNI_v2,25b912b37bdf,fl,FedProx,sgd,0.01,1.0,20,stratified,project_tss,raw,mlp,False,,3,0.8955555558204651,0.887713588283157,0.882682068709547,0.8682842872155064,0.8925986617452432,0.8925986617452432,160.0,110,0.887713588283157,0.882682068709547,0.8682842872155064,0,0.0,0.9833333333333333,0.9024390243902439
sgd_mu,UNI_v2,267443a63351,fl,FedProx,sgd,0.03,0.1,20,stratified,project_tss,raw,mlp,False,,2,0.9511111378669739,0.9316517493897477,0.9313568080954657,0.9229236176924638,0.9357885753913793,0.9357885753913793,307.0,257,0.9316517493897477,0.9313568080954657,0.9229236176924638,0,0.0,0.9916666666666667,0.9512195121951219
sgd_mu,UNI_v2,2786082fd29f,fl,FedProx,sgd,0.03,0.1,20,stratified,project_tss,raw,mlp,False,,0,0.9577777981758118,0.9414157851912124,0.9342641931824409,0.9336920319985474,0.9447881116806351,0.9447881116806351,377.0,327,0.9414157851912124,0.9342641931824409,0.9336920319985474,0,0.0,0.9916666666666667,0.9512195121951219
sgd_mu,UNI_v2,27b76fc14e16,fl,FedProx,sgd,0.03,1.0,20,stratified,project_tss,raw,mlp,False,,2,0.902222216129303,0.8925956061838893,0.8774640354147698,0.8717341090522599,0.8974507757095067,0.8974507757095067,160.0,110,0.8925956061838893,0.8774640354147698,0.8717341090522599,0,0.0,0.9916666666666667,0.8536585365853658
sgd_mu,UNI_v2,2dde87892029,fl,FedProx,sgd,0.1,0.001,20,stratified,project_tss,raw,mlp,False,,1,0.7866666913032532,0.7835638730675346,0.6205849159995284,0.5987522555749741,0.7248491064751925,0.7248491064751925,202.0,152,0.7835638730675346,0.6205849159995284,0.5987522555749741,0,0.0,0.9916666666666667,0.024390243902439025
sgd_mu,UNI_v2,328a1bca5a5f,fl,FedProx,sgd,0.003,0.001,20,stratified,project_tss,raw,mlp,False,,0,0.9088889360427856,0.8893409275834011,0.878673041731579,0.8698458465434399,0.8826175919900301,0.8826175919900301,432.0,382,0.8893409275834011,0.878673041731579,0.8698458465434399,0,0.0,0.9833333333333333,0.8780487804878049
sgd_mu,UNI_v2,33ace7effc8e,fl,FedProx,sgd,0.1,0.1,20,stratified,project_tss,raw,mlp,False,,0,0.7377777695655823,0.7144019528071603,0.5536684198669078,0.5290740759789406,0.6509695929752363,0.6509695929752363,124.0,74,0.7144019528071603,0.5536684198669078,0.5290740759789406,0,0.0,0.975,0.36585365853658536
sgd_mu,UNI_v2,37838a7613ed,fl,FedProx,sgd,0.03,0.001,20,stratified,project_tss,raw,mlp,False,,2,0.944444477558136,0.9283970707892596,0.9279364364983961,0.914026487029689,0.9181465178927878,0.9181465178927878,289.0,239,0.9283970707892596,0.9279364364983961,0.914026487029689,0,0.0,0.9916666666666667,0.975609756097561
sgd_mu,UNI_v2,3b0ee45b0895,fl,FedProx,sgd,0.01,0.001,20,stratified,project_tss,raw,mlp,False,,3,0.9000000357627869,0.8950366151342555,0.8866967195254519,0.8732201361254072,0.8953626437537734,0.8953626437537734,188.0,138,0.8950366151342555,0.8866967195254519,0.8732201361254072,0,0.0,0.9833333333333333,0.926829268292683
sgd_mu,UNI_v2,4706112bec97,fl,FedProx,sgd,0.01,1.0,20,stratified,project_tss,raw,mlp,False,,1,0.9399999976158142,0.9227013832384052,0.9258819474312227,0.9052811948990688,0.9303400826642343,0.9303400826642343,421.0,371,0.9227013832384052,0.9258819474312227,0.9052811948990688,0,0.0,0.9916666666666667,0.9512195121951219
sgd_mu,UNI_v2,49ef229e797c,fl,FedProx,sgd,0.003,0.001,20,stratified,project_tss,raw,mlp,False,,3,0.8866667151451111,0.8681855166802278,0.84286314173042,0.8441146294637701,0.8530239149275055,0.8530239149275055,203.0,153,0.8681855166802278,0.84286314173042,0.8441146294637701,0,0.0,0.975,0.6341463414634146
sgd_mu,UNI_v2,4b657731f6da,fl,FedProx,sgd,0.003,1.0,20,stratified,project_tss,raw,mlp,False,,2,0.8888888955116272,0.8763222131814483,0.8532914673687536,0.8512414443936203,0.8626034291020356,0.8626034291020356,254.0,204,0.8763222131814483,0.8532914673687536,0.8512414443936203,0,0.0,0.9583333333333334,0.7073170731707317
sgd_mu,UNI_v2,5106b7f5c1ed,fl,FedProx,sgd,0.01,0.1,20,stratified,project_tss,raw,mlp,False,,4,0.948888897895813,0.9308380797396257,0.9302215587897665,0.9193430549506559,0.930827432801117,0.930827432801117,541.0,491,0.9308380797396257,0.9302215587897665,0.9193430549506559,0,0.0,0.9916666666666667,0.9512195121951219
sgd_mu,UNI_v2,540a57f15479,fl,FedProx,sgd,0.03,0.001,20,stratified,project_tss,raw,mlp,False,,4,0.9422222375869751,0.9235150528885273,0.9291922535187486,0.9127523161064602,0.9343583082946094,0.9343583082946094,285.0,235,0.9235150528885273,0.9291922535187486,0.9127523161064602,0,0.0,0.9916666666666667,0.9512195121951219
sgd_mu,UNI_v2,5aca3bf450fb,fl,FedProx,sgd,0.01,0.1,20,stratified,project_tss,raw,mlp,False,,2,0.893333375453949,0.8820179007323027,0.8688884372293393,0.8638975222382712,0.88458638009589,0.88458638009589,130.0,80,0.8820179007323027,0.8688884372293393,0.8638975222382712,0,0.0,0.9916666666666667,0.8536585365853658
sgd_mu,UNI_v2,5f9c4379a007,fl,FedProx,sgd,0.03,0.1,20,stratified,project_tss,raw,mlp,False,,3,0.9244444370269775,0.9121236777868186,0.9058787225112156,0.9032503595964716,0.9096150787538722,0.9096150787538722,237.0,187,0.9121236777868186,0.9058787225112156,0.9032503595964716,0,0.0,1.0,0.9024390243902439
sgd_mu,UNI_v2,60571a6ced84,fl,FedProx,sgd,0.03,1.0,20,stratified,project_tss,raw,mlp,False,,4,0.9466667175292969,0.935720097640358,0.9382261312815589,0.9240101810081277,0.9402110552422079,0.9402110552422079,350.0,300,0.935720097640358,0.9382261312815589,0.9240101810081277,0,0.0,0.9916666666666667,0.975609756097561
sgd_mu,UNI_v2,623a8033e8de,fl,FedProx,sgd,0.1,0.001,20,stratified,project_tss,raw,mlp,False,,2,0.8044444918632507,0.7648494711147275,0.6840891012545329,0.6408901291910873,0.7225146813784389,0.7225146813784389,111.0,61,0.7648494711147275,0.6840891012545329,0.6407541153156409,1,0.0,0.5583333333333333,0.024390243902439025
sgd_mu,UNI_v2,628eb9c779cd,fl,FedProx,sgd,0.01,1.0,20,stratified,project_tss,raw,mlp,False,,0,0.9333333373069763,0.9104963384865744,0.9070342309961954,0.8945749210890869,0.9175645447718739,0.9175645447718739,377.0,327,0.9104963384865744,0.9070342309961954,0.8945749210890869,0,0.0,0.9916666666666667,0.926829268292683
sgd_mu,UNI_v2,65ecd84b1945,fl,FedProx,sgd,0.01,1.0,20,stratified,project_tss,raw,mlp,False,,4,0.9200000166893005,0.9015459723352319,0.904636317938452,0.8862687312243176,0.9060296809395023,0.9060296809395023,313.0,263,0.9015459723352319,0.904636317938452,0.8862687312243176,0,0.0,0.9916666666666667,0.9024390243902439
sgd_mu,UNI_v2,6acfeef051a5,fl,FedProx,sgd,0.1,0.001,20,stratified,project_tss,raw,mlp,False,,3,0.7155555486679077,0.7013832384052074,0.4843519736974058,0.4631613398252434,0.6006271823250017,0.6006271823250017,100.0,12,0.7030105777054516,0.4861260760440272,0.4646674150784265,2,-0.16273393002441683,0.8916666666666667,0.0
sgd_mu,UNI_v2,6d8de8082838,fl,FedProx,sgd,0.003,0.001,20,stratified,project_tss,raw,mlp,False,,1,0.9177777767181396,0.8991049633848658,0.8870552352388217,0.8761186087468666,0.8961163235572975,0.8961163235572975,487.0,437,0.8991049633848658,0.8870552352388217,0.8761186087468666,0,0.0,0.9833333333333333,0.8292682926829268
sgd_mu,UNI_v2,72a7eb821e77,fl,FedProx,sgd,0.1,1.0,20,stratified,project_tss,raw,mlp,False,,0,0.7400000095367432,0.7298616761594793,0.5870258110485114,0.5867193664771808,0.66801207571138,0.66801207571138,134.0,84,0.7298616761594793,0.5870258110485114,0.5867193664771808,0,0.0,0.7583333333333333,0.21951219512195122
sgd_mu,UNI_v2,72c48dce5d2d,fl,FedProx,sgd,0.1,0.1,20,stratified,project_tss,raw,mlp,False,,1,0.7133333683013916,0.7355573637103336,0.6188309853125381,0.5621615624563832,0.6624704522231935,0.6624704522231935,100.0,43,0.7347436940602116,0.6185098549336042,0.5617648809764124,1,0.08136696501220841,0.9916666666666667,0.6341463414634146
sgd_mu,UNI_v2,74e1cec17e2c,fl,FedProx,sgd,0.003,1.0,20,stratified,project_tss,raw,mlp,False,,0,0.9088889360427856,0.8893409275834011,0.8810556135726206,0.869742910531615,0.8835759015931995,0.8835759015931995,431.0,381,0.8893409275834011,0.8810556135726206,0.869742910531615,0,0.0,0.9833333333333333,0.8780487804878049
sgd_mu,UNI_v2,792de122d004,fl,FedProx,sgd,0.1,0.1,20,stratified,project_tss,raw,mlp,False,,4,0.7977777719497681,0.7656631407648494,0.6208177001248543,0.6237967501400672,0.6957072398886631,0.6957072398886631,117.0,67,0.7648494711147275,0.6202329048032169,0.6230337968023498,3,0.08136696501219731,0.5583333333333333,0.21951219512195122
sgd_mu,UNI_v2,808a7192edae,fl,FedProx,sgd,0.1,1.0,20,stratified,project_tss,raw,mlp,False,,2,0.7377777695655823,0.7314890154597233,0.6530305210147085,0.5870620231720403,0.6612017611221996,0.6612017611221996,156.0,106,0.7314890154597233,0.6530305210147085,0.5870620231720403,0,0.0,0.6916666666666667,0.6341463414634146
sgd_mu,UNI_v2,853e9fccb086,fl,FedProx,sgd,0.03,0.001,20,stratified,project_tss,raw,mlp,False,,0,0.9688889384269714,0.951179820992677,0.9478282018382961,0.9455783879442361,0.951798533184826,0.951798533184826,542.0,492,0.951179820992677,0.9478282018382961,0.9455783879442361,0,0.0,0.9916666666666667,0.9512195121951219
sgd_mu,UNI_v2,88b74979dc57,fl,FedProx,sgd,0.1,0.001,20,stratified,project_tss,raw,mlp,False,,0,0.742222249507904,0.7331163547599675,0.5832963274707506,0.5325389437209017,0.6506652238411543,0.6506652238411543,146.0,96,0.7331163547599675,0.5832963274707506,0.5325389437209017,0,0.0,0.6333333333333333,0.9024390243902439
sgd_mu,UNI_v2,9978d68f3dc5,fl,FedProx,sgd,0.01,0.001,20,stratified,project_tss,raw,mlp,False,,1,0.9333333373069763,0.9137510170870626,0.9140267097364373,0.9002895579049134,0.9149079637274424,0.9149079637274424,343.0,293,0.9137510170870626,0.9140267097364373,0.9002895579049134,0,0.0,0.9916666666666667,0.9024390243902439
sgd_mu,UNI_v2,9c82f056229e,fl,FedProx,sgd,0.003,0.1,20,stratified,project_tss,raw,mlp,False,,2,0.8911111354827881,0.8755085435313262,0.8524432909480582,0.8504531091377758,0.862084218302451,0.862084218302451,254.0,204,0.8755085435313262,0.8524432909480582,0.8504531091377758,0,0.0,0.9583333333333334,0.7073170731707317
sgd_mu,UNI_v2,a5e6ba929552,fl,FedProx,sgd,0.01,0.001,20,stratified,project_tss,raw,mlp,False,,4,0.948888897895813,0.9308380797396257,0.9302215587897665,0.9193430549506559,0.930827432801117,0.930827432801117,541.0,491,0.9308380797396257,0.9302215587897665,0.9193430549506559,0,0.0,0.9916666666666667,0.9512195121951219
sgd_mu,UNI_v2,a7916ba35076,fl,FedProx,sgd,0.03,0.1,20,stratified,project_tss,raw,mlp,False,,1,0.9533333778381348,0.9462978030919447,0.9463900899162601,0.9411174928722689,0.9464562796727907,0.9464562796727907,344.0,294,0.9462978030919447,0.9463900899162601,0.9411174928722689,0,0.0,0.9916666666666667,0.9512195121951219
sgd_mu,UNI_v2,a7c2aa076e9b,fl,FedProx,sgd,0.01,1.0,20,stratified,project_tss,raw,mlp,False,,2,0.9155555963516235,0.8991049633848658,0.8979383346088476,0.8858928987894173,0.9024577506097381,0.9024577506097381,302.0,252,0.8991049633848658,0.8979383346088476,0.8858928987894173,0,0.0,0.9916666666666667,0.9024390243902439
sgd_mu,UNI_v2,aa29cb43e488,fl,FedProx,sgd,0.03,0.001,20,stratified,project_tss,raw,mlp,False,,1,0.9511111378669739,0.9316517493897477,0.937311890462161,0.9196856740146152,0.9386847287937632,0.9386847287937632,293.0,243,0.9316517493897477,0.937311890462161,0.9196856740146152,0,0.0,0.9916666666666667,0.9512195121951219
sgd_mu,UNI_v2,b68e4ae7f61c,fl,FedProx,sgd,0.03,1.0,20,stratified,project_tss,raw,mlp,False,,3,0.9600000381469727,0.9462978030919447,0.944892893525178,0.939166122267811,0.9491132929606451,0.9491132929606451,392.0,342,0.9462978030919447,0.944892893525178,0.939166122267811,0,0.0,0.9916666666666667,0.9512195121951219
sgd_mu,UNI_v2,b86e05f70b1d,fl,FedProx,sgd,0.03,1.0,20,stratified,project_tss,raw,mlp,False,,0,0.9222222566604614,0.9015459723352319,0.8909866992977999,0.8838492105226025,0.9020557131681907,0.9020557131681907,234.0,184,0.9015459723352319,0.8909866992977999,0.8838492105226025,0,0.0,0.9916666666666667,0.926829268292683
sgd_mu,UNI_v2,bf34ad78ebf8,fl,FedProx,sgd,0.1,0.1,20,stratified,project_tss,raw,mlp,False,,3,0.7599999904632568,0.7737998372660699,0.6899310565793781,0.6718812221077886,0.7335379914942138,0.7335379914942138,121.0,71,0.774613506916192,0.6918440478148884,0.6731665558551552,6,-0.08136696501220841,0.95,0.7804878048780488
sgd_mu,UNI_v2,c73912389417,fl,FedProx,sgd,0.003,1.0,20,stratified,project_tss,raw,mlp,False,,4,0.897777795791626,0.870626525630594,0.846204562080654,0.8394740661919813,0.8569747566898741,0.8569747566898741,304.0,254,0.870626525630594,0.846204562080654,0.8394740661919813,0,0.0,0.9583333333333334,0.6097560975609756
sgd_mu,UNI_v2,c7e7fe613d49,fl,FedProx,sgd,0.003,1.0,20,stratified,project_tss,raw,mlp,False,,3,0.8866667151451111,0.8673718470301057,0.8417057343230127,0.8426174418025432,0.849908650129998,0.849908650129998,203.0,153,0.8673718470301057,0.8417057343230127,0.8426174418025432,0,0.0,0.975,0.6341463414634146
sgd_mu,UNI_v2,d769b12d15e5,fl,FedProx,sgd,0.03,0.001,20,stratified,project_tss,raw,mlp,False,,3,0.9177777767181396,0.903173311635476,0.9039197382353907,0.8905699760952124,0.8975361962310643,0.8975361962310643,204.0,154,0.903173311635476,0.9039197382353907,0.8905699760952124,0,0.0,0.9916666666666667,0.9512195121951219
sgd_mu,UNI_v2,de12244863a4,fl,FedProx,sgd,0.003,1.0,20,stratified,project_tss,raw,mlp,False,,1,0.902222216129303,0.8787632221318145,0.8610793775045437,0.8526496243659527,0.8675028045621586,0.8675028045621586,346.0,296,0.8787632221318145,0.8610793775045437,0.8526496243659527,0,0.0,0.9583333333333334,0.7073170731707317
sgd_mu,UNI_v2,e80ef81a0a82,fl,FedProx,sgd,0.01,0.1,20,stratified,project_tss,raw,mlp,False,,3,0.9000000357627869,0.8958502847843776,0.8875448959461475,0.8740507922016865,0.8965308680528388,0.8965308680528388,188.0,138,0.8958502847843776,0.8875448959461475,0.8740507922016865,0,0.0,0.9833333333333333,0.926829268292683
sgd_mu,UNI_v2,f1b84dab7b5f,fl,FedProx,sgd,0.03,0.1,20,stratified,project_tss,raw,mlp,False,,4,0.9577777981758118,0.9406021155410903,0.9379818318888744,0.9327281372224847,0.9374583202075414,0.9374583202075414,362.0,312,0.9406021155410903,0.9379818318888744,0.9327281372224847,0,0.0,0.9916666666666667,0.9512195121951219
sgd_mu,UNI_v2,f2b7c06dc59a,fl,FedProx,sgd,0.03,1.0,20,stratified,project_tss,raw,mlp,False,,1,0.9688889384269714,0.951179820992677,0.949798980307018,0.9484886017673918,0.9538102963726017,0.9538102963726017,448.0,398,0.951179820992677,0.949798980307018,0.9484886017673918,0,0.0,0.9916666666666667,0.9512195121951219
sgd_mu,UNI_v2,f4e25bb5dc67,fl,FedProx,sgd,0.003,0.001,20,stratified,project_tss,raw,mlp,False,,4,0.897777795791626,0.870626525630594,0.846204562080654,0.8394740661919813,0.8569747566898741,0.8569747566898741,304.0,254,0.870626525630594,0.846204562080654,0.8394740661919813,0,0.0,0.9583333333333334,0.6097560975609756
sgd_mu,UNI_v2,f5d84e8943fb,fl,FedProx,sgd,0.1,1.0,20,stratified,project_tss,raw,mlp,False,,1,0.7822222709655762,0.7941415785191213,0.7414724122643445,0.7110863334026438,0.7692740343707717,0.7692740343707717,149.0,99,0.7941415785191213,0.7414724122643445,0.7110863334026438,0,0.0,0.85,0.8536585365853658
sgd_mu,UNI_v2,f6616ae823a0,fl,FedProx,sgd,0.003,0.1,20,stratified,project_tss,raw,mlp,False,,0,0.9088889360427856,0.8893409275834011,0.8810556135726206,0.8694501644557364,0.8835759015931995,0.8835759015931995,431.0,381,0.8893409275834011,0.8810556135726206,0.8694501644557364,0,0.0,0.9833333333333333,0.8780487804878049
sgd_mu,UNI_v2,f7faa8fa9a0c,fl,FedProx,sgd,0.003,0.1,20,stratified,project_tss,raw,mlp,False,,4,0.897777795791626,0.870626525630594,0.846204562080654,0.8394740661919813,0.8569747566898741,0.8569747566898741,304.0,254,0.870626525630594,0.846204562080654,0.8394740661919813,0,0.0,0.9583333333333334,0.6097560975609756
sgd_mu,UNI_v2,f80024b0164d,fl,FedProx,sgd,0.01,0.001,20,stratified,project_tss,raw,mlp,False,,0,0.9066666960716248,0.8893409275834011,0.8730390484574692,0.8610926027223604,0.8861669386857941,0.8861669386857941,209.0,159,0.8901545972335232,0.8752612706796915,0.8629325527992394,1,-0.08136696501220841,0.9833333333333333,0.8780487804878049
